Filtering the log data using "processImagePath BEGINSWITH "/Users/valentinasenov/Library/Developer/CoreSimulator/Devices/98FA5BD8-5D12-4B35-9A26-3AEBCADAFC8A/data/Containers/Bundle/Application/12B90C3A-72F3-447D-B35C-244E0D70240B/YourSofia.app""
Timestamp               Ty Process[PID:TID]
2026-08-17 11:25:38.594 Db YourSofia[98845:31edf9] [com.apple.CFBundle:resources] Using ~iphone resources
2026-08-17 11:25:38.595 Db YourSofia[98845:31edf9] [com.apple.CFBundle:loading] main bundle CFBundle 0x600003b042a0 </Users/valentinasenov/Library/Developer/CoreSimulator/Devices/98FA5BD8-5D12-4B35-9A26-3AEBCADAFC8A/data/Containers/Bundle/Application/12B90C3A-72F3-447D-B35C-244E0D70240B/YourSofia.app> (executable, loaded) getting handle 0xfffffffffffffffb
2026-08-17 11:25:38.596 Db YourSofia[98845:31edf9] [com.apple.defaults:User Defaults] setting new value e7e24cb3-de2b-71df-8789-d9be7e7dc70f for key detoxSessionId in CFPrefsSource<0x60000170c200> (Domain: Volatile, User: , ByHost: No, Container: , Contents Need Refresh: No)
2026-08-17 11:25:38.596 Db YourSofia[98845:31edf9] [com.apple.defaults:User Defaults] setting new value YES for key detoxDebugVisibility in CFPrefsSource<0x60000170c200> (Domain: Volatile, User: , ByHost: No, Container: , Contents Need Refresh: No)
2026-08-17 11:25:38.596 Db YourSofia[98845:31edf9] [com.apple.defaults:User Defaults] setting new value ws://localhost:61930 for key detoxServer in CFPrefsSource<0x60000170c200> (Domain: Volatile, User: , ByHost: No, Container: , Contents Need Refresh: No)
2026-08-17 11:25:38.596 Db YourSofia[98845:31edf9] [com.apple.defaults:User Defaults] setting new value YES for key detoxDisableHierarchyDump in CFPrefsSource<0x60000170c200> (Domain: Volatile, User: , ByHost: No, Container: , Contents Need Refresh: No)
2026-08-17 11:25:38.596 Db YourSofia[98845:31edf9] [com.apple.defaults:User Defaults] setting new value (
    "en-001"
) for key AppleLanguages in CFPrefsSource<0x6000017003c0> (Domain: Volatile, User: , ByHost: No, Container: , Contents Need Refresh: No)
2026-08-17 11:25:38.596 Db YourSofia[98845:31edf9] [com.apple.defaults:User Defaults] setting new value en_001 for key AppleLocale in CFPrefsSource<0x6000017003c0> (Domain: Volatile, User: , ByHost: No, Container: , Contents Need Refresh: No)
2026-08-17 11:25:38.596 Db YourSofia[98845:31edf9] [com.apple.defaults:User Defaults] setting new value (
    "en-001"
) for key NSLanguages in CFPrefsSource<0x6000017003c0> (Domain: Volatile, User: , ByHost: No, Container: , Contents Need Refresh: No)
2026-08-17 11:25:38.596 Db YourSofia[98845:31edf9] [com.apple.defaults:User Defaults] setting new value macintosh for key NSInterfaceStyle in CFPrefsSource<0x6000017003c0> (Domain: Volatile, User: , ByHost: No, Container: , Contents Need Refresh: No)
2026-08-17 11:25:38.597 Df YourSofia[98845:31edf9] [com.apple.xpc:connection] [0x104f04080] activating connection: mach=true listener=false peer=false name=com.apple.cfprefsd.daemon
2026-08-17 11:25:38.598 Db YourSofia[98845:31edf9] [com.apple.defaults:User Defaults] CFPrefsManagedSource<0x600002c08280> (Domain: bg.sofia.yoursofia, User: kCFPreferencesCurrentUser, ByHost: Yes, Container: (null), Contents Need Refresh: No) loaded: an empty base plist and no additional changes from the base plist
2026-08-17 11:25:38.598 Db YourSofia[98845:31edf9] [com.apple.defaults:User Defaults] CFPrefsManagedSource<0x600002c08300> (Domain: bg.sofia.yoursofia, User: kCFPreferencesAnyUser, ByHost: Yes, Container: (null), Contents Need Refresh: No) loaded: an empty base plist and no additional changes from the base plist
2026-08-17 11:25:38.598 Db YourSofia[98845:31edf9] [com.apple.defaults:User Defaults] CFPrefsPlistSource<0x600002c00100> (Domain: bg.sofia.yoursofia, User: kCFPreferencesCurrentUser, ByHost: No, Container: (null), Contents Need Refresh: No) loaded: an empty base plist and no additional changes from the base plist
2026-08-17 11:25:38.598 Db YourSofia[98845:31edf9] [com.apple.defaults:User Defaults] CFPrefsManagedSource<0x600002c00280> (Domain: kCFPreferencesAnyApplication, User: kCFPreferencesCurrentUser, ByHost: Yes, Container: (null), Contents Need Refresh: No) loaded: an empty base plist and no additional changes from the base plist
2026-08-17 11:25:38.598 Db YourSofia[98845:31edf9] [com.apple.defaults:User Defaults] CFPrefsPlistSource<0x600002c00300> (Domain: bg.sofia.yoursofia, User: kCFPreferencesCurrentUser, ByHost: No, Container: /Users/valentinasenov/Library/Developer/CoreSimulator/Devices/98FA5BD8-5D12-4B35-9A26-3AEBCADAFC8A/data, Contents Need Refresh: No) loaded: an empty base plist and no additional changes from the base plist
2026-08-17 11:25:38.598 Db YourSofia[98845:31edf9] [com.apple.defaults:User Defaults] CFPrefsPlistSource<0x600002c00380> (Domain: kCFPreferencesAnyApplication, User: kCFPreferencesCurrentUser, ByHost: No, Container: (null), Contents Need Refresh: No) loaded: an empty base plist and no additional changes from the base plist
2026-08-17 11:25:38.598 Db YourSofia[98845:31edf9] [com.apple.defaults:User Defaults] CFPrefsPlistSource<0x600002c00480> (Domain: kCFPreferencesAnyApplication, User: kCFPreferencesCurrentUser, ByHost: No, Container: /Users/valentinasenov/Library/Developer/CoreSimulator/Devices/98FA5BD8-5D12-4B35-9A26-3AEBCADAFC8A/data, Contents Need Refresh: No) loaded: a new base plist and no additional changes from the base plist
2026-08-17 11:25:38.598 Db YourSofia[98845:31edf9] [com.apple.defaults:User Defaults] CFPrefsPlistSource<0x600002c00500> (Domain: bg.sofia.yoursofia, User: kCFPreferencesCurrentUser, ByHost: Yes, Container: (null), Contents Need Refresh: No) loaded: an empty base plist and no additional changes from the base plist
2026-08-17 11:25:38.598 Db YourSofia[98845:31edf9] [com.apple.defaults:User Defaults] CFPrefsPlistSource<0x600002c00680> (Domain: kCFPreferencesAnyApplication, User: kCFPreferencesCurrentUser, ByHost: Yes, Container: (null), Contents Need Refresh: No) loaded: an empty base plist and no additional changes from the base plist
2026-08-17 11:25:38.598 Db YourSofia[98845:31edf9] [com.apple.defaults:User Defaults] found no value for key DTXEnableVerboseSyncResources in CFPrefsSearchListSource<0x600002c08180> (Domain: bg.sofia.yoursofia, Container: (null) Non-launch persona: 0)
2026-08-17 11:25:38.598 Db YourSofia[98845:31edf9] [com.apple.defaults:User Defaults] found no value for key DTXEnableVerboseSyncSystem in CFPrefsSearchListSource<0x600002c08180> (Domain: bg.sofia.yoursofia, Container: (null) Non-launch persona: 0)
2026-08-17 11:25:38.599 Db YourSofia[98845:31edf9] [com.apple.defaults:User Defaults] found no value for key DTXEnableDelayedIdleFire in CFPrefsSearchListSource<0x600002c08180> (Domain: bg.sofia.yoursofia, Container: (null) Non-launch persona: 0)
2026-08-17 11:25:38.599 Db YourSofia[98845:31edf9] [com.apple.defaults:User Defaults] found no value for key DTXDisableMainRunLoopSync in CFPrefsSearchListSource<0x600002c08180> (Domain: bg.sofia.yoursofia, Container: (null) Non-launch persona: 0)
2026-08-17 11:25:38.599 Df YourSofia[98845:31edf9] (DetoxSync) DTXSwizzleMethod: original method initWithModule:uiManager: not found for class REANodesManager
2026-08-17 11:25:38.773 I  YourSofia[98845:31edf9] [com.wix.DetoxSync:RCTAnimatedNodeDTXSpy] [RCTAnimatedNode DTXSpy] RCTAnimatedNode class exists: YES
2026-08-17 11:25:38.774 Db YourSofia[98845:31edf9] [com.apple.defaults:User Defaults] looked up value (
    "en-US",
    "bg-US"
) for key AppleLanguages in CFPrefsPlistSource<0x600002c00480> (Domain: kCFPreferencesAnyApplication, User: kCFPreferencesCurrentUser, ByHost: No, Container: /Users/valentinasenov/Library/Developer/CoreSimulator/Devices/98FA5BD8-5D12-4B35-9A26-3AEBCADAFC8A/data, Contents Need Refresh: No) via CFPrefsSearchListSource<0x600002c08180> (Domain: bg.sofia.yoursofia, Container: (null) Non-launch persona: 0)
2026-08-17 11:25:38.775 Db YourSofia[98845:31edf9] [com.apple.CFBundle:resources] Language lookup at CFBundle 0x600003b042a0 </Users/valentinasenov/Library/Developer/CoreSimulator/Devices/98FA5BD8-5D12-4B35-9A26-3AEBCADAFC8A/data/Containers/Bundle/Application/12B90C3A-72F3-447D-B35C-244E0D70240B/YourSofia.app> (executable, loaded)
	Localizations : [en]
	Dev language  : en
	User prefs    : [en-US, bg-US]
	Main bundle   : [<null>]
	Allow mixed   : 0 
	Result        : [en]
2026-08-17 11:25:38.775 Db YourSofia[98845:31edf9] [com.apple.CFBundle:resources] Resource lookup at CFBundle 0x600003b042a0 </Users/valentinasenov/Library/Developer/CoreSimulator/Devices/98FA5BD8-5D12-4B35-9A26-3AEBCADAFC8A/data/Containers/Bundle/Application/12B90C3A-72F3-447D-B35C-244E0D70240B/YourSofia.app> (executable, loaded)
	Request       : InfoPlist type: loctable
	Result        : None
2026-08-17 11:25:38.775 Db YourSofia[98845:31edf9] [com.apple.CFBundle:resources] Resource lookup at CFBundle 0x600003b042a0 </Users/valentinasenov/Library/Developer/CoreSimulator/Devices/98FA5BD8-5D12-4B35-9A26-3AEBCADAFC8A/data/Containers/Bundle/Application/12B90C3A-72F3-447D-B35C-244E0D70240B/YourSofia.app> (executable, loaded)
	Request       : InfoPlist type: strings
	Result        : None
2026-08-17 11:25:38.775 Db YourSofia[98845:31edf9] [com.apple.CFBundle:resources] Resource lookup at CFBundle 0x600003b042a0 </Users/valentinasenov/Library/Developer/CoreSimulator/Devices/98FA5BD8-5D12-4B35-9A26-3AEBCADAFC8A/data/Containers/Bundle/Application/12B90C3A-72F3-447D-B35C-244E0D70240B/YourSofia.app> (executable, loaded)
	Request       : InfoPlist type: stringsdict
	Result        : None
2026-08-17 11:25:38.776 Df YourSofia[98845:31edf9] (DetoxSync) DTXSwizzleMethod: original method _setDirty not found for class UIGestureRecognizer
2026-08-17 11:25:38.836 Db YourSofia[98845:31edf9] [com.apple.defaults:User Defaults] found no value for key detoxDisableTouchIndicators in CFPrefsSearchListSource<0x600002c08180> (Domain: bg.sofia.yoursofia, Container: (null) Non-launch persona: 0)
2026-08-17 11:25:38.837 Db YourSofia[98845:31edf9] [com.apple.defaults:User Defaults] found no value for key enableAppDelegateVerboseLogging in CFPrefsSearchListSource<0x600002c08180> (Domain: bg.sofia.yoursofia, Container: (null) Non-launch persona: 0)
2026-08-17 11:25:38.837 Db YourSofia[98845:31edf9] [com.apple.defaults:User Defaults] found no value for key detoxUserActivityDataURL in CFPrefsSearchListSource<0x600002c08180> (Domain: bg.sofia.yoursofia, Container: (null) Non-launch persona: 0)
2026-08-17 11:25:38.837 Db YourSofia[98845:31edf9] [com.apple.defaults:User Defaults] found no value for key detoxUserNotificationDataURL in CFPrefsSearchListSource<0x600002c08180> (Domain: bg.sofia.yoursofia, Container: (null) Non-launch persona: 0)
2026-08-17 11:25:38.837 Db YourSofia[98845:31edf9] [com.apple.defaults:User Defaults] found no value for key detoxDisableAnimationSpeedup in CFPrefsSearchListSource<0x600002c08180> (Domain: bg.sofia.yoursofia, Container: (null) Non-launch persona: 0)
2026-08-17 11:25:38.837 Df YourSofia[98845:31edf9] (Detox) Enabling accessibility for automation on Simulator.
2026-08-17 11:25:38.839 I  YourSofia[98845:31edf9] [com.apple.Accessibility:AXIPC] Connected to server: <NSMachPort: 0x600002c1c000> 8195
2026-08-17 11:25:38.840 I  YourSofia[98845:31edf9] [com.apple.Accessibility:AXIPC] Client (AXIPCClient:<0x600002c0c500> Service:com.apple.accessibility.AXBackBoardServer ID:(null) connected:1) registering with server on thread (<_NSMainThread: 0x600001700000>{number = 1, name = main}:name::main:1). UsesMainThreadRunloop:0
2026-08-17 11:25:38.840 Df YourSofia[98845:31edf9] [com.apple.Accessibility:AXIPC] Setting client identifier com.apple.accessibility.AXSystemReplyServer-98845-0
2026-08-17 11:25:38.840 I  YourSofia[98845:31edf9] [com.apple.Accessibility:AXIPC] Client (AXIPCClient:<0x600002c0c500> Service:com.apple.accessibility.AXBackBoardServer ID:com.apple.accessibility.AXSystemReplyServer-98845-0 connected:1) registering with server on thread (<_NSMainThread: 0x600001700000>{number = 1, name = main}:name::main:1). UsesMainThreadRunloop:0
2026-08-17 11:25:38.958 Db YourSofia[98845:31edf9] [com.apple.defaults:User Defaults] CFPrefsManagedSource<0x600002c09780> (Domain: com.apple.Accessibility, User: kCFPreferencesCurrentUser, ByHost: Yes, Container: (null), Contents Need Refresh: No) loaded: an empty base plist and no additional changes from the base plist
2026-08-17 11:25:38.958 Db YourSofia[98845:31edf9] [com.apple.defaults:User Defaults] CFPrefsManagedSource<0x600002c09800> (Domain: com.apple.Accessibility, User: kCFPreferencesAnyUser, ByHost: Yes, Container: (null), Contents Need Refresh: No) loaded: an empty base plist and no additional changes from the base plist
2026-08-17 11:25:38.958 Db YourSofia[98845:31edf9] [com.apple.defaults:User Defaults] CFPrefsPlistSource<0x600002c09700> (Domain: com.apple.Accessibility, User: kCFPreferencesCurrentUser, ByHost: No, Container: (null), Contents Need Refresh: No) loaded: a new base plist and no additional changes from the base plist
2026-08-17 11:25:38.958 Db YourSofia[98845:31edf9] [com.apple.defaults:User Defaults] CFPrefsPlistSource<0x600002c09980> (Domain: com.apple.Accessibility, User: kCFPreferencesCurrentUser, ByHost: No, Container: /Users/valentinasenov/Library/Developer/CoreSimulator/Devices/98FA5BD8-5D12-4B35-9A26-3AEBCADAFC8A/data, Contents Need Refresh: No) loaded: a new base plist and no additional changes from the base plist
2026-08-17 11:25:38.958 Db YourSofia[98845:31edf9] [com.apple.defaults:User Defaults] CFPrefsPlistSource<0x600002c09a80> (Domain: com.apple.Accessibility, User: kCFPreferencesCurrentUser, ByHost: Yes, Container: (null), Contents Need Refresh: No) loaded: an empty base plist and no additional changes from the base plist
2026-08-17 11:25:38.958 Db YourSofia[98845:31edf9] [com.apple.defaults:User Defaults] CFPrefsPlistSource<0x600002c09700> (Domain: com.apple.Accessibility, User: kCFPreferencesCurrentUser, ByHost: No, Container: (null), Contents Need Refresh: No) skipping setting already-present value for key ApplicationAccessibilityEnabled
2026-08-17 11:25:38.958 Db YourSofia[98845:31edf9] [com.apple.defaults:User Defaults] found no value for key detoxEnableSynchronization in CFPrefsSearchListSource<0x600002c08180> (Domain: bg.sofia.yoursofia, Container: (null) Non-launch persona: 0)
2026-08-17 11:25:38.958 Db YourSofia[98845:31edf9] [com.apple.defaults:User Defaults] found no value for key detoxURLBlacklistRegex in CFPrefsSearchListSource<0x600002c08180> (Domain: bg.sofia.yoursofia, Container: (null) Non-launch persona: 0)
2026-08-17 11:25:38.958 Db YourSofia[98845:31edf9] [com.apple.defaults:User Defaults] found no value for key detoxMaxSynchronizedDelay in CFPrefsSearchListSource<0x600002c08180> (Domain: bg.sofia.yoursofia, Container: (null) Non-launch persona: 0)
2026-08-17 11:25:38.958 Db YourSofia[98845:31edf9] [com.apple.defaults:User Defaults] found no value for key detoxWaitForDebugger in CFPrefsSearchListSource<0x600002c08180> (Domain: bg.sofia.yoursofia, Container: (null) Non-launch persona: 0)
2026-08-17 11:25:38.959 Df YourSofia[98845:31edf9] [com.apple.network:] networkd_settings_read_from_file initialized networkd settings by reading plist directly
2026-08-17 11:25:38.959 Df YourSofia[98845:31edf9] [com.apple.network:] networkd_settings_read_from_file initialized networkd settings by reading plist directly
2026-08-17 11:25:38.959 Db YourSofia[98845:31edf9] [com.apple.defaults:User Defaults] CFPrefsManagedSource<0x600002c04100> (Domain: kCFPreferencesAnyApplication, User: kCFPreferencesAnyUser, ByHost: Yes, Container: (null), Contents Need Refresh: No) loaded: an empty base plist and no additional changes from the base plist
2026-08-17 11:25:38.959 Db YourSofia[98845:31edf9] [com.apple.defaults:User Defaults] found no value for key CFNetworkHTTP3Override in CFPrefsSearchListSource<0x600002c04180> (Domain: kCFPreferencesAnyApplication, Container: (null) Non-launch persona: 0)
2026-08-17 11:25:38.959 Db YourSofia[98845:31edf9] [com.apple.CFBundle:resources] Resource lookup at CFBundle 0x600003b042a0 </Users/valentinasenov/Library/Developer/CoreSimulator/Devices/98FA5BD8-5D12-4B35-9A26-3AEBCADAFC8A/data/Containers/Bundle/Application/12B90C3A-72F3-447D-B35C-244E0D70240B/YourSofia.app> (executable, loaded)
	Request       : InfoPlist type: strings
	Result        : None
2026-08-17 11:25:38.959 Db YourSofia[98845:31edf9] [com.apple.CFBundle:resources] Resource lookup at CFBundle 0x600003b042a0 </Users/valentinasenov/Library/Developer/CoreSimulator/Devices/98FA5BD8-5D12-4B35-9A26-3AEBCADAFC8A/data/Containers/Bundle/Application/12B90C3A-72F3-447D-B35C-244E0D70240B/YourSofia.app> (executable, loaded)
	Request       : InfoPlist type: stringsdict
	Result        : None
2026-08-17 11:25:38.960 Db YourSofia[98845:31edf9] [com.apple.CFNetwork:ATS] Using configuration {
    NSAllowsLocalNetworking = 1;
    NSExceptionDomains =     {
        "apple-mapkit.com" =         {
            NSATSBuiltinOverride = 1;
            NSExceptionAllowsInsecureHTTPLoads = 1;
            NSExceptionMinimumTLSVersion = "TLSv1.0";
            NSExceptionRequiresForwardSecrecy = 0;
            NSIncludesSubdomains = 1;
        };
        "apple.com" =         {
            NSATSBuiltinOverride = 1;
            NSExceptionAllowsInsecureHTTPLoads = 1;
            NSExceptionMinimumTLSVersion = "TLSv1.2";
            NSExceptionRequiresForwardSecrecy = 0;
            NSIncludesSubdomains = 1;
        };
        "geo.apple.com" =         {
            NSATSBuiltinOverride = 1;
            NSExceptionAllowsInsecureHTTPLoads = 1;
            NSExceptionMinimumTLSVersion = "TLSv1.0";
            NSExceptionRequiresForwardSecrecy = 0;
            NSIncludesSubdomains = 1;
        };
        "gs.apple.com" =         {
            NSATSBuiltinOverride = 1;
            NSExceptionAllowsInsecure
2026-08-17 11:25:38.968 Db YourSofia[98845:31edf9] [com.apple.defaults:User Defaults] found no value for key recordingPath in CFPrefsSearchListSource<0x600002c08180> (Domain: bg.sofia.yoursofia, Container: (null) Non-launch persona: 0)
2026-08-17 11:25:38.968 Db YourSofia[98845:31edf9] [com.apple.defaults:User Defaults] looked up value ws://localhost:61930 for key detoxServer in CFPrefsSource<0x60000170c200> (Domain: Volatile, User: , ByHost: No, Container: , Contents Need Refresh: No) via CFPrefsSearchListSource<0x600002c08180> (Domain: bg.sofia.yoursofia, Container: (null) Non-launch persona: 0)
2026-08-17 11:25:38.968 Db YourSofia[98845:31edf9] [com.apple.defaults:User Defaults] looked up value e7e24cb3-de2b-71df-8789-d9be7e7dc70f for key detoxSessionId in CFPrefsSource<0x60000170c200> (Domain: Volatile, User: , ByHost: No, Container: , Contents Need Refresh: No) via CFPrefsSearchListSource<0x600002c08180> (Domain: bg.sofia.yoursofia, Container: (null) Non-launch persona: 0)
2026-08-17 11:25:38.968 Df YourSofia[98845:31edf9] [com.apple.CFNetwork:Default] Task <4DFECFE4-AE26-4446-BD94-A5BF77613D3D>.<1> resuming, timeouts(60.0, 604800.0) qos(0x21) voucher((null)) activity(00000000-0000-0000-0000-000000000000)
2026-08-17 11:25:38.968 A  YourSofia[98845:31edf9] (CoreFoundation) Loading Preferences From User Session CFPrefsD
2026-08-17 11:25:38.969 Db YourSofia[98845:31edf9] [com.apple.defaults:User Defaults] CFPrefsPlistSource<0x600002c0a000> (Domain: com.apple.CFNetwork, User: kCFPreferencesCurrentUser, ByHost: No, Container: (null), Contents Need Refresh: No) loaded: an empty base plist and no additional changes from the base plist
2026-08-17 11:25:38.969 Db YourSofia[98845:31edf9] [com.apple.defaults:User Defaults] found no value for key har-capture-global in CFPrefsPlistSource<0x600002c0a000> (Domain: com.apple.CFNetwork, User: kCFPreferencesCurrentUser, ByHost: No, Container: (null), Contents Need Refresh: No)
2026-08-17 11:25:38.969 Db YourSofia[98845:31edf9] [com.apple.defaults:User Defaults] found no value for key har-capture-pid-date in CFPrefsPlistSource<0x600002c0a000> (Domain: com.apple.CFNetwork, User: kCFPreferencesCurrentUser, ByHost: No, Container: (null), Contents Need Refresh: No)
2026-08-17 11:25:38.969 Db YourSofia[98845:31edf9] [com.apple.defaults:User Defaults] found no value for key har-capture-amp in CFPrefsPlistSource<0x600002c0a000> (Domain: com.apple.CFNetwork, User: kCFPreferencesCurrentUser, ByHost: No, Container: (null), Contents Need Refresh: No)
2026-08-17 11:25:38.969 Db YourSofia[98845:31edf9] [com.apple.network:activity] Returning should log: 0 for activity cfnetwork:foreground_task
2026-08-17 11:25:38.969 Db YourSofia[98845:31edf9] [com.apple.network:activity] Domain cfnetwork rate configured in registry as 1 / 20000
2026-08-17 11:25:38.969 Db YourSofia[98845:31edf9] [com.apple.network:activity] Domain cfnetwork rate configured after remote default override as 1 / 20000
2026-08-17 11:25:38.969 Db YourSofia[98845:31edf9] [com.apple.network:activity] After reading settings plist, domain cfnetwork rate configured as 1 / 2000000
2026-08-17 11:25:38.969 Db YourSofia[98845:31edf9] [com.apple.network:activity] After settings override, domain cfnetwork rate configured as 1 / 2000000
2026-08-17 11:25:38.969 Db YourSofia[98845:31edf9] [com.apple.network:activity] Final domain cfnetwork rate configured as 1 / 2000000
2026-08-17 11:25:38.969 Db YourSofia[98845:31edf9] [com.apple.network:activity] <nw_activity 12:2 [No UUID] (reporting strategy default)> sampled at 1 / 2000000
2026-08-17 11:25:38.969 Db YourSofia[98845:31edf9] [com.apple.network:activity] Returning should log: 0 for activity cfnetwork:foreground_task
2026-08-17 11:25:38.969 Db YourSofia[98845:31edf9] [com.apple.network:activity] Returning should log: 0 for activity cfnetwork:foreground_task
2026-08-17 11:25:38.969 Db YourSofia[98845:31edf9] [com.apple.CFNetwork:Default] [Telemetry]: Activity <nw_activity 12:2 [D2EFBEDB-46C3-4B86-B482-56B906630155] (reporting strategy default)> on Task <4DFECFE4-AE26-4446-BD94-A5BF77613D3D>.<1> was not selected for reporting
2026-08-17 11:25:38.969 Db YourSofia[98845:31ee20] [com.apple.CFNetwork:Default] Using HSTS 0x600002904390 path file:///Users/valentinasenov/Library/Developer/CoreSimulator/Devices/98FA5BD8-5D12-4B35-9A26-3AEBCADAFC8A/data/Containers/Data/Application/A7BCF490-93C9-4586-A0C3-134A34955A8D/Library/Caches/bg.sofia.yoursofia/HSTS.plist
2026-08-17 11:25:38.969 Df YourSofia[98845:31edf9] (libMobileGestalt.dylib) No persisted cache on this platform.
2026-08-17 11:25:38.969 Db YourSofia[98845:31ee20] [com.apple.defaults:User Defaults] found no value for key com.apple.CFNetwork.HSTS.DisableHSTS in CFPrefsPlistSource<0x600002c00380> (Domain: kCFPreferencesAnyApplication, User: kCFPreferencesCurrentUser, ByHost: No, Container: (null), Contents Need Refresh: No)
2026-08-17 11:25:38.969 A  YourSofia[98845:31ee20] (libsystem_containermanager.dylib) container_system_group_path_for_identifier
2026-08-17 11:25:38.969 Df YourSofia[98845:31ee20] [com.apple.containermanager:xpc] Requesting container lookup; class = 13, identifier = com.apple.nsurlsessiond, group_identifier = systemgroup.com.apple.nsurlstoragedresources, create = 1, temp = 0, euid = 501, uid = 501
2026-08-17 11:25:38.969 A  YourSofia[98845:31ee20] (libsystem_containermanager.dylib) container_query_t
2026-08-17 11:25:38.969 Db YourSofia[98845:31ee20] [com.apple.containermanager:xpc] Query; euid = 501, uid = 501, query = <dictionary: 0x6000026106c0> { count = 10, transaction: 0, voucher = 0x0, contents =
	"ContainerClass" => <uint64: 0xb325992ca7cccff7>: 13
	"Platform" => <uint64: 0xb325992ca7cccfa7>: 7
	"IdentifiersArray" => <array: 0x600000c01ce0> { count = 1, capacity = 10, contents =
		0: <string: 0x600000c01d40> { string cache = 0x0, length = 23, contents = "com.apple.nsurlsessiond" }
	}
	"Flags" => <uint64: 0xb3259964a7cccf87>: 38654705667
	"Explicit" => <uint64: 0xb325992ca7cccea7>: 39
	"PrivateFlags" => <uint64: 0xb325992ca7cccf87>: 3
	"Transient" => <bool: 0x1e6164410>: false
	"PersonaKernelID" => <uint64: 0xb325992ca7cccf9f>: 0
	"Command" => <uint64: 0xb325992ca7cccea7>: 39
	"GroupIdentifiers" => <array: 0x600000c01da0> { count = 1, capacity = 10, contents =
		0: <string: 0x600000c01bf0> { string cache = 0x0, length = 44, contents = "systemgroup.com.apple.nsurlstoragedresources" }
	}
}
2026-08-17 11:25:38.969 Db YourSofia[98845:31ee20] [com.apple.containermanager:xpc] connection <0x600000c01860/1/0> created; cnt = 2
2026-08-17 11:25:38.969 Db YourSofia[98845:31ee20] [com.apple.containermanager:xpc] connection <0x600000c01860/1/0> shared; cnt = 3
2026-08-17 11:25:38.969 A  YourSofia[98845:31edf9] (libsystem_containermanager.dylib) container_system_group_path_for_identifier
2026-08-17 11:25:38.970 Df YourSofia[98845:31edf9] [com.apple.containermanager:xpc] Requesting container lookup; class = 13, identifier = (null), group_identifier = systemgroup.com.apple.configurationprofiles, create = 1, temp = 0, euid = 501, uid = 501
2026-08-17 11:25:38.970 A  YourSofia[98845:31edf9] (libsystem_containermanager.dylib) container_query_t
2026-08-17 11:25:38.970 Db YourSofia[98845:31edf9] [com.apple.containermanager:xpc] Query; euid = 501, uid = 501, query = <dictionary: 0x60000260c240> { count = 9, transaction: 0, voucher = 0x0, contents =
	"ContainerClass" => <uint64: 0xb325992ca7cccff7>: 13
	"Platform" => <uint64: 0xb325992ca7cccfa7>: 7
	"Flags" => <uint64: 0xb3259964a7cccf87>: 38654705667
	"Explicit" => <uint64: 0xb325992ca7ccceaf>: 38
	"PrivateFlags" => <uint64: 0xb325992ca7cccf87>: 3
	"Transient" => <bool: 0x1e6164410>: false
	"PersonaKernelID" => <uint64: 0xb325992ca7cccf9f>: 0
	"Command" => <uint64: 0xb325992ca7cccea7>: 39
	"GroupIdentifiers" => <array: 0x600000c11890> { count = 1, capacity = 10, contents =
		0: <string: 0x600000c11920> { string cache = 0x0, length = 43, contents = "systemgroup.com.apple.configurationprofiles" }
	}
}
2026-08-17 11:25:38.970 Db YourSofia[98845:31edf9] [com.apple.containermanager:xpc] connection <0x600000c01860/1/0> shared; cnt = 4
2026-08-17 11:25:38.970 Db YourSofia[98845:31ee20] [com.apple.containermanager:xpc] connection <0x600000c01860/1/0> released; cnt = 3
2026-08-17 11:25:38.970 Df YourSofia[98845:31ee20] [com.apple.containermanager:unspecified] _container_query_get_result_at_index: success
2026-08-17 11:25:38.970 Db YourSofia[98845:31ee20] [com.apple.containermanager:sandbox] container_object_sandbox_extension_activate(container, true)
2026-08-17 11:25:38.970 Db YourSofia[98845:31ee20] [com.apple.containermanager:sandbox] container_object_sandbox_extension_activate(container, true): no sandbox token in container
2026-08-17 11:25:38.970 A  YourSofia[98845:31ee20] (libsystem_containermanager.dylib) container_copy_object
2026-08-17 11:25:38.970 Df YourSofia[98845:31ee20] [com.apple.containermanager:unspecified] container_system_group_path_for_identifier: success
2026-08-17 11:25:38.971 Db YourSofia[98845:31edf9] [com.apple.containermanager:xpc] connection <0x600000c01860/1/0> released; cnt = 2
2026-08-17 11:25:38.971 Db YourSofia[98845:31edf9] [com.apple.containermanager:xpc] connection <0x600000c01860/1/0> will be canceled in 2 seconds; cnt = 2
2026-08-17 11:25:38.971 Df YourSofia[98845:31edf9] [com.apple.containermanager:unspecified] _container_query_get_result_at_index: success
2026-08-17 11:25:38.971 Db YourSofia[98845:31edf9] [com.apple.containermanager:sandbox] container_object_sandbox_extension_activate(container, true)
2026-08-17 11:25:38.971 Db YourSofia[98845:31edf9] [com.apple.containermanager:sandbox] container_object_sandbox_extension_activate(container, true): no sandbox token in container
2026-08-17 11:25:38.971 A  YourSofia[98845:31edf9] (libsystem_containermanager.dylib) container_copy_object
2026-08-17 11:25:38.971 Df YourSofia[98845:31edf9] [com.apple.containermanager:unspecified] container_system_group_path_for_identifier: success
2026-08-17 11:25:38.971 Df YourSofia[98845:31edf9] [com.apple.ManagedConfiguration:MC] Got system group container path from MCM for systemgroup.com.apple.configurationprofiles: /Users/valentinasenov/Library/Developer/CoreSimulator/Devices/98FA5BD8-5D12-4B35-9A26-3AEBCADAFC8A/data/Containers/Shared/SystemGroup/systemgroup.com.apple.configurationprofiles
2026-08-17 11:25:38.972 Db YourSofia[98845:31ee20] [com.apple.defaults:User Defaults] looked up value (
    "en-US",
    "bg-US"
) for key AppleLanguages in CFPrefsPlistSource<0x600002c00480> (Domain: kCFPreferencesAnyApplication, User: kCFPreferencesCurrentUser, ByHost: No, Container: /Users/valentinasenov/Library/Developer/CoreSimulator/Devices/98FA5BD8-5D12-4B35-9A26-3AEBCADAFC8A/data, Contents Need Refresh: No) via CFPrefsSearchListSource<0x600002c08180> (Domain: bg.sofia.yoursofia, Container: (null) Non-launch persona: 0)
2026-08-17 11:25:38.973 Df YourSofia[98845:31edf9] [com.apple.xpc:connection] [0x104a08540] activating connection: mach=true listener=false peer=false name=com.apple.managedconfiguration.profiled.public
2026-08-17 11:25:38.975 Db YourSofia[98845:31ee20] [com.apple.defaults:User Defaults] found no value for key AppleCFNetworkDiagnosticLogging in CFPrefsSearchListSource<0x600002c04180> (Domain: kCFPreferencesAnyApplication, Container: (null) Non-launch persona: 0)
2026-08-17 11:25:38.975 Db YourSofia[98845:31ee38] [com.apple.CFNetwork:ATS] Uploading ATS exception ATSAllowsLocalNetworking
2026-08-17 11:25:38.975 A  YourSofia[98845:31ee20] (Security) SecTrustReportNetworkingAnalytics
2026-08-17 11:25:38.975 Df YourSofia[98845:31ee38] [com.apple.CFNetwork:Default] Initializing NSHTTPCookieStorage singleton
2026-08-17 11:25:38.975 Df YourSofia[98845:31ee20] [com.apple.securityd:keychain] System Keychain Always Supported set via feature flag to disabled
2026-08-17 11:25:38.975 Df YourSofia[98845:31ee20] [com.apple.xpc:connection] [0x104c067c0] activating connection: mach=true listener=false peer=false name=com.apple.trustd
2026-08-17 11:25:38.975 Df YourSofia[98845:31ee38] [com.apple.CFNetwork:Default] Initializing CFHTTPCookieStorage singleton
2026-08-17 11:25:38.975 Df YourSofia[98845:31ee38] [com.apple.CFNetwork:Default] Creating default cookie storage with process/bundle identifier
2026-08-17 11:25:38.976 Db YourSofia[98845:31ee38] [com.apple.defaults:User Defaults] found no value for key com.apple.CFNetwork.ForceIOPath in CFPrefsPlistSource<0x600002c00380> (Domain: kCFPreferencesAnyApplication, User: kCFPreferencesCurrentUser, ByHost: No, Container: (null), Contents Need Refresh: No)
2026-08-17 11:25:38.976 Df YourSofia[98845:31ee38] [com.apple.CFNetwork:Default] Initializing AlternativeServices Storage singleton
2026-08-17 11:25:38.976 Df YourSofia[98845:31ee38] [com.apple.FileURL:default] kExcludedFromBackupXattrName set on path: /Users/valentinasenov/Library/Developer/CoreSimulator/Devices/98FA5BD8-5D12-4B35-9A26-3AEBCADAFC8A/data/Containers/Data/Application/A7BCF490-93C9-4586-A0C3-134A34955A8D/Library/HTTPStorages/bg.sofia.yoursofia
2026-08-17 11:25:38.976 Df YourSofia[98845:31ee20] [com.apple.securityd:SecError] SecTrustReportNetworkingAnalytics failed with error: -4
2026-08-17 11:25:38.976 Df YourSofia[98845:31ee38] [com.apple.runningboard:connection] Initializing connection
2026-08-17 11:25:38.976 Df YourSofia[98845:31ee38] [com.apple.runningboard:process] Removing all cached process handles
2026-08-17 11:25:38.976 I  YourSofia[98845:31ee38] [com.apple.runningboard:assertion] Acquiring assertion: <RBSAssertionDescriptor| "com.apple.CFNetwork.StorageDB" ID:(null) target:98845>
2026-08-17 11:25:38.976 Df YourSofia[98845:31ee39] [com.apple.runningboard:connection] Sending handshake request attempt #1 to server
2026-08-17 11:25:38.976 Df YourSofia[98845:31ee39] [com.apple.runningboard:connection] Creating connection to com.apple.runningboard
2026-08-17 11:25:38.976 Df YourSofia[98845:31ee39] [com.apple.xpc:connection] [0x104804d10] activating connection: mach=true listener=false peer=false name=com.apple.runningboard
2026-08-17 11:25:38.977 Db YourSofia[98845:31ee3a] [com.apple.runningboard:message] PERF: (null) Received message from runningboardd: async_didChangeInheritances:completion:
2026-08-17 11:25:38.977 A  YourSofia[98845:31ee3a] (RunningBoardServices) didChangeInheritances
2026-08-17 11:25:38.978 Db YourSofia[98845:31ee3a] [com.apple.runningboard:connection] didChangeInheritances: <RBSInheritanceChangeSet| gained:{(
    <RBSInheritance| environment:(none) name:com.apple.frontboard.visibility origID:98522-98822-652 0>,
    <RBSInheritance| environment:(none) name:com.apple.frontboard.visibility origID:98522-98822-635 0>
)} lost:(null)>
2026-08-17 11:25:38.978 Db YourSofia[98845:31ee39] [com.apple.BaseBoard:Common] BSAuditToken will auto-code: <BSObjCIvar: 0x600000c197d0; "_bundleID" (<NSString *>)>, <BSObjCIvar: 0x600000c19740; "_auditToken" (<struct[32]>)>
2026-08-17 11:25:38.978 Df YourSofia[98845:31ee39] [com.apple.runningboard:connection] Handshake succeeded
2026-08-17 11:25:38.978 Df YourSofia[98845:31ee39] [com.apple.runningboard:connection] Identity resolved as app<bg.sofia.yoursofia((null))>
2026-08-17 11:25:38.979 Db YourSofia[98845:31ee3a] [com.apple.ManagedConfiguration:ProfileConnection] Received settings changed notification
2026-08-17 11:25:38.979 Db YourSofia[98845:31ee3a] [com.apple.ManagedConfiguration:ProfileConnection] Invalidating cache
2026-08-17 11:25:38.979 Db YourSofia[98845:31ee38] [com.apple.runningboard:assertion] Adding assertion 98522-98845-658 to dictionary
2026-08-17 11:25:38.987 Df YourSofia[98845:31ee39] [com.apple.CFNetwork:Default] Garbage collection for alternative services
2026-08-17 11:25:38.988 Db YourSofia[98845:31ee39] [com.apple.ManagedConfiguration:ProfileConnection] Received effective settings changed notification
2026-08-17 11:25:38.988 Db YourSofia[98845:31ee39] [com.apple.ManagedConfiguration:ProfileConnection] Invalidating cache
2026-08-17 11:25:38.989 I  YourSofia[98845:31edf9] [com.apple.ManagedConfiguration:MC] Reading from private effective user settings.
2026-08-17 11:25:38.990 Db YourSofia[98845:31edf9] [com.apple.defaults:User Defaults] CFPrefsManagedSource<0x600002c20480> (Domain: com.apple.keyboard.preferences, User: kCFPreferencesCurrentUser, ByHost: Yes, Container: (null), Contents Need Refresh: No) loaded: an empty base plist and no additional changes from the base plist
2026-08-17 11:25:38.990 Db YourSofia[98845:31edf9] [com.apple.defaults:User Defaults] CFPrefsManagedSource<0x600002c20500> (Domain: com.apple.keyboard.preferences, User: kCFPreferencesAnyUser, ByHost: Yes, Container: (null), Contents Need Refresh: No) loaded: an empty base plist and no additional changes from the base plist
2026-08-17 11:25:38.990 Db YourSofia[98845:31edf9] [com.apple.defaults:User Defaults] CFPrefsPlistSource<0x600002c20400> (Domain: com.apple.keyboard.preferences, User: kCFPreferencesCurrentUser, ByHost: No, Container: (null), Contents Need Refresh: No) loaded: an empty base plist and no additional changes from the base plist
2026-08-17 11:25:38.990 Db YourSofia[98845:31edf9] [com.apple.defaults:User Defaults] CFPrefsManagedSource<0x600002c00280> (Domain: kCFPreferencesAnyApplication, User: kCFPreferencesCurrentUser, ByHost: Yes, Container: (null), Contents Need Refresh: No) loaded: an empty base plist and no additional changes from the base plist
2026-08-17 11:25:38.990 Db YourSofia[98845:31edf9] [com.apple.defaults:User Defaults] CFPrefsPlistSource<0x600002c20580> (Domain: com.apple.keyboard.preferences, User: kCFPreferencesCurrentUser, ByHost: No, Container: /Users/valentinasenov/Library/Developer/CoreSimulator/Devices/98FA5BD8-5D12-4B35-9A26-3AEBCADAFC8A/data, Contents Need Refresh: No) loaded: a new base plist and no additional changes from the base plist
2026-08-17 11:25:38.990 Db YourSofia[98845:31edf9] [com.apple.defaults:User Defaults] CFPrefsPlistSource<0x600002c20700> (Domain: com.apple.keyboard.preferences, User: kCFPreferencesCurrentUser, ByHost: Yes, Container: (null), Contents Need Refresh: No) loaded: an empty base plist and no additional changes from the base plist
2026-08-17 11:25:38.990 Db YourSofia[98845:31edf9] [com.apple.defaults:User Defaults] setting {
    KeyboardAutocorrection = 0;
} in CFPrefsPlistSource<0x600002c20400> (Domain: com.apple.keyboard.preferences, User: kCFPreferencesCurrentUser, ByHost: No, Container: (null), Contents Need Refresh: No)
2026-08-17 11:25:38.991 Df YourSofia[98845:31edf9] (CloudSettings) [writeToCloudSettings:forStore] - cloudsettings feature disabled
2026-08-17 11:25:38.992 Db YourSofia[98845:31edf9] [com.apple.foundation:locale] Lookup of 'AppleLanguages' from current preferences failed lookup (app preferences do not contain the key); likely falling back to default locale identifier as current
2026-08-17 11:25:38.993 Db YourSofia[98845:31edf9] [com.apple.defaults:User Defaults] setting {
    "KeyboardAutocorrection_changedAt" = "2026-08-17 08:25:38 +0000";
} in CFPrefsPlistSource<0x600002c20400> (Domain: com.apple.keyboard.preferences, User: kCFPreferencesCurrentUser, ByHost: No, Container: (null), Contents Need Refresh: No)
2026-08-17 11:25:38.993 Db YourSofia[98845:31edf9] [com.apple.defaults:User Defaults] setting {
    "KeyboardAutocorrection_buildAtChange" = 23D8133;
} in CFPrefsPlistSource<0x600002c20400> (Domain: com.apple.keyboard.preferences, User: kCFPreferencesCurrentUser, ByHost: No, Container: (null), Contents Need Refresh: No)
2026-08-17 11:25:38.994 Db YourSofia[98845:31edf9] [com.apple.defaults:User Defaults] CFPrefsPlistSource<0x600002c20400> (Domain: com.apple.keyboard.preferences, User: kCFPreferencesCurrentUser, ByHost: No, Container: (null), Contents Need Refresh: No) skipping setting already-present value for key KeyboardAutocorrection_previousValue
2026-08-17 11:25:38.994 Db YourSofia[98845:31edf9] [com.apple.defaults:User Defaults] CFPrefsPlistSource<0x600002c20400> (Domain: com.apple.keyboard.preferences, User: kCFPreferencesCurrentUser, ByHost: No, Container: (null), Contents Need Refresh: No) skipping setting already-present value for key KeyboardAutocorrection_analyzedAt
2026-08-17 11:25:38.996 Db YourSofia[98845:31ee39] [com.apple.ManagedConfiguration:ProfileConnection] Received keyboard settings changed notification
2026-08-17 11:25:39.002 Db YourSofia[98845:31ee39] [com.apple.ManagedConfiguration:ProfileConnection] Received settings changed notification
2026-08-17 11:25:39.002 Db YourSofia[98845:31ee39] [com.apple.ManagedConfiguration:ProfileConnection] Invalidating cache
2026-08-17 11:25:39.006 Db YourSofia[98845:31ee3a] [com.apple.ManagedConfiguration:ProfileConnection] Received effective settings changed notification
2026-08-17 11:25:39.006 Db YourSofia[98845:31ee3a] [com.apple.ManagedConfiguration:ProfileConnection] Invalidating cache
2026-08-17 11:25:39.007 Db YourSofia[98845:31ee3a] [com.apple.ManagedConfiguration:ProfileConnection] Received keyboard settings changed notification
2026-08-17 11:25:39.007 I  YourSofia[98845:31edf9] [com.apple.ManagedConfiguration:MC] Reading from private effective user settings.
2026-08-17 11:25:39.007 Db YourSofia[98845:31edf9] [com.apple.defaults:User Defaults] setting {
    KeyboardPrediction = 0;
} in CFPrefsPlistSource<0x600002c20400> (Domain: com.apple.keyboard.preferences, User: kCFPreferencesCurrentUser, ByHost: No, Container: (null), Contents Need Refresh: No)
2026-08-17 11:25:39.008 Df YourSofia[98845:31edf9] (CloudSettings) [writeToCloudSettings:forStore] - cloudsettings feature disabled
2026-08-17 11:25:39.009 Db YourSofia[98845:31edf9] [com.apple.defaults:User Defaults] CFPrefsManagedSource<0x600002c20480> (Domain: com.apple.keyboard.preferences, User: kCFPreferencesCurrentUser, ByHost: Yes, Container: (null), Contents Need Refresh: No) loaded: an empty base plist and no additional changes from the base plist
2026-08-17 11:25:39.009 Db YourSofia[98845:31edf9] [com.apple.defaults:User Defaults] CFPrefsManagedSource<0x600002c20500> (Domain: com.apple.keyboard.preferences, User: kCFPreferencesAnyUser, ByHost: Yes, Container: (null), Contents Need Refresh: No) loaded: an empty base plist and no additional changes from the base plist
2026-08-17 11:25:39.009 Db YourSofia[98845:31edf9] [com.apple.defaults:User Defaults] CFPrefsManagedSource<0x600002c00280> (Domain: kCFPreferencesAnyApplication, User: kCFPreferencesCurrentUser, ByHost: Yes, Container: (null), Contents Need Refresh: No) loaded: an empty base plist and no additional changes from the base plist
2026-08-17 11:25:39.009 Db YourSofia[98845:31edf9] [com.apple.defaults:User Defaults] CFPrefsPlistSource<0x600002c20580> (Domain: com.apple.keyboard.preferences, User: kCFPreferencesCurrentUser, ByHost: No, Container: /Users/valentinasenov/Library/Developer/CoreSimulator/Devices/98FA5BD8-5D12-4B35-9A26-3AEBCADAFC8A/data, Contents Need Refresh: No) loaded: a new base plist and no additional changes from the base plist
2026-08-17 11:25:39.009 Db YourSofia[98845:31edf9] [com.apple.defaults:User Defaults] CFPrefsPlistSource<0x600002c20700> (Domain: com.apple.keyboard.preferences, User: kCFPreferencesCurrentUser, ByHost: Yes, Container: (null), Contents Need Refresh: No) loaded: an empty base plist and no additional changes from the base plist
2026-08-17 11:25:39.009 Db YourSofia[98845:31edf9] [com.apple.defaults:User Defaults] found no value for key KeyboardShowPredictionBar in CFPrefsSearchListSource<0x600002c20380> (Domain: com.apple.keyboard.preferences, Container: (null) Non-launch persona: 0)
2026-08-17 11:25:39.009 Db YourSofia[98845:31edf9] [com.apple.defaults:User Defaults] setting {
    KeyboardShowPredictionBar = 0;
} in CFPrefsPlistSource<0x600002c20400> (Domain: com.apple.keyboard.preferences, User: kCFPreferencesCurrentUser, ByHost: No, Container: (null), Contents Need Refresh: No)
2026-08-17 11:25:39.009 Db YourSofia[98845:31edf9] [com.apple.defaults:User Defaults] CFPrefsPlistSource<0x600002c20580> (Domain: com.apple.keyboard.preferences, User: kCFPreferencesCurrentUser, ByHost: No, Container: /Users/valentinasenov/Library/Developer/CoreSimulator/Devices/98FA5BD8-5D12-4B35-9A26-3AEBCADAFC8A/data, Contents Need Refresh: No) loaded: a new base plist and no additional changes from the base plist
2026-08-17 11:25:39.009 Db YourSofia[98845:31edf9] [com.apple.defaults:User Defaults] CFPrefsPlistSource<0x600002c20700> (Domain: com.apple.keyboard.preferences, User: kCFPreferencesCurrentUser, ByHost: Yes, Container: (null), Contents Need Refresh: No) loaded: an empty base plist and no additional changes from the base plist
2026-08-17 11:25:39.009 Db YourSofia[98845:31edf9] [com.apple.defaults:User Defaults] found no value for key DidShowGestureKeyboardIntroduction in CFPrefsSearchListSource<0x600002c20380> (Domain: com.apple.keyboard.preferences, Container: (null) Non-launch persona: 0)
2026-08-17 11:25:39.009 Db YourSofia[98845:31edf9] [com.apple.defaults:User Defaults] setting {
    DidShowGestureKeyboardIntroduction = 1;
} in CFPrefsPlistSource<0x600002c20400> (Domain: com.apple.keyboard.preferences, User: kCFPreferencesCurrentUser, ByHost: No, Container: (null), Contents Need Refresh: No)
2026-08-17 11:25:39.010 Df YourSofia[98845:31edf9] [com.apple.BoardServices:XPCErrors] [C:1] Alloc com.apple.frontboard.systemappservices
2026-08-17 11:25:39.011 Df YourSofia[98845:31edf9] [com.apple.xpc:connection] [0x104d04db0] activating connection: mach=false listener=false peer=false name=(anonymous)
2026-08-17 11:25:39.011 Db YourSofia[98845:31ee3a] [com.apple.BaseBoard:MachPort]  *|machport|* <BSMachPortTaskNameRight: 0x6000017094c0; usable: YES; (98845:3613:send task_name_for_pid:SpringBoard.98822)> -> (<NSThread: 0x600001718a80>{number = 2, name = (null)}) (
	0   BaseBoard                           0x00000001840447e0 -[BSMachPortRight _initWithPort:type:owner:trace:] + 192
	1   BaseBoard                           0x0000000184046754 -[BSMachPortTaskNameRight initWithPID:] + 260
	2   BaseBoard                           0x00000001840465f4 +[BSMachPortTaskNameRight taskNameForPID:] + 56
	3   BaseBoard                           0x000000018405971c +[BSProcessHandle processHandleForXPCConnection:] + 176
	4   BoardServices                       0x000000018812e73c +[BSXPCServiceConnectionPeer peerOfConnection:] + 312
	5   BoardServices                       0x0000000188163cb4 __55-[BSXPCServiceConnection _lock_activateNowOrWhenReady:]_block_invoke_2 + 136
	6   BoardServices                       0x000000018815a2fc __55-[BSXPCServiceConnectionMessage _actuallySendWithMode:]_block_invoke +
2026-08-17 11:25:39.012 Db YourSofia[98845:31edf9] [com.apple.defaults:User Defaults] CFPrefsPlistSource<0x600002c20580> (Domain: com.apple.keyboard.preferences, User: kCFPreferencesCurrentUser, ByHost: No, Container: /Users/valentinasenov/Library/Developer/CoreSimulator/Devices/98FA5BD8-5D12-4B35-9A26-3AEBCADAFC8A/data, Contents Need Refresh: No) loaded: a new base plist and no additional changes from the base plist
2026-08-17 11:25:39.012 Db YourSofia[98845:31edf9] [com.apple.defaults:User Defaults] CFPrefsPlistSource<0x600002c20700> (Domain: com.apple.keyboard.preferences, User: kCFPreferencesCurrentUser, ByHost: Yes, Container: (null), Contents Need Refresh: No) loaded: an empty base plist and no additional changes from the base plist
2026-08-17 11:25:39.012 Db YourSofia[98845:31edf9] [com.apple.defaults:User Defaults] found no value for key DidShowContinuousPathIntroduction in CFPrefsSearchListSource<0x600002c20380> (Domain: com.apple.keyboard.preferences, Container: (null) Non-launch persona: 0)
2026-08-17 11:25:39.012 Db YourSofia[98845:31edf9] [com.apple.defaults:User Defaults] setting {
    DidShowContinuousPathIntroduction = 1;
} in CFPrefsPlistSource<0x600002c20400> (Domain: com.apple.keyboard.preferences, User: kCFPreferencesCurrentUser, ByHost: No, Container: (null), Contents Need Refresh: No)
2026-08-17 11:25:39.032 Db YourSofia[98845:31edf9] [com.apple.CFBundle:resources] Resource lookup at CFBundle 0x600003b042a0 </Users/valentinasenov/Library/Developer/CoreSimulator/Devices/98FA5BD8-5D12-4B35-9A26-3AEBCADAFC8A/data/Containers/Bundle/Application/12B90C3A-72F3-447D-B35C-244E0D70240B/YourSofia.app> (executable, loaded)
	Request       : InfoPlist type: strings
	Result        : None
2026-08-17 11:25:39.032 Db YourSofia[98845:31edf9] [com.apple.CFBundle:resources] Resource lookup at CFBundle 0x600003b042a0 </Users/valentinasenov/Library/Developer/CoreSimulator/Devices/98FA5BD8-5D12-4B35-9A26-3AEBCADAFC8A/data/Containers/Bundle/Application/12B90C3A-72F3-447D-B35C-244E0D70240B/YourSofia.app> (executable, loaded)
	Request       : InfoPlist type: stringsdict
	Result        : None
2026-08-17 11:25:39.032 Df YourSofia[98845:31edf9] [com.apple.UserNotifications:Connections] [bg.sofia.yoursofia] Creating a user notification center
2026-08-17 11:25:39.049 Db YourSofia[98845:31ee3a] [com.apple.defaults:User Defaults] CFPrefsManagedSource<0x600002c08280> (Domain: bg.sofia.yoursofia, User: kCFPreferencesCurrentUser, ByHost: Yes, Container: (null), Contents Need Refresh: No) loaded: an empty base plist and no additional changes from the base plist
2026-08-17 11:25:39.049 Db YourSofia[98845:31ee3a] [com.apple.defaults:User Defaults] CFPrefsManagedSource<0x600002c08300> (Domain: bg.sofia.yoursofia, User: kCFPreferencesAnyUser, ByHost: Yes, Container: (null), Contents Need Refresh: No) loaded: an empty base plist and no additional changes from the base plist
2026-08-17 11:25:39.049 Db YourSofia[98845:31ee3a] [com.apple.defaults:User Defaults] found no value for key IIOEnableOOP in CFPrefsSearchListSource<0x600002c08180> (Domain: bg.sofia.yoursofia, Container: (null) Non-launch persona: 0)
2026-08-17 11:25:39.049 A  YourSofia[98845:31ee3a] (CoreFoundation) Loading Preferences From User Session CFPrefsD
2026-08-17 11:25:39.049 Db YourSofia[98845:31ee20] [com.apple.defaults:User Defaults] CFPrefsManagedSource<0x600002c21280> (Domain: com.apple.UIKit, User: kCFPreferencesCurrentUser, ByHost: Yes, Container: (null), Contents Need Refresh: No) loaded: an empty base plist and no additional changes from the base plist
2026-08-17 11:25:39.049 Db YourSofia[98845:31ee20] [com.apple.defaults:User Defaults] CFPrefsManagedSource<0x600002c21300> (Domain: com.apple.UIKit, User: kCFPreferencesAnyUser, ByHost: Yes, Container: (null), Contents Need Refresh: No) loaded: an empty base plist and no additional changes from the base plist
2026-08-17 11:25:39.049 Db YourSofia[98845:31ee20] [com.apple.defaults:User Defaults] CFPrefsPlistSource<0x600002c21200> (Domain: com.apple.UIKit, User: kCFPreferencesCurrentUser, ByHost: No, Container: (null), Contents Need Refresh: No) loaded: an empty base plist and no additional changes from the base plist
2026-08-17 11:25:39.049 Db YourSofia[98845:31ee20] [com.apple.defaults:User Defaults] CFPrefsPlistSource<0x600002c21380> (Domain: com.apple.UIKit, User: kCFPreferencesCurrentUser, ByHost: No, Container: /Users/valentinasenov/Library/Developer/CoreSimulator/Devices/98FA5BD8-5D12-4B35-9A26-3AEBCADAFC8A/data, Contents Need Refresh: No) loaded: an empty base plist and no additional changes from the base plist
2026-08-17 11:25:39.049 Db YourSofia[98845:31ee20] [com.apple.defaults:User Defaults] CFPrefsPlistSource<0x600002c21500> (Domain: com.apple.UIKit, User: kCFPreferencesCurrentUser, ByHost: Yes, Container: (null), Contents Need Refresh: No) loaded: an empty base plist and no additional changes from the base plist
2026-08-17 11:25:39.049 Db YourSofia[98845:31ee5a] [com.apple.defaults:User Defaults] found no value for key LogHIDEventFiltered in CFPrefsSearchListSource<0x600002c21180> (Domain: com.apple.UIKit, Container: (null) Non-launch persona: 0)
2026-08-17 11:25:39.049 Db YourSofia[98845:31ee3a] [com.apple.defaults:User Defaults] CFPrefsPlistSource<0x600002c05f00> (Domain: com.apple.ImageIO, User: kCFPreferencesCurrentUser, ByHost: No, Container: (null), Contents Need Refresh: No) loaded: an empty base plist and no additional changes from the base plist
2026-08-17 11:25:39.049 Db YourSofia[98845:31ee5a] [com.apple.defaults:User Defaults] found no value for key LogHIDEventIncoming in CFPrefsSearchListSource<0x600002c21180> (Domain: com.apple.UIKit, Container: (null) Non-launch persona: 0)
2026-08-17 11:25:39.049 Db YourSofia[98845:31ee3a] [com.apple.defaults:User Defaults] found no value for key IIOEnableOOP in CFPrefsPlistSource<0x600002c05f00> (Domain: com.apple.ImageIO, User: kCFPreferencesCurrentUser, ByHost: No, Container: (null), Contents Need Refresh: No)
2026-08-17 11:25:39.050 Db YourSofia[98845:31ee20] [com.apple.defaults:User Defaults] found no value for key LogBackgroundTask in CFPrefsSearchListSource<0x600002c21180> (Domain: com.apple.UIKit, Container: (null) Non-launch persona: 0)
2026-08-17 11:25:39.050 Df YourSofia[98845:31ee20] [com.apple.UIKit:BackgroundTask] Creating new assertion because there is no existing background assertion.
2026-08-17 11:25:39.050 Df YourSofia[98845:31ee20] [com.apple.UIKit:BackgroundTask] Creating new background assertion
2026-08-17 11:25:39.050 Db YourSofia[98845:31edf9] [com.apple.defaults:User Defaults] found no value for key LogApplication in CFPrefsSearchListSource<0x600002c21180> (Domain: com.apple.UIKit, Container: (null) Non-launch persona: 0)
2026-08-17 11:25:39.050 Df YourSofia[98845:31edf9] [com.apple.UIKit:Application] Deactivation reason added: 10; deactivation reasons: 0 -> 1024; animating application lifecycle event: 0
2026-08-17 11:25:39.050 Df YourSofia[98845:31ee20] [com.apple.UIKit:BackgroundTask] Created new background assertion <BKSProcessAssertion: 0x600002125f90>
2026-08-17 11:25:39.050 I  YourSofia[98845:31ee20] [com.apple.runningboard:assertion] Acquiring assertion: <RBSAssertionDescriptor| "Shared Background Assertion 0 for bg.sofia.yoursofia" ID:(null) target:98845>
2026-08-17 11:25:39.050 Df YourSofia[98845:31edf9] [com.apple.BoardServices:Injection] activating monitor for service com.apple.frontboard.open
2026-08-17 11:25:39.050 Df YourSofia[98845:31edf9] [com.apple.BoardServices:Injection] activating monitor for service com.apple.frontboard.workspace-service
2026-08-17 11:25:39.050 Df YourSofia[98845:31edf9] [com.apple.FrontBoard:Common] FBSWorkspace registering source: com.apple.frontboard.systemappservices
2026-08-17 11:25:39.051 Db YourSofia[98845:31ee20] [com.apple.runningboard:assertion] Adding assertion 98522-98845-660 to dictionary
2026-08-17 11:25:39.051 Df YourSofia[98845:31ee20] [com.apple.UIKit:BackgroundTask] Incrementing reference count for background assertion <BKSProcessAssertion: 0x600002125f90>
2026-08-17 11:25:39.051 Df YourSofia[98845:31ee20] [com.apple.UIKit:BackgroundTask] Created background task <_UIBackgroundTaskInfo: 0x600001732440>: taskID = 1, taskName = Launch Background Task for Coalescing, creationTime = 184417 (elapsed = 0).
2026-08-17 11:25:39.051 Df YourSofia[98845:31ee20] [com.apple.FrontBoard:SceneExtension] Realizing settings extension _UIApplicationSceneKeyboardSettings on FBSSceneSettings
2026-08-17 11:25:39.051 Df YourSofia[98845:31edf9] [com.apple.FrontBoard:Common] FBSWorkspace connected to endpoint : <BSServiceConnectionEndpoint: 0x60000020bd60; target: com.apple.frontboard.systemappservices; service: com.apple.frontboard.workspace-service>
2026-08-17 11:25:39.051 Df YourSofia[98845:31edf9] [com.apple.FrontBoard:Common] <FBSWorkspaceScenesClient:0x6000030142d0 com.apple.frontboard.systemappservices> attempting immediate handshake from activate
2026-08-17 11:25:39.051 Df YourSofia[98845:31edf9] [com.apple.FrontBoard:Common] <FBSWorkspaceScenesClient:0x6000030142d0 com.apple.frontboard.systemappservices> sent handshake
2026-08-17 11:25:39.052 Db YourSofia[98845:31ee20] [com.apple.FrontBoard:SceneExtension] registering method "hardwareKeyboardExclusivityIdentifier" from extension _UIApplicationSceneKeyboardSettings on class "FBSSceneSettings"
2026-08-17 11:25:39.052 Df YourSofia[98845:31edf9] [com.apple.runningboard:general] Added observer for process assertions expiration warning: <_RBSExpirationWarningClient: 0x600000234900>
2026-08-17 11:25:39.052 Db YourSofia[98845:31ee20] [com.apple.FrontBoard:SceneExtension] registering method "setHardwareKeyboardExclusivityIdentifier:" from extension _UIApplicationSceneKeyboardSettings on class "FBSSceneSettings"
2026-08-17 11:25:39.052 Db YourSofia[98845:31ee20] [com.apple.FrontBoard:SceneExtension] registering method "keyboardDockDisabled" from extension _UIApplicationSceneKeyboardSettings on class "FBSSceneSettings"
2026-08-17 11:25:39.052 Db YourSofia[98845:31ee20] [com.apple.FrontBoard:SceneExtension] registering method "setKeyboardDockDisabled:" from extension _UIApplicationSceneKeyboardSettings on class "FBSSceneSettings"
2026-08-17 11:25:39.052 Db YourSofia[98845:31ee20] [com.apple.FrontBoard:SceneExtension] registering method "minimumKeyboardPadding" from extension _UIApplicationSceneKeyboardSettings on class "FBSSceneSettings"
2026-08-17 11:25:39.052 Db YourSofia[98845:31ee20] [com.apple.FrontBoard:SceneExtension] registering method "setMinimumKeyboardPadding:" from extension _UIApplicationSceneKeyboardSettings on class "FBSSceneSettings"
2026-08-17 11:25:39.052 Db YourSofia[98845:31ee20] [com.apple.FrontBoard:SceneExtension] registering method "suppressKeyboardFocusRequests" from extension _UIApplicationSceneKeyboardSettings on class "FBSSceneSettings"
2026-08-17 11:25:39.052 Db YourSofia[98845:31ee20] [com.apple.FrontBoard:SceneExtension] registering method "setSuppressKeyboardFocusRequests:" from extension _UIApplicationSceneKeyboardSettings on class "FBSSceneSettings"
2026-08-17 11:25:39.052 Df YourSofia[98845:31ee20] [com.apple.FrontBoard:SceneExtension] Realizing settings extension <_UISceneOcclusionSettings> on FBSSceneSettings
2026-08-17 11:25:39.052 Db YourSofia[98845:31ee20] [com.apple.FrontBoard:SceneExtension] registering method "systemOcclusionRects" from extension <_UISceneOcclusionSettings> on class "FBSSceneSettings"
2026-08-17 11:25:39.052 Db YourSofia[98845:31ee20] [com.apple.FrontBoard:SceneExtension] registering method "setSystemOcclusionRects:" from extension <_UISceneOcclusionSettings> on class "FBSSceneSettings"
2026-08-17 11:25:39.052 Db YourSofia[98845:31ee20] [com.apple.FrontBoard:SceneExtension] registering method "applicationOcclusionRects" from extension <_UISceneOcclusionSettings> on class "FBSSceneSettings"
2026-08-17 11:25:39.052 Db YourSofia[98845:31ee20] [com.apple.FrontBoard:SceneExtension] registering method "setApplicationOcclusionRects:" from extension <_UISceneOcclusionSettings> on class "FBSSceneSettings"
2026-08-17 11:25:39.052 Df YourSofia[98845:31ee20] [com.apple.FrontBoard:SceneExtension] Realizing settings extension <_UISceneInterfaceProtectionSettings> on FBSSceneSettings
2026-08-17 11:25:39.053 Db YourSofia[98845:31ee20] [com.apple.FrontBoard:SceneExtension] registering method "underAppProtection" from extension <_UISceneInterfaceProtectionSettings> on class "FBSSceneSettings"
2026-08-17 11:25:39.053 Db YourSofia[98845:31ee20] [com.apple.FrontBoard:SceneExtension] registering method "setUnderAppProtection:" from extension <_UISceneInterfaceProtectionSettings> on class "FBSSceneSettings"
2026-08-17 11:25:39.053 Db YourSofia[98845:31ee20] [com.apple.FrontBoard:SceneExtension] registering method "extensionShieldCurrentlyShown" from extension <_UISceneInterfaceProtectionSettings> on class "FBSSceneSettings"
2026-08-17 11:25:39.053 Db YourSofia[98845:31ee20] [com.apple.FrontBoard:SceneExtension] registering method "setExtensionShieldCurrentlyShown:" from extension <_UISceneInterfaceProtectionSettings> on class "FBSSceneSettings"
2026-08-17 11:25:39.053 Df YourSofia[98845:31ee20] [com.apple.FrontBoard:SceneExtension] Realizing settings extension _UISceneLayoutPreferencesHostSettingsExtension on FBSSceneSettings
2026-08-17 11:25:39.053 Db YourSofia[98845:31ee20] [com.apple.FrontBoard:SceneExtension] registering method "_hostObservesLayoutPreferenceChanges" from extension _UISceneLayoutPreferencesHostSettingsExtension on class "FBSSceneSettings"
2026-08-17 11:25:39.053 Db YourSofia[98845:31ee20] [com.apple.FrontBoard:SceneExtension] registering method "set_hostObservesLayoutPreferenceChanges:" from extension _UISceneLayoutPreferencesHostSettingsExtension on class "FBSSceneSettings"
2026-08-17 11:25:39.053 Db YourSofia[98845:31ee20] [com.apple.FrontBoard:SceneExtension] registering method "_hostSupportsSceneDoubleTap" from extension _UISceneLayoutPreferencesHostSettingsExtension on class "FBSSceneSettings"
2026-08-17 11:25:39.053 Db YourSofia[98845:31ee20] [com.apple.FrontBoard:SceneExtension] registering method "set_hostSupportsSceneDoubleTap:" from extension _UISceneLayoutPreferencesHostSettingsExtension on class "FBSSceneSettings"
2026-08-17 11:25:39.053 Df YourSofia[98845:31ee20] [com.apple.FrontBoard:SceneExtension] Realizing settings extension _UISceneSafeAreaSettingsExtension on FBSSceneSettings
2026-08-17 11:25:39.053 Db YourSofia[98845:31edf9] [com.apple.defaults:User Defaults] found no value for key LogUIScreen in CFPrefsSearchListSource<0x600002c21180> (Domain: com.apple.UIKit, Container: (null) Non-launch persona: 0)
2026-08-17 11:25:39.053 Db YourSofia[98845:31ee20] [com.apple.FrontBoard:SceneExtension] registering method "safeAreaCornerInsetResolver" from extension _UISceneSafeAreaSettingsExtension on class "FBSSceneSettings"
2026-08-17 11:25:39.053 Df YourSofia[98845:31edf9] [com.apple.UIKit:UIScreen] Evaluated capturing state as 0 on <UIScreen: 0x1048095b0> for initial
2026-08-17 11:25:39.053 Db YourSofia[98845:31ee20] [com.apple.FrontBoard:SceneExtension] registering method "setSafeAreaCornerInsetResolver:" from extension _UISceneSafeAreaSettingsExtension on class "FBSSceneSettings"
2026-08-17 11:25:39.053 Db YourSofia[98845:31ee20] [com.apple.FrontBoard:SceneExtension] registering method "safeAreaCornerInsets" from extension _UISceneSafeAreaSettingsExtension on class "FBSSceneSettings"
2026-08-17 11:25:39.053 Db YourSofia[98845:31ee20] [com.apple.FrontBoard:SceneExtension] registering method "setSafeAreaCornerInsets:" from extension _UISceneSafeAreaSettingsExtension on class "FBSSceneSettings"
2026-08-17 11:25:39.053 Db YourSofia[98845:31ee20] [com.apple.FrontBoard:SceneExtension] registering method "safeAreaEdgeInsetResolver" from extension _UISceneSafeAreaSettingsExtension on class "FBSSceneSettings"
2026-08-17 11:25:39.053 Db YourSofia[98845:31ee20] [com.apple.FrontBoard:SceneExtension] registering method "setSafeAreaEdgeInsetResolver:" from extension _UISceneSafeAreaSettingsExtension on class "FBSSceneSettings"
2026-08-17 11:25:39.053 Db YourSofia[98845:31ee20] [com.apple.FrontBoard:SceneExtension] registering method "safeAreaEdgeInsets" from extension _UISceneSafeAreaSettingsExtension on class "FBSSceneSettings"
2026-08-17 11:25:39.053 Db YourSofia[98845:31ee20] [com.apple.FrontBoard:SceneExtension] registering method "setSafeAreaEdgeInsets:" from extension _UISceneSafeAreaSettingsExtension on class "FBSSceneSettings"
2026-08-17 11:25:39.053 Df YourSofia[98845:31ee20] [com.apple.FrontBoard:SceneExtension] Realizing settings extension _UISceneLayoutPreferenceClientSettingsExtension on FBSSceneClientSettings
2026-08-17 11:25:39.053 Df YourSofia[98845:31edf9] [com.apple.UIKit:UIScreen] Evaluated capturing state as 0 on <UIScreen: 0x1048095b0> for CADisplay KVO
2026-08-17 11:25:39.053 Db YourSofia[98845:31ee20] [com.apple.FrontBoard:SceneExtension] registering method "preferredMaximumHeight" from extension _UISceneLayoutPreferenceClientSettingsExtension on class "FBSSceneClientSettings"
2026-08-17 11:25:39.053 Db YourSofia[98845:31ee20] [com.apple.FrontBoard:SceneExtension] registering method "setPreferredMaximumHeight:" from extension _UISceneLayoutPreferenceClientSettingsExtension on class "FBSSceneClientSettings"
2026-08-17 11:25:39.053 Db YourSofia[98845:31ee20] [com.apple.FrontBoard:SceneExtension] registering method "preferredMaximumWidth" from extension _UISceneLayoutPreferenceClientSettingsExtension on class "FBSSceneClientSettings"
2026-08-17 11:25:39.053 Db YourSofia[98845:31ee20] [com.apple.FrontBoard:SceneExtension] registering method "setPreferredMaximumWidth:" from extension _UISceneLayoutPreferenceClientSettingsExtension on class "FBSSceneClientSettings"
2026-08-17 11:25:39.053 Db YourSofia[98845:31ee20] [com.apple.FrontBoard:SceneExtension] registering method "preferredMaximumDepth" from extension _UISceneLayoutPreferenceClientSettingsExtension on class "FBSSceneClientSettings"
2026-08-17 11:25:39.053 Db YourSofia[98845:31ee20] [com.apple.FrontBoard:SceneExtension] registering method "setPreferredMaximumDepth:" from extension _UISceneLayoutPreferenceClientSettingsExtension on class "FBSSceneClientSettings"
2026-08-17 11:25:39.053 Db YourSofia[98845:31ee20] [com.apple.FrontBoard:SceneExtension] registering method "preferredMinimumWidth" from extension _UISceneLayoutPreferenceClientSettingsExtension on class "FBSSceneClientSettings"
2026-08-17 11:25:39.053 Db YourSofia[98845:31ee20] [com.apple.FrontBoard:SceneExtension] registering method "setPreferredMinimumWidth:" from extension _UISceneLayoutPreferenceClientSettingsExtension on class "FBSSceneClientSettings"
2026-08-17 11:25:39.053 Db YourSofia[98845:31ee20] [com.apple.FrontBoard:SceneExtension] registering method "preferredMinimumHeight" from extension _UISceneLayoutPreferenceClientSettingsExtension on class "FBSSceneClientSettings"
2026-08-17 11:25:39.053 Db YourSofia[98845:31ee20] [com.apple.FrontBoard:SceneExtension] registering method "setPreferredMinimumHeight:" from extension _UISceneLayoutPreferenceClientSettingsExtension on class "FBSSceneClientSettings"
2026-08-17 11:25:39.053 Db YourSofia[98845:31ee20] [com.apple.FrontBoard:SceneExtension] registering method "preferredMinimumDepth" from extension _UISceneLayoutPreferenceClientSettingsExtension on class "FBSSceneClientSettings"
2026-08-17 11:25:39.053 Db YourSofia[98845:31ee20] [com.apple.FrontBoard:SceneExtension] registering method "setPreferredMinimumDepth:" from extension _UISceneLayoutPreferenceClientSettingsExtension on class "FBSSceneClientSettings"
2026-08-17 11:25:39.054 Df YourSofia[98845:31ee20] [com.apple.FrontBoard:SceneExtension] Realizing settings extension <_UIHomeAffordanceHostSceneSettings> on FBSSceneSettings
2026-08-17 11:25:39.054 Db YourSofia[98845:31ee20] [com.apple.FrontBoard:SceneExtension] registering method "homeAffordanceSceneReferenceFrame" from extension <_UIHomeAffordanceHostSceneSettings> on class "FBSSceneSettings"
2026-08-17 11:25:39.054 Db YourSofia[98845:31ee20] [com.apple.FrontBoard:SceneExtension] registering method "setHomeAffordanceSceneReferenceFrame:" from extension <_UIHomeAffordanceHostSceneSettings> on class "FBSSceneSettings"
2026-08-17 11:25:39.054 Df YourSofia[98845:31ee20] [com.apple.FrontBoard:SceneExtension] Realizing settings extension _UISystemShellSceneHostingEnvironmentSettings on FBSSceneSettings
2026-08-17 11:25:39.054 Db YourSofia[98845:31edf9] [com.apple.CFBundle:resources] Resource lookup at CFBundle 0x600003b042a0 </Users/valentinasenov/Library/Developer/CoreSimulator/Devices/98FA5BD8-5D12-4B35-9A26-3AEBCADAFC8A/data/Containers/Bundle/Application/12B90C3A-72F3-447D-B35C-244E0D70240B/YourSofia.app> (executable, loaded)
	Request       : InfoPlist type: strings
	Result        : None
2026-08-17 11:25:39.054 Db YourSofia[98845:31ee20] [com.apple.FrontBoard:SceneExtension] registering method "systemShellHostingSpaceIdentifier" from extension _UISystemShellSceneHostingEnvironmentSettings on class "FBSSceneSettings"
2026-08-17 11:25:39.054 Db YourSofia[98845:31edf9] [com.apple.CFBundle:resources] Resource lookup at CFBundle 0x600003b042a0 </Users/valentinasenov/Library/Developer/CoreSimulator/Devices/98FA5BD8-5D12-4B35-9A26-3AEBCADAFC8A/data/Containers/Bundle/Application/12B90C3A-72F3-447D-B35C-244E0D70240B/YourSofia.app> (executable, loaded)
	Request       : InfoPlist type: stringsdict
	Result        : None
2026-08-17 11:25:39.054 Db YourSofia[98845:31ee20] [com.apple.FrontBoard:SceneExtension] registering method "setSystemShellHostingSpaceIdentifier:" from extension _UISystemShellSceneHostingEnvironmentSettings on class "FBSSceneSettings"
2026-08-17 11:25:39.054 Df YourSofia[98845:31ee20] [com.apple.FrontBoard:SceneExtension] Realizing settings extension _UISceneRenderingEnvironmentSettings on FBSSceneSettings
2026-08-17 11:25:39.054 Db YourSofia[98845:31edf9] [com.apple.defaults:User Defaults] found no value for key _UIEnableLegacyRTL in CFPrefsSearchListSource<0x600002c21180> (Domain: com.apple.UIKit, Container: (null) Non-launch persona: 0)
2026-08-17 11:25:39.054 Db YourSofia[98845:31edf9] [com.apple.defaults:User Defaults] found no value for key NSTighteningFactorForTruncation in CFPrefsSearchListSource<0x600002c08180> (Domain: bg.sofia.yoursofia, Container: (null) Non-launch persona: 0)
2026-08-17 11:25:39.054 Db YourSofia[98845:31ee20] [com.apple.FrontBoard:SceneExtension] registering method "modern_isCapturingContentForAdditionalRenderingDestination" from extension _UISceneRenderingEnvironmentSettings on class "FBSSceneSettings"
2026-08-17 11:25:39.054 Db YourSofia[98845:31ee20] [com.apple.FrontBoard:SceneExtension] registering method "setModernIsCapturingContentForAdditionalRenderingDestinations:" from extension _UISceneRenderingEnvironmentSettings on class "FBSSceneSettings"
2026-08-17 11:25:39.054 Db YourSofia[98845:31edf9] [com.apple.defaults:User Defaults] found no value for key NSTighteningFactorForTruncation in CFPrefsSearchListSource<0x600002c08180> (Domain: bg.sofia.yoursofia, Container: (null) Non-launch persona: 0)
2026-08-17 11:25:39.054 I  YourSofia[98845:31ee38] [com.apple.network:connection] nw_connection_create_with_id [C1] create connection to Hostname#fe343d95:61930
2026-08-17 11:25:39.054 Db YourSofia[98845:31ee20] [com.apple.FrontBoard:SceneExtension] registering method "systemDisplayIdentifier" from extension _UISceneRenderingEnvironmentSettings on class "FBSSceneSettings"
2026-08-17 11:25:39.054 Db YourSofia[98845:31edf9] [com.apple.defaults:User Defaults] found no value for key NSAllowsDefaultTighteningForTruncation in CFPrefsSearchListSource<0x600002c08180> (Domain: bg.sofia.yoursofia, Container: (null) Non-launch persona: 0)
2026-08-17 11:25:39.054 Db YourSofia[98845:31ee20] [com.apple.FrontBoard:SceneExtension] registering method "setSystemDisplayIdentifier:" from extension _UISceneRenderingEnvironmentSettings on class "FBSSceneSettings"
2026-08-17 11:25:39.054 Db YourSofia[98845:31edf9] [com.apple.defaults:User Defaults] found no value for key NSUsesDefaultHyphenation in CFPrefsSearchListSource<0x600002c08180> (Domain: bg.sofia.yoursofia, Container: (null) Non-launch persona: 0)
2026-08-17 11:25:39.054 Db YourSofia[98845:31ee20] [com.apple.FrontBoard:SceneExtension] registering method "activeAppearance" from extension _UISceneRenderingEnvironmentSettings on class "FBSSceneSettings"
2026-08-17 11:25:39.054 Db YourSofia[98845:31edf9] [com.apple.defaults:User Defaults] found no value for key NSDefaultHyphenationFactor in CFPrefsSearchListSource<0x600002c08180> (Domain: bg.sofia.yoursofia, Container: (null) Non-launch persona: 0)
2026-08-17 11:25:39.054 Db YourSofia[98845:31edf9] [com.apple.defaults:User Defaults] found no value for key NSUsesOptimalLineBreaking in CFPrefsSearchListSource<0x600002c08180> (Domain: bg.sofia.yoursofia, Container: (null) Non-launch persona: 0)
2026-08-17 11:25:39.054 Db YourSofia[98845:31ee20] [com.apple.FrontBoard:SceneExtension] registering method "setActiveAppearance:" from extension _UISceneRenderingEnvironmentSettings on class "FBSSceneSettings"
2026-08-17 11:25:39.054 Db YourSofia[98845:31edf9] [com.apple.defaults:User Defaults] found no value for key NSUsesOptimalLineBreakingForNonJustifiedAlignments in CFPrefsSearchListSource<0x600002c08180> (Domain: bg.sofia.yoursofia, Container: (null) Non-launch persona: 0)
2026-08-17 11:25:39.054 Df YourSofia[98845:31ee20] [com.apple.FrontBoard:SceneExtension] Realizing settings extension <_UISceneRenderingEnvironmentClientSettings> on FBSSceneClientSettings
2026-08-17 11:25:39.054 Db YourSofia[98845:31edf9] [com.apple.defaults:User Defaults] found no value for key NSForceRightToLeftWritingDirection in CFPrefsSearchListSource<0x600002c08180> (Domain: bg.sofia.yoursofia, Container: (null) Non-launch persona: 0)
2026-08-17 11:25:39.054 Db YourSofia[98845:31ee20] [com.apple.FrontBoard:SceneExtension] registering method "prefersContentProtection" from extension <_UISceneRenderingEnvironmentClientSettings> on class "FBSSceneClientSettings"
2026-08-17 11:25:39.054 Db YourSofia[98845:31ee20] [com.apple.FrontBoard:SceneExtension] registering method "setPrefersContentProtection:" from extension <_UISceneRenderingEnvironmentClientSettings> on class "FBSSceneClientSettings"
2026-08-17 11:25:39.054 Df YourSofia[98845:31ee20] [com.apple.FrontBoard:SceneExtension] Realizing settings extension <_UISceneTransitioningHostSettings> on FBSSceneSettings
2026-08-17 11:25:39.055 Db YourSofia[98845:31edf9] [com.apple.defaults:User Defaults] found no value for key UIPreferredContentSizeCategoryName in CFPrefsSearchListSource<0x600002c08180> (Domain: bg.sofia.yoursofia, Container: (null) Non-launch persona: 0)
2026-08-17 11:25:39.055 Db YourSofia[98845:31ee20] [com.apple.FrontBoard:SceneExtension] registering method "allowedAsMorphTransitionSource" from extension <_UISceneTransitioningHostSettings> on class "FBSSceneSettings"
2026-08-17 11:25:39.055 Db YourSofia[98845:31edf9] [com.apple.Accessibility:AXSupportCommon] CF Read Category Name: domain = bg.sofia.yoursofia, appID = bg.sofia.yoursofia value = (null)
2026-08-17 11:25:39.055 Db YourSofia[98845:31ee20] [com.apple.FrontBoard:SceneExtension] registering method "setAllowedAsMorphTransitionSource:" from extension <_UISceneTransitioningHostSettings> on class "FBSSceneSettings"
2026-08-17 11:25:39.055 Df YourSofia[98845:31edf9] [com.apple.Accessibility:AXSupportCommon] Read CategoryName: per-app = 1, category name = (null)
2026-08-17 11:25:39.055 Df YourSofia[98845:31ee20] [com.apple.FrontBoard:SceneExtension] Realizing settings extension <_UISceneFocusSystemSettings> on FBSSceneSettings
2026-08-17 11:25:39.055 Db YourSofia[98845:31ee20] [com.apple.FrontBoard:SceneExtension] registering method "isHostAssertingActiveFocusSystem" from extension <_UISceneFocusSystemSettings> on class "FBSSceneSettings"
2026-08-17 11:25:39.055 Db YourSofia[98845:31edf9] [com.apple.defaults:User Defaults] found no value for key UIPreferredContentSizeCategoryName in CFPrefsSearchListSource<0x600002c21e80> (Domain: com.apple.UIKit, Container: /Users/valentinasenov/Library/Developer/CoreSimulator/Devices/98FA5BD8-5D12-4B35-9A26-3AEBCADAFC8A/data Non-launch persona: 0)
2026-08-17 11:25:39.055 Db YourSofia[98845:31ee20] [com.apple.FrontBoard:SceneExtension] registering method "setHostAssertingActiveFocusSystem:" from extension <_UISceneFocusSystemSettings> on class "FBSSceneSettings"
2026-08-17 11:25:39.055 Db YourSofia[98845:31edf9] [com.apple.Accessibility:AXSupportCommon] CF Read Category Name: domain = /Users/valentinasenov/Library/Developer/CoreSimulator/Devices/98FA5BD8-5D12-4B35-9A26-3AEBCADAFC8A/data/Library/Preferences/com.apple.UIKit, appID = (null) value = (null)
2026-08-17 11:25:39.055 Df YourSofia[98845:31ee20] [com.apple.FrontBoard:SceneExtension] Realizing settings extension _UISceneOrientationSettingsExtension on FBSSceneSettings
2026-08-17 11:25:39.055 Df YourSofia[98845:31edf9] [com.apple.Accessibility:AXSupportCommon] Read CategoryName: per-app = 0, category name = (null)
2026-08-17 11:25:39.055 Db YourSofia[98845:31ee20] [com.apple.FrontBoard:SceneExtension] registering method "interfaceOrientationLockState" from extension _UISceneOrientationSettingsExtension on class "FBSSceneSettings"
2026-08-17 11:25:39.055 Db YourSofia[98845:31edf9] [com.apple.defaults:User Defaults] found no value for key UICarPlayPreferredContentSizeCategoryName in CFPrefsSearchListSource<0x600002c21180> (Domain: com.apple.UIKit, Container: (null) Non-launch persona: 0)
2026-08-17 11:25:39.055 Db YourSofia[98845:31ee20] [com.apple.FrontBoard:SceneExtension] registering method "setInterfaceOrientationLockState:" from extension _UISceneOrientationSettingsExtension on class "FBSSceneSettings"
2026-08-17 11:25:39.055 Df YourSofia[98845:31ee20] [com.apple.FrontBoard:SceneExtension] Realizing settings extension _UISceneOrientationClientSettingsExtension on FBSSceneClientSettings
2026-08-17 11:25:39.055 Db YourSofia[98845:31ee20] [com.apple.FrontBoard:SceneExtension] registering method "interfaceOrientationLockPreference" from extension _UISceneOrientationClientSettingsExtension on class "FBSSceneClientSettings"
2026-08-17 11:25:39.055 Db YourSofia[98845:31ee20] [com.apple.FrontBoard:SceneExtension] registering method "setInterfaceOrientationLockPreference:" from extension _UISceneOrientationClientSettingsExtension on class "FBSSceneClientSettings"
2026-08-17 11:25:39.055 Df YourSofia[98845:31ee20] [com.apple.FrontBoard:SceneExtension] Realizing settings extension _UISceneWindowingControlClientSettings on FBSSceneClientSettings
2026-08-17 11:25:39.055 Db YourSofia[98845:31ee20] [com.apple.FrontBoard:SceneExtension] registering method "preferredWindowingControlStyleType" from extension _UISceneWindowingControlClientSettings on class "FBSSceneClientSettings"
2026-08-17 11:25:39.055 Db YourSofia[98845:31ee20] [com.apple.FrontBoard:SceneExtension] registering method "setPreferredWindowingControlStyleType:" from extension _UISceneWindowingControlClientSettings on class "FBSSceneClientSettings"
2026-08-17 11:25:39.055 Df YourSofia[98845:31ee20] [com.apple.FrontBoard:SceneExtension] Realizing settings extension <_UISceneHostingContentSizePreferenceClientSettings> on FBSSceneClientSettings
2026-08-17 11:25:39.055 Db YourSofia[98845:31ee20] [com.apple.FrontBoard:SceneExtension] registering method "preferredContentSize" from extension <_UISceneHostingContentSizePreferenceClientSettings> on class "FBSSceneClientSettings"
2026-08-17 11:25:39.055 Db YourSofia[98845:31edf9] [com.apple.defaults:User Defaults] CFPrefsManagedSource<0x600002c09780> (Domain: com.apple.Accessibility, User: kCFPreferencesCurrentUser, ByHost: Yes, Container: (null), Contents Need Refresh: No) loaded: an empty base plist and no additional changes from the base plist
2026-08-17 11:25:39.055 Db YourSofia[98845:31ee20] [com.apple.FrontBoard:SceneExtension] registering method "setPreferredContentSize:" from extension <_UISceneHostingContentSizePreferenceClientSettings> on class "FBSSceneClientSettings"
2026-08-17 11:25:39.055 Db YourSofia[98845:31edf9] [com.apple.defaults:User Defaults] CFPrefsManagedSource<0x600002c09800> (Domain: com.apple.Accessibility, User: kCFPreferencesAnyUser, ByHost: Yes, Container: (null), Contents Need Refresh: No) loaded: an empty base plist and no additional changes from the base plist
2026-08-17 11:25:39.055 Df YourSofia[98845:31ee20] [com.apple.FrontBoard:SceneExtension] Realizing settings extension _UISceneHostingTraitCollectionPropagationSettings on FBSSceneSettings
2026-08-17 11:25:39.055 Db YourSofia[98845:31edf9] [com.apple.defaults:User Defaults] found no value for key EnhancedTextLegibilityEnabled in CFPrefsSearchListSource<0x600002c09680> (Domain: com.apple.Accessibility, Container: (null) Non-launch persona: 0)
2026-08-17 11:25:39.056 Db YourSofia[98845:31ee20] [com.apple.FrontBoard:SceneExtension] registering method "traitCollection" from extension _UISceneHostingTraitCollectionPropagationSettings on class "FBSSceneSettings"
2026-08-17 11:25:39.056 Db YourSofia[98845:31edf9] [com.apple.Accessibility:AXSupportCommon] CF Read: domain = com.apple.Accessibility, preference = EnhancedTextLegibilityEnabled, appID = (null) result = (null) (-1 - empty, 0 - false, 1 - true)
2026-08-17 11:25:39.056 Db YourSofia[98845:31ee20] [com.apple.FrontBoard:SceneExtension] registering method "setTraitCollection:" from extension _UISceneHostingTraitCollectionPropagationSettings on class "FBSSceneSettings"
2026-08-17 11:25:39.056 Db YourSofia[98845:31ee20] [com.apple.FrontBoard:SceneExtension] registering method "tintColor" from extension _UISceneHostingTraitCollectionPropagationSettings on class "FBSSceneSettings"
2026-08-17 11:25:39.056 Db YourSofia[98845:31edf9] [com.apple.defaults:User Defaults] found no value for key EnhancedTextLegibilityEnabled in CFPrefsPlistSource<0x600002c09980> (Domain: com.apple.Accessibility, User: kCFPreferencesCurrentUser, ByHost: No, Container: /Users/valentinasenov/Library/Developer/CoreSimulator/Devices/98FA5BD8-5D12-4B35-9A26-3AEBCADAFC8A/data, Contents Need Refresh: No)
2026-08-17 11:25:39.056 Db YourSofia[98845:31ee20] [com.apple.FrontBoard:SceneExtension] registering method "setTintColor:" from extension _UISceneHostingTraitCollectionPropagationSettings on class "FBSSceneSettings"
2026-08-17 11:25:39.056 Db YourSofia[98845:31edf9] [com.apple.defaults:User Defaults] found no value for key DarkenSystemColors in CFPrefsSearchListSource<0x600002c09680> (Domain: com.apple.Accessibility, Container: (null) Non-launch persona: 0)
2026-08-17 11:25:39.056 Db YourSofia[98845:31edf9] [com.apple.Accessibility:AXSupportCommon] CF Read: domain = com.apple.Accessibility, preference = DarkenSystemColors, appID = (null) result = (null) (-1 - empty, 0 - false, 1 - true)
2026-08-17 11:25:39.056 Df YourSofia[98845:31ee20] [com.apple.FrontBoard:SceneExtension] Realizing settings extension <_UISceneHostingSheetPresentationSettings> on FBSSceneSettings
2026-08-17 11:25:39.056 Db YourSofia[98845:31edf9] [com.apple.defaults:User Defaults] found no value for key DarkenSystemColors in CFPrefsPlistSource<0x600002c09980> (Domain: com.apple.Accessibility, User: kCFPreferencesCurrentUser, ByHost: No, Container: /Users/valentinasenov/Library/Developer/CoreSimulator/Devices/98FA5BD8-5D12-4B35-9A26-3AEBCADAFC8A/data, Contents Need Refresh: No)
2026-08-17 11:25:39.056 Db YourSofia[98845:31ee20] [com.apple.FrontBoard:SceneExtension] registering method "sheetConfiguration" from extension <_UISceneHostingSheetPresentationSettings> on class "FBSSceneSettings"
2026-08-17 11:25:39.056 Db YourSofia[98845:31ee20] [com.apple.FrontBoard:SceneExtension] registering method "setSheetConfiguration:" from extension <_UISceneHostingSheetPresentationSettings> on class "FBSSceneSettings"
2026-08-17 11:25:39.056 Df YourSofia[98845:31ee20] [com.apple.FrontBoard:SceneExtension] Realizing settings extension <_UISceneHostingSheetPresentationClientSettings> on FBSSceneClientSettings
2026-08-17 11:25:39.056 Db YourSofia[98845:31ee20] [com.apple.FrontBoard:SceneExtension] registering method "sheetClientConfiguration" from extension <_UISceneHostingSheetPresentationClientSettings> on class "FBSSceneClientSettings"
2026-08-17 11:25:39.056 Db YourSofia[98845:31ee20] [com.apple.FrontBoard:SceneExtension] registering method "setSheetClientConfiguration:" from extension <_UISceneHostingSheetPresentationClientSettings> on class "FBSSceneClientSettings"
2026-08-17 11:25:39.056 Df YourSofia[98845:31ee20] [com.apple.FrontBoard:SceneExtension] Realizing settings extension <_UISceneHostingEventDeferringSettings> on FBSSceneSettings
2026-08-17 11:25:39.056 Db YourSofia[98845:31ee20] [com.apple.BaseBoard:Common] [rdar://100354962] Fixing incorrect property returned by protocol_copyPropertyList2() for "maintainHostFirstResponderWhenClientWantsKeyboard": required --> optional
2026-08-17 11:25:39.056 Db YourSofia[98845:31ee20] [com.apple.FrontBoard:SceneExtension] registering method "requestEventDeferralForAllFirstResponderChanges" from extension <_UISceneHostingEventDeferringSettings> on class "FBSSceneSettings"
2026-08-17 11:25:39.056 Db YourSofia[98845:31ee20] [com.apple.FrontBoard:SceneExtension] registering method "setRequestEventDeferralForAllFirstResponderChanges:" from extension <_UISceneHostingEventDeferringSettings> on class "FBSSceneSettings"
2026-08-17 11:25:39.056 Db YourSofia[98845:31ee20] [com.apple.FrontBoard:SceneExtension] registering method "maintainHostFirstResponderWhenClientWantsKeyboard" from extension <_UISceneHostingEventDeferringSettings> on class "FBSSceneSettings"
2026-08-17 11:25:39.056 Db YourSofia[98845:31ee20] [com.apple.FrontBoard:SceneExtension] registering method "setMaintainHostFirstResponderWhenClientWantsKeyboard:" from extension <_UISceneHostingEventDeferringSettings> on class "FBSSceneSettings"
2026-08-17 11:25:39.056 Df YourSofia[98845:31ee20] [com.apple.FrontBoard:SceneExtension] Realizing settings extension <UIKit__UITypedKeyValueSceneSettings> on FBSSceneSettings
2026-08-17 11:25:39.056 Db YourSofia[98845:31ee20] [com.apple.FrontBoard:SceneExtension] registering method "_uiTypedKeyStorage" from extension <UIKit__UITypedKeyValueSceneSettings> on class "FBSSceneSettings"
2026-08-17 11:25:39.057 Db YourSofia[98845:31ee20] [com.apple.FrontBoard:SceneExtension] registering method "set_uiTypedKeyStorage:" from extension <UIKit__UITypedKeyValueSceneSettings> on class "FBSSceneSettings"
2026-08-17 11:25:39.057 Df YourSofia[98845:31ee20] [com.apple.FrontBoard:SceneExtension] Realizing settings extension <UIKit__UITypedKeyValueSceneSettings> on FBSSceneClientSettings
2026-08-17 11:25:39.057 Db YourSofia[98845:31ee20] [com.apple.FrontBoard:SceneExtension] registering method "_uiTypedKeyStorage" from extension <UIKit__UITypedKeyValueSceneSettings> on class "FBSSceneClientSettings"
2026-08-17 11:25:39.057 Db YourSofia[98845:31ee20] [com.apple.FrontBoard:SceneExtension] registering method "set_uiTypedKeyStorage:" from extension <UIKit__UITypedKeyValueSceneSettings> on class "FBSSceneClientSettings"
2026-08-17 11:25:39.057 Df YourSofia[98845:31ee20] [com.apple.FrontBoard:SceneExtension] Realizing settings extension <_UISceneHostingViewControllerPreferencePropagationClientSettings> on FBSSceneClientSettings
2026-08-17 11:25:39.057 Db YourSofia[98845:31ee20] [com.apple.FrontBoard:SceneExtension] registering method "preferredStatusBarVisibility" from extension <_UISceneHostingViewControllerPreferencePropagationClientSettings> on class "FBSSceneClientSettings"
2026-08-17 11:25:39.057 Db YourSofia[98845:31edf9] [com.apple.defaults:User Defaults] found no value for key UITraitCollectionChangeLoggingEnabled in CFPrefsSearchListSource<0x600002c08180> (Domain: bg.sofia.yoursofia, Container: (null) Non-launch persona: 0)
2026-08-17 11:25:39.057 Db YourSofia[98845:31ee20] [com.apple.FrontBoard:SceneExtension] registering method "setPreferredStatusBarVisibility:" from extension <_UISceneHostingViewControllerPreferencePropagationClientSettings> on class "FBSSceneClientSettings"
2026-08-17 11:25:39.057 Df YourSofia[98845:31ee20] [com.apple.FrontBoard:SceneExtension] Realizing settings extension <_UISceneZoomTransitionSettings> on FBSSceneSettings
2026-08-17 11:25:39.057 Db YourSofia[98845:31ee20] [com.apple.FrontBoard:SceneExtension] registering method "wantsDismissInteraction" from extension <_UISceneZoomTransitionSettings> on class "FBSSceneSettings"
2026-08-17 11:25:39.057 Db YourSofia[98845:31ee20] [com.apple.FrontBoard:SceneExtension] registering method "setWantsDismissInteraction:" from extension <_UISceneZoomTransitionSettings> on class "FBSSceneSettings"
2026-08-17 11:25:39.057 Db YourSofia[98845:31edf9] [com.apple.defaults:User Defaults] found no value for key UIStateRestorationDebugLogging in CFPrefsSearchListSource<0x600002c08180> (Domain: bg.sofia.yoursofia, Container: (null) Non-launch persona: 0)
2026-08-17 11:25:39.058 Db YourSofia[98845:31ee20] [com.apple.CFBundle:loading] dyld image path for pointer 0x19ca68238 is /Library/Developer/CoreSimulator/Volumes/iOS_23D8133/Library/Developer/CoreSimulator/Profiles/Runtimes/iOS 26.3.simruntime/Contents/Resources/RuntimeRoot/System/Library/PrivateFrameworks/CoreMaterial.framework/CoreMaterial
2026-08-17 11:25:39.058 Df YourSofia[98845:31ee5c] [com.apple.FrontBoard:SceneExtension] Realizing settings extension FBSSceneSettingsCore on FBSSceneSettings
2026-08-17 11:25:39.058 I  YourSofia[98845:31edf9] [com.wix.DetoxSync:DTXSyncReactNativeSupport] Found modern class RCTJSThreadManager, method runRunLoop
2026-08-17 11:25:39.058 Db YourSofia[98845:31ee5c] [com.apple.BaseBoard:Common] [rdar://100354962] Fixing incorrect property returned by protocol_copyPropertyList2() for "activityMode": required --> optional
2026-08-17 11:25:39.058 Db YourSofia[98845:31ee5c] [com.apple.BaseBoard:Common] [rdar://100354962] Fixing incorrect property returned by protocol_copyPropertyList2() for "prefersProcessTaskSuspensionWhileSceneForeground": required --> optional
2026-08-17 11:25:39.058 Db YourSofia[98845:31ee5c] [com.apple.BaseBoard:Common] [rdar://100354962] Fixing incorrect property returned by protocol_copyPropertyList2() for "propagatedSettings": required --> optional
2026-08-17 11:25:39.058 Db YourSofia[98845:31ee5c] [com.apple.BaseBoard:Common] [rdar://100354962] Fixing incorrect property returned by protocol_copyPropertyList2() for "clientProcess": required --> optional
2026-08-17 11:25:39.058 Db YourSofia[98845:31edf9] [com.apple.defaults:User Defaults] looked up value 1 for key AccessibilityEnabled in CFPrefsPlistSource<0x600002c09700> (Domain: com.apple.Accessibility, User: kCFPreferencesCurrentUser, ByHost: No, Container: (null), Contents Need Refresh: No) via CFPrefsSearchListSource<0x600002c09680> (Domain: com.apple.Accessibility, Container: (null) Non-launch persona: 0)
2026-08-17 11:25:39.058 Db YourSofia[98845:31edf9] [com.apple.Accessibility:AXSupportCommon] CF Read: domain = com.apple.Accessibility, preference = AccessibilityEnabled, appID = (null) result = 1 (-1 - empty, 0 - false, 1 - true)
2026-08-17 11:25:39.058 Db YourSofia[98845:31ee5c] [com.apple.FrontBoard:SceneExtension] registering method "interruptionPolicy" from extension FBSSceneSettingsCore on class "FBSSceneSettings"
2026-08-17 11:25:39.059 Db YourSofia[98845:31ee20] [com.apple.CFBundle:loading] dlfcn check load bundle CFBundle 0x600003b10540 </Library/Developer/CoreSimulator/Volumes/iOS_23D8133/Library/Developer/CoreSimulator/Profiles/Runtimes/iOS 26.3.simruntime/Contents/Resources/RuntimeRoot/System/Library/PrivateFrameworks/CoreMaterial.framework> (not loaded), dlopen of /Library/Developer/CoreSimulator/Volumes/iOS_23D8133/Library/Developer/CoreSimulator/Profiles/Runtimes/iOS 26.3.simruntime/Contents/Resources/RuntimeRoot/System/Library/PrivateFrameworks/CoreMaterial.framework/CoreMaterial mode 0x115 getting handle 0x7c5cd21
2026-08-17 11:25:39.059 Db YourSofia[98845:31ee5c] [com.apple.FrontBoard:SceneExtension] registering method "setInterruptionPolicy:" from extension FBSSceneSettingsCore on class "FBSSceneSettings"
2026-08-17 11:25:39.058 Db YourSofia[98845:31edf9] [com.apple.defaults:User Defaults] looked up value 0 for key InvertColorsEnabled in CFPrefsPlistSource<0x600002c09700> (Domain: com.apple.Accessibility, User: kCFPreferencesCurrentUser, ByHost: No, Container: (null), Contents Need Refresh: No) via CFPrefsSearchListSource<0x600002c09680> (Domain: com.apple.Accessibility, Container: (null) Non-launch persona: 0)
2026-08-17 11:25:39.059 Db YourSofia[98845:31ee5c] [com.apple.FrontBoard:SceneExtension] registering method "prefersProcessTaskSuspensionWhileSceneForeground" from extension FBSSceneSettingsCore on class "FBSSceneSettings"
2026-08-17 11:25:39.059 Db YourSofia[98845:31ee5c] [com.apple.FrontBoard:SceneExtension] registering method "setPrefersProcessTaskSuspensionWhileSceneForeground:" from extension FBSSceneSettingsCore on class "FBSSceneSettings"
2026-08-17 11:25:39.059 Db YourSofia[98845:31ee20] [com.apple.CFBundle:resources] Language lookup at CFBundle 0x600003b10540 </Library/Developer/CoreSimulator/Volumes/iOS_23D8133/Library/Developer/CoreSimulator/Profiles/Runtimes/iOS 26.3.simruntime/Contents/Resources/RuntimeRoot/System/Library/PrivateFrameworks/CoreMaterial.framework> (framework, loaded)
	Localizations : [English]
	Dev language  : English
	User prefs    : [en-US, bg-US]
	Main bundle   : [en]
	Allow mixed   : 0 
	Result        : [English]
2026-08-17 11:25:39.059 Db YourSofia[98845:31ee5c] [com.apple.FrontBoard:SceneExtension] registering method "frame" from extension FBSSceneSettingsCore on class "FBSSceneSettings"
2026-08-17 11:25:39.059 Db YourSofia[98845:31edf9] [com.apple.Accessibility:AXSupportCommon] CF Read: domain = com.apple.Accessibility, preference = InvertColorsEnabled, appID = (null) result = 0 (-1 - empty, 0 - false, 1 - true)
2026-08-17 11:25:39.059 Db YourSofia[98845:31ee5c] [com.apple.FrontBoard:SceneExtension] registering method "setFrame:" from extension FBSSceneSettingsCore on class "FBSSceneSettings"
2026-08-17 11:25:39.059 Db YourSofia[98845:31edf9] [com.apple.Accessibility:AXSupportCommon] Read Global: preference = InvertColorsEnabled, result = 0
2026-08-17 11:25:39.059 Db YourSofia[98845:31ee5c] [com.apple.FrontBoard:SceneExtension] registering method "propagatedSettings" from extension FBSSceneSettingsCore on class "FBSSceneSettings"
2026-08-17 11:25:39.059 Db YourSofia[98845:31edf9] [com.apple.Accessibility:AXSupportCommon] Updated cache: preference = InvertColorsEnabled, result = 0
2026-08-17 11:25:39.059 Db YourSofia[98845:31ee5c] [com.apple.FrontBoard:SceneExtension] registering method "setPropagatedSettings:" from extension FBSSceneSettingsCore on class "FBSSceneSettings"
2026-08-17 11:25:39.059 Db YourSofia[98845:31ee5c] [com.apple.FrontBoard:SceneExtension] registering method "clientProcess" from extension FBSSceneSettingsCore on class "FBSSceneSettings"
2026-08-17 11:25:39.059 Db YourSofia[98845:31ee5c] [com.apple.FrontBoard:SceneExtension] registering method "setClientProcess:" from extension FBSSceneSettingsCore on class "FBSSceneSettings"
2026-08-17 11:25:39.059 Db YourSofia[98845:31ee5c] [com.apple.FrontBoard:SceneExtension] registering method "isForeground" from extension FBSSceneSettingsCore on class "FBSSceneSettings"
2026-08-17 11:25:39.059 Db YourSofia[98845:31ee5c] [com.apple.FrontBoard:SceneExtension] registering method "setForeground:" from extension FBSSceneSettingsCore on class "FBSSceneSettings"
2026-08-17 11:25:39.059 Db YourSofia[98845:31ee5c] [com.apple.FrontBoard:SceneExtension] registering method "displayConfiguration" from extension FBSSceneSettingsCore on class "FBSSceneSettings"
2026-08-17 11:25:39.059 Db YourSofia[98845:31ee5c] [com.apple.FrontBoard:SceneExtension] registering method "setDisplayConfiguration:" from extension FBSSceneSettingsCore on class "FBSSceneSettings"
2026-08-17 11:25:39.059 Db YourSofia[98845:31ee5c] [com.apple.FrontBoard:SceneExtension] registering method "level" from extension FBSSceneSettingsCore on class "FBSSceneSettings"
2026-08-17 11:25:39.059 Db YourSofia[98845:31ee5c] [com.apple.FrontBoard:SceneExtension] registering method "setLevel:" from extension FBSSceneSettingsCore on class "FBSSceneSettings"
2026-08-17 11:25:39.059 Db YourSofia[98845:31ee5c] [com.apple.FrontBoard:SceneExtension] registering method "isClientFuture" from extension FBSSceneSettingsCore on class "FBSSceneSettings"
2026-08-17 11:25:39.059 Db YourSofia[98845:31ee20] [com.apple.CFBundle:resources] Resource lookup at CFBundle 0x600003b10540 </Library/Developer/CoreSimulator/Volumes/iOS_23D8133/Library/Developer/CoreSimulator/Profiles/Runtimes/iOS 26.3.simruntime/Contents/Resources/RuntimeRoot/System/Library/PrivateFrameworks/CoreMaterial.framework> (framework, loaded)
	Request       :  type: materialrecipe
	Result        : platformContentThickLight~appletv.materialrecipe -- file:///Library/Developer/CoreSimulator/Volumes/iOS_23D8133/Library/Developer/CoreSimulator/Profiles/Runtimes/iOS%2026.3.simruntime/Contents/Resources/RuntimeRoot/System/Library/PrivateFrameworks/CoreMaterial.framework/, knowledgePlattersSheerDark.materialrecipe -- file:///Library/Developer/CoreSimulator/Volumes/iOS_23D8133/Library/Developer/CoreSimulator/Profiles/Runtimes/iOS%2026.3.simruntime/Contents/Resources/RuntimeRoot/System/Library/PrivateFrameworks/CoreMaterial.framework/, platformContentUltraThinLight.materialrecipe -- file:///Library/Developer/CoreSimulator/Volumes/iOS_23D8133/Library/Developer/CoreSimulator/Profiles/Runtimes/iOS%2026.3.simruntime/Conten<…>
2026-08-17 11:25:39.059 Db YourSofia[98845:31ee5c] [com.apple.FrontBoard:SceneExtension] registering method "setClientFuture:" from extension FBSSceneSettingsCore on class "FBSSceneSettings"
2026-08-17 11:25:39.059 Db YourSofia[98845:31ee5c] [com.apple.FrontBoard:SceneExtension] registering method "jetsamPriority" from extension FBSSceneSettingsCore on class "FBSSceneSettings"
2026-08-17 11:25:39.059 Db YourSofia[98845:31ee20] [com.apple.CFBundle:resources] Resource lookup at CFBundle 0x600003b10540 </Library/Developer/CoreSimulator/Volumes/iOS_23D8133/Library/Developer/CoreSimulator/Profiles/Runtimes/iOS 26.3.simruntime/Contents/Resources/RuntimeRoot/System/Library/PrivateFrameworks/CoreMaterial.framework> (framework, loaded)
	Request       :  type: descendantrecipe
	Result        : platformContentThickLightShadowed.descendantrecipe -- file:///Library/Developer/CoreSimulator/Volumes/iOS_23D8133/Library/Developer/CoreSimulator/Profiles/Runtimes/iOS%2026.3.simruntime/Contents/Resources/RuntimeRoot/System/Library/PrivateFrameworks/CoreMaterial.framework/, modulesSheer.descendantrecipe -- file:///Library/Developer/CoreSimulator/Volumes/iOS_23D8133/Library/Developer/CoreSimulator/Profiles/Runtimes/iOS%2026.3.simruntime/Contents/Resources/RuntimeRoot/System/Library/PrivateFrameworks/CoreMaterial.framework/, modulesBackgroundSheer.descendantrecipe -- file:///Library/Developer/CoreSimulator/Volumes/iOS_23D8133/Library/Developer/CoreSimulator/Profiles/Runtimes/iOS%2026.3.simruntime/Contents/Resources/<…>
2026-08-17 11:25:39.059 Db YourSofia[98845:31ee5c] [com.apple.FrontBoard:SceneExtension] registering method "setJetsamPriority:" from extension FBSSceneSettingsCore on class "FBSSceneSettings"
2026-08-17 11:25:39.059 Db YourSofia[98845:31ee5c] [com.apple.FrontBoard:SceneExtension] registering method "interfaceOrientation" from extension FBSSceneSettingsCore on class "FBSSceneSettings"
2026-08-17 11:25:39.059 Db YourSofia[98845:31ee5c] [com.apple.FrontBoard:SceneExtension] registering method "setInterfaceOrientation:" from extension FBSSceneSettingsCore on class "FBSSceneSettings"
2026-08-17 11:25:39.059 Db YourSofia[98845:31ee5c] [com.apple.FrontBoard:SceneExtension] registering method "activityMode" from extension FBSSceneSettingsCore on class "FBSSceneSettings"
2026-08-17 11:25:39.059 Db YourSofia[98845:31ee5c] [com.apple.FrontBoard:SceneExtension] registering method "setActivityMode:" from extension FBSSceneSettingsCore on class "FBSSceneSettings"
2026-08-17 11:25:39.059 Db YourSofia[98845:31ee5c] [com.apple.FrontBoard:SceneExtension] registering method "isOccluded" from extension FBSSceneSettingsCore on class "FBSSceneSettings"
2026-08-17 11:25:39.059 Db YourSofia[98845:31ee5c] [com.apple.FrontBoard:SceneExtension] registering method "setOccluded:" from extension FBSSceneSettingsCore on class "FBSSceneSettings"
2026-08-17 11:25:39.059 Db YourSofia[98845:31ee20] [com.apple.CFBundle:resources] Resource lookup at CFBundle 0x600003b10540 </Library/Developer/CoreSimulator/Volumes/iOS_23D8133/Library/Developer/CoreSimulator/Profiles/Runtimes/iOS 26.3.simruntime/Contents/Resources/RuntimeRoot/System/Library/PrivateFrameworks/CoreMaterial.framework> (framework, loaded)
	Request       : platters type: descendantrecipe
	Result        : None
2026-08-17 11:25:39.059 Db YourSofia[98845:31ee20] [com.apple.CFBundle:resources] Resource lookup at CFBundle 0x600003b10540 </Library/Developer/CoreSimulator/Volumes/iOS_23D8133/Library/Developer/CoreSimulator/Profiles/Runtimes/iOS 26.3.simruntime/Contents/Resources/RuntimeRoot/System/Library/PrivateFrameworks/CoreMaterial.framework> (framework, loaded)
	Request       : platters type: materialrecipe
	Result        : file:///Library/Developer/CoreSimulator/Volumes/iOS_23D8133/Library/Developer/CoreSimulator/Profiles/Runtimes/iOS%2026.3.simruntime/Contents/Resources/RuntimeRoot/System/Library/PrivateFrameworks/CoreMaterial.framework/platters.materialrecipe
2026-08-17 11:25:39.059 Df YourSofia[98845:31ee5c] [com.apple.FrontBoard:SceneExtension] Realizing settings extension FBSSceneClientSettingsCore on FBSSceneClientSettings
2026-08-17 11:25:39.060 Db YourSofia[98845:31ee20] [com.apple.CFBundle:resources] Resource lookup at CFBundle 0x600003b10540 </Library/Developer/CoreSimulator/Volumes/iOS_23D8133/Library/Developer/CoreSimulator/Profiles/Runtimes/iOS 26.3.simruntime/Contents/Resources/RuntimeRoot/System/Library/PrivateFrameworks/CoreMaterial.framework> (framework, loaded)
	Request       : platterFillLight type: descendantstyleset
	Result        : None
2026-08-17 11:25:39.060 Db YourSofia[98845:31ee20] [com.apple.CFBundle:resources] Resource lookup at CFBundle 0x600003b10540 </Library/Developer/CoreSimulator/Volumes/iOS_23D8133/Library/Developer/CoreSimulator/Profiles/Runtimes/iOS 26.3.simruntime/Contents/Resources/RuntimeRoot/System/Library/PrivateFrameworks/CoreMaterial.framework> (framework, loaded)
	Request       : platterFillLight type: visualstyleset
	Result        : file:///Library/Developer/CoreSimulator/Volumes/iOS_23D8133/Library/Developer/CoreSimulator/Profiles/Runtimes/iOS%2026.3.simruntime/Contents/Resources/RuntimeRoot/System/Library/PrivateFrameworks/CoreMaterial.framework/platterFillLight.visualstyleset
2026-08-17 11:25:39.060 Db YourSofia[98845:31ee5c] [com.apple.FrontBoard:SceneExtension] registering method "layers" from extension FBSSceneClientSettingsCore on class "FBSSceneClientSettings"
2026-08-17 11:25:39.060 Db YourSofia[98845:31ee5c] [com.apple.FrontBoard:SceneExtension] registering method "setLayers:" from extension FBSSceneClientSettingsCore on class "FBSSceneClientSettings"
2026-08-17 11:25:39.060 Db YourSofia[98845:31edf9] [com.apple.CFBundle:loading] dlfcn check load bundle CFBundle 0x600003b14000 </Library/Developer/CoreSimulator/Volumes/iOS_23D8133/Library/Developer/CoreSimulator/Profiles/Runtimes/iOS 26.3.simruntime/Contents/Resources/RuntimeRoot/System/Library/AccessibilityBundles/AccessibilitySettingsLoader.bundle> (not loaded), dlopen of /Library/Developer/CoreSimulator/Volumes/iOS_23D8133/Library/Developer/CoreSimulator/Profiles/Runtimes/iOS 26.3.simruntime/Contents/Resources/RuntimeRoot/System/Library/AccessibilityBundles/AccessibilitySettingsLoader.bundle/AccessibilitySettingsLoader mode 0x115 no handle
2026-08-17 11:25:39.060 Db YourSofia[98845:31ee5c] [com.apple.FrontBoard:SceneExtension] registering method "preferredLevel" from extension FBSSceneClientSettingsCore on class "FBSSceneClientSettings"
2026-08-17 11:25:39.060 Db YourSofia[98845:31ee5c] [com.apple.FrontBoard:SceneExtension] registering method "setPreferredLevel:" from extension FBSSceneClientSettingsCore on class "FBSSceneClientSettings"
2026-08-17 11:25:39.060 Db YourSofia[98845:31ee5c] [com.apple.FrontBoard:SceneExtension] registering method "preferredSceneHostIdentity" from extension FBSSceneClientSettingsCore on class "FBSSceneClientSettings"
2026-08-17 11:25:39.060 Db YourSofia[98845:31ee5c] [com.apple.FrontBoard:SceneExtension] registering method "setPreferredSceneHostIdentity:" from extension FBSSceneClientSettingsCore on class "FBSSceneClientSettings"
2026-08-17 11:25:39.060 Db YourSofia[98845:31ee5c] [com.apple.FrontBoard:SceneExtension] registering method "preferredSceneHostIdentifier" from extension FBSSceneClientSettingsCore on class "FBSSceneClientSettings"
2026-08-17 11:25:39.060 Db YourSofia[98845:31ee5c] [com.apple.FrontBoard:SceneExtension] registering method "setPreferredSceneHostIdentifier:" from extension FBSSceneClientSettingsCore on class "FBSSceneClientSettings"
2026-08-17 11:25:39.060 Db YourSofia[98845:31ee20] [com.apple.CFBundle:resources] Language lookup at CFBundle 0x600003b180e0 </Library/Developer/CoreSimulator/Volumes/iOS_23D8133/Library/Developer/CoreSimulator/Profiles/Runtimes/iOS 26.3.simruntime/Contents/Resources/RuntimeRoot/System/Library/PrivateFrameworks/CoreEmoji.framework> (not loaded)
	Localizations : [de, ur, he, en_AU, ar, el, ja, mr, sq, en, uk, es_419, gu, zh_CN, kn, pa, es, is, sl, or, pt_BR, da, et, it, bg, sk, kk, pt_PT, ms, ta, ml, sv, te, cs, km, en_IN, ko, yue_CN, fil, hy, mn, my, no, hu, zh_HK, ka, tr, pl, zh_TW, es_US, en_GB, vi, lv, lo, lt, ru, fr_CA, uz, fr, fi, id, nl, th, az, bn, ro, hr, hi, ca, hi_Latn]
	Dev language  : en
	User prefs    : [en-US, bg-US]
	Main bundle   : [en]
	Allow mixed   : 0 
	Result        : [en]
2026-08-17 11:25:39.069 Db YourSofia[98845:31ee5c] [com.apple.FrontBoard:SceneExtension] registering method "preferredInterfaceOrientation" from extension FBSSceneClientSettingsCore on class "FBSSceneClientSettings"
2026-08-17 11:25:39.069 Db YourSofia[98845:31ee5c] [com.apple.FrontBoard:SceneExtension] registering method "setPreferredInterfaceOrientation:" from extension FBSSceneClientSettingsCore on class "FBSSceneClientSettings"
2026-08-17 11:25:39.069 Db YourSofia[98845:31ee20] [com.apple.CFBundle:resources] Resource lookup at CFBundle 0x600003b180e0 </Library/Developer/CoreSimulator/Volumes/iOS_23D8133/Library/Developer/CoreSimulator/Profiles/Runtimes/iOS 26.3.simruntime/Contents/Resources/RuntimeRoot/System/Library/PrivateFrameworks/CoreEmoji.framework> (not loaded)
	Request       : emoji type: bitmap
	Result        : file:///Library/Developer/CoreSimulator/Volumes/iOS_23D8133/Library/Developer/CoreSimulator/Profiles/Runtimes/iOS%2026.3.simruntime/Contents/Resources/RuntimeRoot/System/Library/PrivateFrameworks/CoreEmoji.framework/emoji.bitmap
2026-08-17 11:25:39.070 Db YourSofia[98845:31edf9] [com.apple.CFBundle:loading] dlfcn load framework CFBundle 0x600003b14000 </Library/Developer/CoreSimulator/Volumes/iOS_23D8133/Library/Developer/CoreSimulator/Profiles/Runtimes/iOS 26.3.simruntime/Contents/Resources/RuntimeRoot/System/Library/AccessibilityBundles/AccessibilitySettingsLoader.bundle> (framework, not loaded), dlopen of /Library/Developer/CoreSimulator/Volumes/iOS_23D8133/Library/Developer/CoreSimulator/Profiles/Runtimes/iOS 26.3.simruntime/Contents/Resources/RuntimeRoot/System/Library/AccessibilityBundles/AccessibilitySettingsLoader.bundle/AccessibilitySettingsLoader mode 0x109 returns handle 0x7a484e1
2026-08-17 11:25:39.071 Db YourSofia[98845:31edf9] [com.apple.defaults:User Defaults] found no value for key VoiceOverTouchEnabled in CFPrefsSearchListSource<0x600002c09680> (Domain: com.apple.Accessibility, Container: (null) Non-launch persona: 0)
2026-08-17 11:25:39.071 Db YourSofia[98845:31edf9] [com.apple.Accessibility:AXSupportCommon] CF Read: domain = com.apple.Accessibility, preference = VoiceOverTouchEnabled, appID = (null) result = (null) (-1 - empty, 0 - false, 1 - true)
2026-08-17 11:25:39.071 Db YourSofia[98845:31edf9] [com.apple.defaults:User Defaults] found no value for key VoiceOverTouchEnabled in CFPrefsPlistSource<0x600002c09980> (Domain: com.apple.Accessibility, User: kCFPreferencesCurrentUser, ByHost: No, Container: /Users/valentinasenov/Library/Developer/CoreSimulator/Devices/98FA5BD8-5D12-4B35-9A26-3AEBCADAFC8A/data, Contents Need Refresh: No)
2026-08-17 11:25:39.071 Db YourSofia[98845:31edf9] [com.apple.defaults:User Defaults] looked up value 1 for key ApplicationAccessibilityEnabled in CFPrefsPlistSource<0x600002c09700> (Domain: com.apple.Accessibility, User: kCFPreferencesCurrentUser, ByHost: No, Container: (null), Contents Need Refresh: No) via CFPrefsSearchListSource<0x600002c09680> (Domain: com.apple.Accessibility, Container: (null) Non-launch persona: 0)
2026-08-17 11:25:39.071 Db YourSofia[98845:31edf9] [com.apple.Accessibility:AXSupportCommon] CF Read: domain = com.apple.Accessibility, preference = ApplicationAccessibilityEnabled, appID = (null) result = 1 (-1 - empty, 0 - false, 1 - true)
2026-08-17 11:25:39.073 Db YourSofia[98845:31edf9] [com.apple.CFBundle:loading] dlfcn check load bundle CFBundle 0x600003b200e0 </Library/Developer/CoreSimulator/Volumes/iOS_23D8133/Library/Developer/CoreSimulator/Profiles/Runtimes/iOS 26.3.simruntime/Contents/Resources/RuntimeRoot/System/Library/AccessibilityBundles/UIKit.axbundle> (not loaded), dlopen of /Library/Developer/CoreSimulator/Volumes/iOS_23D8133/Library/Developer/CoreSimulator/Profiles/Runtimes/iOS 26.3.simruntime/Contents/Resources/RuntimeRoot/System/Library/AccessibilityBundles/UIKit.axbundle/UIKit mode 0x115 no handle
2026-08-17 11:25:39.074 Db YourSofia[98845:31ee5c] [com.apple.BaseBoard:Common] BSCanonicalOrientationMapResolver will auto-code: <BSObjCIvar: 0x600000c03c00; "_currentOrientation" (<long long>)>, <BSObjCIvar: 0x600000c03cc0; "_fallbackOrientations" (<NSArray<NSNumber *> *>)>, <BSObjCIvar: 0x600000c03ae0; "_targetOrientation" (<long long>)>
2026-08-17 11:25:39.088 Db YourSofia[98845:31ee5c] [com.apple.BaseBoard:Common] BSCornerRadiusConfiguration will auto-code: <BSObjCIvar: 0x600000c03f30; "_topRight" (<double>)>, <BSObjCIvar: 0x600000c03f60; "_bottomRight" (<double>)>, <BSObjCIvar: 0x600000c032d0; "_topLeft" (<double>)>, <BSObjCIvar: 0x600000c03ed0; "_bottomLeft" (<double>)>
2026-08-17 11:25:39.088 Df YourSofia[98845:31ee5c] [com.apple.FrontBoard:SceneExtension] UIMutableApplicationSceneSettings setting counterpart class: UIApplicationSceneSettings
2026-08-17 11:25:39.088 Df YourSofia[98845:31ee5c] [com.apple.FrontBoard:SceneExtension] UIMutableApplicationSceneClientSettings setting counterpart class: UIApplicationSceneClientSettings
2026-08-17 11:25:39.088 Df YourSofia[98845:31ee5c] [com.apple.FrontBoard:SceneExtension] Realizing settings extension FBSSceneTransitionContextCore on FBSSceneTransitionContext
2026-08-17 11:25:39.089 Db YourSofia[98845:31ee5c] [com.apple.BaseBoard:Common] [rdar://100354962] Fixing incorrect property returned by protocol_copyPropertyList2() for "parentUpdate": required --> optional
2026-08-17 11:25:39.089 Db YourSofia[98845:31ee5c] [com.apple.BaseBoard:Common] [rdar://100354962] Fixing incorrect property returned by protocol_copyPropertyList2() for "executionContext": required --> optional
2026-08-17 11:25:39.089 Db YourSofia[98845:31edf9] [com.apple.CFBundle:loading] dlfcn load framework CFBundle 0x600003b200e0 </Library/Developer/CoreSimulator/Volumes/iOS_23D8133/Library/Developer/CoreSimulator/Profiles/Runtimes/iOS 26.3.simruntime/Contents/Resources/RuntimeRoot/System/Library/AccessibilityBundles/UIKit.axbundle> (framework, not loaded), dlopen of /Library/Developer/CoreSimulator/Volumes/iOS_23D8133/Library/Developer/CoreSimulator/Profiles/Runtimes/iOS 26.3.simruntime/Contents/Resources/RuntimeRoot/System/Library/AccessibilityBundles/UIKit.axbundle/UIKit mode 0x109 returns handle 0x7a492d1
2026-08-17 11:25:39.089 Db YourSofia[98845:31ee5c] [com.apple.BaseBoard:Common] [rdar://100354962] Fixing incorrect property returned by protocol_copyPropertyList2() for "clientProcessHandle": required --> optional
2026-08-17 11:25:39.090 Db YourSofia[98845:31ee5c] [com.apple.BaseBoard:Common] [rdar://100354962] Fixing incorrect property returned by protocol_copyPropertyList2() for "updateContext": required --> optional
2026-08-17 11:25:39.090 Db YourSofia[98845:31ee5c] [com.apple.BaseBoard:Common] [rdar://100354962] Fixing incorrect property returned by protocol_copyPropertyList2() for "watchdogTransitionContext": required --> optional
2026-08-17 11:25:39.090 Db YourSofia[98845:31ee5c] [com.apple.BaseBoard:Common] [rdar://100354962] Fixing incorrect property returned by protocol_copyPropertyList2() for "allowCPUThrottling": required --> optional
2026-08-17 11:25:39.090 Db YourSofia[98845:31ee5c] [com.apple.BaseBoard:Common] [rdar://100354962] Fixing incorrect property returned by protocol_copyPropertyList2() for "runningBoardAssertionDisabled": required --> optional
2026-08-17 11:25:39.090 Db YourSofia[98845:31ee5c] [com.apple.BaseBoard:Common] [rdar://100354962] Fixing incorrect property returned by protocol_copyPropertyList2() for "error": required --> optional
2026-08-17 11:25:39.090 Db YourSofia[98845:31ee5c] [com.apple.BaseBoard:Common] [rdar://100354962] Fixing incorrect property returned by protocol_copyPropertyList2() for "updateCompletions": required --> optional
2026-08-17 11:25:39.090 Db YourSofia[98845:31ee5c] [com.apple.FrontBoard:SceneExtension] registering method "allowCPUThrottling" from extension FBSSceneTransitionContextCore on class "FBSSceneTransitionContext"
2026-08-17 11:25:39.090 Db YourSofia[98845:31ee5c] [com.apple.FrontBoard:SceneExtension] registering method "setAllowCPUThrottling:" from extension FBSSceneTransitionContextCore on class "FBSSceneTransitionContext"
2026-08-17 11:25:39.090 Db YourSofia[98845:31ee5c] [com.apple.FrontBoard:SceneExtension] registering method "executionContext" from extension FBSSceneTransitionContextCore on class "FBSSceneTransitionContext"
2026-08-17 11:25:39.090 Db YourSofia[98845:31ee5c] [com.apple.FrontBoard:SceneExtension] registering method "setExecutionContext:" from extension FBSSceneTransitionContextCore on class "FBSSceneTransitionContext"
2026-08-17 11:25:39.090 Db YourSofia[98845:31ee5c] [com.apple.FrontBoard:SceneExtension] registering method "actions" from extension FBSSceneTransitionContextCore on class "FBSSceneTransitionContext"
2026-08-17 11:25:39.090 Db YourSofia[98845:31ee5c] [com.apple.FrontBoard:SceneExtension] registering method "setActions:" from extension FBSSceneTransitionContextCore on class "FBSSceneTransitionContext"
2026-08-17 11:25:39.090 Db YourSofia[98845:31ee5c] [com.apple.FrontBoard:SceneExtension] registering method "animationFence" from extension FBSSceneTransitionContextCore on class "FBSSceneTransitionContext"
2026-08-17 11:25:39.090 Db YourSofia[98845:31ee5c] [com.apple.FrontBoard:SceneExtension] registering method "setAnimationFence:" from extension FBSSceneTransitionContextCore on class "FBSSceneTransitionContext"
2026-08-17 11:25:39.090 Db YourSofia[98845:31ee5c] [com.apple.FrontBoard:SceneExtension] registering method "isRunningBoardAssertionDisabled" from extension FBSSceneTransitionContextCore on class "FBSSceneTransitionContext"
2026-08-17 11:25:39.059 Df YourSofia[98845:31ee38] [com.apple.CFNetwork:Default] Connection 1: starting, TC(0x0)
2026-08-17 11:25:39.090 Db YourSofia[98845:31ee5c] [com.apple.FrontBoard:SceneExtension] registering method "setRunningBoardAssertionDisabled:" from extension FBSSceneTransitionContextCore on class "FBSSceneTransitionContext"
2026-08-17 11:25:39.091 Db YourSofia[98845:31ee5c] [com.apple.FrontBoard:SceneExtension] registering method "watchdogTransitionContext" from extension FBSSceneTransitionContextCore on class "FBSSceneTransitionContext"
2026-08-17 11:25:39.091 Db YourSofia[98845:31ee5c] [com.apple.FrontBoard:SceneExtension] registering method "setWatchdogTransitionContext:" from extension FBSSceneTransitionContextCore on class "FBSSceneTransitionContext"
2026-08-17 11:25:39.091 Db YourSofia[98845:31ee5c] [com.apple.FrontBoard:SceneExtension] registering method "error" from extension FBSSceneTransitionContextCore on class "FBSSceneTransitionContext"
2026-08-17 11:25:39.091 Db YourSofia[98845:31ee5c] [com.apple.FrontBoard:SceneExtension] registering method "setError:" from extension FBSSceneTransitionContextCore on class "FBSSceneTransitionContext"
2026-08-17 11:25:39.091 Db YourSofia[98845:31ee5c] [com.apple.FrontBoard:SceneExtension] registering method "clientProcessHandle" from extension FBSSceneTransitionContextCore on class "FBSSceneTransitionContext"
2026-08-17 11:25:39.091 Db YourSofia[98845:31ee5c] [com.apple.FrontBoard:SceneExtension] registering method "setClientProcessHandle:" from extension FBSSceneTransitionContextCore on class "FBSSceneTransitionContext"
2026-08-17 11:25:39.091 Db YourSofia[98845:31ee5c] [com.apple.FrontBoard:SceneExtension] registering method "updateCompletions" from extension FBSSceneTransitionContextCore on class "FBSSceneTransitionContext"
2026-08-17 11:25:39.091 Db YourSofia[98845:31ee5c] [com.apple.FrontBoard:SceneExtension] registering method "setUpdateCompletions:" from extension FBSSceneTransitionContextCore on class "FBSSceneTransitionContext"
2026-08-17 11:25:39.091 Db YourSofia[98845:31ee5c] [com.apple.FrontBoard:SceneExtension] registering method "animationSettings" from extension FBSSceneTransitionContextCore on class "FBSSceneTransitionContext"
2026-08-17 11:25:39.091 Db YourSofia[98845:31ee5c] [com.apple.FrontBoard:SceneExtension] registering method "setAnimationSettings:" from extension FBSSceneTransitionContextCore on class "FBSSceneTransitionContext"
2026-08-17 11:25:39.091 Db YourSofia[98845:31ee5c] [com.apple.FrontBoard:SceneExtension] registering method "parentUpdate" from extension FBSSceneTransitionContextCore on class "FBSSceneTransitionContext"
2026-08-17 11:25:39.091 Db YourSofia[98845:31ee5c] [com.apple.FrontBoard:SceneExtension] registering method "setParentUpdate:" from extension FBSSceneTransitionContextCore on class "FBSSceneTransitionContext"
2026-08-17 11:25:39.091 Db YourSofia[98845:31ee5c] [com.apple.FrontBoard:SceneExtension] registering method "isBarrier" from extension FBSSceneTransitionContextCore on class "FBSSceneTransitionContext"
2026-08-17 11:25:39.091 Db YourSofia[98845:31ee5c] [com.apple.FrontBoard:SceneExtension] registering method "setBarrier:" from extension FBSSceneTransitionContextCore on class "FBSSceneTransitionContext"
2026-08-17 11:25:39.091 Db YourSofia[98845:31ee5c] [com.apple.FrontBoard:SceneExtension] registering method "updateContext" from extension FBSSceneTransitionContextCore on class "FBSSceneTransitionContext"
2026-08-17 11:25:39.091 Db YourSofia[98845:31ee5c] [com.apple.FrontBoard:SceneExtension] registering method "setUpdateContext:" from extension FBSSceneTransitionContextCore on class "FBSSceneTransitionContext"
2026-08-17 11:25:39.091 Db YourSofia[98845:31ee5c] [com.apple.FrontBoard:SceneExtension] registering method "originatingProcess" from extension FBSSceneTransitionContextCore on class "FBSSceneTransitionContext"
2026-08-17 11:25:39.091 Db YourSofia[98845:31ee5c] [com.apple.FrontBoard:SceneExtension] registering method "setOriginatingProcess:" from extension FBSSceneTransitionContextCore on class "FBSSceneTransitionContext"
2026-08-17 11:25:39.091 I  YourSofia[98845:31ee5c] [com.apple.FrontBoard:Common] [FBSScene] [(FBSceneManager):sceneID:bg.sofia.yoursofia-default] Created client agent: <UIApplicationSceneClientAgent: 0x60000000d4e0>
2026-08-17 11:25:39.091 Df YourSofia[98845:31ee38] [com.apple.network:connection] [C1 C4BE479B-50E6-4D31-AD3E-669D957BE35A Hostname#fe343d95:61930 tcp, url: http://localhost:61930/, definite, attribution: developer, context: com.apple.CFNetwork.NSURLSession.{1195A582-9034-4069-BE45-FA71E01B3327}{(null)}{Y}{2}{0x0} (private), proc: E262C6F4-77EE-382F-8323-FAC9A1A02BBD, delegated upid: 0] start
2026-08-17 11:25:39.092 I  YourSofia[98845:31ee38] [com.apple.network:connection] nw_endpoint_handler_start [C1 Hostname#fe343d95:61930 initial parent-flow ((null))]
2026-08-17 11:25:39.092 Df YourSofia[98845:31ee38] [com.apple.network:connection] [C1 Hostname#fe343d95:61930 initial parent-flow ((null))] event: path:start @0.000s
2026-08-17 11:25:39.092 I  YourSofia[98845:31edf9] [com.apple.Accessibility:AXCommon] AX Start server
2026-08-17 11:25:39.092 I  YourSofia[98845:31edf9] [com.apple.Accessibility:AXCommon] AX Begin loading server
2026-08-17 11:25:39.092 Db YourSofia[98845:31edf9] [com.apple.Accessibility:AXLoading] Accessibility Started (Mini-Server)
2026-08-17 11:25:39.092 Db YourSofia[98845:31edf9] [com.apple.Accessibility:AXLoading] Accessibility Initialize Runtime Overrides
2026-08-17 11:25:39.092 Db YourSofia[98845:31edf9] [com.apple.defaults:User Defaults] found no value for key ReportValidationErrors in CFPrefsSearchListSource<0x600002c09680> (Domain: com.apple.Accessibility, Container: (null) Non-launch persona: 0)
2026-08-17 11:25:39.092 Db YourSofia[98845:31edf9] [com.apple.Accessibility:AXSupportCommon] CF Read: domain = com.apple.Accessibility, preference = ReportValidationErrors, appID = (null) result = (null) (-1 - empty, 0 - false, 1 - true)
2026-08-17 11:25:39.092 Db YourSofia[98845:31edf9] [com.apple.defaults:User Defaults] found no value for key ReportValidationErrors in CFPrefsPlistSource<0x600002c09980> (Domain: com.apple.Accessibility, User: kCFPreferencesCurrentUser, ByHost: No, Container: /Users/valentinasenov/Library/Developer/CoreSimulator/Devices/98FA5BD8-5D12-4B35-9A26-3AEBCADAFC8A/data, Contents Need Refresh: No)
2026-08-17 11:25:39.092 Db YourSofia[98845:31ee38] [com.apple.network:connection] nw_endpoint_handler_path_change [C1 Hostname#fe343d95:61930 waiting parent-flow (satisfied (Path is satisfied), interface: en0[802.11], uses wifi, LQM: unknown)]
2026-08-17 11:25:39.093 Db YourSofia[98845:31ee38] [com.apple.networkextension:] ne_tracker_check subsystem is initialized with: {0000000}
2026-08-17 11:25:39.093 Db YourSofia[98845:31ee38] [com.apple.networkextension:] ne_tracker_check_is_hostname_blocked() proceeding with the in_the_app check for hostname: localhost
2026-08-17 11:25:39.094 Db YourSofia[98845:31ee38] [com.apple.CFBundle:resources] Resource lookup at CFBundle 0x600003b042a0 </Users/valentinasenov/Library/Developer/CoreSimulator/Devices/98FA5BD8-5D12-4B35-9A26-3AEBCADAFC8A/data/Containers/Bundle/Application/12B90C3A-72F3-447D-B35C-244E0D70240B/YourSofia.app> (executable, loaded)
	Request       : InfoPlist type: strings
	Result        : None
2026-08-17 11:25:39.094 Db YourSofia[98845:31ee38] [com.apple.CFBundle:resources] Resource lookup at CFBundle 0x600003b042a0 </Users/valentinasenov/Library/Developer/CoreSimulator/Devices/98FA5BD8-5D12-4B35-9A26-3AEBCADAFC8A/data/Containers/Bundle/Application/12B90C3A-72F3-447D-B35C-244E0D70240B/YourSofia.app> (executable, loaded)
	Request       : InfoPlist type: stringsdict
	Result        : None
2026-08-17 11:25:39.094 Db YourSofia[98845:31ee38] [com.apple.networkextension:] ne_tracker_check_is_hostname_blocked(): hostname localhost is not a tracker. Returning: ne_tracker_status_none
2026-08-17 11:25:39.094 Df YourSofia[98845:31ee38] [com.apple.network:connection] [C1 Hostname#fe343d95:61930 waiting parent-flow (satisfied (Path is satisfied), interface: en0[802.11], uses wifi, LQM: unknown)] event: path:satisfied @0.002s, uuid: 53393596-71E8-47DD-8370-288270E4CF8C
2026-08-17 11:25:39.094 I  YourSofia[98845:31ee38] [com.apple.network:connection] nw_connection_endpoint_report_on_nw_queue_block_invoke [C1 Hostname#fe343d95:61930 waiting parent-flow (satisfied (Path is satisfied), interface: en0[802.11], uses wifi, LQM: unknown)] skipping state update
2026-08-17 11:25:39.094 Db YourSofia[98845:31ee38] [com.apple.network:] nw_endpoint_proxy_handler_should_use_proxy Looking up proxy for hostname: localhost, ifindex: 0
2026-08-17 11:25:39.095 Db YourSofia[98845:31edf9] [com.apple.defaults:User Defaults] found no value for key AXSAppValidatingTestingPreference in CFPrefsSearchListSource<0x600002c21d80> (Domain: com.apple.Accessibility, Container: /Users/valentinasenov/Library/Developer/CoreSimulator/Devices/98FA5BD8-5D12-4B35-9A26-3AEBCADAFC8A/data Non-launch persona: 0)
2026-08-17 11:25:39.095 Db YourSofia[98845:31edf9] [com.apple.defaults:User Defaults] found no value for key AXSAppValidatingTestingPreference in CFPrefsSearchListSource<0x600002c09680> (Domain: com.apple.Accessibility, Container: (null) Non-launch persona: 0)
2026-08-17 11:25:39.095 A  YourSofia[98845:31ee20] (CoreFoundation) Updating Key-Value Observers Of Preferences
2026-08-17 11:25:39.095 Db YourSofia[98845:31edf9] [com.apple.defaults:User Defaults] found no value for key shouldPerformValidationsAtRuntime in CFPrefsSearchListSource<0x600002c21d80> (Domain: com.apple.Accessibility, Container: /Users/valentinasenov/Library/Developer/CoreSimulator/Devices/98FA5BD8-5D12-4B35-9A26-3AEBCADAFC8A/data Non-launch persona: 0)
2026-08-17 11:25:39.095 Db YourSofia[98845:31edf9] [com.apple.defaults:User Defaults] found no value for key shouldPerformValidationsAtRuntime in CFPrefsSearchListSource<0x600002c09680> (Domain: com.apple.Accessibility, Container: (null) Non-launch persona: 0)
2026-08-17 11:25:39.095 Db YourSofia[98845:31edf9] [com.apple.defaults:User Defaults] found no value for key IsAXValidationRunnerCollectingValidations in CFPrefsSearchListSource<0x600002c21d80> (Domain: com.apple.Accessibility, Container: /Users/valentinasenov/Library/Developer/CoreSimulator/Devices/98FA5BD8-5D12-4B35-9A26-3AEBCADAFC8A/data Non-launch persona: 0)
2026-08-17 11:25:39.095 Db YourSofia[98845:31edf9] [com.apple.defaults:User Defaults] found no value for key IsAXValidationRunnerCollectingValidations in CFPrefsSearchListSource<0x600002c09680> (Domain: com.apple.Accessibility, Container: (null) Non-launch persona: 0)
2026-08-17 11:25:39.097 Db YourSofia[98845:31edf9] [com.apple.defaults:User Defaults] found no value for key LocalizedStringLookupInfoEnabled in CFPrefsSearchListSource<0x600002c09680> (Domain: com.apple.Accessibility, Container: (null) Non-launch persona: 0)
2026-08-17 11:25:39.097 Db YourSofia[98845:31edf9] [com.apple.Accessibility:AXSupportCommon] CF Read: domain = com.apple.Accessibility, preference = LocalizedStringLookupInfoEnabled, appID = (null) result = (null) (-1 - empty, 0 - false, 1 - true)
2026-08-17 11:25:39.097 Db YourSofia[98845:31edf9] [com.apple.defaults:User Defaults] found no value for key LocalizedStringLookupInfoEnabled in CFPrefsPlistSource<0x600002c09980> (Domain: com.apple.Accessibility, User: kCFPreferencesCurrentUser, ByHost: No, Container: /Users/valentinasenov/Library/Developer/CoreSimulator/Devices/98FA5BD8-5D12-4B35-9A26-3AEBCADAFC8A/data, Contents Need Refresh: No)
2026-08-17 11:25:39.097 Db YourSofia[98845:31edf9] [com.apple.defaults:User Defaults] found no value for key AutomationPreferredLanguage in CFPrefsSearchListSource<0x600002c09680> (Domain: com.apple.Accessibility, Container: (null) Non-launch persona: 0)
2026-08-17 11:25:39.097 Db YourSofia[98845:31edf9] [com.apple.Accessibility:AXSupportCommon] CF Read: domain = com.apple.Accessibility, preference = AutomationPreferredLanguage, appID = (null) result = (null) (-1 - empty, 0 - false, 1 - true)
2026-08-17 11:25:39.097 Db YourSofia[98845:31edf9] [com.apple.defaults:User Defaults] found no value for key AutomationPreferredLanguage in CFPrefsPlistSource<0x600002c09980> (Domain: com.apple.Accessibility, User: kCFPreferencesCurrentUser, ByHost: No, Container: /Users/valentinasenov/Library/Developer/CoreSimulator/Devices/98FA5BD8-5D12-4B35-9A26-3AEBCADAFC8A/data, Contents Need Refresh: No)
2026-08-17 11:25:39.097 Db YourSofia[98845:31edf9] [com.apple.defaults:User Defaults] looked up value (
    "en-US",
    "bg-US"
) for key AppleLanguages in CFPrefsPlistSource<0x600002c00480> (Domain: kCFPreferencesAnyApplication, User: kCFPreferencesCurrentUser, ByHost: No, Container: /Users/valentinasenov/Library/Developer/CoreSimulator/Devices/98FA5BD8-5D12-4B35-9A26-3AEBCADAFC8A/data, Contents Need Refresh: No) via CFPrefsSearchListSource<0x600002c08180> (Domain: bg.sofia.yoursofia, Container: (null) Non-launch persona: 0)
2026-08-17 11:25:39.097 Db YourSofia[98845:31edf9] [com.apple.Accessibility:AXLoading] Accessibility Initialize Subclass Runtime Overrides (UIKit)
2026-08-17 11:25:39.102 Db YourSofia[98845:31ee38] [com.apple.SystemConfiguration:SCPreferences] create <SCPreferences 0x104d04ab0 [0x1e6193a48]> {name = SCDynamicStoreCopyProxiesWithOptions, id = /Library/Managed Preferences/mobile/com.apple.SystemConfiguration.plist, path = /Library/Managed Preferences/mobile/com.apple.SystemConfiguration.plist}
2026-08-17 11:25:39.102 Db YourSofia[98845:31ee38] [com.apple.SystemConfiguration:SCPreferences] SCPreferences() access: /Library/Managed Preferences/mobile/com.apple.SystemConfiguration.plist, size=0
2026-08-17 11:25:39.102 Db YourSofia[98845:31ee38] [com.apple.SystemConfiguration:SCPreferences] release <SCPreferences 0x104d04ab0 [0x1e6193a48]> {name = SCDynamicStoreCopyProxiesWithOptions, id = /Library/Managed Preferences/mobile/com.apple.SystemConfiguration.plist, path = /Library/Managed Preferences/mobile/com.apple.SystemConfiguration.plist, accessed}
2026-08-17 11:25:39.105 Db YourSofia[98845:31edf9] [com.apple.Accessibility:AXRuntimeCommon] Successfully created AX server
2026-08-17 11:25:39.105 Db YourSofia[98845:31edf9] [com.apple.defaults:User Defaults] found no value for key AXAutomationIgnoreLogging in CFPrefsSearchListSource<0x600002c21d80> (Domain: com.apple.Accessibility, Container: /Users/valentinasenov/Library/Developer/CoreSimulator/Devices/98FA5BD8-5D12-4B35-9A26-3AEBCADAFC8A/data Non-launch persona: 0)
2026-08-17 11:25:39.105 Db YourSofia[98845:31ee38] [com.apple.network:connection] nw_endpoint_flow_attach_protocols [C1 Hostname#fe343d95:61930 in_progress parent-flow (satisfied (Path is satisfied), interface: en0[802.11], uses wifi, LQM: unknown)]
2026-08-17 11:25:39.105 I  YourSofia[98845:31edf9] [com.apple.Accessibility:AXAppAccessibility] Started AXRuntime server. SystemApp=0
2026-08-17 11:25:39.105 Db YourSofia[98845:31ee38] [com.apple.network:connection] nw_endpoint_flow_attach_protocols [C1 Hostname#fe343d95:61930 in_progress parent-flow (satisfied (Path is satisfied), interface: en0[802.11], uses wifi, LQM: unknown)] stopping after adding persistent application protocols
2026-08-17 11:25:39.105 Db YourSofia[98845:31ee38] [com.apple.network:connection] nw_endpoint_flow_setup_protocols [C1 Hostname#fe343d95:61930 in_progress parent-flow (satisfied (Path is satisfied), interface: en0[802.11], uses wifi, LQM: unknown)] persistent protocol stack, starting
2026-08-17 11:25:39.105 Db YourSofia[98845:31edf9] [com.apple.defaults:User Defaults] found no value for key UseNewAXBundleLoader in CFPrefsSearchListSource<0x600002c21d80> (Domain: com.apple.Accessibility, Container: /Users/valentinasenov/Library/Developer/CoreSimulator/Devices/98FA5BD8-5D12-4B35-9A26-3AEBCADAFC8A/data Non-launch persona: 0)
2026-08-17 11:25:39.105 Db YourSofia[98845:31edf9] [com.apple.defaults:User Defaults] found no value for key UseNewAXBundleLoader in CFPrefsSearchListSource<0x600002c09680> (Domain: com.apple.Accessibility, Container: (null) Non-launch persona: 0)
2026-08-17 11:25:39.105 Df YourSofia[98845:31ee38] [com.apple.network:connection] [C1 Hostname#fe343d95:61930 in_progress parent-flow (satisfied (Path is satisfied), interface: en0[802.11], uses wifi, LQM: unknown)] event: flow:start_connect @0.013s
2026-08-17 11:25:39.105 Df YourSofia[98845:31edf9] [com.apple.dt.xctest:Default] Registering for test daemon availability notify post.
2026-08-17 11:25:39.105 Df YourSofia[98845:31edf9] [com.apple.dt.xctest:Default] notify_get_state check indicated test daemon not ready.
2026-08-17 11:25:39.105 Df YourSofia[98845:31edf9] [com.apple.dt.xctest:Default] notify_get_state check indicated test daemon not ready.
2026-08-17 11:25:39.106 Df YourSofia[98845:31edf9] [com.apple.dt.xctest:Default] notify_get_state check indicated test daemon not ready.
2026-08-17 11:25:39.106 Db YourSofia[98845:31edf9] [com.apple.defaults:User Defaults] found no value for key UIRequireCrimsonLifecycle in CFPrefsSearchListSource<0x600002c21180> (Domain: com.apple.UIKit, Container: (null) Non-launch persona: 0)
2026-08-17 11:25:39.106 Db YourSofia[98845:31edf9] [com.apple.defaults:User Defaults] found no value for key LogUpdateScheduler in CFPrefsSearchListSource<0x600002c21180> (Domain: com.apple.UIKit, Container: (null) Non-launch persona: 0)
2026-08-17 11:25:39.106 Df YourSofia[98845:31edf9] [com.apple.UIKit:UpdateScheduler] Selected display: name=LCD (PurpleMain), id=1
2026-08-17 11:25:39.106 Db YourSofia[98845:31edf9] [com.apple.FrontBoard:SceneClient] [(FBSceneManager):sceneID:bg.sofia.yoursofia-default] Adding extension: "_UISceneRelationshipManagementExtension"
2026-08-17 11:25:39.106 Db YourSofia[98845:31edf9] [com.apple.FrontBoard:SceneClient] [(FBSceneManager):sceneID:bg.sofia.yoursofia-default] Adding extension: "_UIApplicationSceneKeyboardExtension"
2026-08-17 11:25:39.106 Db YourSofia[98845:31edf9] [com.apple.FrontBoard:SceneClient] [(FBSceneManager):sceneID:bg.sofia.yoursofia-default] Instantiated component: "<_UIApplicationSceneKeyboardClientComponent: 0x600000242a00>"
2026-08-17 11:25:39.106 Db YourSofia[98845:31edf9] [com.apple.FrontBoard:SceneClient] [(FBSceneManager):sceneID:bg.sofia.yoursofia-default] Adding extension: "_UISceneOcclusionExtension"
2026-08-17 11:25:39.106 Db YourSofia[98845:31edf9] [com.apple.FrontBoard:SceneClient] [(FBSceneManager):sceneID:bg.sofia.yoursofia-default] Adding extension: "_UISceneInterfaceProtectionExtension"
2026-08-17 11:25:39.105 Df YourSofia[98845:31ee38] [com.apple.network:connection] nw_connection_report_state_with_handler_on_nw_queue [C1] reporting state preparing
2026-08-17 11:25:39.106 Db YourSofia[98845:31edf9] [com.apple.FrontBoard:SceneClient] [(FBSceneManager):sceneID:bg.sofia.yoursofia-default] Instantiated component: "<_UISceneInterfaceProtectionClientComponent: 0x600001740640>"
2026-08-17 11:25:39.106 Db YourSofia[98845:31edf9] [com.apple.FrontBoard:SceneClient] [(FBSceneManager):sceneID:bg.sofia.yoursofia-default] Adding extension: "_UISceneGeometryExtension"
2026-08-17 11:25:39.106 Db YourSofia[98845:31edf9] [com.apple.FrontBoard:SceneClient] [(FBSceneManager):sceneID:bg.sofia.yoursofia-default] Instantiated component: "<_UISceneLayoutPreferencesController: 0x600000c403c0>"
2026-08-17 11:25:39.106 Db YourSofia[98845:31edf9] [com.apple.FrontBoard:SceneClient] [(FBSceneManager):sceneID:bg.sofia.yoursofia-default] Instantiated component: "<_UISceneSafeAreaClientComponent: 0x600000239200>"
2026-08-17 11:25:39.106 Db YourSofia[98845:31edf9] [com.apple.FrontBoard:SceneClient] [(FBSceneManager):sceneID:bg.sofia.yoursofia-default] Adding extension: "_UISceneMaskingExtension"
2026-08-17 11:25:39.107 Db YourSofia[98845:31edf9] [com.apple.FrontBoard:SceneClient] [(FBSceneManager):sceneID:bg.sofia.yoursofia-default] Instantiated component: "<_UISceneMaskingClientComponent: 0x60000023a380>"
2026-08-17 11:25:39.107 Db YourSofia[98845:31edf9] [com.apple.FrontBoard:SceneClient] [(FBSceneManager):sceneID:bg.sofia.yoursofia-default] Adding extension: "_UISystemChromeSceneExtension"
2026-08-17 11:25:39.107 Db YourSofia[98845:31edf9] [com.apple.FrontBoard:SceneClient] [(FBSceneManager):sceneID:bg.sofia.yoursofia-default] Instantiated component: "<_UIHomeAffordanceClientSceneComponent: 0x60000023bd00>"
2026-08-17 11:25:39.107 Db YourSofia[98845:31edf9] [com.apple.FrontBoard:SceneClient] [(FBSceneManager):sceneID:bg.sofia.yoursofia-default] Adding extension: "_UISystemShellSceneHostingEnvironmentExtension"
2026-08-17 11:25:39.107 Db YourSofia[98845:31edf9] [com.apple.FrontBoard:SceneClient] [(FBSceneManager):sceneID:bg.sofia.yoursofia-default] Instantiated component: "<_UISystemShellSceneHostingEnvironmentClientComponent: 0x60000022b5c0>"
2026-08-17 11:25:39.107 Db YourSofia[98845:31edf9] [com.apple.FrontBoard:SceneClient] [(FBSceneManager):sceneID:bg.sofia.yoursofia-default] Adding extension: "_UISceneRenderingEnvironmentExtension"
2026-08-17 11:25:39.107 Db YourSofia[98845:31edf9] [com.apple.FrontBoard:SceneClient] [(FBSceneManager):sceneID:bg.sofia.yoursofia-default] Instantiated component: "<_UISceneRenderingEnvironmentClientComponent: 0x600000c31590>"
2026-08-17 11:25:39.107 Db YourSofia[98845:31edf9] [com.apple.FrontBoard:SceneClient] [(FBSceneManager):sceneID:bg.sofia.yoursofia-default] Adding extension: "_UISceneTransitioningExtension"
2026-08-17 11:25:39.107 Db YourSofia[98845:31edf9] [com.apple.FrontBoard:SceneClient] [(FBSceneManager):sceneID:bg.sofia.yoursofia-default] Instantiated component: "<_UISceneTransitioningClientComponent: 0x600000212f60>"
2026-08-17 11:25:39.107 Db YourSofia[98845:31edf9] [com.apple.FrontBoard:SceneClient] [(FBSceneManager):sceneID:bg.sofia.yoursofia-default] Adding extension: "_UISceneFocusSystemExtension"
2026-08-17 11:25:39.107 Db YourSofia[98845:31edf9] [com.apple.FrontBoard:SceneClient] [(FBSceneManager):sceneID:bg.sofia.yoursofia-default] Instantiated component: "<_UISceneFocusSystemClientComponent: 0x60000024bfc0>"
2026-08-17 11:25:39.107 Db YourSofia[98845:31edf9] [com.apple.FrontBoard:SceneClient] [(FBSceneManager):sceneID:bg.sofia.yoursofia-default] Adding extension: "_UISceneOrientationExtension"
2026-08-17 11:25:39.107 Db YourSofia[98845:31edf9] [com.apple.FrontBoard:SceneClient] [(FBSceneManager):sceneID:bg.sofia.yoursofia-default] Instantiated component: "<_UISceneOrientationClientComponent: 0x60000024c0a0>"
2026-08-17 11:25:39.107 Db YourSofia[98845:31edf9] [com.apple.FrontBoard:SceneClient] [(FBSceneManager):sceneID:bg.sofia.yoursofia-default] Adding extension: "_UISceneWindowingControlExtension"
2026-08-17 11:25:39.107 Db YourSofia[98845:31edf9] [com.apple.FrontBoard:SceneClient] [(FBSceneManager):sceneID:bg.sofia.yoursofia-default] Instantiated component: "<_UISceneWindowingControlClientComponent: 0x60000024c160>"
2026-08-17 11:25:39.107 Df YourSofia[98845:31edf9] [com.apple.UIKit:BackgroundTask] Will add backgroundTask with taskName: Persistent SceneSession Map Update, expirationHandler: <__NSGlobalBlock__: 0x1e6b788b0>
2026-08-17 11:25:39.107 Df YourSofia[98845:31edf9] [com.apple.UIKit:BackgroundTask] Reusing background assertion <BKSProcessAssertion: 0x600002125f90>
2026-08-17 11:25:39.107 Df YourSofia[98845:31edf9] [com.apple.UIKit:BackgroundTask] Incrementing reference count for background assertion <BKSProcessAssertion: 0x600002125f90>
2026-08-17 11:25:39.107 Df YourSofia[98845:31edf9] [com.apple.UIKit:BackgroundTask] Created background task <_UIBackgroundTaskInfo: 0x600001740c40>: taskID = 2, taskName = Persistent SceneSession Map Update, creationTime = 184417 (elapsed = 0).
2026-08-17 11:25:39.107 Df YourSofia[98845:31edf9] [com.apple.UIKit:Application] Deactivation reason added: 5; deactivation reasons: 1024 -> 1056; animating application lifecycle event: 1
2026-08-17 11:25:39.108 Db YourSofia[98845:31edf9] [com.apple.defaults:User Defaults] found no value for key LogWindow in CFPrefsSearchListSource<0x600002c21180> (Domain: com.apple.UIKit, Container: (null) Non-launch persona: 0)
2026-08-17 11:25:39.108 Db YourSofia[98845:31edf9] [com.apple.defaults:User Defaults] found no value for key LogInterfaceStyle in CFPrefsSearchListSource<0x600002c21180> (Domain: com.apple.UIKit, Container: (null) Non-launch persona: 0)
2026-08-17 11:25:39.108 I  YourSofia[98845:31ee38] [com.apple.network:connection] nw_endpoint_flow_connect [C1 Hostname#fe343d95:61930 in_progress parent-flow (satisfied (Path is satisfied), interface: en0[802.11], uses wifi, LQM: unknown)] connect bottom protocol
2026-08-17 11:25:39.108 Df YourSofia[98845:31edf9] [com.apple.UIKit:InterfaceStyle] Not push traits update to screen for new style 1, <UIWindowScene: 0x104d0f550> (28D03021-EA41-40D8-95B2-B56A0BB7975C)
2026-08-17 11:25:39.108 Df YourSofia[98845:31edf9] [com.apple.UIKit:InterfaceStyle] Should send trait collection or coordinate space update, interface style 1 -> 1, <UIWindowScene: 0x104d0f550> (28D03021-EA41-40D8-95B2-B56A0BB7975C)
2026-08-17 11:25:39.108 Db YourSofia[98845:31edf9] [com.apple.defaults:User Defaults] found no value for key FullKeyboardAccessEnabled in CFPrefsSearchListSource<0x600002c09680> (Domain: com.apple.Accessibility, Container: (null) Non-launch persona: 0)
2026-08-17 11:25:39.108 Db YourSofia[98845:31edf9] [com.apple.Accessibility:AXSupportCommon] CF Read: domain = com.apple.Accessibility, preference = FullKeyboardAccessEnabled, appID = (null) result = (null) (-1 - empty, 0 - false, 1 - true)
2026-08-17 11:25:39.108 Db YourSofia[98845:31ee38] [com.apple.network:connection] nw_endpoint_flow_start_child [C1 Hostname#fe343d95:61930 in_progress parent-flow (satisfied (Path is satisfied), interface: en0[802.11], uses wifi, LQM: unknown)] creating and starting child handler
2026-08-17 11:25:39.108 Db YourSofia[98845:31edf9] [com.apple.defaults:User Defaults] found no value for key FullKeyboardAccessEnabled in CFPrefsPlistSource<0x600002c09980> (Domain: com.apple.Accessibility, User: kCFPreferencesCurrentUser, ByHost: No, Container: /Users/valentinasenov/Library/Developer/CoreSimulator/Devices/98FA5BD8-5D12-4B35-9A26-3AEBCADAFC8A/data, Contents Need Refresh: No)
2026-08-17 11:25:39.108 Db YourSofia[98845:31ee38] [com.apple.network:] nw_endpoint_proxy_handler_should_use_proxy Looking up proxy for hostname: localhost, ifindex: 0
2026-08-17 11:25:39.108 Db YourSofia[98845:31ee38] [com.apple.SystemConfiguration:SCPreferences] create <SCPreferences 0x104d10740 [0x1e6193a48]> {name = SCDynamicStoreCopyProxiesWithOptions, id = /Library/Managed Preferences/mobile/com.apple.SystemConfiguration.plist, path = /Library/Managed Preferences/mobile/com.apple.SystemConfiguration.plist}
2026-08-17 11:25:39.108 Db YourSofia[98845:31ee38] [com.apple.SystemConfiguration:SCPreferences] SCPreferences() access: /Library/Managed Preferences/mobile/com.apple.SystemConfiguration.plist, size=0
2026-08-17 11:25:39.108 Db YourSofia[98845:31ee38] [com.apple.SystemConfiguration:SCPreferences] release <SCPreferences 0x104d10740 [0x1e6193a48]> {name = SCDynamicStoreCopyProxiesWithOptions, id = /Library/Managed Preferences/mobile/com.apple.SystemConfiguration.plist, path = /Library/Managed Preferences/mobile/com.apple.SystemConfiguration.plist, accessed}
2026-08-17 11:25:39.108 Df YourSofia[98845:31edf9] [com.apple.UIKit:InterfaceStyle] Not push traits update to screen for new style 1, <UIWindowScene: 0x104d0f550> (28D03021-EA41-40D8-95B2-B56A0BB7975C)
2026-08-17 11:25:39.108 Df YourSofia[98845:31ee38] [com.apple.network:connection] [C1 Hostname#fe343d95:61930 in_progress parent-flow (satisfied (Path is satisfied), interface: en0[802.11], uses wifi, LQM: unknown)] event: flow:start_child @0.016s
2026-08-17 11:25:39.108 I  YourSofia[98845:31ee38] [com.apple.network:connection] nw_endpoint_handler_start [C1.1 Hostname#fe343d95:61930 initial path ((null))]
2026-08-17 11:25:39.108 Db YourSofia[98845:31edf9] [com.apple.BacklightServices:scenes] create BLSBacklightFBSSceneEnvironment (BacklightUIServices) for scene:<UIWindowScene: 0x104d0f550; role: UIWindowSceneSessionRoleApplication; activationState: UISceneActivationStateUnattached> {
    session = <UISceneSession: 0x600002123110; persistentIdentifier: 28D03021-EA41-40D8-95B2-B56A0BB7975C> {
        configuration = <UISceneConfiguration: 0x6000021274d0; name: 0x0>;
    };
    delegate = (nil);
    effectiveGeometry = <UIWindowSceneGeometry: 0x600002120d20; coordinateSpace.bounds: {{0, 0}, {390, 844}}; interfaceOrientation: portrait (1); isInteractivelyResizing: NO>;
    screen = <UIScreen: 0x1048095b0; bounds: {{0, 0}, {390, 844}}; mode: <UIScreenMode: 0x60000023e940; size = 1170.000000 x 2532.000000>>;
}
2026-08-17 11:25:39.108 Db YourSofia[98845:31ee38] [com.apple.network:connection] nw_endpoint_flow_receive_report [C1 Hostname#fe343d95:61930 in_progress parent-flow (satisfied (Path is satisfied), interface: en0[802.11], uses wifi, LQM: unknown)] received child report: [C1.1 Hostname#fe343d95:61930 initial path ((null))]
2026-08-17 11:25:39.108 Df YourSofia[98845:31ee38] [com.apple.network:connection] [C1.1 Hostname#fe343d95:61930 initial path ((null))] event: path:start @0.016s
2026-08-17 11:25:39.109 Db YourSofia[98845:31ee38] [com.apple.network:connection] nw_endpoint_handler_path_change [C1.1 Hostname#fe343d95:61930 waiting path (satisfied (Path is satisfied), interface: en0[802.11], uses wifi, LQM: unknown)]
2026-08-17 11:25:39.109 Db YourSofia[98845:31ee38] [com.apple.networkextension:] ne_tracker_check_is_hostname_blocked() proceeding with the in_the_app check for hostname: localhost
2026-08-17 11:25:39.109 Db YourSofia[98845:31ee38] [com.apple.CFBundle:resources] Resource lookup at CFBundle 0x600003b042a0 </Users/valentinasenov/Library/Developer/CoreSimulator/Devices/98FA5BD8-5D12-4B35-9A26-3AEBCADAFC8A/data/Containers/Bundle/Application/12B90C3A-72F3-447D-B35C-244E0D70240B/YourSofia.app> (executable, loaded)
	Request       : InfoPlist type: strings
	Result        : None
2026-08-17 11:25:39.109 Db YourSofia[98845:31ee38] [com.apple.CFBundle:resources] Resource lookup at CFBundle 0x600003b042a0 </Users/valentinasenov/Library/Developer/CoreSimulator/Devices/98FA5BD8-5D12-4B35-9A26-3AEBCADAFC8A/data/Containers/Bundle/Application/12B90C3A-72F3-447D-B35C-244E0D70240B/YourSofia.app> (executable, loaded)
	Request       : InfoPlist type: stringsdict
	Result        : None
2026-08-17 11:25:39.109 Db YourSofia[98845:31ee38] [com.apple.networkextension:] ne_tracker_check_is_hostname_blocked(): hostname localhost is not a tracker. Returning: ne_tracker_status_none
2026-08-17 11:25:39.109 Db YourSofia[98845:31ee38] [com.apple.network:connection] nw_endpoint_flow_receive_report [C1 Hostname#fe343d95:61930 in_progress parent-flow (satisfied (Path is satisfied), interface: en0[802.11], uses wifi, LQM: unknown)] received child report: [C1.1 Hostname#fe343d95:61930 waiting path (satisfied (Path is satisfied), interface: en0[802.11], uses wifi, LQM: unknown)]
2026-08-17 11:25:39.147 Df YourSofia[98845:31ee38] [com.apple.network:connection] [C1.1 Hostname#fe343d95:61930 waiting path (satisfied (Path is satisfied), interface: en0[802.11], uses wifi, LQM: unknown)] event: path:satisfied @0.054s, uuid: 53393596-71E8-47DD-8370-288270E4CF8C
2026-08-17 11:25:39.147 Db YourSofia[98845:31edf9] [com.apple.BacklightServices:scenes] 0x600000c3a970 create environment:<BLSBacklightFBSSceneEnvironment: 0x600000c3a970; identifier: 0x0; active: NO; liveUpdating: NO; unrestrictedFramerate: NO; aoSupport: NO; aoContentIs1hz: NO; visualState: 0x0; presentationDate: 0x0> for scene:<FBSScene: 0x600003308500; (FBSceneManager):sceneID:bg.sofia.yoursofia-default; valid: YES> {
    settings = <UIApplicationSceneSettings: 0x600002121400> {
        settings = <BSKeyedSettings: 0x600000c13b70> {
            displayConfiguration = <FBSDisplayConfiguration: 0x600003d040f0; Main; mode: "390x844@3x 60Hz p3 SDR">;
            foreground = Yes;
            frame = NSRect: {{0, 0}, {390, 844}};
            interfaceOrientation = portrait (1);
            interruptionPolicy = reconnect (2);
            level = 1;
            <SBSUIHomeScreenIconStyleSceneSettings> = <BSKeyedSettings: 0x600000c13bd0> {
                iconStyleConfiguration = <SBSHomeScreenIconStyleConfiguration: 0x6000002382c0>;
            };
            <_UISceneTransitioningHostSettings> = <BSKeyedSettings: 0x6<…>
2026-08-17 11:25:39.147 Db YourSofia[98845:31ee38] [com.apple.network:] nw_endpoint_proxy_handler_should_use_proxy Looking up proxy for hostname: localhost, ifindex: 0
2026-08-17 11:25:39.147 Db YourSofia[98845:31edf9] [com.apple.BacklightServices:scenes] BLSBacklightFBSSceneEnvironment (BacklightUIServices) _settingsDiffActionsForScene
2026-08-17 11:25:39.147 Db YourSofia[98845:31edf9] [com.apple.BacklightServices:scenes] create BLSBacklightUISceneEnvironmentDiffAction:<_UIBacklightUISceneEnvironmentDiffAction: 0x6000000044e0>
2026-08-17 11:25:39.147 Db YourSofia[98845:31edf9] [com.apple.BacklightServices:scenes] BLSBacklightFBSSceneEnvironment (BacklightUIServices) _actionRespondersForScene
2026-08-17 11:25:39.147 Db YourSofia[98845:31edf9] [com.apple.BacklightServices:scenes] create BLSBacklightUISceneEnvironmentActionHandler:<_UIBacklightUISceneEnvironmentActionHandler: 0x6000000045c0>
2026-08-17 11:25:39.147 Db YourSofia[98845:31edf9] [com.apple.defaults:User Defaults] found no value for key LogHomeAffordanceObservation in CFPrefsSearchListSource<0x600002c21180> (Domain: com.apple.UIKit, Container: (null) Non-launch persona: 0)
2026-08-17 11:25:39.147 Df YourSofia[98845:31edf9] [com.apple.UIKit:HomeAffordanceObservation] Initializing: <_UIHomeAffordanceSceneNotifier: 0x60000293c690>; with scene: <UIWindowScene: 0x104d0f550>
2026-08-17 11:25:39.147 Db YourSofia[98845:31edf9] [com.apple.BacklightServices:scenes] BLSBacklightFBSSceneEnvironment (BacklightUIServices) _settingsDiffActionsForScene
2026-08-17 11:25:39.147 Db YourSofia[98845:31edf9] [com.apple.BacklightServices:scenes] create BLSBacklightUISceneEnvironmentDiffAction:<_UIBacklightUISceneEnvironmentDiffAction: 0x600000020750>
2026-08-17 11:25:39.147 Db YourSofia[98845:31edf9] [com.apple.BacklightServices:scenes] BLSBacklightFBSSceneEnvironment (BacklightUIServices) _actionRespondersForScene
2026-08-17 11:25:39.147 Db YourSofia[98845:31ee38] [com.apple.SystemConfiguration:SCPreferences] create <SCPreferences 0x104b0d3e0 [0x1e6193a48]> {name = SCDynamicStoreCopyProxiesWithOptions, id = /Library/Managed Preferences/mobile/com.apple.SystemConfiguration.plist, path = /Library/Managed Preferences/mobile/com.apple.SystemConfiguration.plist}
2026-08-17 11:25:39.147 Db YourSofia[98845:31edf9] [com.apple.BacklightServices:scenes] create BLSBacklightUISceneEnvironmentActionHandler:<_UIBacklightUISceneEnvironmentActionHandler: 0x6000000044e0>
2026-08-17 11:25:39.147 Df YourSofia[98845:31edf9] [com.apple.BacklightServices:scenes] 0x600000c3a970 setDelegate:<0x600000c337e0 _UIBacklightEnvironment> hasDelegate:YES for environment:sceneID:bg.sofia.yoursofia-default
2026-08-17 11:25:39.147 Db YourSofia[98845:31edf9] [com.apple.BacklightServices:scenes] 0x600000c3a970 setSupportsAlwaysOn:NO for environment:sceneID:bg.sofia.yoursofia-default
2026-08-17 11:25:39.147 Db YourSofia[98845:31edf9] [com.apple.BacklightServices:scenes] BLSBacklightFBSSceneEnvironment (BacklightUIServices) _settingsDiffActionsForScene
2026-08-17 11:25:39.147 Db YourSofia[98845:31edf9] [com.apple.BacklightServices:scenes] create BLSBacklightUISceneEnvironmentDiffAction:<_UIBacklightUISceneEnvironmentDiffAction: 0x600000004580>
2026-08-17 11:25:39.147 Db YourSofia[98845:31edf9] [com.apple.BacklightServices:scenes] BLSBacklightFBSSceneEnvironment (BacklightUIServices) _actionRespondersForScene
2026-08-17 11:25:39.147 Db YourSofia[98845:31edf9] [com.apple.BacklightServices:scenes] create BLSBacklightUISceneEnvironmentActionHandler:<_UIBacklightUISceneEnvironmentActionHandler: 0x600000004540>
2026-08-17 11:25:39.147 Df YourSofia[98845:31edf9] [com.apple.UIKit:InterfaceStyle] Not push traits update to screen for new style 1, <UIWindowScene: 0x104d0f550> (28D03021-EA41-40D8-95B2-B56A0BB7975C)
2026-08-17 11:25:39.147 Db YourSofia[98845:31edf9] [com.apple.defaults:User Defaults] found no value for key LogEventDeferring in CFPrefsSearchListSource<0x600002c21180> (Domain: com.apple.UIKit, Container: (null) Non-launch persona: 0)
2026-08-17 11:25:39.147 Db YourSofia[98845:31ee38] [com.apple.SystemConfiguration:SCPreferences] SCPreferences() access: /Library/Managed Preferences/mobile/com.apple.SystemConfiguration.plist, size=0
2026-08-17 11:25:39.147 Df YourSofia[98845:31edf9] [com.apple.UIKit:EventDeferring] [0x60000292c1c0] Initialized with scene: <UIWindowScene: 0x104d0f550>; behavior: <_UIEventDeferringBehavior_iOS: 0x600000232e80>; availableForProcess: 1, systemShellManagesKeyboardFocus: 1
2026-08-17 11:25:39.147 Db YourSofia[98845:31edf9] [com.apple.BacklightServices:scenes] BLSBacklightFBSSceneEnvironment (BacklightUIServices) _settingsDiffActionsForScene
2026-08-17 11:25:39.147 Db YourSofia[98845:31edf9] [com.apple.BacklightServices:scenes] create BLSBacklightUISceneEnvironmentDiffAction:<_UIBacklightUISceneEnvironmentDiffAction: 0x6000000046a0>
2026-08-17 11:25:39.147 Db YourSofia[98845:31edf9] [com.apple.BacklightServices:scenes] BLSBacklightFBSSceneEnvironment (BacklightUIServices) _actionRespondersForScene
2026-08-17 11:25:39.147 Db YourSofia[98845:31edf9] [com.apple.BacklightServices:scenes] create BLSBacklightUISceneEnvironmentActionHandler:<_UIBacklightUISceneEnvironmentActionHandler: 0x600000010c20>
2026-08-17 11:25:39.147 Db YourSofia[98845:31edf9] [com.apple.defaults:User Defaults] found no value for key LogKeyWindow in CFPrefsSearchListSource<0x600002c21180> (Domain: com.apple.UIKit, Container: (null) Non-launch persona: 0)
2026-08-17 11:25:39.148 Df YourSofia[98845:31edf9] [com.apple.BoardServices:XPCErrors] [C:2] Alloc com.apple.backboard.hid-services.xpc
2026-08-17 11:25:39.148 Df YourSofia[98845:31edf9] [com.apple.xpc:connection] [0x104804b50] activating connection: mach=false listener=false peer=false name=(anonymous)
2026-08-17 11:25:39.148 Db YourSofia[98845:31ee38] [com.apple.SystemConfiguration:SCPreferences] release <SCPreferences 0x104b0d3e0 [0x1e6193a48]> {name = SCDynamicStoreCopyProxiesWithOptions, id = /Library/Managed Preferences/mobile/com.apple.SystemConfiguration.plist, path = /Library/Managed Preferences/mobile/com.apple.SystemConfiguration.plist, accessed}
2026-08-17 11:25:39.148 Db YourSofia[98845:31ee5d] [com.apple.BaseBoard:MachPort]  *|machport|* <BSMachPortTaskNameRight: 0x60000174ab80; usable: YES; (98845:6e03:send task_name_for_pid:backboardd.98543)> -> (<NSThread: 0x60000174abc0>{number = 7, name = (null)}) (
	0   BaseBoard                           0x00000001840447e0 -[BSMachPortRight _initWithPort:type:owner:trace:] + 192
	1   BaseBoard                           0x0000000184046754 -[BSMachPortTaskNameRight initWithPID:] + 260
	2   BaseBoard                           0x00000001840465f4 +[BSMachPortTaskNameRight taskNameForPID:] + 56
	3   BaseBoard                           0x000000018405971c +[BSProcessHandle processHandleForXPCConnection:] + 176
	4   BoardServices                       0x000000018812e73c +[BSXPCServiceConnectionPeer peerOfConnection:] + 312
	5   BoardServices                       0x0000000188163cb4 __55-[BSXPCServiceConnection _lock_activateNowOrWhenReady:]_block_invoke_2 + 136
	6   BoardServices                       0x000000018815a2fc __55-[BSXPCServiceConnectionMessage _actuallySendWithMode:]_block_invoke + 1
2026-08-17 11:25:39.149 Df YourSofia[98845:31ee5c] [com.apple.BackBoard:EventDelivery] BKSHIDEventObserver - connection activation
2026-08-17 11:25:39.149 Df YourSofia[98845:31edf9] [com.apple.BackBoard:EventDelivery] policyStatus:<BKSHIDEventDeliveryPolicyObserver: 0x600002625740; process scope; status: target> was:none
2026-08-17 11:25:39.149 Db YourSofia[98845:31edf9] [com.apple.BackBoard:EventDelivery] observerPolicyDidChange: 0x600002625740 -> <_UIKeyWindowSceneObserver: 0x600000c2dfe0>
2026-08-17 11:25:39.149 Df YourSofia[98845:31edf9] [com.apple.UIKit:KeyWindow] Setting default evaluation strategy for UIUserInterfaceIdiomPhone to LastOneWins
2026-08-17 11:25:39.149 Db YourSofia[98845:31ee38] [com.apple.network:connection] -[NWConcrete_nw_endpoint_resolver startWithHandler:] [C1.1 Hostname#fe343d95:61930 waiting resolver (satisfied (Path is satisfied), interface: en0[802.11], uses wifi, LQM: unknown)]
2026-08-17 11:25:39.149 Df YourSofia[98845:31edf9] [com.apple.UIKit:KeyWindow] Scene target of keyboard event deferring environment did change: 1; scene: UIWindowScene: 0x104d0f550; scene identity: com.apple.frontboard.systemappservices/FBSceneManager:sceneID%3Abg.sofia.yoursofia-default
2026-08-17 11:25:39.149 Df YourSofia[98845:31edf9] [com.apple.UIKit:EventDeferring] [0x60000292c1c0] Scene target of event deferring environments did update: scene: 0x104d0f550; current systemShellManagesKeyboardFocus: 1; systemShellManagesKeyboardFocusForScene: 1; eligibleForRecordRemoval: 1;
2026-08-17 11:25:39.149 Df YourSofia[98845:31edf9] [com.apple.UIKit:KeyWindow] Scene became target of keyboard event deferring environment: UIWindowScene: 0x104d0f550; scene identity: com.apple.frontboard.systemappservices/FBSceneManager:sceneID%3Abg.sofia.yoursofia-default
2026-08-17 11:25:39.149 Df YourSofia[98845:31edf9] [com.apple.UIKit:KeyWindow] Stack[KeyWindow] 0x600000c60f00: Taking no further action for migration from LastOneWins -> SystemShellManaged as there are no scenes
2026-08-17 11:25:39.149 Df YourSofia[98845:31edf9] [com.apple.UIKit:KeyWindow] Setting default evaluation strategy for UIUserInterfaceIdiomPhone to SystemShellManaged
2026-08-17 11:25:39.149 Df YourSofia[98845:31edf9] [com.apple.UIKit:KeyWindow] Key window needs update: 0; currentKeyWindowScene: 0x0; evaluatedKeyWindowScene: 0x104d0f550; currentApplicationKeyWindow: 0x0; evaluatedApplicationKeyWindow: 0x0; reason: UIWindowScene: 0x104d0f550: Window scene became target of keyboard environment
2026-08-17 11:25:39.149 Db YourSofia[98845:31edf9] [com.apple.BacklightServices:scenes] BLSBacklightFBSSceneEnvironment (BacklightUIServices) _settingsDiffActionsForScene
2026-08-17 11:25:39.149 Db YourSofia[98845:31edf9] [com.apple.BacklightServices:scenes] create BLSBacklightUISceneEnvironmentDiffAction:<_UIBacklightUISceneEnvironmentDiffAction: 0x600000010dc0>
2026-08-17 11:25:39.149 Db YourSofia[98845:31edf9] [com.apple.BacklightServices:scenes] BLSBacklightFBSSceneEnvironment (BacklightUIServices) _actionRespondersForScene
2026-08-17 11:25:39.149 Db YourSofia[98845:31edf9] [com.apple.BacklightServices:scenes] create BLSBacklightUISceneEnvironmentActionHandler:<_UIBacklightUISceneEnvironmentActionHandler: 0x600000010e70>
2026-08-17 11:25:39.149 Db YourSofia[98845:31edf9] [com.apple.BacklightServices:scenes] BLSBacklightFBSSceneEnvironment (BacklightUIServices) _settingsDiffActionsForScene
2026-08-17 11:25:39.149 Db YourSofia[98845:31edf9] [com.apple.BacklightServices:scenes] create BLSBacklightUISceneEnvironmentDiffAction:<_UIBacklightUISceneEnvironmentDiffAction: 0x600000010d50>
2026-08-17 11:25:39.149 Db YourSofia[98845:31edf9] [com.apple.BacklightServices:scenes] BLSBacklightFBSSceneEnvironment (BacklightUIServices) _actionRespondersForScene
2026-08-17 11:25:39.149 Db YourSofia[98845:31edf9] [com.apple.BacklightServices:scenes] create BLSBacklightUISceneEnvironmentActionHandler:<_UIBacklightUISceneEnvironmentActionHandler: 0x6000000109c0>
2026-08-17 11:25:39.149 Df YourSofia[98845:31edf9] [com.apple.UIKit:InterfaceStyle] Not push traits update to screen for new style 1, <UIWindowScene: 0x104d0f550> (28D03021-EA41-40D8-95B2-B56A0BB7975C)
2026-08-17 11:25:39.149 Db YourSofia[98845:31edf9] [com.apple.BacklightServices:scenes] BLSBacklightFBSSceneEnvironment (BacklightUIServices) _settingsDiffActionsForScene
2026-08-17 11:25:39.149 Db YourSofia[98845:31edf9] [com.apple.BacklightServices:scenes] create BLSBacklightUISceneEnvironmentDiffAction:<_UIBacklightUISceneEnvironmentDiffAction: 0x600000010f70>
2026-08-17 11:25:39.149 Db YourSofia[98845:31edf9] [com.apple.BacklightServices:scenes] BLSBacklightFBSSceneEnvironment (BacklightUIServices) _actionRespondersForScene
2026-08-17 11:25:39.149 Db YourSofia[98845:31ee38] [com.apple.network:connection] nw_endpoint_flow_receive_report [C1 Hostname#fe343d95:61930 in_progress parent-flow (satisfied (Path is satisfied), interface: en0[802.11], uses wifi, LQM: unknown)] received child report: [C1.1 Hostname#fe343d95:61930 in_progress resolver (satisfied (Path is satisfied), interface: en0[802.11], uses wifi, LQM: unknown)]
2026-08-17 11:25:39.149 Db YourSofia[98845:31edf9] [com.apple.BacklightServices:scenes] create BLSBacklightUISceneEnvironmentActionHandler:<_UIBacklightUISceneEnvironmentActionHandler: 0x600000010dd0>
2026-08-17 11:25:39.149 Df YourSofia[98845:31ee38] [com.apple.network:connection] [C1.1 Hostname#fe343d95:61930 in_progress resolver (satisfied (Path is satisfied), interface: en0[802.11], uses wifi, LQM: unknown)] event: resolver:start_dns @0.057s
2026-08-17 11:25:39.149 Db YourSofia[98845:31edf9] [com.apple.BacklightServices:scenes] BLSBacklightFBSSceneEnvironment (BacklightUIServices) _settingsDiffActionsForScene
2026-08-17 11:25:39.149 Db YourSofia[98845:31edf9] [com.apple.BacklightServices:scenes] create BLSBacklightUISceneEnvironmentDiffAction:<_UIBacklightUISceneEnvironmentDiffAction: 0x600000010890>
2026-08-17 11:25:39.149 Db YourSofia[98845:31edf9] [com.apple.BacklightServices:scenes] BLSBacklightFBSSceneEnvironment (BacklightUIServices) _actionRespondersForScene
2026-08-17 11:25:39.149 Db YourSofia[98845:31edf9] [com.apple.BacklightServices:scenes] create BLSBacklightUISceneEnvironmentActionHandler:<_UIBacklightUISceneEnvironmentActionHandler: 0x60000000deb0>
2026-08-17 11:25:39.149 Db YourSofia[98845:31edf9] [com.apple.BacklightServices:scenes] BLSBacklightFBSSceneEnvironment (BacklightUIServices) _settingsDiffActionsForScene
2026-08-17 11:25:39.149 Db YourSofia[98845:31edf9] [com.apple.BacklightServices:scenes] create BLSBacklightUISceneEnvironmentDiffAction:<_UIBacklightUISceneEnvironmentDiffAction: 0x600000010dd0>
2026-08-17 11:25:39.149 Db YourSofia[98845:31edf9] [com.apple.BacklightServices:scenes] BLSBacklightFBSSceneEnvironment (BacklightUIServices) _actionRespondersForScene
2026-08-17 11:25:39.149 Db YourSofia[98845:31edf9] [com.apple.BacklightServices:scenes] create BLSBacklightUISceneEnvironmentActionHandler:<_UIBacklightUISceneEnvironmentActionHandler: 0x600000004300>
2026-08-17 11:25:39.149 Db YourSofia[98845:31ee38] [com.apple.networkextension:] ne_tracker_check_is_hostname_blocked() proceeding with the in_the_app check for hostname: localhost
2026-08-17 11:25:39.149 Df YourSofia[98845:31edf9] [com.apple.UIKit:InterfaceStyle] Not push traits update to screen for new style 1, <UIWindowScene: 0x104d0f550> (28D03021-EA41-40D8-95B2-B56A0BB7975C)
2026-08-17 11:25:39.150 Db YourSofia[98845:31edf9] [com.apple.BacklightServices:scenes] BLSBacklightFBSSceneEnvironment (BacklightUIServices) _settingsDiffActionsForScene
2026-08-17 11:25:39.150 Db YourSofia[98845:31ee38] [com.apple.CFBundle:resources] Resource lookup at CFBundle 0x600003b042a0 </Users/valentinasenov/Library/Developer/CoreSimulator/Devices/98FA5BD8-5D12-4B35-9A26-3AEBCADAFC8A/data/Containers/Bundle/Application/12B90C3A-72F3-447D-B35C-244E0D70240B/YourSofia.app> (executable, loaded)
	Request       : InfoPlist type: strings
	Result        : None
2026-08-17 11:25:39.150 Db YourSofia[98845:31edf9] [com.apple.BacklightServices:scenes] create BLSBacklightUISceneEnvironmentDiffAction:<_UIBacklightUISceneEnvironmentDiffAction: 0x6000000043a0>
2026-08-17 11:25:39.150 Db YourSofia[98845:31edf9] [com.apple.BacklightServices:scenes] BLSBacklightFBSSceneEnvironment (BacklightUIServices) _actionRespondersForScene
2026-08-17 11:25:39.150 Db YourSofia[98845:31edf9] [com.apple.BacklightServices:scenes] create BLSBacklightUISceneEnvironmentActionHandler:<_UIBacklightUISceneEnvironmentActionHandler: 0x600000004430>
2026-08-17 11:25:39.150 Db YourSofia[98845:31edf9] [com.apple.BacklightServices:scenes] BLSBacklightFBSSceneEnvironment (BacklightUIServices) _settingsDiffActionsForScene
2026-08-17 11:25:39.150 Db YourSofia[98845:31edf9] [com.apple.BacklightServices:scenes] create BLSBacklightUISceneEnvironmentDiffAction:<_UIBacklightUISceneEnvironmentDiffAction: 0x6000000043f0>
2026-08-17 11:25:39.150 Db YourSofia[98845:31edf9] [com.apple.BacklightServices:scenes] BLSBacklightFBSSceneEnvironment (BacklightUIServices) _actionRespondersForScene
2026-08-17 11:25:39.150 Db YourSofia[98845:31edf9] [com.apple.BacklightServices:scenes] create BLSBacklightUISceneEnvironmentActionHandler:<_UIBacklightUISceneEnvironmentActionHandler: 0x60000000d6a0>
2026-08-17 11:25:39.150 Db YourSofia[98845:31ee38] [com.apple.CFBundle:resources] Resource lookup at CFBundle 0x600003b042a0 </Users/valentinasenov/Library/Developer/CoreSimulator/Devices/98FA5BD8-5D12-4B35-9A26-3AEBCADAFC8A/data/Containers/Bundle/Application/12B90C3A-72F3-447D-B35C-244E0D70240B/YourSofia.app> (executable, loaded)
	Request       : InfoPlist type: stringsdict
	Result        : None
2026-08-17 11:25:39.150 Db YourSofia[98845:31ee38] [com.apple.networkextension:] ne_tracker_check_is_hostname_blocked(): hostname localhost is not a tracker. Returning: ne_tracker_status_none
2026-08-17 11:25:39.150 Db YourSofia[98845:31edf9] [com.apple.BacklightServices:scenes] BLSBacklightFBSSceneEnvironment (BacklightUIServices) _settingsDiffActionsForScene
2026-08-17 11:25:39.150 Db YourSofia[98845:31edf9] [com.apple.BacklightServices:scenes] create BLSBacklightUISceneEnvironmentDiffAction:<_UIBacklightUISceneEnvironmentDiffAction: 0x60000000dc40>
2026-08-17 11:25:39.150 Db YourSofia[98845:31edf9] [com.apple.BacklightServices:scenes] BLSBacklightFBSSceneEnvironment (BacklightUIServices) _actionRespondersForScene
2026-08-17 11:25:39.150 Db YourSofia[98845:31edf9] [com.apple.BacklightServices:scenes] create BLSBacklightUISceneEnvironmentActionHandler:<_UIBacklightUISceneEnvironmentActionHandler: 0x60000000db10>
2026-08-17 11:25:39.150 Db YourSofia[98845:31edf9] [com.apple.BacklightServices:scenes] BLSBacklightFBSSceneEnvironment (BacklightUIServices) _settingsDiffActionsForScene
2026-08-17 11:25:39.150 Db YourSofia[98845:31edf9] [com.apple.BacklightServices:scenes] create BLSBacklightUISceneEnvironmentDiffAction:<_UIBacklightUISceneEnvironmentDiffAction: 0x60000000dec0>
2026-08-17 11:25:39.150 Db YourSofia[98845:31edf9] [com.apple.BacklightServices:scenes] BLSBacklightFBSSceneEnvironment (BacklightUIServices) _actionRespondersForScene
2026-08-17 11:25:39.150 Db YourSofia[98845:31edf9] [com.apple.BacklightServices:scenes] create BLSBacklightUISceneEnvironmentActionHandler:<_UIBacklightUISceneEnvironmentActionHandler: 0x60000000dbf0>
2026-08-17 11:25:39.150 Db YourSofia[98845:31edf9] [com.apple.BacklightServices:scenes] BLSBacklightFBSSceneEnvironment (BacklightUIServices) _settingsDiffActionsForScene
2026-08-17 11:25:39.150 Db YourSofia[98845:31edf9] [com.apple.BacklightServices:scenes] create BLSBacklightUISceneEnvironmentDiffAction:<_UIBacklightUISceneEnvironmentDiffAction: 0x60000000de70>
2026-08-17 11:25:39.150 Db YourSofia[98845:31edf9] [com.apple.BacklightServices:scenes] BLSBacklightFBSSceneEnvironment (BacklightUIServices) _actionRespondersForScene
2026-08-17 11:25:39.150 Db YourSofia[98845:31edf9] [com.apple.BacklightServices:scenes] create BLSBacklightUISceneEnvironmentActionHandler:<_UIBacklightUISceneEnvironmentActionHandler: 0x6000000046a0>
2026-08-17 11:25:39.150 Df YourSofia[98845:31edf9] [com.apple.UIKit:InterfaceStyle] Not push traits update to screen for new style 1, <UIWindowScene: 0x104d0f550> (28D03021-EA41-40D8-95B2-B56A0BB7975C)
2026-08-17 11:25:39.150 A  YourSofia[98845:31edf9] (libsystem_trace.dylib) Activity for state dumps
2026-08-17 11:25:39.150 F  YourSofia[98845:31edf9] [com.apple.runtime-issues:UIKit App Config] `UIScene` lifecycle will soon be required. Failure to adopt will result in an assert in the future.
2026-08-17 11:25:39.150 I  YourSofia[98845:31ee38] [com.apple.network:connection] nw_resolver_create_dns_service_locked [C1.1] Starting host resolution Hostname#fe343d95:61930, flags 0xc000d000 proto 0
2026-08-17 11:25:39.151 Df YourSofia[98845:31edf9] [com.apple.UIKit:InterfaceStyle] Not push traits update to screen for new style 1, <UIWindowScene: 0x104d0f550> (28D03021-EA41-40D8-95B2-B56A0BB7975C)
2026-08-17 11:25:39.151 Db YourSofia[98845:31edf9] [com.apple.defaults:User Defaults] found no value for key LogAppLifecycle in CFPrefsSearchListSource<0x600002c21180> (Domain: com.apple.UIKit, Container: (null) Non-launch persona: 0)
2026-08-17 11:25:39.151 Df YourSofia[98845:31edf9] [com.apple.UIKit:AppLifecycle] sceneOfRecord: sceneID: sceneID:bg.sofia.yoursofia-default  persistentID: 28D03021-EA41-40D8-95B2-B56A0BB7975C
2026-08-17 11:25:39.151 Df YourSofia[98845:31edf9] [com.apple.UIKit:Application] Ignoring already applied deactivation reason: 5; deactivation reasons: 1056
2026-08-17 11:25:39.151 Df YourSofia[98845:31edf9] [com.apple.UIKit:Application] Deactivation reason added: 11; deactivation reasons: 1056 -> 3104; animating application lifecycle event: 1
2026-08-17 11:25:39.151 Df YourSofia[98845:31edf9] [com.apple.KeyboardArbiter:Client] startConnection
2026-08-17 11:25:39.151 Df YourSofia[98845:31edf9] [com.apple.xpc:connection] [0x104d10600] activating connection: mach=true listener=false peer=false name=com.apple.UIKit.KeyboardManagement.hosted
2026-08-17 11:25:39.151 Df YourSofia[98845:31edf9] (UIKitCore) You've implemented -[<UIApplicationDelegate> application:performFetchWithCompletionHandler:], but you still need to add "fetch" to the list of your supported UIBackgroundModes in your Info.plist.
2026-08-17 11:25:39.151 Df YourSofia[98845:31edf9] (UIKitCore) You've implemented -[<UIApplicationDelegate> application:didReceiveRemoteNotification:fetchCompletionHandler:], but you still need to add "remote-notification" to the list of your supported UIBackgroundModes in your Info.plist.
2026-08-17 11:25:39.151 Db YourSofia[98845:31edf9] [com.apple.defaults:User Defaults] found no value for key detoxURLOverride in CFPrefsSearchListSource<0x600002c08180> (Domain: bg.sofia.yoursofia, Container: (null) Non-launch persona: 0)
2026-08-17 11:25:39.151 Db YourSofia[98845:31edf9] [com.apple.defaults:User Defaults] found no value for key detoxSourceAppOverride in CFPrefsSearchListSource<0x600002c08180> (Domain: bg.sofia.yoursofia, Container: (null) Non-launch persona: 0)
2026-08-17 11:25:39.152 Db YourSofia[98845:31edf9] [com.apple.defaults:User Defaults] found no value for key LogStatusBar in CFPrefsSearchListSource<0x600002c21180> (Domain: com.apple.UIKit, Container: (null) Non-launch persona: 0)
2026-08-17 11:25:39.152 Db YourSofia[98845:31edf9] [com.apple.defaults:User Defaults] found no value for key detoxURLOverride in CFPrefsSearchListSource<0x600002c08180> (Domain: bg.sofia.yoursofia, Container: (null) Non-launch persona: 0)
2026-08-17 11:25:39.152 Db YourSofia[98845:31edf9] [com.apple.defaults:User Defaults] found no value for key detoxSourceAppOverride in CFPrefsSearchListSource<0x600002c08180> (Domain: bg.sofia.yoursofia, Container: (null) Non-launch persona: 0)
2026-08-17 11:25:39.152 Db YourSofia[98845:31edf9] [com.apple.CFBundle:resources] Resource lookup at CFBundle 0x600003b042a0 </Users/valentinasenov/Library/Developer/CoreSimulator/Devices/98FA5BD8-5D12-4B35-9A26-3AEBCADAFC8A/data/Containers/Bundle/Application/12B90C3A-72F3-447D-B35C-244E0D70240B/YourSofia.app> (executable, loaded)
	Request       : InfoPlist type: strings
	Result        : None
2026-08-17 11:25:39.152 Db YourSofia[98845:31edf9] [com.apple.CFBundle:resources] Resource lookup at CFBundle 0x600003b042a0 </Users/valentinasenov/Library/Developer/CoreSimulator/Devices/98FA5BD8-5D12-4B35-9A26-3AEBCADAFC8A/data/Containers/Bundle/Application/12B90C3A-72F3-447D-B35C-244E0D70240B/YourSofia.app> (executable, loaded)
	Request       : InfoPlist type: stringsdict
	Result        : None
2026-08-17 11:25:39.152 Df YourSofia[98845:31ee38] [com.apple.CFNetwork:Default] Task <4DFECFE4-AE26-4446-BD94-A5BF77613D3D>.<1> setting up Connection 1
2026-08-17 11:25:39.152 Df YourSofia[98845:31edf9] (React) _setUpFeatureFlags called with release level 2
2026-08-17 11:25:39.152 Db YourSofia[98845:31edf9] [com.apple.CFBundle:resources] Resource lookup at CFBundle 0x600003b042a0 </Users/valentinasenov/Library/Developer/CoreSimulator/Devices/98FA5BD8-5D12-4B35-9A26-3AEBCADAFC8A/data/Containers/Bundle/Application/12B90C3A-72F3-447D-B35C-244E0D70240B/YourSofia.app> (executable, loaded)
	Request       : InfoPlist type: strings
	Result        : None
2026-08-17 11:25:39.152 Db YourSofia[98845:31edf9] [com.apple.CFBundle:resources] Resource lookup at CFBundle 0x600003b042a0 </Users/valentinasenov/Library/Developer/CoreSimulator/Devices/98FA5BD8-5D12-4B35-9A26-3AEBCADAFC8A/data/Containers/Bundle/Application/12B90C3A-72F3-447D-B35C-244E0D70240B/YourSofia.app> (executable, loaded)
	Request       : InfoPlist type: stringsdict
	Result        : None
2026-08-17 11:25:39.152 Db YourSofia[98845:31edf9] [com.apple.CFBundle:resources] Resource lookup at CFBundle 0x600003b042a0 </Users/valentinasenov/Library/Developer/CoreSimulator/Devices/98FA5BD8-5D12-4B35-9A26-3AEBCADAFC8A/data/Containers/Bundle/Application/12B90C3A-72F3-447D-B35C-244E0D70240B/YourSofia.app> (executable, loaded)
	Request       : InfoPlist type: strings
	Result        : None
2026-08-17 11:25:39.152 Db YourSofia[98845:31edf9] [com.apple.CFBundle:resources] Resource lookup at CFBundle 0x600003b042a0 </Users/valentinasenov/Library/Developer/CoreSimulator/Devices/98FA5BD8-5D12-4B35-9A26-3AEBCADAFC8A/data/Containers/Bundle/Application/12B90C3A-72F3-447D-B35C-244E0D70240B/YourSofia.app> (executable, loaded)
	Request       : InfoPlist type: stringsdict
	Result        : None
2026-08-17 11:25:39.152 Db YourSofia[98845:31edf9] [com.apple.CFBundle:resources] Resource lookup at CFBundle 0x600003b042a0 </Users/valentinasenov/Library/Developer/CoreSimulator/Devices/98FA5BD8-5D12-4B35-9A26-3AEBCADAFC8A/data/Containers/Bundle/Application/12B90C3A-72F3-447D-B35C-244E0D70240B/YourSofia.app> (executable, loaded)
	Request       : InfoPlist type: strings
	Result        : None
2026-08-17 11:25:39.152 Db YourSofia[98845:31edf9] [com.apple.CFBundle:resources] Resource lookup at CFBundle 0x600003b042a0 </Users/valentinasenov/Library/Developer/CoreSimulator/Devices/98FA5BD8-5D12-4B35-9A26-3AEBCADAFC8A/data/Containers/Bundle/Application/12B90C3A-72F3-447D-B35C-244E0D70240B/YourSofia.app> (executable, loaded)
	Request       : InfoPlist type: stringsdict
	Result        : None
2026-08-17 11:25:39.153 Db YourSofia[98845:31edf9] [com.apple.CFBundle:resources] Resource lookup at CFBundle 0x600003b042a0 </Users/valentinasenov/Library/Developer/CoreSimulator/Devices/98FA5BD8-5D12-4B35-9A26-3AEBCADAFC8A/data/Containers/Bundle/Application/12B90C3A-72F3-447D-B35C-244E0D70240B/YourSofia.app> (executable, loaded)
	Request       : InfoPlist type: strings
	Result        : None
2026-08-17 11:25:39.153 Db YourSofia[98845:31edf9] [com.apple.CFBundle:resources] Resource lookup at CFBundle 0x600003b042a0 </Users/valentinasenov/Library/Developer/CoreSimulator/Devices/98FA5BD8-5D12-4B35-9A26-3AEBCADAFC8A/data/Containers/Bundle/Application/12B90C3A-72F3-447D-B35C-244E0D70240B/YourSofia.app> (executable, loaded)
	Request       : InfoPlist type: stringsdict
	Result        : None
2026-08-17 11:25:39.153 Db YourSofia[98845:31edf9] [com.apple.CFBundle:resources] Resource lookup at CFBundle 0x600003b042a0 </Users/valentinasenov/Library/Developer/CoreSimulator/Devices/98FA5BD8-5D12-4B35-9A26-3AEBCADAFC8A/data/Containers/Bundle/Application/12B90C3A-72F3-447D-B35C-244E0D70240B/YourSofia.app> (executable, loaded)
	Request       : InfoPlist type: strings
	Result        : None
2026-08-17 11:25:39.153 Db YourSofia[98845:31edf9] [com.apple.CFBundle:resources] Resource lookup at CFBundle 0x600003b042a0 </Users/valentinasenov/Library/Developer/CoreSimulator/Devices/98FA5BD8-5D12-4B35-9A26-3AEBCADAFC8A/data/Containers/Bundle/Application/12B90C3A-72F3-447D-B35C-244E0D70240B/YourSofia.app> (executable, loaded)
	Request       : InfoPlist type: stringsdict
	Result        : None
2026-08-17 11:25:39.153 Db YourSofia[98845:31ee38] [com.apple.network:activity] Returning should log: 0 for activity cfnetwork:foreground_task
2026-08-17 11:25:39.153 I  YourSofia[98845:31ee38] [com.apple.network:connection] nw_resolver_host_resolve_callback [C1.1] flags=0x40000003 ifindex=4294967295 error=NoError(0) hostname=localhost. addr=IPv6#b2ace991 ttl=1
2026-08-17 11:25:39.153 I  YourSofia[98845:31ee38] [com.apple.network:connection] nw_resolver_host_resolve_callback [C1.1] flags=0x40000002 ifindex=4294967295 error=NoError(0) hostname=localhost. addr=IPv4#fab1853c ttl=1
2026-08-17 11:25:39.153 Db YourSofia[98845:31ee38] [com.apple.network:] sa_dst_compare_rfc6724 Rule 6, prefer d2, d2 precedence 50 > d1 precedence 35
2026-08-17 11:25:39.153 Db YourSofia[98845:31ee38] [com.apple.network:] sa_dst_compare_internal <private>@0 < <private>@0
2026-08-17 11:25:39.153 Db YourSofia[98845:31ee38] [com.apple.network:connection] nw_endpoint_resolver_update [C1.1 Hostname#fe343d95:61930 in_progress resolver (satisfied (Path is satisfied), interface: en0[802.11], uses wifi, LQM: unknown)] resolver is complete
2026-08-17 11:25:39.153 Df YourSofia[98845:31ee38] [com.apple.network:connection] nw_endpoint_resolver_update [C1.1 Hostname#fe343d95:61930 in_progress resolver (satisfied (Path is satisfied), interface: en0[802.11], uses wifi, LQM: unknown)] Adding endpoint handler for IPv6#2574c178.61930
2026-08-17 11:25:39.153 Df YourSofia[98845:31ee38] [com.apple.network:connection] nw_endpoint_resolver_update [C1.1 Hostname#fe343d95:61930 in_progress resolver (satisfied (Path is satisfied), interface: en0[802.11], uses wifi, LQM: unknown)] Adding endpoint handler for IPv4#91bc9fd6:61930
2026-08-17 11:25:39.153 Db YourSofia[98845:31ee38] [com.apple.network:connection] nw_endpoint_resolver_update [C1.1 Hostname#fe343d95:61930 in_progress resolver (satisfied (Path is satisfied), interface: en0[802.11], uses wifi, LQM: unknown)] Updated endpoint list is (IPv6#2574c178.61930,IPv4#91bc9fd6:61930)
2026-08-17 11:25:39.154 Db YourSofia[98845:31ee38] [com.apple.network:connection] nw_endpoint_flow_receive_report [C1 Hostname#fe343d95:61930 in_progress parent-flow (satisfied (Path is satisfied), interface: en0[802.11], uses wifi, LQM: unknown)] received child report: [C1.1 Hostname#fe343d95:61930 in_progress resolver (satisfied (Path is satisfied), interface: en0[802.11], uses wifi, LQM: unknown)]
2026-08-17 11:25:39.154 Df YourSofia[98845:31ee38] [com.apple.network:connection] [C1.1 Hostname#fe343d95:61930 in_progress resolver (satisfied (Path is satisfied), interface: en0[802.11], uses wifi, LQM: unknown)] event: resolver:receive_dns @0.062s
2026-08-17 11:25:39.155 Db YourSofia[98845:31edf9] [com.apple.defaults:User Defaults] found no value for key UIViewLayoutFeedbackLoopDebuggingThreshold in CFPrefsSearchListSource<0x600002c08180> (Domain: bg.sofia.yoursofia, Container: (null) Non-launch persona: 0)
2026-08-17 11:25:39.155 Db YourSofia[98845:31edf9] [com.apple.defaults:User Defaults] found no value for key UIEngineHostingViewsShouldGuardWantsAutolayoutFlagPropagation in CFPrefsSearchListSource<0x600002c08180> (Domain: bg.sofia.yoursofia, Container: (null) Non-launch persona: 0)
2026-08-17 11:25:39.155 Db YourSofia[98845:31edf9] [com.apple.defaults:User Defaults] found no value for key UIViewUseStaleDelegateContentInsets in CFPrefsSearchListSource<0x600002c08180> (Domain: bg.sofia.yoursofia, Container: (null) Non-launch persona: 0)
2026-08-17 11:25:39.156 Db YourSofia[98845:31edf9] [com.apple.defaults:User Defaults] found no value for key _UIConstraintBasedLayoutEngageNonLazily in CFPrefsSearchListSource<0x600002c08180> (Domain: bg.sofia.yoursofia, Container: (null) Non-launch persona: 0)
2026-08-17 11:25:39.157 Db YourSofia[98845:31edf9] [com.apple.defaults:User Defaults] found no value for key com.apple.SwiftUI.IgnoreSolariumOptOut in CFPrefsSearchListSource<0x600002c08180> (Domain: bg.sofia.yoursofia, Container: (null) Non-launch persona: 0)
2026-08-17 11:25:39.158 I  YourSofia[98845:31ee38] [com.apple.network:connection] nw_endpoint_resolver_start_next_child [C1.1 Hostname#fe343d95:61930 in_progress resolver (satisfied (Path is satisfied), interface: en0[802.11], uses wifi, LQM: unknown)] starting child endpoint IPv6#2574c178.61930
2026-08-17 11:25:39.159 I  YourSofia[98845:31ee38] [com.apple.network:connection] nw_endpoint_handler_start [C1.1.1 IPv6#2574c178.61930 initial path ((null))]
2026-08-17 11:25:39.159 Db YourSofia[98845:31ee38] [com.apple.network:connection] nw_endpoint_resolver_receive_report [C1.1 Hostname#fe343d95:61930 in_progress resolver (satisfied (Path is satisfied), interface: en0[802.11], uses wifi, LQM: unknown)] received child report: [C1.1.1 IPv6#2574c178.61930 initial path ((null))]
2026-08-17 11:25:39.159 Db YourSofia[98845:31ee38] [com.apple.network:connection] nw_endpoint_flow_receive_report [C1 Hostname#fe343d95:61930 in_progress parent-flow (satisfied (Path is satisfied), interface: en0[802.11], uses wifi, LQM: unknown)] received child report: [C1.1.1 IPv6#2574c178.61930 initial path ((null))]
2026-08-17 11:25:39.159 Df YourSofia[98845:31ee38] [com.apple.network:connection] [C1.1.1 IPv6#2574c178.61930 initial path ((null))] event: path:start @0.067s
2026-08-17 11:25:39.159 Db YourSofia[98845:31edf9] [com.apple.defaults:User Defaults] found no value for key dev.expo.updates.updatesConfigOverride in CFPrefsSearchListSource<0x600002c08180> (Domain: bg.sofia.yoursofia, Container: (null) Non-launch persona: 0)
2026-08-17 11:25:39.159 Db YourSofia[98845:31edf9] [com.apple.CFBundle:resources] Resource lookup at CFBundle 0x600003b042a0 </Users/valentinasenov/Library/Developer/CoreSimulator/Devices/98FA5BD8-5D12-4B35-9A26-3AEBCADAFC8A/data/Containers/Bundle/Application/12B90C3A-72F3-447D-B35C-244E0D70240B/YourSofia.app> (executable, loaded)
	Request       : Expo type: plist
	Result        : file:///Users/valentinasenov/Library/Developer/CoreSimulator/Devices/98FA5BD8-5D12-4B35-9A26-3AEBCADAFC8A/data/Containers/Bundle/Application/12B90C3A-72F3-447D-B35C-244E0D70240B/YourSofia.app/Expo.plist
2026-08-17 11:25:39.159 Db YourSofia[98845:31ee38] [com.apple.network:connection] nw_endpoint_handler_path_change [C1.1.1 IPv6#2574c178.61930 waiting path (satisfied (Path is satisfied), interface: lo0)]
2026-08-17 11:25:39.159 Db YourSofia[98845:31ee38] [com.apple.network:connection] nw_endpoint_resolver_receive_report [C1.1 Hostname#fe343d95:61930 in_progress resolver (satisfied (Path is satisfied), interface: en0[802.11], uses wifi, LQM: unknown)] received child report: [C1.1.1 IPv6#2574c178.61930 waiting path (satisfied (Path is satisfied), interface: lo0)]
2026-08-17 11:25:39.159 Db YourSofia[98845:31ee38] [com.apple.network:connection] nw_endpoint_flow_receive_report [C1 Hostname#fe343d95:61930 in_progress parent-flow (satisfied (Path is satisfied), interface: en0[802.11], uses wifi, LQM: unknown)] received child report: [C1.1.1 IPv6#2574c178.61930 waiting path (satisfied (Path is satisfied), interface: lo0)]
2026-08-17 11:25:39.159 Df YourSofia[98845:31ee38] [com.apple.network:connection] [C1.1.1 IPv6#2574c178.61930 waiting path (satisfied (Path is satisfied), interface: lo0)] event: path:satisfied @0.067s, uuid: 13598800-1C4C-4F77-AB53-52F476D77504
2026-08-17 11:25:39.159 Db YourSofia[98845:31ee38] [com.apple.network:] nw_endpoint_proxy_handler_should_use_proxy Looking up proxy for hostname: <nil>, ifindex: 0
2026-08-17 11:25:39.159 Db YourSofia[98845:31edf9] [com.apple.CFBundle:resources] Resource lookup at CFBundle 0x600003b042a0 </Users/valentinasenov/Library/Developer/CoreSimulator/Devices/98FA5BD8-5D12-4B35-9A26-3AEBCADAFC8A/data/Containers/Bundle/Application/12B90C3A-72F3-447D-B35C-244E0D70240B/YourSofia.app> (executable, loaded)
	Request       : Expo type: plist
	Result        : file:///Users/valentinasenov/Library/Developer/CoreSimulator/Devices/98FA5BD8-5D12-4B35-9A26-3AEBCADAFC8A/data/Containers/Bundle/Application/12B90C3A-72F3-447D-B35C-244E0D70240B/YourSofia.app/Expo.plist
2026-08-17 11:25:39.160 Db YourSofia[98845:31ee38] [com.apple.SystemConfiguration:SCPreferences] create <SCPreferences 0x105004910 [0x1e6193a48]> {name = SCDynamicStoreCopyProxiesWithOptions, id = /Library/Managed Preferences/mobile/com.apple.SystemConfiguration.plist, path = /Library/Managed Preferences/mobile/com.apple.SystemConfiguration.plist}
2026-08-17 11:25:39.160 Db YourSofia[98845:31edf9] [com.apple.CFBundle:resources] Resource lookup at CFBundle 0x600003b042a0 </Users/valentinasenov/Library/Developer/CoreSimulator/Devices/98FA5BD8-5D12-4B35-9A26-3AEBCADAFC8A/data/Containers/Bundle/Application/12B90C3A-72F3-447D-B35C-244E0D70240B/YourSofia.app> (executable, loaded)
	Request       : Expo type: plist
	Result        : file:///Users/valentinasenov/Library/Developer/CoreSimulator/Devices/98FA5BD8-5D12-4B35-9A26-3AEBCADAFC8A/data/Containers/Bundle/Application/12B90C3A-72F3-447D-B35C-244E0D70240B/YourSofia.app/Expo.plist
2026-08-17 11:25:39.160 Db YourSofia[98845:31edf9] [com.apple.defaults:User Defaults] found no value for key dev.expo.updates.updatesConfigOverride in CFPrefsSearchListSource<0x600002c08180> (Domain: bg.sofia.yoursofia, Container: (null) Non-launch persona: 0)
2026-08-17 11:25:39.160 Db YourSofia[98845:31ee38] [com.apple.SystemConfiguration:SCPreferences] SCPreferences() access: /Library/Managed Preferences/mobile/com.apple.SystemConfiguration.plist, size=0
2026-08-17 11:25:39.160 Db YourSofia[98845:31ee38] [com.apple.SystemConfiguration:SCPreferences] release <SCPreferences 0x105004910 [0x1e6193a48]> {name = SCDynamicStoreCopyProxiesWithOptions, id = /Library/Managed Preferences/mobile/com.apple.SystemConfiguration.plist, path = /Library/Managed Preferences/mobile/com.apple.SystemConfiguration.plist, accessed}
2026-08-17 11:25:39.162 I  YourSofia[98845:31ee38] [com.apple.network:connection] nw_association_create_flow <nw_association IPv6#2574c178.61930> Added association flow ID B142B400-A2B8-4238-BD22-499CB271CC95
2026-08-17 11:25:39.162 I  YourSofia[98845:31ee38] [com.apple.network:connection] nw_endpoint_flow_setup_protocols [C1.1.1 IPv6#2574c178.61930 in_progress socket-flow (satisfied (Path is satisfied), interface: lo0)] setup flow id B142B400-A2B8-4238-BD22-499CB271CC95
2026-08-17 11:25:39.166 Db YourSofia[98845:31ee38] [com.apple.network:connection] nw_endpoint_flow_attach_protocols [C1.1.1 IPv6#2574c178.61930 in_progress socket-flow (satisfied (Path is satisfied), interface: lo0)]
2026-08-17 11:25:39.171 I  YourSofia[98845:31edf9] [dev.expo.modules:expo-updates] 🟢 {"code":"None","message":"AppController sharedInstance created","timestamp":1786955139000,"level":"info"}
2026-08-17 11:25:39.166 Db YourSofia[98845:31ee38] [com.apple.network:connection] nw_endpoint_flow_attach_protocols_block_invoke [C1.1.1 IPv6#2574c178.61930 in_progress socket-flow (satisfied (Path is satisfied), interface: lo0)] Attached application protocol: CFNetworkConnection-3551300980
2026-08-17 11:25:39.177 Db YourSofia[98845:31ee38] [com.apple.network:] nw_fd_wrapper_create Created <fd_wrapper 10, guarded: false>
2026-08-17 11:25:39.178 Db YourSofia[98845:31ee38] [com.apple.network:connection] nw_endpoint_flow_attach_protocols [C1.1.1 IPv6#2574c178.61930 in_progress socket-flow (satisfied (Path is satisfied), interface: lo0)] Attached socket protocol
2026-08-17 11:25:39.179 Db YourSofia[98845:31ee38] [com.apple.network:connection] nw_endpoint_flow_setup_protocols [C1.1.1 IPv6#2574c178.61930 in_progress socket-flow (satisfied (Path is satisfied), interface: lo0)] leaf flow starting
2026-08-17 11:25:39.179 Db YourSofia[98845:31ee38] [com.apple.network:connection] nw_endpoint_resolver_receive_report [C1.1 Hostname#fe343d95:61930 in_progress resolver (satisfied (Path is satisfied), interface: en0[802.11], uses wifi, LQM: unknown)] received child report: [C1.1.1 IPv6#2574c178.61930 in_progress socket-flow (satisfied (Path is satisfied), interface: lo0)]
2026-08-17 11:25:39.179 Db YourSofia[98845:31ee38] [com.apple.network:connection] nw_endpoint_flow_receive_report [C1 Hostname#fe343d95:61930 in_progress parent-flow (satisfied (Path is satisfied), interface: en0[802.11], uses wifi, LQM: unknown)] received child report: [C1.1.1 IPv6#2574c178.61930 in_progress socket-flow (satisfied (Path is satisfied), interface: lo0)]
2026-08-17 11:25:39.179 Df YourSofia[98845:31ee38] [com.apple.network:connection] [C1.1.1 IPv6#2574c178.61930 in_progress socket-flow (satisfied (Path is satisfied), interface: lo0)] event: flow:start_connect @0.087s
2026-08-17 11:25:39.180 I  YourSofia[98845:31edf9] [dev.expo.modules:expo-updates] 🟢 {"message":"Updates state change: state = idle, event = startStartup, context = UpdatesStateContext(isStartupProcedureRunning: true, isUpdateAvailable: false, isUpdatePending: false, isChecking: false, isDownloading: false, isRestarting: false, restartCount: 0, latestManifest: nil, downloadedManifest: nil, rollback: nil, checkError: nil, downloadError: nil, downloadProgress: 0.0, lastCheckForUpdateTime: nil, sequenceNumber: 1)","code":"None","timestamp":1786955139000,"level":"info"}
2026-08-17 11:25:39.181 Db YourSofia[98845:31edf9] [com.apple.CFBundle:resources] Resource lookup at CFBundle 0x600003b042a0 </Users/valentinasenov/Library/Developer/CoreSimulator/Devices/98FA5BD8-5D12-4B35-9A26-3AEBCADAFC8A/data/Containers/Bundle/Application/12B90C3A-72F3-447D-B35C-244E0D70240B/YourSofia.app> (executable, loaded)
	Request       : InfoPlist type: strings
	Result        : None
2026-08-17 11:25:39.181 Db YourSofia[98845:31edf9] [com.apple.CFBundle:resources] Resource lookup at CFBundle 0x600003b042a0 </Users/valentinasenov/Library/Developer/CoreSimulator/Devices/98FA5BD8-5D12-4B35-9A26-3AEBCADAFC8A/data/Containers/Bundle/Application/12B90C3A-72F3-447D-B35C-244E0D70240B/YourSofia.app> (executable, loaded)
	Request       : InfoPlist type: stringsdict
	Result        : None
2026-08-17 11:25:39.181 Db YourSofia[98845:31edf9] [com.apple.CFBundle:resources] Resource lookup at CFBundle 0x600003b042a0 </Users/valentinasenov/Library/Developer/CoreSimulator/Devices/98FA5BD8-5D12-4B35-9A26-3AEBCADAFC8A/data/Containers/Bundle/Application/12B90C3A-72F3-447D-B35C-244E0D70240B/YourSofia.app> (executable, loaded)
	Request       : SplashScreen type: storyboard
	Result        : None
2026-08-17 11:25:39.181 Db YourSofia[98845:31edf9] [com.apple.CFBundle:resources] Resource lookup at CFBundle 0x600003b042a0 </Users/valentinasenov/Library/Developer/CoreSimulator/Devices/98FA5BD8-5D12-4B35-9A26-3AEBCADAFC8A/data/Containers/Bundle/Application/12B90C3A-72F3-447D-B35C-244E0D70240B/YourSofia.app> (executable, loaded)
	Request       : SplashScreen type: storyboardc
	Result        : file:///Users/valentinasenov/Library/Developer/CoreSimulator/Devices/98FA5BD8-5D12-4B35-9A26-3AEBCADAFC8A/data/Containers/Bundle/Application/12B90C3A-72F3-447D-B35C-244E0D70240B/YourSofia.app/SplashScreen.storyboardc/
2026-08-17 11:25:39.181 Db YourSofia[98845:31edf9] [com.apple.CFBundle:resources] Resource lookup at CFBundle 0x600003b042a0 </Users/valentinasenov/Library/Developer/CoreSimulator/Devices/98FA5BD8-5D12-4B35-9A26-3AEBCADAFC8A/data/Containers/Bundle/Application/12B90C3A-72F3-447D-B35C-244E0D70240B/YourSofia.app> (executable, loaded)
	Request       : SplashScreen type: storyboardc
	Result        : file:///Users/valentinasenov/Library/Developer/CoreSimulator/Devices/98FA5BD8-5D12-4B35-9A26-3AEBCADAFC8A/data/Containers/Bundle/Application/12B90C3A-72F3-447D-B35C-244E0D70240B/YourSofia.app/SplashScreen.storyboardc/
2026-08-17 11:25:39.181 Db YourSofia[98845:31edf9] [com.apple.CFBundle:resources] Resource lookup at CFBundle 0x600003b042a0 </Users/valentinasenov/Library/Developer/CoreSimulator/Devices/98FA5BD8-5D12-4B35-9A26-3AEBCADAFC8A/data/Containers/Bundle/Application/12B90C3A-72F3-447D-B35C-244E0D70240B/YourSofia.app> (executable, loaded)
	Request       : SplashScreen type: storyboardc
	Result        : file:///Users/valentinasenov/Library/Developer/CoreSimulator/Devices/98FA5BD8-5D12-4B35-9A26-3AEBCADAFC8A/data/Containers/Bundle/Application/12B90C3A-72F3-447D-B35C-244E0D70240B/YourSofia.app/SplashScreen.storyboardc/
2026-08-17 11:25:39.181 Db YourSofia[98845:31edf9] [com.apple.CFBundle:resources] Resource lookup at CFBundle 0x600003b042a0 </Users/valentinasenov/Library/Developer/CoreSimulator/Devices/98FA5BD8-5D12-4B35-9A26-3AEBCADAFC8A/data/Containers/Bundle/Application/12B90C3A-72F3-447D-B35C-244E0D70240B/YourSofia.app> (executable, loaded)
	Request       : SplashScreenViewController type: nib path: SplashScreen.storyboardc
	Result        : file:///Users/valentinasenov/Library/Developer/CoreSimulator/Devices/98FA5BD8-5D12-4B35-9A26-3AEBCADAFC8A/data/Containers/Bundle/Application/12B90C3A-72F3-447D-B35C-244E0D70240B/YourSofia.app/SplashScreen.storyboardc/SplashScreenViewController.nib
2026-08-17 11:25:39.180 I  YourSofia[98845:31ee38] [com.apple.network:connection] nw_endpoint_resolver_start_next_child [C1.1 Hostname#fe343d95:61930 in_progress resolver (satisfied (Path is satisfied), interface: en0[802.11], uses wifi, LQM: unknown)] starting next child endpoint in 100ms
2026-08-17 11:25:39.181 Db YourSofia[98845:31edf9] [com.apple.CFBundle:resources] Resource lookup at CFBundle 0x600003b042a0 </Users/valentinasenov/Library/Developer/CoreSimulator/Devices/98FA5BD8-5D12-4B35-9A26-3AEBCADAFC8A/data/Containers/Bundle/Application/12B90C3A-72F3-447D-B35C-244E0D70240B/YourSofia.app> (executable, loaded)
	Request       : EXPO-VIEWCONTROLLER-1-view-EXPO-ContainerView type: nib path: SplashScreen.storyboardc
	Result        : file:///Users/valentinasenov/Library/Developer/CoreSimulator/Devices/98FA5BD8-5D12-4B35-9A26-3AEBCADAFC8A/data/Containers/Bundle/Application/12B90C3A-72F3-447D-B35C-244E0D70240B/YourSofia.app/SplashScreen.storyboardc/EXPO-VIEWCONTROLLER-1-view-EXPO-ContainerView.nib
2026-08-17 11:25:39.181 Db YourSofia[98845:31edf9] [com.apple.CFBundle:resources] Resource lookup at CFBundle 0x600003b042a0 </Users/valentinasenov/Library/Developer/CoreSimulator/Devices/98FA5BD8-5D12-4B35-9A26-3AEBCADAFC8A/data/Containers/Bundle/Application/12B90C3A-72F3-447D-B35C-244E0D70240B/YourSofia.app> (executable, loaded)
	Request       : SplashScreen type: storyboardc
	Result        : file:///Users/valentinasenov/Library/Developer/CoreSimulator/Devices/98FA5BD8-5D12-4B35-9A26-3AEBCADAFC8A/data/Containers/Bundle/Application/12B90C3A-72F3-447D-B35C-244E0D70240B/YourSofia.app/SplashScreen.storyboardc/
2026-08-17 11:25:39.181 Db YourSofia[98845:31edf9] [com.apple.CFBundle:resources] Resource lookup at CFBundle 0x600003b042a0 </Users/valentinasenov/Library/Developer/CoreSimulator/Devices/98FA5BD8-5D12-4B35-9A26-3AEBCADAFC8A/data/Containers/Bundle/Application/12B90C3A-72F3-447D-B35C-244E0D70240B/YourSofia.app> (executable, loaded)
	Request       : EXPO-VIEWCONTROLLER-1-view-EXPO-ContainerView type: nib path: SplashScreen.storyboardc
	Result        : file:///Users/valentinasenov/Library/Developer/CoreSimulator/Devices/98FA5BD8-5D12-4B35-9A26-3AEBCADAFC8A/data/Containers/Bundle/Application/12B90C3A-72F3-447D-B35C-244E0D70240B/YourSofia.app/SplashScreen.storyboardc/EXPO-VIEWCONTROLLER-1-view-EXPO-ContainerView.nib
2026-08-17 11:25:39.181 Db YourSofia[98845:31ee38] [com.apple.network:connection] nw_socket_handle_socket_event [C1.1.1:2] Event mask: 0x800
2026-08-17 11:25:39.181 Df YourSofia[98845:31ee38] [com.apple.network:connection] nw_socket_handle_socket_event [C1.1.1:2] Socket received CONNECTED event
2026-08-17 11:25:39.182 Db YourSofia[98845:31edf9] [com.apple.defaults:User Defaults] found no value for key _UIConstraintBasedLayout in CFPrefsSearchListSource<0x600002c08180> (Domain: bg.sofia.yoursofia, Container: (null) Non-launch persona: 0)
2026-08-17 11:25:39.182 Db YourSofia[98845:31edf9] [com.apple.CFBundle:resources] Resource lookup at CFBundle 0x600003b042a0 </Users/valentinasenov/Library/Developer/CoreSimulator/Devices/98FA5BD8-5D12-4B35-9A26-3AEBCADAFC8A/data/Containers/Bundle/Application/12B90C3A-72F3-447D-B35C-244E0D70240B/YourSofia.app> (executable, loaded)
	Request       : Assets type: car
	Result        : file:///Users/valentinasenov/Library/Developer/CoreSimulator/Devices/98FA5BD8-5D12-4B35-9A26-3AEBCADAFC8A/data/Containers/Bundle/Application/12B90C3A-72F3-447D-B35C-244E0D70240B/YourSofia.app/Assets.car
2026-08-17 11:25:39.181 Db YourSofia[98845:31ee38] [com.apple.network:connection] nw_socket_setup_notsent_lowat [C1.1.1:2] Set TCP_NOTSENT_LOWAT(16384)
2026-08-17 11:25:39.182 Db YourSofia[98845:31edf9] [com.apple.defaults:User Defaults] found no value for key CUIShowDebugLogs in CFPrefsSearchListSource<0x600002c08180> (Domain: bg.sofia.yoursofia, Container: (null) Non-launch persona: 0)
2026-08-17 11:25:39.182 Db YourSofia[98845:31ee5b] [com.apple.CFBundle:resources] Language lookup at CFBundle 0x600003b0a220 </Users/valentinasenov/Library/Developer/CoreSimulator/Devices/98FA5BD8-5D12-4B35-9A26-3AEBCADAFC8A/data/Containers/Bundle/Application/12B90C3A-72F3-447D-B35C-244E0D70240B/YourSofia.app/EXUpdates.bundle> (not loaded)
	Localizations : [en]
	Dev language  : en
	User prefs    : [en-US, bg-US]
	Main bundle   : [en]
	Allow mixed   : 0 
	Result        : [en]
2026-08-17 11:25:39.182 Db YourSofia[98845:31ee5b] [com.apple.CFBundle:resources] Resource lookup at CFBundle 0x600003b0a220 </Users/valentinasenov/Library/Developer/CoreSimulator/Devices/98FA5BD8-5D12-4B35-9A26-3AEBCADAFC8A/data/Containers/Bundle/Application/12B90C3A-72F3-447D-B35C-244E0D70240B/YourSofia.app/EXUpdates.bundle> (not loaded)
	Request       : app type: manifest
	Result        : file:///Users/valentinasenov/Library/Developer/CoreSimulator/Devices/98FA5BD8-5D12-4B35-9A26-3AEBCADAFC8A/data/Containers/Bundle/Application/12B90C3A-72F3-447D-B35C-244E0D70240B/YourSofia.app/EXUpdates.bundle/app.manifest
2026-08-17 11:25:39.182 Db YourSofia[98845:31edf9] [com.apple.CFBundle:resources] Resource lookup at CFBundle 0x600003b042a0 </Users/valentinasenov/Library/Developer/CoreSimulator/Devices/98FA5BD8-5D12-4B35-9A26-3AEBCADAFC8A/data/Containers/Bundle/Application/12B90C3A-72F3-447D-B35C-244E0D70240B/YourSofia.app> (executable, loaded)
	Request       : SplashScreen@3x type: png
	Result        : None
2026-08-17 11:25:39.182 Db YourSofia[98845:31edf9] [com.apple.CFBundle:resources] Resource lookup at CFBundle 0x600003b042a0 </Users/valentinasenov/Library/Developer/CoreSimulator/Devices/98FA5BD8-5D12-4B35-9A26-3AEBCADAFC8A/data/Containers/Bundle/Application/12B90C3A-72F3-447D-B35C-244E0D70240B/YourSofia.app> (executable, loaded)
	Request       : SplashScreen@2x type: png
	Result        : None
2026-08-17 11:25:39.182 Db YourSofia[98845:31edf9] [com.apple.CFBundle:resources] Resource lookup at CFBundle 0x600003b042a0 </Users/valentinasenov/Library/Developer/CoreSimulator/Devices/98FA5BD8-5D12-4B35-9A26-3AEBCADAFC8A/data/Containers/Bundle/Application/12B90C3A-72F3-447D-B35C-244E0D70240B/YourSofia.app> (executable, loaded)
	Request       : SplashScreen type: png
	Result        : None
2026-08-17 11:25:39.182 Db YourSofia[98845:31edf9] [com.apple.CFBundle:resources] Resource lookup at CFBundle 0x600003b042a0 </Users/valentinasenov/Library/Developer/CoreSimulator/Devices/98FA5BD8-5D12-4B35-9A26-3AEBCADAFC8A/data/Containers/Bundle/Application/12B90C3A-72F3-447D-B35C-244E0D70240B/YourSofia.app> (executable, loaded)
	Request       : SplashScreen@1x type: png
	Result        : None
2026-08-17 11:25:39.182 Df YourSofia[98845:31edf9] (UIKitCore) Could not load the "SplashScreen" image referenced from a nib in the bundle with identifier "bg.sofia.yoursofia"
2026-08-17 11:25:39.182 Df YourSofia[98845:31ee38] [com.apple.network:connection] nw_flow_connected [C1.1.1 IPv6#2574c178.61930 in_progress socket-flow (satisfied (Path is satisfied), interface: lo0)] Transport protocol connected (socket)
2026-08-17 11:25:39.182 Db YourSofia[98845:31edf9] [com.apple.defaults:User Defaults] found no value for key CGAllowDebuggingDefaults in CFPrefsPlistSource<0x600002c00380> (Domain: kCFPreferencesAnyApplication, User: kCFPreferencesCurrentUser, ByHost: No, Container: (null), Contents Need Refresh: No)
2026-08-17 11:25:39.182 Db YourSofia[98845:31ee38] [com.apple.network:connection] nw_endpoint_resolver_receive_report [C1.1 Hostname#fe343d95:61930 in_progress resolver (satisfied (Path is satisfied), interface: en0[802.11], uses wifi, LQM: unknown)] received child report: [C1.1.1 IPv6#2574c178.61930 in_progress socket-flow (satisfied (Path is satisfied), interface: lo0)]
2026-08-17 11:25:39.182 Db YourSofia[98845:31ee38] [com.apple.network:connection] nw_endpoint_flow_receive_report [C1 Hostname#fe343d95:61930 in_progress parent-flow (satisfied (Path is satisfied), interface: en0[802.11], uses wifi, LQM: unknown)] received child report: [C1.1.1 IPv6#2574c178.61930 in_progress socket-flow (satisfied (Path is satisfied), interface: lo0)]
2026-08-17 11:25:39.182 Df YourSofia[98845:31ee38] [com.apple.network:connection] [C1.1.1 IPv6#2574c178.61930 in_progress socket-flow (satisfied (Path is satisfied), interface: lo0)] event: flow:finish_transport @0.090s
2026-08-17 11:25:39.182 I  YourSofia[98845:31ee38] [com.apple.network:connection] nw_endpoint_resolver_receive_report [C1.1 Hostname#fe343d95:61930 in_progress resolver (satisfied (Path is satisfied), interface: en0[802.11], uses wifi, LQM: unknown)] pushing out endpoint race by 2000ms
2026-08-17 11:25:39.183 Db YourSofia[98845:31edf9] [com.apple.defaults:User Defaults] found no value for key UIViewShowAlignmentRects in CFPrefsSearchListSource<0x600002c08180> (Domain: bg.sofia.yoursofia, Container: (null) Non-launch persona: 0)
2026-08-17 11:25:39.184 Db YourSofia[98845:31edf9] [com.apple.defaults:User Defaults] found no value for key UITraitUsageTrackingLoggingEnabled in CFPrefsSearchListSource<0x600002c08180> (Domain: bg.sofia.yoursofia, Container: (null) Non-launch persona: 0)
2026-08-17 11:25:39.184 Db YourSofia[98845:31edf9] [com.apple.defaults:User Defaults] found no value for key UIStateTrackingLoggingEnabled in CFPrefsSearchListSource<0x600002c08180> (Domain: bg.sofia.yoursofia, Container: (null) Non-launch persona: 0)
2026-08-17 11:25:39.184 Db YourSofia[98845:31edf9] [com.apple.defaults:User Defaults] found no value for key UILayoutAnchorsDeferTrippingWantsAutolayoutFlagUntilUsed in CFPrefsSearchListSource<0x600002c08180> (Domain: bg.sofia.yoursofia, Container: (null) Non-launch persona: 0)
2026-08-17 11:25:39.184 Db YourSofia[98845:31edf9] [com.apple.defaults:User Defaults] found no value for key NSConstraintBasedLayoutTrackAllocation in CFPrefsSearchListSource<0x600002c08180> (Domain: bg.sofia.yoursofia, Container: (null) Non-launch persona: 0)
2026-08-17 11:25:39.183 Df YourSofia[98845:31ee38] [com.apple.network:connection] nw_flow_connected [C1.1.1 IPv6#2574c178.61930 in_progress socket-flow (satisfied (Path is satisfied), interface: lo0)] Output protocol connected (CFNetworkConnection-3551300980)
2026-08-17 11:25:39.185 Db YourSofia[98845:31edf9] [com.apple.defaults:User Defaults] found no value for key NSConstraintBasedLayoutAriadneTracepoints in CFPrefsSearchListSource<0x600002c08180> (Domain: bg.sofia.yoursofia, Container: (null) Non-launch persona: 0)
2026-08-17 11:25:39.185 Db YourSofia[98845:31edf9] [com.apple.defaults:User Defaults] found no value for key SheetAG in CFPrefsSearchListSource<0x600002c21180> (Domain: com.apple.UIKit, Container: (null) Non-launch persona: 0)
2026-08-17 11:25:39.185 Db YourSofia[98845:31edf9] [com.apple.defaults:User Defaults] looked up value 0 for key ReduceMotionEnabled in CFPrefsPlistSource<0x600002c09700> (Domain: com.apple.Accessibility, User: kCFPreferencesCurrentUser, ByHost: No, Container: (null), Contents Need Refresh: No) via CFPrefsSearchListSource<0x600002c09680> (Domain: com.apple.Accessibility, Container: (null) Non-launch persona: 0)
2026-08-17 11:25:39.185 Db YourSofia[98845:31edf9] [com.apple.Accessibility:AXSupportCommon] CF Read: domain = com.apple.Accessibility, preference = ReduceMotionEnabled, appID = (null) result = 0 (-1 - empty, 0 - false, 1 - true)
2026-08-17 11:25:39.184 Db YourSofia[98845:31ee38] [com.apple.network:connection] nw_endpoint_flow_connected_path_change [C1.1.1 IPv6#2574c178.61930 ready socket-flow (satisfied (Path is satisfied), interface: lo0)]
2026-08-17 11:25:39.186 I  YourSofia[98845:31ee38] [com.apple.network:connection] nw_endpoint_flow_connected_path_change [C1.1.1 IPv6#2574c178.61930 ready socket-flow (satisfied (Path is satisfied), interface: lo0)] Connected path is satisfied, not viable
2026-08-17 11:25:39.186 Db YourSofia[98845:31ee38] [com.apple.network:connection] nw_endpoint_resolver_receive_report [C1.1 Hostname#fe343d95:61930 in_progress resolver (satisfied (Path is satisfied), interface: en0[802.11], uses wifi, LQM: unknown)] received child report: [C1.1.1 IPv6#2574c178.61930 ready socket-flow (satisfied (Path is satisfied), interface: lo0)]
2026-08-17 11:25:39.187 Db YourSofia[98845:31edf9] [com.apple.defaults:User Defaults] found no value for key LogUIPresentationController in CFPrefsSearchListSource<0x600002c21180> (Domain: com.apple.UIKit, Container: (null) Non-launch persona: 0)
2026-08-17 11:25:39.187 I  YourSofia[98845:31edf9] [com.apple.Accessibility:AXAppAccessibility] Presentation controller doesn't modalize: <_UIRootPresentationController: 0x104d12d10>
2026-08-17 11:25:39.187 Db YourSofia[98845:31ee3a] [com.apple.CFBundle:resources] Resource lookup at CFBundle 0x600003b042a0 </Users/valentinasenov/Library/Developer/CoreSimulator/Devices/98FA5BD8-5D12-4B35-9A26-3AEBCADAFC8A/data/Containers/Bundle/Application/12B90C3A-72F3-447D-B35C-244E0D70240B/YourSofia.app> (executable, loaded)
	Request       : main type: jsbundle
	Result        : file:///Users/valentinasenov/Library/Developer/CoreSimulator/Devices/98FA5BD8-5D12-4B35-9A26-3AEBCADAFC8A/data/Containers/Bundle/Application/12B90C3A-72F3-447D-B35C-244E0D70240B/YourSofia.app/main.jsbundle
2026-08-17 11:25:39.187 Db YourSofia[98845:31edf9] [com.apple.defaults:User Defaults] found no value for key UseSingleSystemColor in CFPrefsSearchListSource<0x600002c09680> (Domain: com.apple.Accessibility, Container: (null) Non-launch persona: 0)
2026-08-17 11:25:39.187 Db YourSofia[98845:31edf9] [com.apple.Accessibility:AXSupportCommon] CF Read: domain = com.apple.Accessibility, preference = UseSingleSystemColor, appID = (null) result = (null) (-1 - empty, 0 - false, 1 - true)
2026-08-17 11:25:39.187 Db YourSofia[98845:31edf9] [com.apple.defaults:User Defaults] found no value for key UseSingleSystemColor in CFPrefsPlistSource<0x600002c09980> (Domain: com.apple.Accessibility, User: kCFPreferencesCurrentUser, ByHost: No, Container: /Users/valentinasenov/Library/Developer/CoreSimulator/Devices/98FA5BD8-5D12-4B35-9A26-3AEBCADAFC8A/data, Contents Need Refresh: No)
2026-08-17 11:25:39.188 Db YourSofia[98845:31edf9] [com.apple.defaults:User Defaults] found no value for key UIViewLocalizeOverrideLayoutEngine in CFPrefsSearchListSource<0x600002c08180> (Domain: bg.sofia.yoursofia, Container: (null) Non-launch persona: 0)
2026-08-17 11:25:39.188 Db YourSofia[98845:31edf9] [com.apple.CFBundle:resources] Language lookup at CFBundle 0x600003b28fc0 </Library/Developer/CoreSimulator/Volumes/iOS_23D8133/Library/Developer/CoreSimulator/Profiles/Runtimes/iOS 26.3.simruntime/Contents/Resources/RuntimeRoot/System/Library/PrivateFrameworks/UIKitCore.framework/BoundingPathData.bundle> (not loaded)
	Localizations : [en]
	Dev language  : en
	User prefs    : [en-US, bg-US]
	Main bundle   : [en]
	Allow mixed   : 0 
	Result        : [en]
2026-08-17 11:25:39.188 Db YourSofia[98845:31edf9] [com.apple.CFBundle:resources] Resource lookup at CFBundle 0x600003b28fc0 </Library/Developer/CoreSimulator/Volumes/iOS_23D8133/Library/Developer/CoreSimulator/Profiles/Runtimes/iOS 26.3.simruntime/Contents/Resources/RuntimeRoot/System/Library/PrivateFrameworks/UIKitCore.framework/BoundingPathData.bundle> (not loaded)
	Request       : Assets type: car
	Result        : file:///Library/Developer/CoreSimulator/Volumes/iOS_23D8133/Library/Developer/CoreSimulator/Profiles/Runtimes/iOS%2026.3.simruntime/Contents/Resources/RuntimeRoot/System/Library/PrivateFrameworks/UIKitCore.framework/BoundingPathData.bundle/Assets.car
2026-08-17 11:25:39.186 Db YourSofia[98845:31ee38] [com.apple.network:connection] nw_endpoint_flow_receive_report [C1 Hostname#fe343d95:61930 in_progress parent-flow (satisfied (Path is satisfied), interface: en0[802.11], uses wifi, LQM: unknown)] received child report: [C1.1.1 IPv6#2574c178.61930 ready socket-flow (satisfied (Path is satisfied), interface: lo0)]
2026-08-17 11:25:39.189 Df YourSofia[98845:31ee38] [com.apple.network:connection] [C1.1.1 IPv6#2574c178.61930 ready socket-flow (satisfied (Path is satisfied), interface: lo0)] event: flow:child_finish_connect @0.097s
2026-08-17 11:25:39.189 Db YourSofia[98845:31ee38] [com.apple.network:connection] nw_endpoint_flow_receive_report [C1 IPv6#2574c178.61930 in_progress parent-flow (satisfied (Path is satisfied), interface: en0[802.11], uses wifi, LQM: unknown)] connecting endpoint_flow to child's shared protocol
2026-08-17 11:25:39.189 Db YourSofia[98845:31ee38] [com.apple.network:connection] nw_endpoint_flow_setup_protocols [C1 IPv6#2574c178.61930 in_progress parent-flow (satisfied (Path is satisfied), interface: en0[802.11], uses wifi, LQM: unknown)] already set up
2026-08-17 11:25:39.190 Db YourSofia[98845:31ee38] [com.apple.network:connection] nw_endpoint_flow_setup_protocols [C1 IPv6#2574c178.61930 in_progress parent-flow (satisfied (Path is satisfied), interface: en0[802.11], uses wifi, LQM: unknown)] child flow connected, starting
2026-08-17 11:25:39.190 Db YourSofia[98845:31ee38] [com.apple.network:connection] nw_endpoint_flow_setup_protocols [C1 IPv6#2574c178.61930 in_progress parent-flow (satisfied (Path is satisfied), interface: en0[802.11], uses wifi, LQM: unknown)] already started
2026-08-17 11:25:39.190 Db YourSofia[98845:31ee38] [com.apple.network:connection] nw_endpoint_flow_receive_report [C1 IPv6#2574c178.61930 in_progress parent-flow (satisfied (Path is satisfied), interface: en0[802.11], uses wifi, LQM: unknown)] received child report: [C1.1 Hostname#fe343d95:61930 ready resolver (satisfied (Path is satisfied), interface: en0[802.11], uses wifi, LQM: unknown)]
2026-08-17 11:25:39.191 Df YourSofia[98845:31ee38] [com.apple.network:connection] [C1.1 Hostname#fe343d95:61930 ready resolver (satisfied (Path is satisfied), interface: en0[802.11], uses wifi, LQM: unknown)] event: flow:child_finish_connect @0.099s
2026-08-17 11:25:39.191 I  YourSofia[98845:31ee38] [com.apple.network:connection] nw_endpoint_handler_cancel [C1.1.2 IPv4#91bc9fd6:61930 initial path ((null))]
2026-08-17 11:25:39.191 Df YourSofia[98845:31ee38] [com.apple.network:connection] nw_flow_connected [C1 IPv6#2574c178.61930 in_progress parent-flow (satisfied (Path is satisfied), interface: en0[802.11], uses wifi, LQM: unknown)] Output protocol connected (endpoint_flow)
2026-08-17 11:25:39.191 Db YourSofia[98845:31ee38] [com.apple.network:connection] nw_endpoint_flow_connected_path_change [C1 IPv6#2574c178.61930 ready parent-flow (satisfied (Path is satisfied), interface: en0[802.11], uses wifi, LQM: unknown)]
2026-08-17 11:25:39.191 I  YourSofia[98845:31ee38] [com.apple.network:connection] nw_endpoint_flow_connected_path_change [C1 IPv6#2574c178.61930 ready parent-flow (satisfied (Path is satisfied), interface: en0[802.11], uses wifi, LQM: unknown)] Connected path is satisfied, child is not viable
2026-08-17 11:25:39.191 Df YourSofia[98845:31ee38] [com.apple.network:connection] [C1 IPv6#2574c178.61930 ready parent-flow (satisfied (Path is satisfied), interface: en0[802.11], uses wifi, LQM: unknown)] event: flow:finish_connect @0.099s
2026-08-17 11:25:39.192 Db YourSofia[98845:31edf9] [com.apple.defaults:User Defaults] found no value for key NSConstraintBasedLayoutDebug in CFPrefsSearchListSource<0x600002c08180> (Domain: bg.sofia.yoursofia, Container: (null) Non-launch persona: 0)
2026-08-17 11:25:39.192 Db YourSofia[98845:31edf9] [com.apple.defaults:User Defaults] found no value for key NSConstraintBasedLayoutAllowUnoptimizedReads in CFPrefsSearchListSource<0x600002c08180> (Domain: bg.sofia.yoursofia, Container: (null) Non-launch persona: 0)
2026-08-17 11:25:39.192 Db YourSofia[98845:31edf9] [com.apple.defaults:User Defaults] found no value for key _UIConstraintBasedLayoutPlaySoundWhenEngaged in CFPrefsSearchListSource<0x600002c08180> (Domain: bg.sofia.yoursofia, Container: (null) Non-launch persona: 0)
2026-08-17 11:25:39.192 Db YourSofia[98845:31edf9] [com.apple.defaults:User Defaults] found no value for key NSConstraintBasedLayoutDebugEngineConsistency in CFPrefsSearchListSource<0x600002c08180> (Domain: bg.sofia.yoursofia, Container: (null) Non-launch persona: 0)
2026-08-17 11:25:39.192 Db YourSofia[98845:31edf9] [com.apple.defaults:User Defaults] found no value for key NSConstraintBasedLayoutVariableChangeTransactions in CFPrefsSearchListSource<0x600002c08180> (Domain: bg.sofia.yoursofia, Container: (null) Non-launch persona: 0)
2026-08-17 11:25:39.192 Db YourSofia[98845:31edf9] [com.apple.defaults:User Defaults] found no value for key NSConstraintBasedLayoutDeferOptimization in CFPrefsSearchListSource<0x600002c08180> (Domain: bg.sofia.yoursofia, Container: (null) Non-launch persona: 0)
2026-08-17 11:25:39.193 Db YourSofia[98845:31edf9] [com.apple.defaults:User Defaults] found no value for key UIViewControllerDetachedInheritsContentOverlayInsetsFromSuperview in CFPrefsSearchListSource<0x600002c08180> (Domain: bg.sofia.yoursofia, Container: (null) Non-launch persona: 0)
2026-08-17 11:25:39.193 Db YourSofia[98845:31edf9] [com.apple.defaults:User Defaults] found no value for key ModernContentOverlayInsetsPropagation in CFPrefsSearchListSource<0x600002c08180> (Domain: bg.sofia.yoursofia, Container: (null) Non-launch persona: 0)
2026-08-17 11:25:39.193 Db YourSofia[98845:31edf9] [com.apple.defaults:User Defaults] found no value for key LogOrientation in CFPrefsSearchListSource<0x600002c21180> (Domain: com.apple.UIKit, Container: (null) Non-launch persona: 0)
2026-08-17 11:25:39.193 Df YourSofia[98845:31edf9] [com.apple.UIKit:Orientation] <UIWindowScene: 0x104d0f550> (28D03021-EA41-40D8-95B2-B56A0BB7975C) Scene updated orientation preferences: none -> ( Pu )
2026-08-17 11:25:39.196 Df YourSofia[98845:31edf9] [com.apple.UIKit:KeyWindow] Key window API is scene-level: YES
2026-08-17 11:25:39.196 Df YourSofia[98845:31edf9] [com.apple.UIKit:KeyWindow] UIWindowScene: 0x104d0f550: Window became key in scene: UIWindow: 0x104d14150; contextId: 0x1EBC9DDE: reason: UIWindowScene: 0x104d0f550: Window requested to become key in scene: 0x104d14150
2026-08-17 11:25:39.196 Df YourSofia[98845:31edf9] [com.apple.UIKit:KeyWindow] Key window needs update: 1; currentKeyWindowScene: 0x0; evaluatedKeyWindowScene: 0x104d0f550; currentApplicationKeyWindow: 0x0; evaluatedApplicationKeyWindow: 0x104d14150; reason: UIWindowScene: 0x104d0f550: Window requested to become key in scene: 0x104d14150
2026-08-17 11:25:39.196 Df YourSofia[98845:31edf9] [com.apple.UIKit:KeyWindow] Window did become application key: UIWindow: 0x104d14150; contextId: 0x1EBC9DDE; scene identity: com.apple.frontboard.systemappservices/FBSceneManager:sceneID%3Abg.sofia.yoursofia-default
2026-08-17 11:25:39.196 Df YourSofia[98845:31edf9] [com.apple.UIKit:EventDeferring] [0x60000292c1c0] Begin local event deferring requested for token: 0x6000026285a0; environments: 1; reason: UIWindowScene: 0x104d0f550: Begin event deferring in keyboardFocus for window: 0x104d14150
2026-08-17 11:25:39.196 Db YourSofia[98845:31edf9] [com.apple.BackBoard:EventDelivery] aborting flush, not connected to server
2026-08-17 11:25:39.196 Db YourSofia[98845:31edf9] [com.apple.defaults:User Defaults] found no value for key LogKeyboardFocus in CFPrefsSearchListSource<0x600002c21180> (Domain: com.apple.UIKit, Container: (null) Non-launch persona: 0)
2026-08-17 11:25:39.197 Db YourSofia[98845:31edf9] [com.apple.defaults:User Defaults] found no value for key detoxURLOverride in CFPrefsSearchListSource<0x600002c08180> (Domain: bg.sofia.yoursofia, Container: (null) Non-launch persona: 0)
2026-08-17 11:25:39.197 Db YourSofia[98845:31edf9] [com.apple.BackgroundTasks:Framework] Application finished launching
2026-08-17 11:25:39.197 Df YourSofia[98845:31edf9] [com.apple.UIKit:Application] Deactivation reason removed: 10; deactivation reasons: 3104 -> 2080; animating application lifecycle event: 1
2026-08-17 11:25:39.197 Db YourSofia[98845:31edf9] [com.apple.UIKit:UIDevice.orientation] Setting device orientation to 1 and sending notification.
2026-08-17 11:25:39.198 Db YourSofia[98845:31edf9] [com.apple.UIKit:UIDevice.orientation] Setting device orientation to 0 and sending notification.
2026-08-17 11:25:39.198 Df YourSofia[98845:31edf9] [com.apple.UIKit:Application] Deactivation reason added: 12; deactivation reasons: 2080 -> 6176; animating application lifecycle event: 1
2026-08-17 11:25:39.198 Df YourSofia[98845:31edf9] [com.apple.UIKit:Application] Deactivation reason removed: 11; deactivation reasons: 6176 -> 4128; animating application lifecycle event: 1
2026-08-17 11:25:39.198 Df YourSofia[98845:31edf9] [com.apple.FrontBoard:SceneExtension] Realizing settings extension <_UISceneIntelligenceSupportSettings> on FBSSceneSettings
2026-08-17 11:25:39.198 Db YourSofia[98845:31edf9] [com.apple.FrontBoard:SceneExtension] registering method "collectAsRemoteElement" from extension <_UISceneIntelligenceSupportSettings> on class "FBSSceneSettings"
2026-08-17 11:25:39.198 Db YourSofia[98845:31edf9] [com.apple.FrontBoard:SceneExtension] registering method "setCollectAsRemoteElement:" from extension <_UISceneIntelligenceSupportSettings> on class "FBSSceneSettings"
2026-08-17 11:25:39.198 Db YourSofia[98845:31edf9] [com.apple.BacklightServices:scenes] 0x600000c3a970 environment updated:sceneID:bg.sofia.yoursofia-default
  delta:{ visualState:0 date:0 active:0 seed:0 }
  diff:(null)
  new:(null) (null)
  old:(null) (null)
  new:(null)
2026-08-17 11:25:39.198 Db YourSofia[98845:31edf9] [com.apple.BacklightServices:scenes] BLSBacklightFBSSceneEnvironment (BacklightUIServices) _settingsDiffActionsForScene
2026-08-17 11:25:39.198 Db YourSofia[98845:31edf9] [com.apple.BacklightServices:scenes] create BLSBacklightUISceneEnvironmentDiffAction:<_UIBacklightUISceneEnvironmentDiffAction: 0x600000020f20>
2026-08-17 11:25:39.198 Db YourSofia[98845:31edf9] [com.apple.BacklightServices:scenes] BLSBacklightFBSSceneEnvironment (BacklightUIServices) _actionRespondersForScene
2026-08-17 11:25:39.199 Db YourSofia[98845:31edf9] [com.apple.BacklightServices:scenes] create BLSBacklightUISceneEnvironmentActionHandler:<_UIBacklightUISceneEnvironmentActionHandler: 0x600000020de0>
2026-08-17 11:25:39.199 Df YourSofia[98845:31edf9] [com.apple.UIKit:InterfaceStyle] Not push traits update to screen for new style 1, <UIWindowScene: 0x104d0f550> (28D03021-EA41-40D8-95B2-B56A0BB7975C)
2026-08-17 11:25:39.199 Db YourSofia[98845:31edf9] [com.apple.defaults:User Defaults] found no value for key NSConstraintBasedLayoutLogPivotCounts in CFPrefsSearchListSource<0x600002c08180> (Domain: bg.sofia.yoursofia, Container: (null) Non-launch persona: 0)
2026-08-17 11:25:39.200 Db YourSofia[98845:31edf9] [com.apple.defaults:User Defaults] found no value for key NSConstraintBasedLayoutTrackDirtyObservables in CFPrefsSearchListSource<0x600002c08180> (Domain: bg.sofia.yoursofia, Container: (null) Non-launch persona: 0)
2026-08-17 11:25:39.199 Df YourSofia[98845:31ee65] [com.apple.UIIntelligenceSupport:xpc] establishing connection to agent
2026-08-17 11:25:39.200 Df YourSofia[98845:31ee65] [com.apple.xpc:session] [0x600002120c30] Session created.
2026-08-17 11:25:39.198 Df YourSofia[98845:31ee5b] [com.apple.BackBoard:EventDelivery] BKSHIDEventDeliveryManager - connection activation
2026-08-17 11:25:39.200 Df YourSofia[98845:31ee65] [com.apple.xpc:session] [0x600002120c30] Session created from connection [0x104e05970]
2026-08-17 11:25:39.200 Db YourSofia[98845:31ee5b] [com.apple.BackBoard:EventDelivery] flushing changes: {
    contentsMask: 0x2; deferringRules: [[98845-1]];
}
2026-08-17 11:25:39.191 Db YourSofia[98845:31ee38] [com.apple.network:connection] nw_connection_run_pqtls_probe_locked_on_nw_queue [C1] No TLS metadata; not running PQ-TLS probe
2026-08-17 11:25:39.205 Db YourSofia[98845:31ee3a] [com.apple.CFBundle:resources] Resource lookup at CFBundle 0x600003b042a0 </Users/valentinasenov/Library/Developer/CoreSimulator/Devices/98FA5BD8-5D12-4B35-9A26-3AEBCADAFC8A/data/Containers/Bundle/Application/12B90C3A-72F3-447D-B35C-244E0D70240B/YourSofia.app> (executable, loaded)
	Request       : back-icon type: png path: assets/node_modules/.pnpm/@react-navigation+elements@2.6.4_@react-navigation+native@7.1.17_react-native@0.81.5_@b_28a2c3a7af745b08fd3e3ec803bf51ba/node_modules/@react-navigation/elements/lib/module/assets
	Result        : file:///Users/valentinasenov/Library/Developer/CoreSimulator/Devices/98FA5BD8-5D12-4B35-9A26-3AEBCADAFC8A/data/Containers/Bundle/Application/12B90C3A-72F3-447D-B35C-244E0D70240B/YourSofia.app/assets/node_modules/.pnpm/@react-navigation+elements@2.6.4_@react-navigation+native@7.1.17_react-native@0.81.5_@b_28a2c3a7af745b08fd3e3ec803bf51ba/node_modules/@react-navigation/elements/lib/module/assets/back-icon.png
2026-08-17 11:25:39.204 Df YourSofia[98845:31ee5b] [com.apple.BackBoard:EventDelivery] policyStatus:<BKSHIDEventDeliveryPolicyObserver: 0x600002625740; token: com.apple.frontboard.systemappservices/FBSceneManager:sceneID%3Abg.sofia.yoursofia-default; status: ancestor> was:target
2026-08-17 11:25:39.200 Df YourSofia[98845:31ee65] [com.apple.xpc:connection] [0x104e05970] activating connection: mach=true listener=false peer=false name=com.apple.uiintelligencesupport.agent
2026-08-17 11:25:39.206 Db YourSofia[98845:31ee5b] [com.apple.BackBoard:EventDelivery] observerPolicyDidChange: 0x600002625740 -> <_UIKeyWindowSceneObserver: 0x600000c2dfe0>
2026-08-17 11:25:39.206 Df YourSofia[98845:31ee65] [com.apple.xpc:session] [0x600002120c30] Session activated
2026-08-17 11:25:39.206 Db YourSofia[98845:31ee3a] [com.apple.CFBundle:resources] Resource lookup at CFBundle 0x600003b042a0 </Users/valentinasenov/Library/Developer/CoreSimulator/Devices/98FA5BD8-5D12-4B35-9A26-3AEBCADAFC8A/data/Containers/Bundle/Application/12B90C3A-72F3-447D-B35C-244E0D70240B/YourSofia.app> (executable, loaded)
	Request       : back-icon@2x type: png path: assets/node_modules/.pnpm/@react-navigation+elements@2.6.4_@react-navigation+native@7.1.17_react-native@0.81.5_@b_28a2c3a7af745b08fd3e3ec803bf51ba/node_modules/@react-navigation/elements/lib/module/assets
	Result        : file:///Users/valentinasenov/Library/Developer/CoreSimulator/Devices/98FA5BD8-5D12-4B35-9A26-3AEBCADAFC8A/data/Containers/Bundle/Application/12B90C3A-72F3-447D-B35C-244E0D70240B/YourSofia.app/assets/node_modules/.pnpm/@react-navigation+elements@2.6.4_@react-navigation+native@7.1.17_react-native@0.81.5_@b_28a2c3a7af745b08fd3e3ec803bf51ba/node_modules/@react-navigation/elements/lib/module/assets/back-icon@2x.png
2026-08-17 11:25:39.206 Db YourSofia[98845:31edf9] [com.apple.defaults:User Defaults] found no value for key CGContextHighlight2xScaledImages in CFPrefsPlistSource<0x600002c00100> (Domain: bg.sofia.yoursofia, User: kCFPreferencesCurrentUser, ByHost: No, Container: (null), Contents Need Refresh: No)
2026-08-17 11:25:39.206 Db YourSofia[98845:31edf9] [com.apple.defaults:User Defaults] found no value for key CGContextHighlight2xScaledImages in CFPrefsPlistSource<0x600002c00100> (Domain: bg.sofia.yoursofia, User: kCFPreferencesCurrentUser, ByHost: No, Container: (null), Contents Need Refresh: No)
2026-08-17 11:25:39.206 Db YourSofia[98845:31edf9] [com.apple.defaults:User Defaults] found no value for key CGContextHighlight2xScaledImages in CFPrefsPlistSource<0x600002c00380> (Domain: kCFPreferencesAnyApplication, User: kCFPreferencesCurrentUser, ByHost: No, Container: (null), Contents Need Refresh: No)
2026-08-17 11:25:39.206 Db YourSofia[98845:31edf9] [com.apple.defaults:User Defaults] found no value for key CGContextHighlight2xScaledImages in CFPrefsPlistSource<0x600002c00380> (Domain: kCFPreferencesAnyApplication, User: kCFPreferencesCurrentUser, ByHost: No, Container: (null), Contents Need Refresh: No)
2026-08-17 11:25:39.206 Db YourSofia[98845:31edf9] [com.apple.defaults:User Defaults] found no value for key CGContextTrackImageDrawing in CFPrefsPlistSource<0x600002c00100> (Domain: bg.sofia.yoursofia, User: kCFPreferencesCurrentUser, ByHost: No, Container: (null), Contents Need Refresh: No)
2026-08-17 11:25:39.206 Db YourSofia[98845:31edf9] [com.apple.defaults:User Defaults] found no value for key CGContextTrackImageDrawing in CFPrefsPlistSource<0x600002c00100> (Domain: bg.sofia.yoursofia, User: kCFPreferencesCurrentUser, ByHost: No, Container: (null), Contents Need Refresh: No)
2026-08-17 11:25:39.206 Db YourSofia[98845:31ee3a] [com.apple.CFBundle:resources] Resource lookup at CFBundle 0x600003b042a0 </Users/valentinasenov/Library/Developer/CoreSimulator/Devices/98FA5BD8-5D12-4B35-9A26-3AEBCADAFC8A/data/Containers/Bundle/Application/12B90C3A-72F3-447D-B35C-244E0D70240B/YourSofia.app> (executable, loaded)
	Request       : back-icon@3x type: png path: assets/node_modules/.pnpm/@react-navigation+elements@2.6.4_@react-navigation+native@7.1.17_react-native@0.81.5_@b_28a2c3a7af745b08fd3e3ec803bf51ba/node_modules/@react-navigation/elements/lib/module/assets
	Result        : file:///Users/valentinasenov/Library/Developer/CoreSimulator/Devices/98FA5BD8-5D12-4B35-9A26-3AEBCADAFC8A/data/Containers/Bundle/Application/12B90C3A-72F3-447D-B35C-244E0D70240B/YourSofia.app/assets/node_modules/.pnpm/@react-navigation+elements@2.6.4_@react-navigation+native@7.1.17_react-native@0.81.5_@b_28a2c3a7af745b08fd3e3ec803bf51ba/node_modules/@react-navigation/elements/lib/module/assets/back-icon@3x.png
2026-08-17 11:25:39.206 Db YourSofia[98845:31edf9] [com.apple.defaults:User Defaults] found no value for key CGContextTrackImageDrawing in CFPrefsPlistSource<0x600002c00380> (Domain: kCFPreferencesAnyApplication, User: kCFPreferencesCurrentUser, ByHost: No, Container: (null), Contents Need Refresh: No)
2026-08-17 11:25:39.206 Db YourSofia[98845:31edf9] [com.apple.defaults:User Defaults] found no value for key CGContextTrackImageDrawing in CFPrefsPlistSource<0x600002c00380> (Domain: kCFPreferencesAnyApplication, User: kCFPreferencesCurrentUser, ByHost: No, Container: (null), Contents Need Refresh: No)
2026-08-17 11:25:39.206 Db YourSofia[98845:31edf9] [com.apple.defaults:User Defaults] found no value for key CAEnableDeepFramebuffer in CFPrefsSearchListSource<0x600002c08180> (Domain: bg.sofia.yoursofia, Container: (null) Non-launch persona: 0)
2026-08-17 11:25:39.207 Db YourSofia[98845:31ee66] [com.apple.BaseBoard:Common] [BSBlockSentinel:FBSWorkspaceScenesClient] signaled! 1 of 1
2026-08-17 11:25:39.207 Db YourSofia[98845:31ee66] [com.apple.BaseBoard:Common] [BSBlockSentinel:FBSWorkspaceScenesClient] dealloc
2026-08-17 11:25:39.207 Db YourSofia[98845:31ee3a] [com.apple.CFBundle:resources] Resource lookup at CFBundle 0x600003b042a0 </Users/valentinasenov/Library/Developer/CoreSimulator/Devices/98FA5BD8-5D12-4B35-9A26-3AEBCADAFC8A/data/Containers/Bundle/Application/12B90C3A-72F3-447D-B35C-244E0D70240B/YourSofia.app> (executable, loaded)
	Request       : back-icon-mask type: png path: assets/node_modules/.pnpm/@react-navigation+elements@2.6.4_@react-navigation+native@7.1.17_react-native@0.81.5_@b_28a2c3a7af745b08fd3e3ec803bf51ba/node_modules/@react-navigation/elements/lib/module/assets
	Result        : file:///Users/valentinasenov/Library/Developer/CoreSimulator/Devices/98FA5BD8-5D12-4B35-9A26-3AEBCADAFC8A/data/Containers/Bundle/Application/12B90C3A-72F3-447D-B35C-244E0D70240B/YourSofia.app/assets/node_modules/.pnpm/@react-navigation+elements@2.6.4_@react-navigation+native@7.1.17_react-native@0.81.5_@b_28a2c3a7af745b08fd3e3ec803bf51ba/node_modules/@react-navigation/elements/lib/module/assets/back-icon-mask.png
2026-08-17 11:25:39.207 Db YourSofia[98845:31ee3a] [com.apple.CFBundle:resources] Resource lookup at CFBundle 0x600003b042a0 </Users/valentinasenov/Library/Developer/CoreSimulator/Devices/98FA5BD8-5D12-4B35-9A26-3AEBCADAFC8A/data/Containers/Bundle/Application/12B90C3A-72F3-447D-B35C-244E0D70240B/YourSofia.app> (executable, loaded)
	Request       : clear-icon type: png path: assets/node_modules/.pnpm/@react-navigation+elements@2.6.4_@react-navigation+native@7.1.17_react-native@0.81.5_@b_28a2c3a7af745b08fd3e3ec803bf51ba/node_modules/@react-navigation/elements/lib/module/assets
	Result        : file:///Users/valentinasenov/Library/Developer/CoreSimulator/Devices/98FA5BD8-5D12-4B35-9A26-3AEBCADAFC8A/data/Containers/Bundle/Application/12B90C3A-72F3-447D-B35C-244E0D70240B/YourSofia.app/assets/node_modules/.pnpm/@react-navigation+elements@2.6.4_@react-navigation+native@7.1.17_react-native@0.81.5_@b_28a2c3a7af745b08fd3e3ec803bf51ba/node_modules/@react-navigation/elements/lib/module/assets/clear-icon.png
2026-08-17 11:25:39.207 Db YourSofia[98845:31ee3a] [com.apple.CFBundle:resources] Resource lookup at CFBundle 0x600003b042a0 </Users/valentinasenov/Library/Developer/CoreSimulator/Devices/98FA5BD8-5D12-4B35-9A26-3AEBCADAFC8A/data/Containers/Bundle/Application/12B90C3A-72F3-447D-B35C-244E0D70240B/YourSofia.app> (executable, loaded)
	Request       : clear-icon type: png path: assets/node_modules/.pnpm/@react-navigation+elements@2.6.4_@react-navigation+native@7.1.17_react-native@0.81.5_@b_28a2c3a7af745b08fd3e3ec803bf51ba/node_modules/@react-navigation/elements/lib/module/assets
	Result        : file:///Users/valentinasenov/Library/Developer/CoreSimulator/Devices/98FA5BD8-5D12-4B35-9A26-3AEBCADAFC8A/data/Containers/Bundle/Application/12B90C3A-72F3-447D-B35C-244E0D70240B/YourSofia.app/assets/node_modules/.pnpm/@react-navigation+elements@2.6.4_@react-navigation+native@7.1.17_react-native@0.81.5_@b_28a2c3a7af745b08fd3e3ec803bf51ba/node_modules/@react-navigation/elements/lib/module/assets/clear-icon.png
2026-08-17 11:25:39.207 Db YourSofia[98845:31edf9] [com.apple.launchservices:db] LS DB needs to be mapped into process 98845 for session LSSessionKey(system: 0 uid: 501) (existing DB @ 0x0).
2026-08-17 11:25:39.208 Db YourSofia[98845:31ee3a] [com.apple.CFBundle:resources] Resource lookup at CFBundle 0x600003b042a0 </Users/valentinasenov/Library/Developer/CoreSimulator/Devices/98FA5BD8-5D12-4B35-9A26-3AEBCADAFC8A/data/Containers/Bundle/Application/12B90C3A-72F3-447D-B35C-244E0D70240B/YourSofia.app> (executable, loaded)
	Request       : clear-icon@2x type: png path: assets/node_modules/.pnpm/@react-navigation+elements@2.6.4_@react-navigation+native@7.1.17_react-native@0.81.5_@b_28a2c3a7af745b08fd3e3ec803bf51ba/node_modules/@react-navigation/elements/lib/module/assets
	Result        : file:///Users/valentinasenov/Library/Developer/CoreSimulator/Devices/98FA5BD8-5D12-4B35-9A26-3AEBCADAFC8A/data/Containers/Bundle/Application/12B90C3A-72F3-447D-B35C-244E0D70240B/YourSofia.app/assets/node_modules/.pnpm/@react-navigation+elements@2.6.4_@react-navigation+native@7.1.17_react-native@0.81.5_@b_28a2c3a7af745b08fd3e3ec803bf51ba/node_modules/@react-navigation/elements/lib/module/assets/clear-icon@2x.png
2026-08-17 11:25:39.208 Db YourSofia[98845:31ee3a] [com.apple.CFBundle:resources] Resource lookup at CFBundle 0x600003b042a0 </Users/valentinasenov/Library/Developer/CoreSimulator/Devices/98FA5BD8-5D12-4B35-9A26-3AEBCADAFC8A/data/Containers/Bundle/Application/12B90C3A-72F3-447D-B35C-244E0D70240B/YourSofia.app> (executable, loaded)
	Request       : clear-icon@3x type: png path: assets/node_modules/.pnpm/@react-navigation+elements@2.6.4_@react-navigation+native@7.1.17_react-native@0.81.5_@b_28a2c3a7af745b08fd3e3ec803bf51ba/node_modules/@react-navigation/elements/lib/module/assets
	Result        : file:///Users/valentinasenov/Library/Developer/CoreSimulator/Devices/98FA5BD8-5D12-4B35-9A26-3AEBCADAFC8A/data/Containers/Bundle/Application/12B90C3A-72F3-447D-B35C-244E0D70240B/YourSofia.app/assets/node_modules/.pnpm/@react-navigation+elements@2.6.4_@react-navigation+native@7.1.17_react-native@0.81.5_@b_28a2c3a7af745b08fd3e3ec803bf51ba/node_modules/@react-navigation/elements/lib/module/assets/clear-icon@3x.png
2026-08-17 11:25:39.208 Df YourSofia[98845:31edf9] [com.apple.xpc:connection] [0x104804f30] activating connection: mach=true listener=false peer=false name=com.apple.lsd.mapdb
2026-08-17 11:25:39.208 Db YourSofia[98845:31ee3a] [com.apple.CFBundle:resources] Resource lookup at CFBundle 0x600003b042a0 </Users/valentinasenov/Library/Developer/CoreSimulator/Devices/98FA5BD8-5D12-4B35-9A26-3AEBCADAFC8A/data/Containers/Bundle/Application/12B90C3A-72F3-447D-B35C-244E0D70240B/YourSofia.app> (executable, loaded)
	Request       : close-icon type: png path: assets/node_modules/.pnpm/@react-navigation+elements@2.6.4_@react-navigation+native@7.1.17_react-native@0.81.5_@b_28a2c3a7af745b08fd3e3ec803bf51ba/node_modules/@react-navigation/elements/lib/module/assets
	Result        : file:///Users/valentinasenov/Library/Developer/CoreSimulator/Devices/98FA5BD8-5D12-4B35-9A26-3AEBCADAFC8A/data/Containers/Bundle/Application/12B90C3A-72F3-447D-B35C-244E0D70240B/YourSofia.app/assets/node_modules/.pnpm/@react-navigation+elements@2.6.4_@react-navigation+native@7.1.17_react-native@0.81.5_@b_28a2c3a7af745b08fd3e3ec803bf51ba/node_modules/@react-navigation/elements/lib/module/assets/close-icon.png
2026-08-17 11:25:39.208 Db YourSofia[98845:31edf9] [com.apple.coreservicesstore:default] Creating CSStore from XPC coder with length 7962624
2026-08-17 11:25:39.208 Db YourSofia[98845:31edf9] [com.apple.coreservicesstore:default] Checked CSStore data with lengths 7962624/7951496/7955752
2026-08-17 11:25:39.208 I  YourSofia[98845:31edf9] [com.apple.launchservices:db] LaunchServices database schema version: 20971543
2026-08-17 11:25:39.209 Db YourSofia[98845:31ee3a] [com.apple.CFBundle:resources] Resource lookup at CFBundle 0x600003b042a0 </Users/valentinasenov/Library/Developer/CoreSimulator/Devices/98FA5BD8-5D12-4B35-9A26-3AEBCADAFC8A/data/Containers/Bundle/Application/12B90C3A-72F3-447D-B35C-244E0D70240B/YourSofia.app> (executable, loaded)
	Request       : close-icon type: png path: assets/node_modules/.pnpm/@react-navigation+elements@2.6.4_@react-navigation+native@7.1.17_react-native@0.81.5_@b_28a2c3a7af745b08fd3e3ec803bf51ba/node_modules/@react-navigation/elements/lib/module/assets
	Result        : file:///Users/valentinasenov/Library/Developer/CoreSimulator/Devices/98FA5BD8-5D12-4B35-9A26-3AEBCADAFC8A/data/Containers/Bundle/Application/12B90C3A-72F3-447D-B35C-244E0D70240B/YourSofia.app/assets/node_modules/.pnpm/@react-navigation+elements@2.6.4_@react-navigation+native@7.1.17_react-native@0.81.5_@b_28a2c3a7af745b08fd3e3ec803bf51ba/node_modules/@react-navigation/elements/lib/module/assets/close-icon.png
2026-08-17 11:25:39.209 Db YourSofia[98845:31edf9] [com.apple.launchservices:db] Loaded LS database with sequence number 688
2026-08-17 11:25:39.209 Db YourSofia[98845:31edf9] [com.apple.launchservices:db] Client database updated - seq#: 688
2026-08-17 11:25:39.209 I  YourSofia[98845:31edf9] [com.apple.launchservices:datasep] application record search init. Node: <FSNode 0x600000235a00> { isDir = y, path = '/Users/valentinasenov/Library/Developer/CoreSimulator/Devices/98FA5BD8-5D12-4B35-9A26-3AEBCADAFC8A/data/Containers/Bundle/Application/12B90C3A-72F3-447D-B35C-244E0D70240B/YourSofia.app' } bundleID: (null) itemID: 0
2026-08-17 11:25:39.209 Db YourSofia[98845:31ee65] [com.apple.runningboard:message] PERF: [app<bg.sofia.yoursofia((null))>:98845] Received message from runningboardd: async_didChangeInheritances:completion:
2026-08-17 11:25:39.209 Db YourSofia[98845:31edf9] [com.apple.launchservices:binding] BindingEvaluator::CreateWithBundleInfo(ID=(null), name=YourSofia.app, CC=????, vers=(null))
2026-08-17 11:25:39.209 Db YourSofia[98845:31edf9] [com.apple.launchservices:binding] Skipping strong binding binding due to options
2026-08-17 11:25:39.209 Db YourSofia[98845:31edf9] [com.apple.launchservices:binding] Truncating a list of bindings to max 1 known-good ones.
2026-08-17 11:25:39.209 A  YourSofia[98845:31ee65] (RunningBoardServices) didChangeInheritances
2026-08-17 11:25:39.209 Db YourSofia[98845:31edf9] [com.apple.launchservices:binding] Truncating a list of bindings to max 1 known-good ones.
2026-08-17 11:25:39.209 Db YourSofia[98845:31ee65] [com.apple.runningboard:connection] didChangeInheritances: <RBSInheritanceChangeSet| gained:{(
    <RBSInheritance| environment:UIScene:com.apple.frontboard.systemappservices/FBSceneManager:sceneID%3Abg.sofia.yoursofia-default name:com.apple.frontboard.visibility origID:98522-98822-662 payload 8719656185504109860>
)} lost:(null)>
2026-08-17 11:25:39.209 Db YourSofia[98845:31ee3a] [com.apple.CFBundle:resources] Resource lookup at CFBundle 0x600003b042a0 </Users/valentinasenov/Library/Developer/CoreSimulator/Devices/98FA5BD8-5D12-4B35-9A26-3AEBCADAFC8A/data/Containers/Bundle/Application/12B90C3A-72F3-447D-B35C-244E0D70240B/YourSofia.app> (executable, loaded)
	Request       : close-icon@2x type: png path: assets/node_modules/.pnpm/@react-navigation+elements@2.6.4_@react-navigation+native@7.1.17_react-native@0.81.5_@b_28a2c3a7af745b08fd3e3ec803bf51ba/node_modules/@react-navigation/elements/lib/module/assets
	Result        : file:///Users/valentinasenov/Library/Developer/CoreSimulator/Devices/98FA5BD8-5D12-4B35-9A26-3AEBCADAFC8A/data/Containers/Bundle/Application/12B90C3A-72F3-447D-B35C-244E0D70240B/YourSofia.app/assets/node_modules/.pnpm/@react-navigation+elements@2.6.4_@react-navigation+native@7.1.17_react-native@0.81.5_@b_28a2c3a7af745b08fd3e3ec803bf51ba/node_modules/@react-navigation/elements/lib/module/assets/close-icon@2x.png
2026-08-17 11:25:39.209 Db YourSofia[98845:31edf9] [com.apple.CFBundle:resources] Language lookup at CFBundle 0x600003b24000 </Library/Developer/CoreSimulator/Volumes/iOS_23D8133/Library/Developer/CoreSimulator/Profiles/Runtimes/iOS 26.3.simruntime/Contents/Resources/RuntimeRoot/System/Library/PrivateFrameworks/UIKitCore.framework> (not loaded)
	Localizations : [de, ur, he, en_AU, ar, el, ja, mr, en, uk, es_419, gu, zh_CN, kn, pa, es, sl, or, da, it, bg, sk, kk, pt_PT, ms, ta, ml, sv, te, cs, ko, no, hu, zh_HK, tr, pl, zh_TW, en_GB, vi, lt, ru, fr_CA, fr, fi, id, nl, th, pt, bn, ro, hr, hi, ca]
	Dev language  : en
	User prefs    : [en-US, bg-US]
	Main bundle   : [en]
	Allow mixed   : 0 
	Result        : [en]
2026-08-17 11:25:39.209 Db YourSofia[98845:31edf9] [com.apple.CFBundle:resources] Resource lookup at CFBundle 0x600003b24000 </Library/Developer/CoreSimulator/Volumes/iOS_23D8133/Library/Developer/CoreSimulator/Profiles/Runtimes/iOS 26.3.simruntime/Contents/Resources/RuntimeRoot/System/Library/PrivateFrameworks/UIKitCore.framework> (not loaded)
	Request       : Localizable type: loctable
	Result        : None
2026-08-17 11:25:39.209 Db YourSofia[98845:31edf9] [com.apple.CFBundle:resources] Resource lookup at CFBundle 0x600003b24000 </Library/Developer/CoreSimulator/Volumes/iOS_23D8133/Library/Developer/CoreSimulator/Profiles/Runtimes/iOS 26.3.simruntime/Contents/Resources/RuntimeRoot/System/Library/PrivateFrameworks/UIKitCore.framework> (not loaded)
	Request       : Localizable type: strings
	Result        : file:///Library/Developer/CoreSimulator/Volumes/iOS_23D8133/Library/Developer/CoreSimulator/Profiles/Runtimes/iOS%2026.3.simruntime/Contents/Resources/RuntimeRoot/System/Library/PrivateFrameworks/UIKitCore.framework/en.lproj/Localizable.strings
2026-08-17 11:25:39.209 Db YourSofia[98845:31edf9] [com.apple.CFBundle:resources] Resource lookup at CFBundle 0x600003b24000 </Library/Developer/CoreSimulator/Volumes/iOS_23D8133/Library/Developer/CoreSimulator/Profiles/Runtimes/iOS 26.3.simruntime/Contents/Resources/RuntimeRoot/System/Library/PrivateFrameworks/UIKitCore.framework> (not loaded)
	Request       : Localizable type: stringsdict
	Result        : file:///Library/Developer/CoreSimulator/Volumes/iOS_23D8133/Library/Developer/CoreSimulator/Profiles/Runtimes/iOS%2026.3.simruntime/Contents/Resources/RuntimeRoot/System/Library/PrivateFrameworks/UIKitCore.framework/en.lproj/Localizable.stringsdict
2026-08-17 11:25:39.209 Db YourSofia[98845:31ee3a] [com.apple.CFBundle:resources] Resource lookup at CFBundle 0x600003b042a0 </Users/valentinasenov/Library/Developer/CoreSimulator/Devices/98FA5BD8-5D12-4B35-9A26-3AEBCADAFC8A/data/Containers/Bundle/Application/12B90C3A-72F3-447D-B35C-244E0D70240B/YourSofia.app> (executable, loaded)
	Request       : close-icon@3x type: png path: assets/node_modules/.pnpm/@react-navigation+elements@2.6.4_@react-navigation+native@7.1.17_react-native@0.81.5_@b_28a2c3a7af745b08fd3e3ec803bf51ba/node_modules/@react-navigation/elements/lib/module/assets
	Result        : file:///Users/valentinasenov/Library/Developer/CoreSimulator/Devices/98FA5BD8-5D12-4B35-9A26-3AEBCADAFC8A/data/Containers/Bundle/Application/12B90C3A-72F3-447D-B35C-244E0D70240B/YourSofia.app/assets/node_modules/.pnpm/@react-navigation+elements@2.6.4_@react-navigation+native@7.1.17_react-native@0.81.5_@b_28a2c3a7af745b08fd3e3ec803bf51ba/node_modules/@react-navigation/elements/lib/module/assets/close-icon@3x.png
2026-08-17 11:25:39.210 Db YourSofia[98845:31ee3a] [com.apple.CFBundle:resources] Resource lookup at CFBundle 0x600003b042a0 </Users/valentinasenov/Library/Developer/CoreSimulator/Devices/98FA5BD8-5D12-4B35-9A26-3AEBCADAFC8A/data/Containers/Bundle/Application/12B90C3A-72F3-447D-B35C-244E0D70240B/YourSofia.app> (executable, loaded)
	Request       : search-icon type: png path: assets/node_modules/.pnpm/@react-navigation+elements@2.6.4_@react-navigation+native@7.1.17_react-native@0.81.5_@b_28a2c3a7af745b08fd3e3ec803bf51ba/node_modules/@react-navigation/elements/lib/module/assets
	Result        : file:///Users/valentinasenov/Library/Developer/CoreSimulator/Devices/98FA5BD8-5D12-4B35-9A26-3AEBCADAFC8A/data/Containers/Bundle/Application/12B90C3A-72F3-447D-B35C-244E0D70240B/YourSofia.app/assets/node_modules/.pnpm/@react-navigation+elements@2.6.4_@react-navigation+native@7.1.17_react-native@0.81.5_@b_28a2c3a7af745b08fd3e3ec803bf51ba/node_modules/@react-navigation/elements/lib/module/assets/search-icon.png
2026-08-17 11:25:39.210 Db YourSofia[98845:31ee3a] [com.apple.CFBundle:resources] Resource lookup at CFBundle 0x600003b042a0 </Users/valentinasenov/Library/Developer/CoreSimulator/Devices/98FA5BD8-5D12-4B35-9A26-3AEBCADAFC8A/data/Containers/Bundle/Application/12B90C3A-72F3-447D-B35C-244E0D70240B/YourSofia.app> (executable, loaded)
	Request       : search-icon@2x type: png path: assets/node_modules/.pnpm/@react-navigation+elements@2.6.4_@react-navigation+native@7.1.17_react-native@0.81.5_@b_28a2c3a7af745b08fd3e3ec803bf51ba/node_modules/@react-navigation/elements/lib/module/assets
	Result        : file:///Users/valentinasenov/Library/Developer/CoreSimulator/Devices/98FA5BD8-5D12-4B35-9A26-3AEBCADAFC8A/data/Containers/Bundle/Application/12B90C3A-72F3-447D-B35C-244E0D70240B/YourSofia.app/assets/node_modules/.pnpm/@react-navigation+elements@2.6.4_@react-navigation+native@7.1.17_react-native@0.81.5_@b_28a2c3a7af745b08fd3e3ec803bf51ba/node_modules/@react-navigation/elements/lib/module/assets/search-icon@2x.png
2026-08-17 11:25:39.210 Db YourSofia[98845:31edf9] [com.apple.defaults:User Defaults] found no value for key NSDoubleLocalizedStrings in CFPrefsSearchListSource<0x600002c08180> (Domain: bg.sofia.yoursofia, Container: (null) Non-launch persona: 0)
2026-08-17 11:25:39.210 Db YourSofia[98845:31edf9] [com.apple.defaults:User Defaults] found no value for key NSForceRightToLeftLocalizedStrings in CFPrefsSearchListSource<0x600002c08180> (Domain: bg.sofia.yoursofia, Container: (null) Non-launch persona: 0)
2026-08-17 11:25:39.210 Db YourSofia[98845:31edf9] [com.apple.defaults:User Defaults] found no value for key NSAccentuateLocalizedStrings in CFPrefsSearchListSource<0x600002c08180> (Domain: bg.sofia.yoursofia, Container: (null) Non-launch persona: 0)
2026-08-17 11:25:39.210 Db YourSofia[98845:31ee3a] [com.apple.CFBundle:resources] Resource lookup at CFBundle 0x600003b042a0 </Users/valentinasenov/Library/Developer/CoreSimulator/Devices/98FA5BD8-5D12-4B35-9A26-3AEBCADAFC8A/data/Containers/Bundle/Application/12B90C3A-72F3-447D-B35C-244E0D70240B/YourSofia.app> (executable, loaded)
	Request       : search-icon@3x type: png path: assets/node_modules/.pnpm/@react-navigation+elements@2.6.4_@react-navigation+native@7.1.17_react-native@0.81.5_@b_28a2c3a7af745b08fd3e3ec803bf51ba/node_modules/@react-navigation/elements/lib/module/assets
	Result        : file:///Users/valentinasenov/Library/Developer/CoreSimulator/Devices/98FA5BD8-5D12-4B35-9A26-3AEBCADAFC8A/data/Containers/Bundle/Application/12B90C3A-72F3-447D-B35C-244E0D70240B/YourSofia.app/assets/node_modules/.pnpm/@react-navigation+elements@2.6.4_@react-navigation+native@7.1.17_react-native@0.81.5_@b_28a2c3a7af745b08fd3e3ec803bf51ba/node_modules/@react-navigation/elements/lib/module/assets/search-icon@3x.png
2026-08-17 11:25:39.210 Db YourSofia[98845:31edf9] [com.apple.defaults:User Defaults] found no value for key NSSurroundLocalizedStrings in CFPrefsSearchListSource<0x600002c08180> (Domain: bg.sofia.yoursofia, Container: (null) Non-launch persona: 0)
2026-08-17 11:25:39.210 Db YourSofia[98845:31edf9] [com.apple.defaults:User Defaults] found no value for key NSTallLocalizedStrings in CFPrefsSearchListSource<0x600002c08180> (Domain: bg.sofia.yoursofia, Container: (null) Non-launch persona: 0)
2026-08-17 11:25:39.210 Db YourSofia[98845:31edf9] [com.apple.CFBundle:strings] Bundle: CFBundle 0x600003b24000 </Library/Developer/CoreSimulator/Volumes/iOS_23D8133/Library/Developer/CoreSimulator/Profiles/Runtimes/iOS 26.3.simruntime/Contents/Resources/RuntimeRoot/System/Library/PrivateFrameworks/UIKitCore.framework> (not loaded), key: Duplicate, value: Duplicate, table: Localizable, localizationNames: (null), result: Duplicate
2026-08-17 11:25:39.210 Db YourSofia[98845:31edf9] [com.apple.CFBundle:strings] Bundle: CFBundle 0x600003b24000 </Library/Developer/CoreSimulator/Volumes/iOS_23D8133/Library/Developer/CoreSimulator/Profiles/Runtimes/iOS 26.3.simruntime/Contents/Resources/RuntimeRoot/System/Library/PrivateFrameworks/UIKitCore.framework> (not loaded), key: Move, value: Move, table: Localizable, localizationNames: (null), result: Move
2026-08-17 11:25:39.210 Db YourSofia[98845:31edf9] [com.apple.CFBundle:strings] Bundle: CFBundle 0x600003b24000 </Library/Developer/CoreSimulator/Volumes/iOS_23D8133/Library/Developer/CoreSimulator/Profiles/Runtimes/iOS 26.3.simruntime/Contents/Resources/RuntimeRoot/System/Library/PrivateFrameworks/UIKitCore.framework> (not loaded), key: Rename, value: Rename, table: Localizable, localizationNames: (null), result: Rename
2026-08-17 11:25:39.210 Db YourSofia[98845:31edf9] [com.apple.CFBundle:strings] Bundle: CFBundle 0x600003b24000 </Library/Developer/CoreSimulator/Volumes/iOS_23D8133/Library/Developer/CoreSimulator/Profiles/Runtimes/iOS 26.3.simruntime/Contents/Resources/RuntimeRoot/System/Library/PrivateFrameworks/UIKitCore.framework> (not loaded), key: Export, value: Export, table: Localizable, localizationNames: (null), result: Export
2026-08-17 11:25:39.210 Db YourSofia[98845:31edf9] [com.apple.CFBundle:strings] Bundle: CFBundle 0x600003b24000 </Library/Developer/CoreSimulator/Volumes/iOS_23D8133/Library/Developer/CoreSimulator/Profiles/Runtimes/iOS 26.3.simruntime/Contents/Resources/RuntimeRoot/System/Library/PrivateFrameworks/UIKitCore.framework> (not loaded), key: Dictation, value: Dictation, table: Localizable, localizationNames: (null), result: Dictation
2026-08-17 11:25:39.210 Db YourSofia[98845:31edf9] [com.apple.CFBundle:strings] Bundle: CFBundle 0x600003b24000 </Library/Developer/CoreSimulator/Volumes/iOS_23D8133/Library/Developer/CoreSimulator/Profiles/Runtimes/iOS 26.3.simruntime/Contents/Resources/RuntimeRoot/System/Library/PrivateFrameworks/UIKitCore.framework> (not loaded), key: Emoji, value: Emoji, table: Localizable, localizationNames: (null), result: Emoji
2026-08-17 11:25:39.210 Db YourSofia[98845:31edf9] [com.apple.CFBundle:strings] Bundle: CFBundle 0x600003b24000 </Library/Developer/CoreSimulator/Volumes/iOS_23D8133/Library/Developer/CoreSimulator/Profiles/Runtimes/iOS 26.3.simruntime/Contents/Resources/RuntimeRoot/System/Library/PrivateFrameworks/UIKitCore.framework> (not loaded), key: KEYSHORTCUTHUDITEM_FILE_NEW_WINDOW, value: New Window, table: Localizable, localizationNames: (null), result: New Window
2026-08-17 11:25:39.210 Db YourSofia[98845:31edf9] [com.apple.CFBundle:strings] Bundle: CFBundle 0x600003b24000 </Library/Developer/CoreSimulator/Volumes/iOS_23D8133/Library/Developer/CoreSimulator/Profiles/Runtimes/iOS 26.3.simruntime/Contents/Resources/RuntimeRoot/System/Library/PrivateFrameworks/UIKitCore.framework> (not loaded), key: Copy[Menu], value: Copy, table: Localizable, localizationNames: (null), result: Copy
2026-08-17 11:25:39.210 Db YourSofia[98845:31edf9] [com.apple.CFBundle:strings] Bundle: CFBundle 0x600003b24000 </Library/Developer/CoreSimulator/Volumes/iOS_23D8133/Library/Developer/CoreSimulator/Profiles/Runtimes/iOS 26.3.simruntime/Contents/Resources/RuntimeRoot/System/Library/PrivateFrameworks/UIKitCore.framework> (not loaded), key: Cut, value: Cut, table: Localizable, localizationNames: (null), result: Cut
2026-08-17 11:25:39.210 Db YourSofia[98845:31edf9] [com.apple.CFBundle:strings] Bundle: CFBundle 0x600003b24000 </Library/Developer/CoreSimulator/Volumes/iOS_23D8133/Library/Developer/CoreSimulator/Profiles/Runtimes/iOS 26.3.simruntime/Contents/Resources/RuntimeRoot/System/Library/PrivateFrameworks/UIKitCore.framework> (not loaded), key: Smaller, value: Smaller, table: Localizable, localizationNames: (null), result: Smaller
2026-08-17 11:25:39.210 Db YourSofia[98845:31ee3a] [com.apple.CFBundle:resources] Resource lookup at CFBundle 0x600003b042a0 </Users/valentinasenov/Library/Developer/CoreSimulator/Devices/98FA5BD8-5D12-4B35-9A26-3AEBCADAFC8A/data/Containers/Bundle/Application/12B90C3A-72F3-447D-B35C-244E0D70240B/YourSofia.app> (executable, loaded)
	Request       : error type: png path: assets/node_modules/.pnpm/expo-router@6.0.22_df0c677153b00f82db80c956be709681/node_modules/expo-router/assets
	Result        : file:///Users/valentinasenov/Library/Developer/CoreSimulator/Devices/98FA5BD8-5D12-4B35-9A26-3AEBCADAFC8A/data/Containers/Bundle/Application/12B90C3A-72F3-447D-B35C-244E0D70240B/YourSofia.app/assets/node_modules/.pnpm/expo-router@6.0.22_df0c677153b00f82db80c956be709681/node_modules/expo-router/assets/error.png
2026-08-17 11:25:39.210 Db YourSofia[98845:31edf9] [com.apple.CFBundle:strings] Bundle: CFBundle 0x600003b24000 </Library/Developer/CoreSimulator/Volumes/iOS_23D8133/Library/Developer/CoreSimulator/Profiles/Runtimes/iOS 26.3.simruntime/Contents/Resources/RuntimeRoot/System/Library/PrivateFrameworks/UIKitCore.framework> (not loaded), key: Delete[Menu], value: Delete, table: Localizable, localizationNames: (null), result: Delete
2026-08-17 11:25:39.210 Db YourSofia[98845:31edf9] [com.apple.CFBundle:strings] Bundle: CFBundle 0x600003b24000 </Library/Developer/CoreSimulator/Volumes/iOS_23D8133/Library/Developer/CoreSimulator/Profiles/Runtimes/iOS 26.3.simruntime/Contents/Resources/RuntimeRoot/System/Library/PrivateFrameworks/UIKitCore.framework> (not loaded), key: Bigger, value: Bigger, table: Localizable, localizationNames: (null), result: Bigger
2026-08-17 11:25:39.210 Db YourSofia[98845:31edf9] [com.apple.CFBundle:strings] Bundle: CFBundle 0x600003b24000 </Library/Developer/CoreSimulator/Volumes/iOS_23D8133/Library/Developer/CoreSimulator/Profiles/Runtimes/iOS 26.3.simruntime/Contents/Resources/RuntimeRoot/System/Library/PrivateFrameworks/UIKitCore.framework> (not loaded), key: Default, value: Default, table: Localizable, localizationNames: (null), result: Default
2026-08-17 11:25:39.210 Db YourSofia[98845:31edf9] [com.apple.CFBundle:strings] Bundle: CFBundle 0x600003b24000 </Library/Developer/CoreSimulator/Volumes/iOS_23D8133/Library/Developer/CoreSimulator/Profiles/Runtimes/iOS 26.3.simruntime/Contents/Resources/RuntimeRoot/System/Library/PrivateFrameworks/UIKitCore.framework> (not loaded), key: Left to Right, value: Left to Right, table: Localizable, localizationNames: (null), result: Left to Right
2026-08-17 11:25:39.210 Db YourSofia[98845:31edf9] [com.apple.CFBundle:strings] Bundle: CFBundle 0x600003b24000 </Library/Developer/CoreSimulator/Volumes/iOS_23D8133/Library/Developer/CoreSimulator/Profiles/Runtimes/iOS 26.3.simruntime/Contents/Resources/RuntimeRoot/System/Library/PrivateFrameworks/UIKitCore.framework> (not loaded), key: Right to Left, value: Right to Left, table: Localizable, localizationNames: (null), result: Right to Left
2026-08-17 11:25:39.210 Db YourSofia[98845:31edf9] [com.apple.CFBundle:strings] Bundle: CFBundle 0x600003b24000 </Library/Developer/CoreSimulator/Volumes/iOS_23D8133/Library/Developer/CoreSimulator/Profiles/Runtimes/iOS 26.3.simruntime/Contents/Resources/RuntimeRoot/System/Library/PrivateFrameworks/UIKitCore.framework> (not loaded), key: Paste, value: Paste, table: Localizable, localizationNames: (null), result: Paste
2026-08-17 11:25:39.210 Db YourSofia[98845:31edf9] [com.apple.CFBundle:strings] Bundle: CFBundle 0x600003b24000 </Library/Developer/CoreSimulator/Volumes/iOS_23D8133/Library/Developer/CoreSimulator/Profiles/Runtimes/iOS 26.3.simruntime/Contents/Resources/RuntimeRoot/System/Library/PrivateFrameworks/UIKitCore.framework> (not loaded), key: Paste and Match Style, value: Paste and Match Style, table: Localizable, localizationNames: (null), result: Paste and Match Style
2026-08-17 11:25:39.210 Db YourSofia[98845:31edf9] [com.apple.CFBundle:strings] Bundle: CFBundle 0x600003b24000 </Library/Developer/CoreSimulator/Volumes/iOS_23D8133/Library/Developer/CoreSimulator/Profiles/Runtimes/iOS 26.3.simruntime/Contents/Resources/RuntimeRoot/System/Library/PrivateFrameworks/UIKitCore.framework> (not loaded), key: Redo, value: Redo, table: Localizable, localizationNames: (null), result: Redo
2026-08-17 11:25:39.210 Db YourSofia[98845:31edf9] [com.apple.CFBundle:strings] Bundle: CFBundle 0x600003b24000 </Library/Developer/CoreSimulator/Volumes/iOS_23D8133/Library/Developer/CoreSimulator/Profiles/Runtimes/iOS 26.3.simruntime/Contents/Resources/RuntimeRoot/System/Library/PrivateFrameworks/UIKitCore.framework> (not loaded), key: Select, value: Select, table: Localizable, localizationNames: (null), result: Select
2026-08-17 11:25:39.210 Db YourSofia[98845:31edf9] [com.apple.CFBundle:strings] Bundle: CFBundle 0x600003b24000 </Library/Developer/CoreSimulator/Volumes/iOS_23D8133/Library/Developer/CoreSimulator/Profiles/Runtimes/iOS 26.3.simruntime/Contents/Resources/RuntimeRoot/System/Library/PrivateFrameworks/UIKitCore.framework> (not loaded), key: Select All, value: Select All, table: Localizable, localizationNames: (null), result: Select All
2026-08-17 11:25:39.210 Db YourSofia[98845:31edf9] [com.apple.CFBundle:strings] Bundle: CFBundle 0x600003b24000 </Library/Developer/CoreSimulator/Volumes/iOS_23D8133/Library/Developer/CoreSimulator/Profiles/Runtimes/iOS 26.3.simruntime/Contents/Resources/RuntimeRoot/System/Library/PrivateFrameworks/UIKitCore.framework> (not loaded), key: TEXT_FORMATTING_MORE, value: More…, table: Localizable, localizationNames: (null), result: More…
2026-08-17 11:25:39.210 Db YourSofia[98845:31edf9] [com.apple.CFBundle:strings] Bundle: CFBundle 0x600003b24000 </Library/Developer/CoreSimulator/Volumes/iOS_23D8133/Library/Developer/CoreSimulator/Profiles/Runtimes/iOS 26.3.simruntime/Contents/Resources/RuntimeRoot/System/Library/PrivateFrameworks/UIKitCore.framework> (not loaded), key: Bold, value: Bold, table: Localizable, localizationNames: (null), result: Bold
2026-08-17 11:25:39.210 Db YourSofia[98845:31edf9] [com.apple.CFBundle:strings] Bundle: CFBundle 0x600003b24000 </Library/Developer/CoreSimulator/Volumes/iOS_23D8133/Library/Developer/CoreSimulator/Profiles/Runtimes/iOS 26.3.simruntime/Contents/Resources/RuntimeRoot/System/Library/PrivateFrameworks/UIKitCore.framework> (not loaded), key: Italic, value: Italic, table: Localizable, localizationNames: (null), result: Italic
2026-08-17 11:25:39.210 Db YourSofia[98845:31ee3a] [com.apple.CFBundle:resources] Resource lookup at CFBundle 0x600003b042a0 </Users/valentinasenov/Library/Developer/CoreSimulator/Devices/98FA5BD8-5D12-4B35-9A26-3AEBCADAFC8A/data/Containers/Bundle/Application/12B90C3A-72F3-447D-B35C-244E0D70240B/YourSofia.app> (executable, loaded)
	Request       : file type: png path: assets/node_modules/.pnpm/expo-router@6.0.22_df0c677153b00f82db80c956be709681/node_modules/expo-router/assets
	Result        : file:///Users/valentinasenov/Library/Developer/CoreSimulator/Devices/98FA5BD8-5D12-4B35-9A26-3AEBCADAFC8A/data/Containers/Bundle/Application/12B90C3A-72F3-447D-B35C-244E0D70240B/YourSofia.app/assets/node_modules/.pnpm/expo-router@6.0.22_df0c677153b00f82db80c956be709681/node_modules/expo-router/assets/file.png
2026-08-17 11:25:39.210 Db YourSofia[98845:31edf9] [com.apple.CFBundle:strings] Bundle: CFBundle 0x600003b24000 </Library/Developer/CoreSimulator/Volumes/iOS_23D8133/Library/Developer/CoreSimulator/Profiles/Runtimes/iOS 26.3.simruntime/Contents/Resources/RuntimeRoot/System/Library/PrivateFrameworks/UIKitCore.framework> (not loaded), key: Underline, value: Underline, table: Localizable, localizationNames: (null), result: Underline
2026-08-17 11:25:39.210 Db YourSofia[98845:31edf9] [com.apple.CFBundle:strings] Bundle: CFBundle 0x600003b24000 </Library/Developer/CoreSimulator/Volumes/iOS_23D8133/Library/Developer/CoreSimulator/Profiles/Runtimes/iOS 26.3.simruntime/Contents/Resources/RuntimeRoot/System/Library/PrivateFrameworks/UIKitCore.framework> (not loaded), key: Undo, value: Undo, table: Localizable, localizationNames: (null), result: Undo
2026-08-17 11:25:39.210 Db YourSofia[98845:31edf9] [com.apple.CFBundle:strings] Bundle: CFBundle 0x600003b24000 </Library/Developer/CoreSimulator/Volumes/iOS_23D8133/Library/Developer/CoreSimulator/Profiles/Runtimes/iOS 26.3.simruntime/Contents/Resources/RuntimeRoot/System/Library/PrivateFrameworks/UIKitCore.framework> (not loaded), key: Pause, value: Pause, table: Localizable, localizationNames: (null), result: Pause
2026-08-17 11:25:39.210 Db YourSofia[98845:31edf9] [com.apple.CFBundle:strings] Bundle: CFBundle 0x600003b24000 </Library/Developer/CoreSimulator/Volumes/iOS_23D8133/Library/Developer/CoreSimulator/Profiles/Runtimes/iOS 26.3.simruntime/Contents/Resources/RuntimeRoot/System/Library/PrivateFrameworks/UIKitCore.framework> (not loaded), key: Speak, value: Speak, table: Localizable, localizationNames: (null), result: Speak
2026-08-17 11:25:39.211 Db YourSofia[98845:31edf9] [com.apple.CFBundle:strings] Bundle: CFBundle 0x600003b24000 </Library/Developer/CoreSimulator/Volumes/iOS_23D8133/Library/Developer/CoreSimulator/Profiles/Runtimes/iOS 26.3.simruntime/Contents/Resources/RuntimeRoot/System/Library/PrivateFrameworks/UIKitCore.framework> (not loaded), key: Speak…, value: Speak…, table: Localizable, localizationNames: (null), result: Speak…
2026-08-17 11:25:39.211 Db YourSofia[98845:31edf9] [com.apple.CFBundle:strings] Bundle: CFBundle 0x600003b24000 </Library/Developer/CoreSimulator/Volumes/iOS_23D8133/Library/Developer/CoreSimulator/Profiles/Runtimes/iOS 26.3.simruntime/Contents/Resources/RuntimeRoot/System/Library/PrivateFrameworks/UIKitCore.framework> (not loaded), key: Learn…, value: Learn…, table: Localizable, localizationNames: (null), result: Learn…
2026-08-17 11:25:39.211 Db YourSofia[98845:31edf9] [com.apple.CFBundle:strings] Bundle: CFBundle 0x600003b24000 </Library/Developer/CoreSimulator/Volumes/iOS_23D8133/Library/Developer/CoreSimulator/Profiles/Runtimes/iOS 26.3.simruntime/Contents/Resources/RuntimeRoot/System/Library/PrivateFrameworks/UIKitCore.framework> (not loaded), key: Look Up, value: Look Up, table: Localizable, localizationNames: (null), result: Look Up
2026-08-17 11:25:39.211 Db YourSofia[98845:31edf9] [com.apple.CFBundle:strings] Bundle: CFBundle 0x600003b24000 </Library/Developer/CoreSimulator/Volumes/iOS_23D8133/Library/Developer/CoreSimulator/Profiles/Runtimes/iOS 26.3.simruntime/Contents/Resources/RuntimeRoot/System/Library/PrivateFrameworks/UIKitCore.framework> (not loaded), key: Insert Drawing, value: Insert Drawing, table: Localizable, localizationNames: (null), result: Insert Drawing
2026-08-17 11:25:39.211 Db YourSofia[98845:31edf9] [com.apple.CFBundle:strings] Bundle: CFBundle 0x600003b24000 </Library/Developer/CoreSimulator/Volumes/iOS_23D8133/Library/Developer/CoreSimulator/Profiles/Runtimes/iOS 26.3.simruntime/Contents/Resources/RuntimeRoot/System/Library/PrivateFrameworks/UIKitCore.framework> (not loaded), key: Look Up, value: Look Up, table: Localizable, localizationNames: (null), result: Look Up
2026-08-17 11:25:39.211 Db YourSofia[98845:31edf9] [com.apple.CFBundle:strings] Bundle: CFBundle 0x600003b24000 </Library/Developer/CoreSimulator/Volumes/iOS_23D8133/Library/Developer/CoreSimulator/Profiles/Runtimes/iOS 26.3.simruntime/Contents/Resources/RuntimeRoot/System/Library/PrivateFrameworks/UIKitCore.framework> (not loaded), key: Replace…, value: Replace…, table: Localizable, localizationNames: (null), result: Replace…
2026-08-17 11:25:39.211 Db YourSofia[98845:31edf9] [com.apple.CFBundle:strings] Bundle: CFBundle 0x600003b24000 </Library/Developer/CoreSimulator/Volumes/iOS_23D8133/Library/Developer/CoreSimulator/Profiles/Runtimes/iOS 26.3.simruntime/Contents/Resources/RuntimeRoot/System/Library/PrivateFrameworks/UIKitCore.framework> (not loaded), key: Share…, value: Share…, table: Localizable, localizationNames: (null), result: Share…
2026-08-17 11:25:39.211 Db YourSofia[98845:31edf9] [com.apple.CFBundle:strings] Bundle: CFBundle 0x600003b24000 </Library/Developer/CoreSimulator/Volumes/iOS_23D8133/Library/Developer/CoreSimulator/Profiles/Runtimes/iOS 26.3.simruntime/Contents/Resources/RuntimeRoot/System/Library/PrivateFrameworks/UIKitCore.framework> (not loaded), key: Find, value: Find, table: Localizable, localizationNames: (null), result: Find
2026-08-17 11:25:39.211 Db YourSofia[98845:31edf9] [com.apple.CFBundle:strings] Bundle: CFBundle 0x600003b24000 </Library/Developer/CoreSimulator/Volumes/iOS_23D8133/Library/Developer/CoreSimulator/Profiles/Runtimes/iOS 26.3.simruntime/Contents/Resources/RuntimeRoot/System/Library/PrivateFrameworks/UIKitCore.framework> (not loaded), key: Find & Replace, value: Find & Replace, table: Localizable, localizationNames: (null), result: Find & Replace
2026-08-17 11:25:39.211 Db YourSofia[98845:31edf9] [com.apple.CFBundle:strings] Bundle: CFBundle 0x600003b24000 </Library/Developer/CoreSimulator/Volumes/iOS_23D8133/Library/Developer/CoreSimulator/Profiles/Runtimes/iOS 26.3.simruntime/Contents/Resources/RuntimeRoot/System/Library/PrivateFrameworks/UIKitCore.framework> (not loaded), key: Find Next, value: Find Next, table: Localizable, localizationNames: (null), result: Find Next
2026-08-17 11:25:39.211 Db YourSofia[98845:31edf9] [com.apple.CFBundle:strings] Bundle: CFBundle 0x600003b24000 </Library/Developer/CoreSimulator/Volumes/iOS_23D8133/Library/Developer/CoreSimulator/Profiles/Runtimes/iOS 26.3.simruntime/Contents/Resources/RuntimeRoot/System/Library/PrivateFrameworks/UIKitCore.framework> (not loaded), key: Find Previous, value: Find Previous, table: Localizable, localizationNames: (null), result: Find Previous
2026-08-17 11:25:39.211 Db YourSofia[98845:31edf9] [com.apple.CFBundle:strings] Bundle: CFBundle 0x600003b24000 </Library/Developer/CoreSimulator/Volumes/iOS_23D8133/Library/Developer/CoreSimulator/Profiles/Runtimes/iOS 26.3.simruntime/Contents/Resources/RuntimeRoot/System/Library/PrivateFrameworks/UIKitCore.framework> (not loaded), key: Use Selection for Find, value: Use Selection for Find, table: Localizable, localizationNames: (null), result: Use Selection for Find
2026-08-17 11:25:39.211 Db YourSofia[98845:31edf9] [com.apple.CFBundle:strings] Bundle: CFBundle 0x600003b24000 </Library/Developer/CoreSimulator/Volumes/iOS_23D8133/Library/Developer/CoreSimulator/Profiles/Runtimes/iOS 26.3.simruntime/Contents/Resources/RuntimeRoot/System/Library/PrivateFrameworks/UIKitCore.framework> (not loaded), key: Find Selection, value: Find Selection, table: Localizable, localizationNames: (null), result: Find Selection
2026-08-17 11:25:39.211 Db YourSofia[98845:31edf9] [com.apple.CFBundle:strings] Bundle: CFBundle 0x600003b24000 </Library/Developer/CoreSimulator/Volumes/iOS_23D8133/Library/Developer/CoreSimulator/Profiles/Runtimes/iOS 26.3.simruntime/Contents/Resources/RuntimeRoot/System/Library/PrivateFrameworks/UIKitCore.framework> (not loaded), key: Open..., value: Open..., table: Localizable, localizationNames: (null), result: Open...
2026-08-17 11:25:39.211 Db YourSofia[98845:31edf9] [com.apple.CFBundle:strings] Bundle: CFBundle 0x600003b24000 </Library/Developer/CoreSimulator/Volumes/iOS_23D8133/Library/Developer/CoreSimulator/Profiles/Runtimes/iOS 26.3.simruntime/Contents/Resources/RuntimeRoot/System/Library/PrivateFrameworks/UIKitCore.framework> (not loaded), key: Open in New Window, value: Open in New Window, table: Localizable, localizationNames: (null), result: Open in New Window
2026-08-17 11:25:39.211 Db YourSofia[98845:31edf9] [com.apple.CFBundle:strings] Bundle: CFBundle 0x600003b24000 </Library/Developer/CoreSimulator/Volumes/iOS_23D8133/Library/Developer/CoreSimulator/Profiles/Runtimes/iOS 26.3.simruntime/Contents/Resources/RuntimeRoot/System/Library/PrivateFrameworks/UIKitCore.framework> (not loaded), key: KEYSHORTCUTHUDITEM_FORMAT_TEXTALIGN_LEFT, value: Align Left, table: Localizable, localizationNames: (null), result: Align Left
2026-08-17 11:25:39.211 Db YourSofia[98845:31edf9] [com.apple.CFBundle:strings] Bundle: CFBundle 0x600003b24000 </Library/Developer/CoreSimulator/Volumes/iOS_23D8133/Library/Developer/CoreSimulator/Profiles/Runtimes/iOS 26.3.simruntime/Contents/Resources/RuntimeRoot/System/Library/PrivateFrameworks/UIKitCore.framework> (not loaded), key: KEYSHORTCUTHUDITEM_FORMAT_TEXTALIGN_CENTER, value: Center, table: Localizable, localizationNames: (null), result: Center
2026-08-17 11:25:39.211 Db YourSofia[98845:31edf9] [com.apple.CFBundle:strings] Bundle: CFBundle 0x600003b24000 </Library/Developer/CoreSimulator/Volumes/iOS_23D8133/Library/Developer/CoreSimulator/Profiles/Runtimes/iOS 26.3.simruntime/Contents/Resources/RuntimeRoot/System/Library/PrivateFrameworks/UIKitCore.framework> (not loaded), key: KEYSHORTCUTHUDITEM_FORMAT_TEXTALIGN_JUSTIFY, value: Justify, table: Localizable, localizationNames: (null), result: Justify
2026-08-17 11:25:39.211 Db YourSofia[98845:31ee3a] [com.apple.CFBundle:resources] Resource lookup at CFBundle 0x600003b042a0 </Users/valentinasenov/Library/Developer/CoreSimulator/Devices/98FA5BD8-5D12-4B35-9A26-3AEBCADAFC8A/data/Containers/Bundle/Application/12B90C3A-72F3-447D-B35C-244E0D70240B/YourSofia.app> (executable, loaded)
	Request       : pkg type: png path: assets/node_modules/.pnpm/expo-router@6.0.22_df0c677153b00f82db80c956be709681/node_modules/expo-router/assets
	Result        : file:///Users/valentinasenov/Library/Developer/CoreSimulator/Devices/98FA5BD8-5D12-4B35-9A26-3AEBCADAFC8A/data/Containers/Bundle/Application/12B90C3A-72F3-447D-B35C-244E0D70240B/YourSofia.app/assets/node_modules/.pnpm/expo-router@6.0.22_df0c677153b00f82db80c956be709681/node_modules/expo-router/assets/pkg.png
2026-08-17 11:25:39.211 Db YourSofia[98845:31ee65] [com.apple.runningboard:message] PERF: [app<bg.sofia.yoursofia((null))>:98845] Received message from runningboardd: async_didChangeInheritances:completion:
2026-08-17 11:25:39.211 Db YourSofia[98845:31edf9] [com.apple.CFBundle:strings] Bundle: CFBundle 0x600003b24000 </Library/Developer/CoreSimulator/Volumes/iOS_23D8133/Library/Developer/CoreSimulator/Profiles/Runtimes/iOS 26.3.simruntime/Contents/Resources/RuntimeRoot/System/Library/PrivateFrameworks/UIKitCore.framework> (not loaded), key: KEYSHORTCUTHUDITEM_FORMAT_TEXTALIGN_RIGHT, value: Align Right, table: Localizable, localizationNames: (null), result: Align Right
2026-08-17 11:25:39.211 Db YourSofia[98845:31edf9] [com.apple.CFBundle:strings] Bundle: CFBundle 0x600003b24000 </Library/Developer/CoreSimulator/Volumes/iOS_23D8133/Library/Developer/CoreSimulator/Profiles/Runtimes/iOS 26.3.simruntime/Contents/Resources/RuntimeRoot/System/Library/PrivateFrameworks/UIKitCore.framework> (not loaded), key: KEYSHORTCUTHUDITEM_VIEW_CUSTOMIZE_TOOLBAR, value: Customize Toolbar…, table: Localizable, localizationNames: (null), result: Customize Toolbar…
2026-08-17 11:25:39.211 Db YourSofia[98845:31edf9] [com.apple.CFBundle:strings] Bundle: CFBundle 0x600003b24000 </Library/Developer/CoreSimulator/Volumes/iOS_23D8133/Library/Developer/CoreSimulator/Profiles/Runtimes/iOS 26.3.simruntime/Contents/Resources/RuntimeRoot/System/Library/PrivateFrameworks/UIKitCore.framework> (not loaded), key: Show Sidebar, value: Show Sidebar, table: Localizable, localizationNames: (null), result: Show Sidebar
2026-08-17 11:25:39.211 Db YourSofia[98845:31edf9] [com.apple.CFBundle:strings] Bundle: CFBundle 0x600003b24000 </Library/Developer/CoreSimulator/Volumes/iOS_23D8133/Library/Developer/CoreSimulator/Profiles/Runtimes/iOS 26.3.simruntime/Contents/Resources/RuntimeRoot/System/Library/PrivateFrameworks/UIKitCore.framework> (not loaded), key: Show Inspector, value: Show Inspector, table: Localizable, localizationNames: (null), result: Show Inspector
2026-08-17 11:25:39.211 A  YourSofia[98845:31ee65] (RunningBoardServices) didChangeInheritances
2026-08-17 11:25:39.211 Db YourSofia[98845:31edf9] [com.apple.CFBundle:strings] Bundle: CFBundle 0x600003b24000 </Library/Developer/CoreSimulator/Volumes/iOS_23D8133/Library/Developer/CoreSimulator/Profiles/Runtimes/iOS 26.3.simruntime/Contents/Resources/RuntimeRoot/System/Library/PrivateFrameworks/UIKitCore.framework> (not loaded), key: Show Keyboard, value: Show Keyboard, table: Localizable, localizationNames: (null), result: Show Keyboard
2026-08-17 11:25:39.211 Db YourSofia[98845:31edf9] [com.apple.CFBundle:strings] Bundle: CFBundle 0x600003b24000 </Library/Developer/CoreSimulator/Volumes/iOS_23D8133/Library/Developer/CoreSimulator/Profiles/Runtimes/iOS 26.3.simruntime/Contents/Resources/RuntimeRoot/System/Library/PrivateFrameworks/UIKitCore.framework> (not loaded), key: KEYSHORTCUTHUDITEM_FILE_CLOSE, value: Close, table: Localizable, localizationNames: (null), result: Close
2026-08-17 11:25:39.211 Db YourSofia[98845:31edf9] [com.apple.CFBundle:strings] Bundle: CFBundle 0x600003b24000 </Library/Developer/CoreSimulator/Volumes/iOS_23D8133/Library/Developer/CoreSimulator/Profiles/Runtimes/iOS 26.3.simruntime/Contents/Resources/RuntimeRoot/System/Library/PrivateFrameworks/UIKitCore.framework> (not loaded), key: KEYSHORTCUTHUDITEM_FILE_CLOSE_ALL, value: Close All, table: Localizable, localizationNames: (null), result: Close All
2026-08-17 11:25:39.211 Db YourSofia[98845:31ee65] [com.apple.runningboard:connection] didChangeInheritances: <RBSInheritanceChangeSet| gained:{(
    <RBSInheritance| environment:UIScene:com.apple.frontboard.systemappservices/FBSceneManager:sceneID%3Abg.sofia.yoursofia-default name:com.apple.frontboard.visibility origID:98522-98822-663 payload 8719656185504109860>
)} lost:(null)>
2026-08-17 11:25:39.211 Db YourSofia[98845:31edf9] [com.apple.CFBundle:strings] Bundle: CFBundle 0x600003b24000 </Library/Developer/CoreSimulator/Volumes/iOS_23D8133/Library/Developer/CoreSimulator/Profiles/Runtimes/iOS 26.3.simruntime/Contents/Resources/RuntimeRoot/System/Library/PrivateFrameworks/UIKitCore.framework> (not loaded), key: Print, value: Print, table: Localizable, localizationNames: (null), result: Print
2026-08-17 11:25:39.211 Db YourSofia[98845:31edf9] [com.apple.CFBundle:strings] Bundle: CFBundle 0x600003b24000 </Library/Developer/CoreSimulator/Volumes/iOS_23D8133/Library/Developer/CoreSimulator/Profiles/Runtimes/iOS 26.3.simruntime/Contents/Resources/RuntimeRoot/System/Library/PrivateFrameworks/UIKitCore.framework> (not loaded), key: Scan Text, value: Scan Text, table: Localizable, localizationNames: (null), result: Scan Text
2026-08-17 11:25:39.211 Db YourSofia[98845:31edf9] [com.apple.CFBundle:strings] Bundle: CFBundle 0x600003b24000 </Library/Developer/CoreSimulator/Volumes/iOS_23D8133/Library/Developer/CoreSimulator/Profiles/Runtimes/iOS 26.3.simruntime/Contents/Resources/RuntimeRoot/System/Library/PrivateFrameworks/UIKitCore.framework> (not loaded), key: Translate, value: Translate, table: Localizable, localizationNames: (null), result: Translate
2026-08-17 11:25:39.211 Db YourSofia[98845:31edf9] [com.apple.CFBundle:strings] Bundle: CFBundle 0x600003b24000 </Library/Developer/CoreSimulator/Volumes/iOS_23D8133/Library/Developer/CoreSimulator/Profiles/Runtimes/iOS 26.3.simruntime/Contents/Resources/RuntimeRoot/System/Library/PrivateFrameworks/UIKitCore.framework> (not loaded), key: Writing Tools, value: Writing Tools, table: Localizable, localizationNames: (null), result: Writing Tools
2026-08-17 11:25:39.211 Db YourSofia[98845:31edf9] [com.apple.CFBundle:strings] Bundle: CFBundle 0x600003b24000 </Library/Developer/CoreSimulator/Volumes/iOS_23D8133/Library/Developer/CoreSimulator/Profiles/Runtimes/iOS 26.3.simruntime/Contents/Resources/RuntimeRoot/System/Library/PrivateFrameworks/UIKitCore.framework> (not loaded), key: KEYSHORTCUTHUDITEM_APP_SERVICES, value: Services, table: Localizable, localizationNames: (null), result: Services
2026-08-17 11:25:39.211 Db YourSofia[98845:31edf9] [com.apple.CFBundle:strings] Bundle: CFBundle 0x600003b24000 </Library/Developer/CoreSimulator/Volumes/iOS_23D8133/Library/Developer/CoreSimulator/Profiles/Runtimes/iOS 26.3.simruntime/Contents/Resources/RuntimeRoot/System/Library/PrivateFrameworks/UIKitCore.framework> (not loaded), key: KEYSHORTCUTHUD_FILE, value: File, table: Localizable, localizationNames: (null), result: File
2026-08-17 11:25:39.211 Db YourSofia[98845:31edf9] [com.apple.CFBundle:strings] Bundle: CFBundle 0x600003b24000 </Library/Developer/CoreSimulator/Volumes/iOS_23D8133/Library/Developer/CoreSimulator/Profiles/Runtimes/iOS 26.3.simruntime/Contents/Resources/RuntimeRoot/System/Library/PrivateFrameworks/UIKitCore.framework> (not loaded), key: KEYSHORTCUTHUDITEM_FILE_OPEN_RECENT, value: Open Recent, table: Localizable, localizationNames: (null), result: Open Recent
2026-08-17 11:25:39.211 Db YourSofia[98845:31edf9] [com.apple.CFBundle:strings] Bundle: CFBundle 0x600003b24000 </Library/Developer/CoreSimulator/Volumes/iOS_23D8133/Library/Developer/CoreSimulator/Profiles/Runtimes/iOS 26.3.simruntime/Contents/Resources/RuntimeRoot/System/Library/PrivateFrameworks/UIKitCore.framework> (not loaded), key: KEYSHORTCUTHUD_EDIT, value: Edit, table: Localizable, localizationNames: (null), result: Edit
2026-08-17 11:25:39.211 Db YourSofia[98845:31edf9] [com.apple.CFBundle:strings] Bundle: CFBundle 0x600003b24000 </Library/Developer/CoreSimulator/Volumes/iOS_23D8133/Library/Developer/CoreSimulator/Profiles/Runtimes/iOS 26.3.simruntime/Contents/Resources/RuntimeRoot/System/Library/PrivateFrameworks/UIKitCore.framework> (not loaded), key: KEYSHORTCUTHUDITEM_EDIT_FIND_MENU, value: Find, table: Localizable, localizationNames: (null), result: Find
2026-08-17 11:25:39.211 Db YourSofia[98845:31edf9] [com.apple.CFBundle:strings] Bundle: CFBundle 0x600003b24000 </Library/Developer/CoreSimulator/Volumes/iOS_23D8133/Library/Developer/CoreSimulator/Profiles/Runtimes/iOS 26.3.simruntime/Contents/Resources/RuntimeRoot/System/Library/PrivateFrameworks/UIKitCore.framework> (not loaded), key: KEYSHORTCUTHUDITEM_EDIT_SPELLING_AND_GRAMMAR, value: Spelling and Grammar, table: Localizable, localizationNames: (null), result: Spelling and Grammar
2026-08-17 11:25:39.211 Db YourSofia[98845:31edf9] [com.apple.CFBundle:strings] Bundle: CFBundle 0x600003b24000 </Library/Developer/CoreSimulator/Volumes/iOS_23D8133/Library/Developer/CoreSimulator/Profiles/Runtimes/iOS 26.3.simruntime/Contents/Resources/RuntimeRoot/System/Library/PrivateFrameworks/UIKitCore.framework> (not loaded), key: KEYSHORTCUTHUDITEM_EDIT_SUBSTITUTIONS, value: Substitutions, table: Localizable, localizationNames: (null), result: Substitutions
2026-08-17 11:25:39.211 Db YourSofia[98845:31edf9] [com.apple.CFBundle:strings] Bundle: CFBundle 0x600003b24000 </Library/Developer/CoreSimulator/Volumes/iOS_23D8133/Library/Developer/CoreSimulator/Profiles/Runtimes/iOS 26.3.simruntime/Contents/Resources/RuntimeRoot/System/Library/PrivateFrameworks/UIKitCore.framework> (not loaded), key: KEYSHORTCUTHUDITEM_EDIT_TRANSFORMATIONS, value: Transformations, table: Localizable, localizationNames: (null), result: Transformations
2026-08-17 11:25:39.211 Db YourSofia[98845:31edf9] [com.apple.CFBundle:strings] Bundle: CFBundle 0x600003b24000 </Library/Developer/CoreSimulator/Volumes/iOS_23D8133/Library/Developer/CoreSimulator/Profiles/Runtimes/iOS 26.3.simruntime/Contents/Resources/RuntimeRoot/System/Library/PrivateFrameworks/UIKitCore.framework> (not loaded), key: KEYSHORTCUTHUDITEM_EDIT_SPEECH, value: Speech, table: Localizable, localizationNames: (null), result: Speech
2026-08-17 11:25:39.211 Db YourSofia[98845:31edf9] [com.apple.CFBundle:strings] Bundle: CFBundle 0x600003b24000 </Library/Developer/CoreSimulator/Volumes/iOS_23D8133/Library/Developer/CoreSimulator/Profiles/Runtimes/iOS 26.3.simruntime/Contents/Resources/RuntimeRoot/System/Library/PrivateFrameworks/UIKitCore.framework> (not loaded), key: KEYSHORTCUTHUD_FORMAT, value: Format, table: Localizable, localizationNames: (null), result: Format
2026-08-17 11:25:39.211 Db YourSofia[98845:31edf9] [com.apple.CFBundle:strings] Bundle: CFBundle 0x600003b24000 </Library/Developer/CoreSimulator/Volumes/iOS_23D8133/Library/Developer/CoreSimulator/Profiles/Runtimes/iOS 26.3.simruntime/Contents/Resources/RuntimeRoot/System/Library/PrivateFrameworks/UIKitCore.framework> (not loaded), key: KEYSHORTCUTHUDITEM_FORMAT_FONT, value: Font, table: Localizable, localizationNames: (null), result: Font
2026-08-17 11:25:39.211 Db YourSofia[98845:31edf9] [com.apple.CFBundle:strings] Bundle: CFBundle 0x600003b24000 </Library/Developer/CoreSimulator/Volumes/iOS_23D8133/Library/Developer/CoreSimulator/Profiles/Runtimes/iOS 26.3.simruntime/Contents/Resources/RuntimeRoot/System/Library/PrivateFrameworks/UIKitCore.framework> (not loaded), key: KEYSHORTCUTHUDITEM_FORMAT_TEXT, value: Text, table: Localizable, localizationNames: (null), result: Text
2026-08-17 11:25:39.211 Db YourSofia[98845:31edf9] [com.apple.CFBundle:strings] Bundle: CFBundle 0x600003b24000 </Library/Developer/CoreSimulator/Volumes/iOS_23D8133/Library/Developer/CoreSimulator/Profiles/Runtimes/iOS 26.3.simruntime/Contents/Resources/RuntimeRoot/System/Library/PrivateFrameworks/UIKitCore.framework> (not loaded), key: KEYSHORTCUTHUDITEM_FORMAT_TEXT_WRITING_DIRECTION, value: Writing Direction, table: Localizable, localizationNames: (null), result: Writing Direction
2026-08-17 11:25:39.211 Db YourSofia[98845:31edf9] [com.apple.CFBundle:strings] Bundle: CFBundle 0x600003b24000 </Library/Developer/CoreSimulator/Volumes/iOS_23D8133/Library/Developer/CoreSimulator/Profiles/Runtimes/iOS 26.3.simruntime/Contents/Resources/RuntimeRoot/System/Library/PrivateFrameworks/UIKitCore.framework> (not loaded), key: KEYSHORTCUTHUD_VIEW, value: View, table: Localizable, localizationNames: (null), result: View
2026-08-17 11:25:39.211 Db YourSofia[98845:31ee3a] [com.apple.CFBundle:resources] Resource lookup at CFBundle 0x600003b042a0 </Users/valentinasenov/Library/Developer/CoreSimulator/Devices/98FA5BD8-5D12-4B35-9A26-3AEBCADAFC8A/data/Containers/Bundle/Application/12B90C3A-72F3-447D-B35C-244E0D70240B/YourSofia.app> (executable, loaded)
	Request       : forward type: png path: assets/node_modules/.pnpm/expo-router@6.0.22_df0c677153b00f82db80c956be709681/node_modules/expo-router/assets
	Result        : file:///Users/valentinasenov/Library/Developer/CoreSimulator/Devices/98FA5BD8-5D12-4B35-9A26-3AEBCADAFC8A/data/Containers/Bundle/Application/12B90C3A-72F3-447D-B35C-244E0D70240B/YourSofia.app/assets/node_modules/.pnpm/expo-router@6.0.22_df0c677153b00f82db80c956be709681/node_modules/expo-router/assets/forward.png
2026-08-17 11:25:39.211 Db YourSofia[98845:31edf9] [com.apple.CFBundle:strings] Bundle: CFBundle 0x600003b24000 </Library/Developer/CoreSimulator/Volumes/iOS_23D8133/Library/Developer/CoreSimulator/Profiles/Runtimes/iOS 26.3.simruntime/Contents/Resources/RuntimeRoot/System/Library/PrivateFrameworks/UIKitCore.framework> (not loaded), key: KEYSHORTCUTHUD_WINDOW, value: Window, table: Localizable, localizationNames: (null), result: Window
2026-08-17 11:25:39.211 Db YourSofia[98845:31edf9] [com.apple.CFBundle:strings] Bundle: CFBundle 0x600003b24000 </Library/Developer/CoreSimulator/Volumes/iOS_23D8133/Library/Developer/CoreSimulator/Profiles/Runtimes/iOS 26.3.simruntime/Contents/Resources/RuntimeRoot/System/Library/PrivateFrameworks/UIKitCore.framework> (not loaded), key: KEYSHORTCUTHUD_HELP, value: Help, table: Localizable, localizationNames: (null), result: Help
2026-08-17 11:25:39.211 Db YourSofia[98845:31edf9] [com.apple.CFBundle:strings] Bundle: CFBundle 0x600003b24000 </Library/Developer/CoreSimulator/Volumes/iOS_23D8133/Library/Developer/CoreSimulator/Profiles/Runtimes/iOS 26.3.simruntime/Contents/Resources/RuntimeRoot/System/Library/PrivateFrameworks/UIKitCore.framework> (not loaded), key: KEYSHORTCUTHUDITEM_FORMAT_TEXT_STYLE, value: Text Style, table: Localizable, localizationNames: (null), result: Text Style
2026-08-17 11:25:39.212 Db YourSofia[98845:31edf9] [com.apple.CFBundle:strings] Bundle: CFBundle 0x600003b24000 </Library/Developer/CoreSimulator/Volumes/iOS_23D8133/Library/Developer/CoreSimulator/Profiles/Runtimes/iOS 26.3.simruntime/Contents/Resources/RuntimeRoot/System/Library/PrivateFrameworks/UIKitCore.framework> (not loaded), key: KEYSHORTCUTHUD_AUTOFILL, value: AutoFill, table: Localizable, localizationNames: (null), result: AutoFill
2026-08-17 11:25:39.212 Db YourSofia[98845:31edf9] [com.apple.CFBundle:resources] Resource lookup at CFBundle 0x600003b042a0 </Users/valentinasenov/Library/Developer/CoreSimulator/Devices/98FA5BD8-5D12-4B35-9A26-3AEBCADAFC8A/data/Containers/Bundle/Application/12B90C3A-72F3-447D-B35C-244E0D70240B/YourSofia.app> (executable, loaded)
	Request       : InfoPlist type: strings
	Result        : None
2026-08-17 11:25:39.212 Db YourSofia[98845:31edf9] [com.apple.CFBundle:resources] Resource lookup at CFBundle 0x600003b042a0 </Users/valentinasenov/Library/Developer/CoreSimulator/Devices/98FA5BD8-5D12-4B35-9A26-3AEBCADAFC8A/data/Containers/Bundle/Application/12B90C3A-72F3-447D-B35C-244E0D70240B/YourSofia.app> (executable, loaded)
	Request       : InfoPlist type: stringsdict
	Result        : None
2026-08-17 11:25:39.212 Db YourSofia[98845:31edf9] [com.apple.CFBundle:strings] Bundle: CFBundle 0x600003b24000 </Library/Developer/CoreSimulator/Volumes/iOS_23D8133/Library/Developer/CoreSimulator/Profiles/Runtimes/iOS 26.3.simruntime/Contents/Resources/RuntimeRoot/System/Library/PrivateFrameworks/UIKitCore.framework> (not loaded), key: KEYSHORTCUTHUD_APP_SETTINGS_ELLIPSIS, value: %@ Settings…, table: Localizable, localizationNames: (null), result: %@ Settings…
2026-08-17 11:25:39.212 Db YourSofia[98845:31ee3a] [com.apple.CFBundle:resources] Resource lookup at CFBundle 0x600003b042a0 </Users/valentinasenov/Library/Developer/CoreSimulator/Devices/98FA5BD8-5D12-4B35-9A26-3AEBCADAFC8A/data/Containers/Bundle/Application/12B90C3A-72F3-447D-B35C-244E0D70240B/YourSofia.app> (executable, loaded)
	Request       : sitemap type: png path: assets/node_modules/.pnpm/expo-router@6.0.22_df0c677153b00f82db80c956be709681/node_modules/expo-router/assets
	Result        : file:///Users/valentinasenov/Library/Developer/CoreSimulator/Devices/98FA5BD8-5D12-4B35-9A26-3AEBCADAFC8A/data/Containers/Bundle/Application/12B90C3A-72F3-447D-B35C-244E0D70240B/YourSofia.app/assets/node_modules/.pnpm/expo-router@6.0.22_df0c677153b00f82db80c956be709681/node_modules/expo-router/assets/sitemap.png
2026-08-17 11:25:39.212 Db YourSofia[98845:31ee3a] [com.apple.CFBundle:resources] Resource lookup at CFBundle 0x600003b042a0 </Users/valentinasenov/Library/Developer/CoreSimulator/Devices/98FA5BD8-5D12-4B35-9A26-3AEBCADAFC8A/data/Containers/Bundle/Application/12B90C3A-72F3-447D-B35C-244E0D70240B/YourSofia.app> (executable, loaded)
	Request       : arrow_down type: png path: assets/node_modules/.pnpm/expo-router@6.0.22_df0c677153b00f82db80c956be709681/node_modules/expo-router/assets
	Result        : file:///Users/valentinasenov/Library/Developer/CoreSimulator/Devices/98FA5BD8-5D12-4B35-9A26-3AEBCADAFC8A/data/Containers/Bundle/Application/12B90C3A-72F3-447D-B35C-244E0D70240B/YourSofia.app/assets/node_modules/.pnpm/expo-router@6.0.22_df0c677153b00f82db80c956be709681/node_modules/expo-router/assets/arrow_down.png
2026-08-17 11:25:39.212 Db YourSofia[98845:31ee3a] [com.apple.CFBundle:resources] Resource lookup at CFBundle 0x600003b042a0 </Users/valentinasenov/Library/Developer/CoreSimulator/Devices/98FA5BD8-5D12-4B35-9A26-3AEBCADAFC8A/data/Containers/Bundle/Application/12B90C3A-72F3-447D-B35C-244E0D70240B/YourSofia.app> (executable, loaded)
	Request       : unmatched type: png path: assets/node_modules/.pnpm/expo-router@6.0.22_df0c677153b00f82db80c956be709681/node_modules/expo-router/assets
	Result        : file:///Users/valentinasenov/Library/Developer/CoreSimulator/Devices/98FA5BD8-5D12-4B35-9A26-3AEBCADAFC8A/data/Containers/Bundle/Application/12B90C3A-72F3-447D-B35C-244E0D70240B/YourSofia.app/assets/node_modules/.pnpm/expo-router@6.0.22_df0c677153b00f82db80c956be709681/node_modules/expo-router/assets/unmatched.png
2026-08-17 11:25:39.213 Db YourSofia[98845:31ee3a] [com.apple.CFBundle:resources] Resource lookup at CFBundle 0x600003b042a0 </Users/valentinasenov/Library/Developer/CoreSimulator/Devices/98FA5BD8-5D12-4B35-9A26-3AEBCADAFC8A/data/Containers/Bundle/Application/12B90C3A-72F3-447D-B35C-244E0D70240B/YourSofia.app> (executable, loaded)
	Request       : JetBrainsMono_500Medium type: ttf path: assets/node_modules/.pnpm/@expo-google-fonts+jetbrains-mono@0.4.1/node_modules/@expo-google-fonts/jetbrains-mono/500Medium
	Result        : file:///Users/valentinasenov/Library/Developer/CoreSimulator/Devices/98FA5BD8-5D12-4B35-9A26-3AEBCADAFC8A/data/Containers/Bundle/Application/12B90C3A-72F3-447D-B35C-244E0D70240B/YourSofia.app/assets/node_modules/.pnpm/@expo-google-fonts+jetbrains-mono@0.4.1/node_modules/@expo-google-fonts/jetbrains-mono/500Medium/JetBrainsMono_500Medium.ttf
2026-08-17 11:25:39.213 Db YourSofia[98845:31ee3a] [com.apple.CFBundle:resources] Resource lookup at CFBundle 0x600003b042a0 </Users/valentinasenov/Library/Developer/CoreSimulator/Devices/98FA5BD8-5D12-4B35-9A26-3AEBCADAFC8A/data/Containers/Bundle/Application/12B90C3A-72F3-447D-B35C-244E0D70240B/YourSofia.app> (executable, loaded)
	Request       : SofiaSans_100Thin type: ttf path: assets/node_modules/.pnpm/@expo-google-fonts+sofia-sans@0.4.3/node_modules/@expo-google-fonts/sofia-sans/100Thin
	Result        : file:///Users/valentinasenov/Library/Developer/CoreSimulator/Devices/98FA5BD8-5D12-4B35-9A26-3AEBCADAFC8A/data/Containers/Bundle/Application/12B90C3A-72F3-447D-B35C-244E0D70240B/YourSofia.app/assets/node_modules/.pnpm/@expo-google-fonts+sofia-sans@0.4.3/node_modules/@expo-google-fonts/sofia-sans/100Thin/SofiaSans_100Thin.ttf
2026-08-17 11:25:39.214 Db YourSofia[98845:31ee3a] [com.apple.CFBundle:resources] Resource lookup at CFBundle 0x600003b042a0 </Users/valentinasenov/Library/Developer/CoreSimulator/Devices/98FA5BD8-5D12-4B35-9A26-3AEBCADAFC8A/data/Containers/Bundle/Application/12B90C3A-72F3-447D-B35C-244E0D70240B/YourSofia.app> (executable, loaded)
	Request       : SofiaSans_200ExtraLight type: ttf path: assets/node_modules/.pnpm/@expo-google-fonts+sofia-sans@0.4.3/node_modules/@expo-google-fonts/sofia-sans/200ExtraLight
	Result        : file:///Users/valentinasenov/Library/Developer/CoreSimulator/Devices/98FA5BD8-5D12-4B35-9A26-3AEBCADAFC8A/data/Containers/Bundle/Application/12B90C3A-72F3-447D-B35C-244E0D70240B/YourSofia.app/assets/node_modules/.pnpm/@expo-google-fonts+sofia-sans@0.4.3/node_modules/@expo-google-fonts/sofia-sans/200ExtraLight/SofiaSans_200ExtraLight.ttf
2026-08-17 11:25:39.214 Db YourSofia[98845:31ee3a] [com.apple.CFBundle:resources] Resource lookup at CFBundle 0x600003b042a0 </Users/valentinasenov/Library/Developer/CoreSimulator/Devices/98FA5BD8-5D12-4B35-9A26-3AEBCADAFC8A/data/Containers/Bundle/Application/12B90C3A-72F3-447D-B35C-244E0D70240B/YourSofia.app> (executable, loaded)
	Request       : SofiaSans_300Light type: ttf path: assets/node_modules/.pnpm/@expo-google-fonts+sofia-sans@0.4.3/node_modules/@expo-google-fonts/sofia-sans/300Light
	Result        : file:///Users/valentinasenov/Library/Developer/CoreSimulator/Devices/98FA5BD8-5D12-4B35-9A26-3AEBCADAFC8A/data/Containers/Bundle/Application/12B90C3A-72F3-447D-B35C-244E0D70240B/YourSofia.app/assets/node_modules/.pnpm/@expo-google-fonts+sofia-sans@0.4.3/node_modules/@expo-google-fonts/sofia-sans/300Light/SofiaSans_300Light.ttf
2026-08-17 11:25:39.215 Db YourSofia[98845:31ee3a] [com.apple.CFBundle:resources] Resource lookup at CFBundle 0x600003b042a0 </Users/valentinasenov/Library/Developer/CoreSimulator/Devices/98FA5BD8-5D12-4B35-9A26-3AEBCADAFC8A/data/Containers/Bundle/Application/12B90C3A-72F3-447D-B35C-244E0D70240B/YourSofia.app> (executable, loaded)
	Request       : SofiaSans_400Regular type: ttf path: assets/node_modules/.pnpm/@expo-google-fonts+sofia-sans@0.4.3/node_modules/@expo-google-fonts/sofia-sans/400Regular
	Result        : file:///Users/valentinasenov/Library/Developer/CoreSimulator/Devices/98FA5BD8-5D12-4B35-9A26-3AEBCADAFC8A/data/Containers/Bundle/Application/12B90C3A-72F3-447D-B35C-244E0D70240B/YourSofia.app/assets/node_modules/.pnpm/@expo-google-fonts+sofia-sans@0.4.3/node_modules/@expo-google-fonts/sofia-sans/400Regular/SofiaSans_400Regular.ttf
2026-08-17 11:25:39.215 Db YourSofia[98845:31ee3a] [com.apple.CFBundle:resources] Resource lookup at CFBundle 0x600003b042a0 </Users/valentinasenov/Library/Developer/CoreSimulator/Devices/98FA5BD8-5D12-4B35-9A26-3AEBCADAFC8A/data/Containers/Bundle/Application/12B90C3A-72F3-447D-B35C-244E0D70240B/YourSofia.app> (executable, loaded)
	Request       : SofiaSans_500Medium type: ttf path: assets/node_modules/.pnpm/@expo-google-fonts+sofia-sans@0.4.3/node_modules/@expo-google-fonts/sofia-sans/500Medium
	Result        : file:///Users/valentinasenov/Library/Developer/CoreSimulator/Devices/98FA5BD8-5D12-4B35-9A26-3AEBCADAFC8A/data/Containers/Bundle/Application/12B90C3A-72F3-447D-B35C-244E0D70240B/YourSofia.app/assets/node_modules/.pnpm/@expo-google-fonts+sofia-sans@0.4.3/node_modules/@expo-google-fonts/sofia-sans/500Medium/SofiaSans_500Medium.ttf
2026-08-17 11:25:39.215 Db YourSofia[98845:31edf9] [com.apple.CFBundle:strings] Bundle: CFBundle 0x600003b24000 </Library/Developer/CoreSimulator/Volumes/iOS_23D8133/Library/Developer/CoreSimulator/Profiles/Runtimes/iOS 26.3.simruntime/Contents/Resources/RuntimeRoot/System/Library/PrivateFrameworks/UIKitCore.framework> (not loaded), key: CONTEXT_MENU_LOADING, value: Loading…, table: Localizable, localizationNames: (null), result: Loading…
2026-08-17 11:25:39.216 Db YourSofia[98845:31ee3a] [com.apple.CFBundle:resources] Resource lookup at CFBundle 0x600003b042a0 </Users/valentinasenov/Library/Developer/CoreSimulator/Devices/98FA5BD8-5D12-4B35-9A26-3AEBCADAFC8A/data/Containers/Bundle/Application/12B90C3A-72F3-447D-B35C-244E0D70240B/YourSofia.app> (executable, loaded)
	Request       : SofiaSans_600SemiBold type: ttf path: assets/node_modules/.pnpm/@expo-google-fonts+sofia-sans@0.4.3/node_modules/@expo-google-fonts/sofia-sans/600SemiBold
	Result        : file:///Users/valentinasenov/Library/Developer/CoreSimulator/Devices/98FA5BD8-5D12-4B35-9A26-3AEBCADAFC8A/data/Containers/Bundle/Application/12B90C3A-72F3-447D-B35C-244E0D70240B/YourSofia.app/assets/node_modules/.pnpm/@expo-google-fonts+sofia-sans@0.4.3/node_modules/@expo-google-fonts/sofia-sans/600SemiBold/SofiaSans_600SemiBold.ttf
2026-08-17 11:25:39.216 Db YourSofia[98845:31ee3a] [com.apple.CFBundle:resources] Resource lookup at CFBundle 0x600003b042a0 </Users/valentinasenov/Library/Developer/CoreSimulator/Devices/98FA5BD8-5D12-4B35-9A26-3AEBCADAFC8A/data/Containers/Bundle/Application/12B90C3A-72F3-447D-B35C-244E0D70240B/YourSofia.app> (executable, loaded)
	Request       : SofiaSans_700Bold type: ttf path: assets/node_modules/.pnpm/@expo-google-fonts+sofia-sans@0.4.3/node_modules/@expo-google-fonts/sofia-sans/700Bold
	Result        : file:///Users/valentinasenov/Library/Developer/CoreSimulator/Devices/98FA5BD8-5D12-4B35-9A26-3AEBCADAFC8A/data/Containers/Bundle/Application/12B90C3A-72F3-447D-B35C-244E0D70240B/YourSofia.app/assets/node_modules/.pnpm/@expo-google-fonts+sofia-sans@0.4.3/node_modules/@expo-google-fonts/sofia-sans/700Bold/SofiaSans_700Bold.ttf
2026-08-17 11:25:39.216 Db YourSofia[98845:31edf9] [com.apple.BackBoard:EventDelivery] flushing changes: {
    contentsMask: 0x8; keyCommandsRegistrations: [environment: keyboardFocus; token: 0x1EBC9DDE; keyCommands: 34];
}
2026-08-17 11:25:39.217 Db YourSofia[98845:31ee3a] [com.apple.CFBundle:resources] Resource lookup at CFBundle 0x600003b042a0 </Users/valentinasenov/Library/Developer/CoreSimulator/Devices/98FA5BD8-5D12-4B35-9A26-3AEBCADAFC8A/data/Containers/Bundle/Application/12B90C3A-72F3-447D-B35C-244E0D70240B/YourSofia.app> (executable, loaded)
	Request       : SofiaSans_800ExtraBold type: ttf path: assets/node_modules/.pnpm/@expo-google-fonts+sofia-sans@0.4.3/node_modules/@expo-google-fonts/sofia-sans/800ExtraBold
	Result        : file:///Users/valentinasenov/Library/Developer/CoreSimulator/Devices/98FA5BD8-5D12-4B35-9A26-3AEBCADAFC8A/data/Containers/Bundle/Application/12B90C3A-72F3-447D-B35C-244E0D70240B/YourSofia.app/assets/node_modules/.pnpm/@expo-google-fonts+sofia-sans@0.4.3/node_modules/@expo-google-fonts/sofia-sans/800ExtraBold/SofiaSans_800ExtraBold.ttf
2026-08-17 11:25:39.202 Db YourSofia[98845:31ee38] [com.apple.network:connection] nw_connection_run_ech_probe_locked_on_nw_queue [C1] stack doesn't include TLS; not running ECH probe
2026-08-17 11:25:39.217 Df YourSofia[98845:31edf9] [com.apple.network:activity] Create activity from XPC object <nw_activity 50:1 [3E56FC75-2840-48E5-BAAE-D6E1ACE31B29] (reporting strategy default)>
2026-08-17 11:25:39.217 Df YourSofia[98845:31edf9] [com.apple.network:activity] Create activity from XPC object <nw_activity 50:2 [C97F3E14-FEF1-449F-AEEC-39A9D8E79534] (reporting strategy default)>
2026-08-17 11:25:39.217 Df YourSofia[98845:31edf9] [com.apple.network:activity] Set activity <nw_activity 50:1 [3E56FC75-2840-48E5-BAAE-D6E1ACE31B29] (reporting strategy default)> as the global parent
2026-08-17 11:25:39.217 Df YourSofia[98845:31edf9] [com.apple.UIKit:BackgroundTask] Ending background task with UIBackgroundTaskIdentifier: 1
2026-08-17 11:25:39.217 Df YourSofia[98845:31edf9] [com.apple.UIKit:BackgroundTask] Ending task with identifier 1 and description: <_UIBackgroundTaskInfo: 0x600001732440>: taskID = 1, taskName = Launch Background Task for Coalescing, creationTime = 184417 (elapsed = 0), _expireHandler: (null)
2026-08-17 11:25:39.217 Df YourSofia[98845:31edf9] [com.apple.UIKit:BackgroundTask] Decrementing reference count for assertion <BKSProcessAssertion: 0x600002125f90> (used by background task with identifier 1: <_UIBackgroundTaskInfo: 0x600001732440>: taskID = 1, taskName = Launch Background Task for Coalescing, creationTime = 184417 (elapsed = 0))
2026-08-17 11:25:39.218 Db YourSofia[98845:31edf9] [com.apple.defaults:User Defaults] found no value for key LogEventBus in CFPrefsSearchListSource<0x600002c21180> (Domain: com.apple.UIKit, Container: (null) Non-launch persona: 0)
2026-08-17 11:25:39.218 Db YourSofia[98845:31ee3a] [com.apple.CFBundle:resources] Resource lookup at CFBundle 0x600003b042a0 </Users/valentinasenov/Library/Developer/CoreSimulator/Devices/98FA5BD8-5D12-4B35-9A26-3AEBCADAFC8A/data/Containers/Bundle/Application/12B90C3A-72F3-447D-B35C-244E0D70240B/YourSofia.app> (executable, loaded)
	Request       : SofiaSans_900Black type: ttf path: assets/node_modules/.pnpm/@expo-google-fonts+sofia-sans@0.4.3/node_modules/@expo-google-fonts/sofia-sans/900Black
	Result        : file:///Users/valentinasenov/Library/Developer/CoreSimulator/Devices/98FA5BD8-5D12-4B35-9A26-3AEBCADAFC8A/data/Containers/Bundle/Application/12B90C3A-72F3-447D-B35C-244E0D70240B/YourSofia.app/assets/node_modules/.pnpm/@expo-google-fonts+sofia-sans@0.4.3/node_modules/@expo-google-fonts/sofia-sans/900Black/SofiaSans_900Black.ttf
2026-08-17 11:25:39.218 Df YourSofia[98845:31edf9] [com.apple.UIKit:EventBus] Event Timing Profile for Touch: not found, path="/System/Library/EventTimingProfiles/Sim.Touch.plist"
2026-08-17 11:25:39.218 Df YourSofia[98845:31edf9] [com.apple.UIKit:EventBus] Event Timing Profile for Pencil: not found, path="/System/Library/EventTimingProfiles/Sim.Pencil.plist"
2026-08-17 11:25:39.218 Df YourSofia[98845:31edf9] [com.apple.UIKit:UpdateScheduler] Target list changed: <CADisplay:LCD PurpleMain>
2026-08-17 11:25:39.218 Db YourSofia[98845:31edf9] [com.apple.defaults:User Defaults] found no value for key LogUpdateCycle in CFPrefsSearchListSource<0x600002c21180> (Domain: com.apple.UIKit, Container: (null) Non-launch persona: 0)
2026-08-17 11:25:39.218 Df YourSofia[98845:31edf9] [com.apple.UIKit:AppLifecycle] sceneOfRecord: sceneID: sceneID:bg.sofia.yoursofia-default  persistentID: 28D03021-EA41-40D8-95B2-B56A0BB7975C
2026-08-17 11:25:39.218 Db YourSofia[98845:31edf9] [com.apple.BacklightServices:scenes] 0x600000c3a970 environment updated:sceneID:bg.sofia.yoursofia-default
  delta:{ visualState:0 date:0 active:0 seed:0 }
  diff:<FBSSceneSettingsDiff: 0x600001732640; UIApplicationSceneSettings> {
    settings = <BSKeyedSettingsDiff: 0x600000c2d6b0> {
        _UISceneRenderingEnvironmentSettings = <BSKeyedSettingsDiff: 0x600000c2d0b0> {
            activeAppearance = 1;
        };
    };
}
  new:(null) (null)
  old:(null) (null)
  new:(null)
2026-08-17 11:25:39.218 Db YourSofia[98845:31ee3a] [com.apple.CFBundle:resources] Resource lookup at CFBundle 0x600003b042a0 </Users/valentinasenov/Library/Developer/CoreSimulator/Devices/98FA5BD8-5D12-4B35-9A26-3AEBCADAFC8A/data/Containers/Bundle/Application/12B90C3A-72F3-447D-B35C-244E0D70240B/YourSofia.app> (executable, loaded)
	Request       : SofiaSans_100Thin_Italic type: ttf path: assets/node_modules/.pnpm/@expo-google-fonts+sofia-sans@0.4.3/node_modules/@expo-google-fonts/sofia-sans/100Thin_Italic
	Result        : file:///Users/valentinasenov/Library/Developer/CoreSimulator/Devices/98FA5BD8-5D12-4B35-9A26-3AEBCADAFC8A/data/Containers/Bundle/Application/12B90C3A-72F3-447D-B35C-244E0D70240B/YourSofia.app/assets/node_modules/.pnpm/@expo-google-fonts+sofia-sans@0.4.3/node_modules/@expo-google-fonts/sofia-sans/100Thin_Italic/SofiaSans_100Thin_Italic.ttf
2026-08-17 11:25:39.218 Df YourSofia[98845:31edf9] [com.apple.UIKit:InterfaceStyle] Not push traits update to screen for new style 1, <UIWindowScene: 0x104d0f550> (28D03021-EA41-40D8-95B2-B56A0BB7975C)
2026-08-17 11:25:39.219 Db YourSofia[98845:31edf9] [com.apple.BaseBoard:Common] [BSBlockSentinel:FBSScene] signaled! 1 of 2
2026-08-17 11:25:39.219 I  YourSofia[98845:31edf9] [com.apple.Accessibility:AXAppAccessibility] Loading settings loader: (system: 0)
2026-08-17 11:25:39.219 Db YourSofia[98845:31ee3a] [com.apple.CFBundle:resources] Resource lookup at CFBundle 0x600003b042a0 </Users/valentinasenov/Library/Developer/CoreSimulator/Devices/98FA5BD8-5D12-4B35-9A26-3AEBCADAFC8A/data/Containers/Bundle/Application/12B90C3A-72F3-447D-B35C-244E0D70240B/YourSofia.app> (executable, loaded)
	Request       : SofiaSans_200ExtraLight_Italic type: ttf path: assets/node_modules/.pnpm/@expo-google-fonts+sofia-sans@0.4.3/node_modules/@expo-google-fonts/sofia-sans/200ExtraLight_Italic
	Result        : file:///Users/valentinasenov/Library/Developer/CoreSimulator/Devices/98FA5BD8-5D12-4B35-9A26-3AEBCADAFC8A/data/Containers/Bundle/Application/12B90C3A-72F3-447D-B35C-244E0D70240B/YourSofia.app/assets/node_modules/.pnpm/@expo-google-fonts+sofia-sans@0.4.3/node_modules/@expo-google-fonts/sofia-sans/200ExtraLight_Italic/SofiaSans_200ExtraLight_Italic.ttf
2026-08-17 11:25:39.219 Db YourSofia[98845:31edf9] [com.apple.defaults:User Defaults] found no value for key ZoomTouchEnabled in CFPrefsSearchListSource<0x600002c09680> (Domain: com.apple.Accessibility, Container: (null) Non-launch persona: 0)
2026-08-17 11:25:39.219 Db YourSofia[98845:31edf9] [com.apple.Accessibility:AXSupportCommon] CF Read: domain = com.apple.Accessibility, preference = ZoomTouchEnabled, appID = (null) result = (null) (-1 - empty, 0 - false, 1 - true)
2026-08-17 11:25:39.219 Db YourSofia[98845:31edf9] [com.apple.defaults:User Defaults] found no value for key ZoomTouchEnabled in CFPrefsPlistSource<0x600002c09980> (Domain: com.apple.Accessibility, User: kCFPreferencesCurrentUser, ByHost: No, Container: /Users/valentinasenov/Library/Developer/CoreSimulator/Devices/98FA5BD8-5D12-4B35-9A26-3AEBCADAFC8A/data, Contents Need Refresh: No)
2026-08-17 11:25:39.219 Db YourSofia[98845:31edf9] [com.apple.defaults:User Defaults] found no value for key SpeechSettingsDisabledByManagedConfiguration in CFPrefsSearchListSource<0x600002c09680> (Domain: com.apple.Accessibility, Container: (null) Non-launch persona: 0)
2026-08-17 11:25:39.219 Db YourSofia[98845:31edf9] [com.apple.Accessibility:AXSupportCommon] CF Read: domain = com.apple.Accessibility, preference = SpeechSettingsDisabledByManagedConfiguration, appID = (null) result = (null) (-1 - empty, 0 - false, 1 - true)
2026-08-17 11:25:39.220 Db YourSofia[98845:31edf9] [com.apple.defaults:User Defaults] found no value for key SpeechSettingsDisabledByManagedConfiguration in CFPrefsPlistSource<0x600002c09980> (Domain: com.apple.Accessibility, User: kCFPreferencesCurrentUser, ByHost: No, Container: /Users/valentinasenov/Library/Developer/CoreSimulator/Devices/98FA5BD8-5D12-4B35-9A26-3AEBCADAFC8A/data, Contents Need Refresh: No)
2026-08-17 11:25:39.220 Db YourSofia[98845:31edf9] [com.apple.defaults:User Defaults] found no value for key SpeakThisEnabled in CFPrefsSearchListSource<0x600002c09680> (Domain: com.apple.Accessibility, Container: (null) Non-launch persona: 0)
2026-08-17 11:25:39.220 Db YourSofia[98845:31edf9] [com.apple.Accessibility:AXSupportCommon] CF Read: domain = com.apple.Accessibility, preference = SpeakThisEnabled, appID = (null) result = (null) (-1 - empty, 0 - false, 1 - true)
2026-08-17 11:25:39.220 Db YourSofia[98845:31edf9] [com.apple.defaults:User Defaults] found no value for key SpeakThisEnabled in CFPrefsPlistSource<0x600002c09980> (Domain: com.apple.Accessibility, User: kCFPreferencesCurrentUser, ByHost: No, Container: /Users/valentinasenov/Library/Developer/CoreSimulator/Devices/98FA5BD8-5D12-4B35-9A26-3AEBCADAFC8A/data, Contents Need Refresh: No)
2026-08-17 11:25:39.220 Db YourSofia[98845:31ee3a] [com.apple.CFBundle:resources] Resource lookup at CFBundle 0x600003b042a0 </Users/valentinasenov/Library/Developer/CoreSimulator/Devices/98FA5BD8-5D12-4B35-9A26-3AEBCADAFC8A/data/Containers/Bundle/Application/12B90C3A-72F3-447D-B35C-244E0D70240B/YourSofia.app> (executable, loaded)
	Request       : SofiaSans_300Light_Italic type: ttf path: assets/node_modules/.pnpm/@expo-google-fonts+sofia-sans@0.4.3/node_modules/@expo-google-fonts/sofia-sans/300Light_Italic
	Result        : file:///Users/valentinasenov/Library/Developer/CoreSimulator/Devices/98FA5BD8-5D12-4B35-9A26-3AEBCADAFC8A/data/Containers/Bundle/Application/12B90C3A-72F3-447D-B35C-244E0D70240B/YourSofia.app/assets/node_modules/.pnpm/@expo-google-fonts+sofia-sans@0.4.3/node_modules/@expo-google-fonts/sofia-sans/300Light_Italic/SofiaSans_300Light_Italic.ttf
2026-08-17 11:25:39.220 Db YourSofia[98845:31ee3a] [com.apple.CFBundle:resources] Resource lookup at CFBundle 0x600003b042a0 </Users/valentinasenov/Library/Developer/CoreSimulator/Devices/98FA5BD8-5D12-4B35-9A26-3AEBCADAFC8A/data/Containers/Bundle/Application/12B90C3A-72F3-447D-B35C-244E0D70240B/YourSofia.app> (executable, loaded)
	Request       : SofiaSans_400Regular_Italic type: ttf path: assets/node_modules/.pnpm/@expo-google-fonts+sofia-sans@0.4.3/node_modules/@expo-google-fonts/sofia-sans/400Regular_Italic
	Result        : file:///Users/valentinasenov/Library/Developer/CoreSimulator/Devices/98FA5BD8-5D12-4B35-9A26-3AEBCADAFC8A/data/Containers/Bundle/Application/12B90C3A-72F3-447D-B35C-244E0D70240B/YourSofia.app/assets/node_modules/.pnpm/@expo-google-fonts+sofia-sans@0.4.3/node_modules/@expo-google-fonts/sofia-sans/400Regular_Italic/SofiaSans_400Regular_Italic.ttf
2026-08-17 11:25:39.221 Db YourSofia[98845:31ee3a] [com.apple.CFBundle:resources] Resource lookup at CFBundle 0x600003b042a0 </Users/valentinasenov/Library/Developer/CoreSimulator/Devices/98FA5BD8-5D12-4B35-9A26-3AEBCADAFC8A/data/Containers/Bundle/Application/12B90C3A-72F3-447D-B35C-244E0D70240B/YourSofia.app> (executable, loaded)
	Request       : SofiaSans_500Medium_Italic type: ttf path: assets/node_modules/.pnpm/@expo-google-fonts+sofia-sans@0.4.3/node_modules/@expo-google-fonts/sofia-sans/500Medium_Italic
	Result        : file:///Users/valentinasenov/Library/Developer/CoreSimulator/Devices/98FA5BD8-5D12-4B35-9A26-3AEBCADAFC8A/data/Containers/Bundle/Application/12B90C3A-72F3-447D-B35C-244E0D70240B/YourSofia.app/assets/node_modules/.pnpm/@expo-google-fonts+sofia-sans@0.4.3/node_modules/@expo-google-fonts/sofia-sans/500Medium_Italic/SofiaSans_500Medium_Italic.ttf
2026-08-17 11:25:39.221 Db YourSofia[98845:31ee3a] [com.apple.CFBundle:resources] Resource lookup at CFBundle 0x600003b042a0 </Users/valentinasenov/Library/Developer/CoreSimulator/Devices/98FA5BD8-5D12-4B35-9A26-3AEBCADAFC8A/data/Containers/Bundle/Application/12B90C3A-72F3-447D-B35C-244E0D70240B/YourSofia.app> (executable, loaded)
	Request       : SofiaSans_600SemiBold_Italic type: ttf path: assets/node_modules/.pnpm/@expo-google-fonts+sofia-sans@0.4.3/node_modules/@expo-google-fonts/sofia-sans/600SemiBold_Italic
	Result        : file:///Users/valentinasenov/Library/Developer/CoreSimulator/Devices/98FA5BD8-5D12-4B35-9A26-3AEBCADAFC8A/data/Containers/Bundle/Application/12B90C3A-72F3-447D-B35C-244E0D70240B/YourSofia.app/assets/node_modules/.pnpm/@expo-google-fonts+sofia-sans@0.4.3/node_modules/@expo-google-fonts/sofia-sans/600SemiBold_Italic/SofiaSans_600SemiBold_Italic.ttf
2026-08-17 11:25:39.222 Db YourSofia[98845:31ee3a] [com.apple.CFBundle:resources] Resource lookup at CFBundle 0x600003b042a0 </Users/valentinasenov/Library/Developer/CoreSimulator/Devices/98FA5BD8-5D12-4B35-9A26-3AEBCADAFC8A/data/Containers/Bundle/Application/12B90C3A-72F3-447D-B35C-244E0D70240B/YourSofia.app> (executable, loaded)
	Request       : SofiaSans_700Bold_Italic type: ttf path: assets/node_modules/.pnpm/@expo-google-fonts+sofia-sans@0.4.3/node_modules/@expo-google-fonts/sofia-sans/700Bold_Italic
	Result        : file:///Users/valentinasenov/Library/Developer/CoreSimulator/Devices/98FA5BD8-5D12-4B35-9A26-3AEBCADAFC8A/data/Containers/Bundle/Application/12B90C3A-72F3-447D-B35C-244E0D70240B/YourSofia.app/assets/node_modules/.pnpm/@expo-google-fonts+sofia-sans@0.4.3/node_modules/@expo-google-fonts/sofia-sans/700Bold_Italic/SofiaSans_700Bold_Italic.ttf
2026-08-17 11:25:39.223 Db YourSofia[98845:31ee3a] [com.apple.CFBundle:resources] Resource lookup at CFBundle 0x600003b042a0 </Users/valentinasenov/Library/Developer/CoreSimulator/Devices/98FA5BD8-5D12-4B35-9A26-3AEBCADAFC8A/data/Containers/Bundle/Application/12B90C3A-72F3-447D-B35C-244E0D70240B/YourSofia.app> (executable, loaded)
	Request       : SofiaSans_800ExtraBold_Italic type: ttf path: assets/node_modules/.pnpm/@expo-google-fonts+sofia-sans@0.4.3/node_modules/@expo-google-fonts/sofia-sans/800ExtraBold_Italic
	Result        : file:///Users/valentinasenov/Library/Developer/CoreSimulator/Devices/98FA5BD8-5D12-4B35-9A26-3AEBCADAFC8A/data/Containers/Bundle/Application/12B90C3A-72F3-447D-B35C-244E0D70240B/YourSofia.app/assets/node_modules/.pnpm/@expo-google-fonts+sofia-sans@0.4.3/node_modules/@expo-google-fonts/sofia-sans/800ExtraBold_Italic/SofiaSans_800ExtraBold_Italic.ttf
2026-08-17 11:25:39.224 Db YourSofia[98845:31ee3a] [com.apple.CFBundle:resources] Resource lookup at CFBundle 0x600003b042a0 </Users/valentinasenov/Library/Developer/CoreSimulator/Devices/98FA5BD8-5D12-4B35-9A26-3AEBCADAFC8A/data/Containers/Bundle/Application/12B90C3A-72F3-447D-B35C-244E0D70240B/YourSofia.app> (executable, loaded)
	Request       : SofiaSans_900Black_Italic type: ttf path: assets/node_modules/.pnpm/@expo-google-fonts+sofia-sans@0.4.3/node_modules/@expo-google-fonts/sofia-sans/900Black_Italic
	Result        : file:///Users/valentinasenov/Library/Developer/CoreSimulator/Devices/98FA5BD8-5D12-4B35-9A26-3AEBCADAFC8A/data/Containers/Bundle/Application/12B90C3A-72F3-447D-B35C-244E0D70240B/YourSofia.app/assets/node_modules/.pnpm/@expo-google-fonts+sofia-sans@0.4.3/node_modules/@expo-google-fonts/sofia-sans/900Black_Italic/SofiaSans_900Black_Italic.ttf
2026-08-17 11:25:39.218 Db YourSofia[98845:31ee38] [com.apple.network:connection] nw_connection_endpoint_report_on_nw_queue_block_invoke [C1] Connected fallback generation 0
2026-08-17 11:25:39.224 I  YourSofia[98845:31ee38] [com.apple.network:connection] nw_connection_start_candidate_manager_if_needed_locked [C1] Checking whether to start candidate manager
2026-08-17 11:25:39.224 Db YourSofia[98845:31ee38] [com.apple.network:connection] nw_connection_start_candidate_manager_if_needed_locked [C1] Connection does not support multipath, not starting candidate manager
2026-08-17 11:25:39.224 Df YourSofia[98845:31ee38] [com.apple.network:connection] nw_connection_report_state_with_handler_on_nw_queue [C1] reporting state ready
2026-08-17 11:25:39.224 Db YourSofia[98845:31ee3a] [com.apple.CFBundle:resources] Resource lookup at CFBundle 0x600003b042a0 </Users/valentinasenov/Library/Developer/CoreSimulator/Devices/98FA5BD8-5D12-4B35-9A26-3AEBCADAFC8A/data/Containers/Bundle/Application/12B90C3A-72F3-447D-B35C-244E0D70240B/YourSofia.app> (executable, loaded)
	Request       : JetBrainsMono_100Thin type: ttf path: assets/node_modules/.pnpm/@expo-google-fonts+jetbrains-mono@0.4.1/node_modules/@expo-google-fonts/jetbrains-mono/100Thin
	Result        : file:///Users/valentinasenov/Library/Developer/CoreSimulator/Devices/98FA5BD8-5D12-4B35-9A26-3AEBCADAFC8A/data/Containers/Bundle/Application/12B90C3A-72F3-447D-B35C-244E0D70240B/YourSofia.app/assets/node_modules/.pnpm/@expo-google-fonts+jetbrains-mono@0.4.1/node_modules/@expo-google-fonts/jetbrains-mono/100Thin/JetBrainsMono_100Thin.ttf
2026-08-17 11:25:39.225 Db YourSofia[98845:31ee3a] [com.apple.CFBundle:resources] Resource lookup at CFBundle 0x600003b042a0 </Users/valentinasenov/Library/Developer/CoreSimulator/Devices/98FA5BD8-5D12-4B35-9A26-3AEBCADAFC8A/data/Containers/Bundle/Application/12B90C3A-72F3-447D-B35C-244E0D70240B/YourSofia.app> (executable, loaded)
	Request       : JetBrainsMono_200ExtraLight type: ttf path: assets/node_modules/.pnpm/@expo-google-fonts+jetbrains-mono@0.4.1/node_modules/@expo-google-fonts/jetbrains-mono/200ExtraLight
	Result        : file:///Users/valentinasenov/Library/Developer/CoreSimulator/Devices/98FA5BD8-5D12-4B35-9A26-3AEBCADAFC8A/data/Containers/Bundle/Application/12B90C3A-72F3-447D-B35C-244E0D70240B/YourSofia.app/assets/node_modules/.pnpm/@expo-google-fonts+jetbrains-mono@0.4.1/node_modules/@expo-google-fonts/jetbrains-mono/200ExtraLight/JetBrainsMono_200ExtraLight.ttf
2026-08-17 11:25:39.226 Db YourSofia[98845:31ee3a] [com.apple.CFBundle:resources] Resource lookup at CFBundle 0x600003b042a0 </Users/valentinasenov/Library/Developer/CoreSimulator/Devices/98FA5BD8-5D12-4B35-9A26-3AEBCADAFC8A/data/Containers/Bundle/Application/12B90C3A-72F3-447D-B35C-244E0D70240B/YourSofia.app> (executable, loaded)
	Request       : JetBrainsMono_300Light type: ttf path: assets/node_modules/.pnpm/@expo-google-fonts+jetbrains-mono@0.4.1/node_modules/@expo-google-fonts/jetbrains-mono/300Light
	Result        : file:///Users/valentinasenov/Library/Developer/CoreSimulator/Devices/98FA5BD8-5D12-4B35-9A26-3AEBCADAFC8A/data/Containers/Bundle/Application/12B90C3A-72F3-447D-B35C-244E0D70240B/YourSofia.app/assets/node_modules/.pnpm/@expo-google-fonts+jetbrains-mono@0.4.1/node_modules/@expo-google-fonts/jetbrains-mono/300Light/JetBrainsMono_300Light.ttf
2026-08-17 11:25:39.227 Db YourSofia[98845:31ee3a] [com.apple.CFBundle:resources] Resource lookup at CFBundle 0x600003b042a0 </Users/valentinasenov/Library/Developer/CoreSimulator/Devices/98FA5BD8-5D12-4B35-9A26-3AEBCADAFC8A/data/Containers/Bundle/Application/12B90C3A-72F3-447D-B35C-244E0D70240B/YourSofia.app> (executable, loaded)
	Request       : JetBrainsMono_400Regular type: ttf path: assets/node_modules/.pnpm/@expo-google-fonts+jetbrains-mono@0.4.1/node_modules/@expo-google-fonts/jetbrains-mono/400Regular
	Result        : file:///Users/valentinasenov/Library/Developer/CoreSimulator/Devices/98FA5BD8-5D12-4B35-9A26-3AEBCADAFC8A/data/Containers/Bundle/Application/12B90C3A-72F3-447D-B35C-244E0D70240B/YourSofia.app/assets/node_modules/.pnpm/@expo-google-fonts+jetbrains-mono@0.4.1/node_modules/@expo-google-fonts/jetbrains-mono/400Regular/JetBrainsMono_400Regular.ttf
2026-08-17 11:25:39.228 Db YourSofia[98845:31ee3a] [com.apple.CFBundle:resources] Resource lookup at CFBundle 0x600003b042a0 </Users/valentinasenov/Library/Developer/CoreSimulator/Devices/98FA5BD8-5D12-4B35-9A26-3AEBCADAFC8A/data/Containers/Bundle/Application/12B90C3A-72F3-447D-B35C-244E0D70240B/YourSofia.app> (executable, loaded)
	Request       : JetBrainsMono_600SemiBold type: ttf path: assets/node_modules/.pnpm/@expo-google-fonts+jetbrains-mono@0.4.1/node_modules/@expo-google-fonts/jetbrains-mono/600SemiBold
	Result        : file:///Users/valentinasenov/Library/Developer/CoreSimulator/Devices/98FA5BD8-5D12-4B35-9A26-3AEBCADAFC8A/data/Containers/Bundle/Application/12B90C3A-72F3-447D-B35C-244E0D70240B/YourSofia.app/assets/node_modules/.pnpm/@expo-google-fonts+jetbrains-mono@0.4.1/node_modules/@expo-google-fonts/jetbrains-mono/600SemiBold/JetBrainsMono_600SemiBold.ttf
2026-08-17 11:25:39.228 Db YourSofia[98845:31ee3a] [com.apple.CFBundle:resources] Resource lookup at CFBundle 0x600003b042a0 </Users/valentinasenov/Library/Developer/CoreSimulator/Devices/98FA5BD8-5D12-4B35-9A26-3AEBCADAFC8A/data/Containers/Bundle/Application/12B90C3A-72F3-447D-B35C-244E0D70240B/YourSofia.app> (executable, loaded)
	Request       : JetBrainsMono_700Bold type: ttf path: assets/node_modules/.pnpm/@expo-google-fonts+jetbrains-mono@0.4.1/node_modules/@expo-google-fonts/jetbrains-mono/700Bold
	Result        : file:///Users/valentinasenov/Library/Developer/CoreSimulator/Devices/98FA5BD8-5D12-4B35-9A26-3AEBCADAFC8A/data/Containers/Bundle/Application/12B90C3A-72F3-447D-B35C-244E0D70240B/YourSofia.app/assets/node_modules/.pnpm/@expo-google-fonts+jetbrains-mono@0.4.1/node_modules/@expo-google-fonts/jetbrains-mono/700Bold/JetBrainsMono_700Bold.ttf
2026-08-17 11:25:39.225 Df YourSofia[98845:31ee38] [com.apple.CFNetwork:Default] Connection 1: connected successfully
2026-08-17 11:25:39.228 Df YourSofia[98845:31ee38] [com.apple.CFNetwork:Default] Connection 1: ready C(N) E(N)
2026-08-17 11:25:39.228 Db YourSofia[98845:31ee38] [com.apple.CFNetwork:Default] Task <4DFECFE4-AE26-4446-BD94-A5BF77613D3D>.<1> done setting up Connection 1
2026-08-17 11:25:39.228 Db YourSofia[98845:31ee38] [com.apple.network:activity] Returning should log: 0 for activity cfnetwork:foreground_task
2026-08-17 11:25:39.228 Db YourSofia[98845:31ee3a] [com.apple.CFBundle:resources] Resource lookup at CFBundle 0x600003b042a0 </Users/valentinasenov/Library/Developer/CoreSimulator/Devices/98FA5BD8-5D12-4B35-9A26-3AEBCADAFC8A/data/Containers/Bundle/Application/12B90C3A-72F3-447D-B35C-244E0D70240B/YourSofia.app> (executable, loaded)
	Request       : JetBrainsMono_800ExtraBold type: ttf path: assets/node_modules/.pnpm/@expo-google-fonts+jetbrains-mono@0.4.1/node_modules/@expo-google-fonts/jetbrains-mono/800ExtraBold
	Result        : file:///Users/valentinasenov/Library/Developer/CoreSimulator/Devices/98FA5BD8-5D12-4B35-9A26-3AEBCADAFC8A/data/Containers/Bundle/Application/12B90C3A-72F3-447D-B35C-244E0D70240B/YourSofia.app/assets/node_modules/.pnpm/@expo-google-fonts+jetbrains-mono@0.4.1/node_modules/@expo-google-fonts/jetbrains-mono/800ExtraBold/JetBrainsMono_800ExtraBold.ttf
2026-08-17 11:25:39.229 Db YourSofia[98845:31ee3a] [com.apple.CFBundle:resources] Resource lookup at CFBundle 0x600003b042a0 </Users/valentinasenov/Library/Developer/CoreSimulator/Devices/98FA5BD8-5D12-4B35-9A26-3AEBCADAFC8A/data/Containers/Bundle/Application/12B90C3A-72F3-447D-B35C-244E0D70240B/YourSofia.app> (executable, loaded)
	Request       : JetBrainsMono_100Thin_Italic type: ttf path: assets/node_modules/.pnpm/@expo-google-fonts+jetbrains-mono@0.4.1/node_modules/@expo-google-fonts/jetbrains-mono/100Thin_Italic
	Result        : file:///Users/valentinasenov/Library/Developer/CoreSimulator/Devices/98FA5BD8-5D12-4B35-9A26-3AEBCADAFC8A/data/Containers/Bundle/Application/12B90C3A-72F3-447D-B35C-244E0D70240B/YourSofia.app/assets/node_modules/.pnpm/@expo-google-fonts+jetbrains-mono@0.4.1/node_modules/@expo-google-fonts/jetbrains-mono/100Thin_Italic/JetBrainsMono_100Thin_Italic.ttf
2026-08-17 11:25:39.229 Db YourSofia[98845:31ee3a] [com.apple.CFBundle:resources] Resource lookup at CFBundle 0x600003b042a0 </Users/valentinasenov/Library/Developer/CoreSimulator/Devices/98FA5BD8-5D12-4B35-9A26-3AEBCADAFC8A/data/Containers/Bundle/Application/12B90C3A-72F3-447D-B35C-244E0D70240B/YourSofia.app> (executable, loaded)
	Request       : JetBrainsMono_200ExtraLight_Italic type: ttf path: assets/node_modules/.pnpm/@expo-google-fonts+jetbrains-mono@0.4.1/node_modules/@expo-google-fonts/jetbrains-mono/200ExtraLight_Italic
	Result        : file:///Users/valentinasenov/Library/Developer/CoreSimulator/Devices/98FA5BD8-5D12-4B35-9A26-3AEBCADAFC8A/data/Containers/Bundle/Application/12B90C3A-72F3-447D-B35C-244E0D70240B/YourSofia.app/assets/node_modules/.pnpm/@expo-google-fonts+jetbrains-mono@0.4.1/node_modules/@expo-google-fonts/jetbrains-mono/200ExtraLight_Italic/JetBrainsMono_200ExtraLight_Italic.ttf
2026-08-17 11:25:39.230 Db YourSofia[98845:31ee3a] [com.apple.CFBundle:resources] Resource lookup at CFBundle 0x600003b042a0 </Users/valentinasenov/Library/Developer/CoreSimulator/Devices/98FA5BD8-5D12-4B35-9A26-3AEBCADAFC8A/data/Containers/Bundle/Application/12B90C3A-72F3-447D-B35C-244E0D70240B/YourSofia.app> (executable, loaded)
	Request       : JetBrainsMono_300Light_Italic type: ttf path: assets/node_modules/.pnpm/@expo-google-fonts+jetbrains-mono@0.4.1/node_modules/@expo-google-fonts/jetbrains-mono/300Light_Italic
	Result        : file:///Users/valentinasenov/Library/Developer/CoreSimulator/Devices/98FA5BD8-5D12-4B35-9A26-3AEBCADAFC8A/data/Containers/Bundle/Application/12B90C3A-72F3-447D-B35C-244E0D70240B/YourSofia.app/assets/node_modules/.pnpm/@expo-google-fonts+jetbrains-mono@0.4.1/node_modules/@expo-google-fonts/jetbrains-mono/300Light_Italic/JetBrainsMono_300Light_Italic.ttf
2026-08-17 11:25:39.230 Db YourSofia[98845:31ee3a] [com.apple.CFBundle:resources] Resource lookup at CFBundle 0x600003b042a0 </Users/valentinasenov/Library/Developer/CoreSimulator/Devices/98FA5BD8-5D12-4B35-9A26-3AEBCADAFC8A/data/Containers/Bundle/Application/12B90C3A-72F3-447D-B35C-244E0D70240B/YourSofia.app> (executable, loaded)
	Request       : JetBrainsMono_400Regular_Italic type: ttf path: assets/node_modules/.pnpm/@expo-google-fonts+jetbrains-mono@0.4.1/node_modules/@expo-google-fonts/jetbrains-mono/400Regular_Italic
	Result        : file:///Users/valentinasenov/Library/Developer/CoreSimulator/Devices/98FA5BD8-5D12-4B35-9A26-3AEBCADAFC8A/data/Containers/Bundle/Application/12B90C3A-72F3-447D-B35C-244E0D70240B/YourSofia.app/assets/node_modules/.pnpm/@expo-google-fonts+jetbrains-mono@0.4.1/node_modules/@expo-google-fonts/jetbrains-mono/400Regular_Italic/JetBrainsMono_400Regular_Italic.ttf
2026-08-17 11:25:39.231 Db YourSofia[98845:31ee3a] [com.apple.CFBundle:resources] Resource lookup at CFBundle 0x600003b042a0 </Users/valentinasenov/Library/Developer/CoreSimulator/Devices/98FA5BD8-5D12-4B35-9A26-3AEBCADAFC8A/data/Containers/Bundle/Application/12B90C3A-72F3-447D-B35C-244E0D70240B/YourSofia.app> (executable, loaded)
	Request       : JetBrainsMono_500Medium_Italic type: ttf path: assets/node_modules/.pnpm/@expo-google-fonts+jetbrains-mono@0.4.1/node_modules/@expo-google-fonts/jetbrains-mono/500Medium_Italic
	Result        : file:///Users/valentinasenov/Library/Developer/CoreSimulator/Devices/98FA5BD8-5D12-4B35-9A26-3AEBCADAFC8A/data/Containers/Bundle/Application/12B90C3A-72F3-447D-B35C-244E0D70240B/YourSofia.app/assets/node_modules/.pnpm/@expo-google-fonts+jetbrains-mono@0.4.1/node_modules/@expo-google-fonts/jetbrains-mono/500Medium_Italic/JetBrainsMono_500Medium_Italic.ttf
2026-08-17 11:25:39.231 Db YourSofia[98845:31ee3a] [com.apple.CFBundle:resources] Resource lookup at CFBundle 0x600003b042a0 </Users/valentinasenov/Library/Developer/CoreSimulator/Devices/98FA5BD8-5D12-4B35-9A26-3AEBCADAFC8A/data/Containers/Bundle/Application/12B90C3A-72F3-447D-B35C-244E0D70240B/YourSofia.app> (executable, loaded)
	Request       : JetBrainsMono_600SemiBold_Italic type: ttf path: assets/node_modules/.pnpm/@expo-google-fonts+jetbrains-mono@0.4.1/node_modules/@expo-google-fonts/jetbrains-mono/600SemiBold_Italic
	Result        : file:///Users/valentinasenov/Library/Developer/CoreSimulator/Devices/98FA5BD8-5D12-4B35-9A26-3AEBCADAFC8A/data/Containers/Bundle/Application/12B90C3A-72F3-447D-B35C-244E0D70240B/YourSofia.app/assets/node_modules/.pnpm/@expo-google-fonts+jetbrains-mono@0.4.1/node_modules/@expo-google-fonts/jetbrains-mono/600SemiBold_Italic/JetBrainsMono_600SemiBold_Italic.ttf
2026-08-17 11:25:39.232 Db YourSofia[98845:31ee3a] [com.apple.CFBundle:resources] Resource lookup at CFBundle 0x600003b042a0 </Users/valentinasenov/Library/Developer/CoreSimulator/Devices/98FA5BD8-5D12-4B35-9A26-3AEBCADAFC8A/data/Containers/Bundle/Application/12B90C3A-72F3-447D-B35C-244E0D70240B/YourSofia.app> (executable, loaded)
	Request       : JetBrainsMono_700Bold_Italic type: ttf path: assets/node_modules/.pnpm/@expo-google-fonts+jetbrains-mono@0.4.1/node_modules/@expo-google-fonts/jetbrains-mono/700Bold_Italic
	Result        : file:///Users/valentinasenov/Library/Developer/CoreSimulator/Devices/98FA5BD8-5D12-4B35-9A26-3AEBCADAFC8A/data/Containers/Bundle/Application/12B90C3A-72F3-447D-B35C-244E0D70240B/YourSofia.app/assets/node_modules/.pnpm/@expo-google-fonts+jetbrains-mono@0.4.1/node_modules/@expo-google-fonts/jetbrains-mono/700Bold_Italic/JetBrainsMono_700Bold_Italic.ttf
2026-08-17 11:25:39.232 Db YourSofia[98845:31ee3a] [com.apple.CFBundle:resources] Resource lookup at CFBundle 0x600003b042a0 </Users/valentinasenov/Library/Developer/CoreSimulator/Devices/98FA5BD8-5D12-4B35-9A26-3AEBCADAFC8A/data/Containers/Bundle/Application/12B90C3A-72F3-447D-B35C-244E0D70240B/YourSofia.app> (executable, loaded)
	Request       : JetBrainsMono_800ExtraBold_Italic type: ttf path: assets/node_modules/.pnpm/@expo-google-fonts+jetbrains-mono@0.4.1/node_modules/@expo-google-fonts/jetbrains-mono/800ExtraBold_Italic
	Result        : file:///Users/valentinasenov/Library/Developer/CoreSimulator/Devices/98FA5BD8-5D12-4B35-9A26-3AEBCADAFC8A/data/Containers/Bundle/Application/12B90C3A-72F3-447D-B35C-244E0D70240B/YourSofia.app/assets/node_modules/.pnpm/@expo-google-fonts+jetbrains-mono@0.4.1/node_modules/@expo-google-fonts/jetbrains-mono/800ExtraBold_Italic/JetBrainsMono_800ExtraBold_Italic.ttf
2026-08-17 11:25:39.233 Db YourSofia[98845:31ee3a] [com.apple.CFBundle:resources] Resource lookup at CFBundle 0x600003b042a0 </Users/valentinasenov/Library/Developer/CoreSimulator/Devices/98FA5BD8-5D12-4B35-9A26-3AEBCADAFC8A/data/Containers/Bundle/Application/12B90C3A-72F3-447D-B35C-244E0D70240B/YourSofia.app> (executable, loaded)
	Request       : sofia-gerb type: png path: assets/assets/images
	Result        : file:///Users/valentinasenov/Library/Developer/CoreSimulator/Devices/98FA5BD8-5D12-4B35-9A26-3AEBCADAFC8A/data/Containers/Bundle/Application/12B90C3A-72F3-447D-B35C-244E0D70240B/YourSofia.app/assets/assets/images/sofia-gerb.png
2026-08-17 11:25:39.229 Df YourSofia[98845:31ee38] [com.apple.CFNetwork:Default] Task <4DFECFE4-AE26-4446-BD94-A5BF77613D3D>.<1> now using Connection 1
2026-08-17 11:25:39.235 Db YourSofia[98845:31ee38] [com.apple.network:activity] Returning should log: 0 for activity cfnetwork:foreground_task
2026-08-17 11:25:39.235 Db YourSofia[98845:31ee38] [com.apple.CFBundle:loading] dyld image path for pointer 0x184e41958 is /Library/Developer/CoreSimulator/Volumes/iOS_23D8133/Library/Developer/CoreSimulator/Profiles/Runtimes/iOS 26.3.simruntime/Contents/Resources/RuntimeRoot/System/Library/Frameworks/CFNetwork.framework/CFNetwork
2026-08-17 11:25:39.236 Db YourSofia[98845:31ee38] [com.apple.CFBundle:loading] dlfcn check load bundle CFBundle 0x600003b289a0 </Library/Developer/CoreSimulator/Volumes/iOS_23D8133/Library/Developer/CoreSimulator/Profiles/Runtimes/iOS 26.3.simruntime/Contents/Resources/RuntimeRoot/System/Library/Frameworks/CFNetwork.framework> (not loaded), dlopen of /Library/Developer/CoreSimulator/Volumes/iOS_23D8133/Library/Developer/CoreSimulator/Profiles/Runtimes/iOS 26.3.simruntime/Contents/Resources/RuntimeRoot/System/Library/Frameworks/CFNetwork.framework/CFNetwork mode 0x115 getting handle 0x194111
2026-08-17 11:25:39.236 Db YourSofia[98845:31ee38] [com.apple.CFBundle:resources] Language lookup at CFBundle 0x600003b289a0 </Library/Developer/CoreSimulator/Volumes/iOS_23D8133/Library/Developer/CoreSimulator/Profiles/Runtimes/iOS 26.3.simruntime/Contents/Resources/RuntimeRoot/System/Library/Frameworks/CFNetwork.framework> (framework, loaded)
	Localizations : [de, ur, he, en_AU, ar, el, ja, mr, en, uk, es_419, gu, zh_CN, kn, pa, es, sl, or, pt_BR, da, it, bg, sk, kk, pt_PT, ms, ta, ml, sv, te, cs, ko, no, hu, zh_HK, tr, pl, zh_TW, en_GB, vi, lt, ru, fr_CA, fr, fi, id, nl, th, bn, ro, hr, hi, ca]
	Dev language  : en
	User prefs    : [en-US, bg-US]
	Main bundle   : [en]
	Allow mixed   : 0 
	Result        : [en]
2026-08-17 11:25:39.237 Db YourSofia[98845:31ee38] [com.apple.CFBundle:resources] Resource lookup at CFBundle 0x600003b289a0 </Library/Developer/CoreSimulator/Volumes/iOS_23D8133/Library/Developer/CoreSimulator/Profiles/Runtimes/iOS 26.3.simruntime/Contents/Resources/RuntimeRoot/System/Library/Frameworks/CFNetwork.framework> (framework, loaded)
	Request       : InfoPlist type: loctable
	Result        : None
2026-08-17 11:25:39.237 Db YourSofia[98845:31ee38] [com.apple.CFBundle:resources] Resource lookup at CFBundle 0x600003b289a0 </Library/Developer/CoreSimulator/Volumes/iOS_23D8133/Library/Developer/CoreSimulator/Profiles/Runtimes/iOS 26.3.simruntime/Contents/Resources/RuntimeRoot/System/Library/Frameworks/CFNetwork.framework> (framework, loaded)
	Request       : InfoPlist type: strings
	Result        : None
2026-08-17 11:25:39.237 Db YourSofia[98845:31ee38] [com.apple.CFBundle:resources] Resource lookup at CFBundle 0x600003b289a0 </Library/Developer/CoreSimulator/Volumes/iOS_23D8133/Library/Developer/CoreSimulator/Profiles/Runtimes/iOS 26.3.simruntime/Contents/Resources/RuntimeRoot/System/Library/Frameworks/CFNetwork.framework> (framework, loaded)
	Request       : InfoPlist type: stringsdict
	Result        : None
2026-08-17 11:25:39.237 Db YourSofia[98845:31ee3a] [com.apple.CFBundle:resources] Resource lookup at CFBundle 0x600003b042a0 </Users/valentinasenov/Library/Developer/CoreSimulator/Devices/98FA5BD8-5D12-4B35-9A26-3AEBCADAFC8A/data/Containers/Bundle/Application/12B90C3A-72F3-447D-B35C-244E0D70240B/YourSofia.app> (executable, loaded)
	Request       : back-icon type: png path: assets/node_modules/.pnpm/@react-navigation+elements@2.6.4_@react-navigation+native@7.1.17_react-native@0.81.5_@b_28a2c3a7af745b08fd3e3ec803bf51ba/node_modules/@react-navigation/elements/lib/module/assets
	Result        : file:///Users/valentinasenov/Library/Developer/CoreSimulator/Devices/98FA5BD8-5D12-4B35-9A26-3AEBCADAFC8A/data/Containers/Bundle/Application/12B90C3A-72F3-447D-B35C-244E0D70240B/YourSofia.app/assets/node_modules/.pnpm/@react-navigation+elements@2.6.4_@react-navigation+native@7.1.17_react-native@0.81.5_@b_28a2c3a7af745b08fd3e3ec803bf51ba/node_modules/@react-navigation/elements/lib/module/assets/back-icon.png
2026-08-17 11:25:39.237 Db YourSofia[98845:31ee3a] [com.apple.CFBundle:resources] Resource lookup at CFBundle 0x600003b042a0 </Users/valentinasenov/Library/Developer/CoreSimulator/Devices/98FA5BD8-5D12-4B35-9A26-3AEBCADAFC8A/data/Containers/Bundle/Application/12B90C3A-72F3-447D-B35C-244E0D70240B/YourSofia.app> (executable, loaded)
	Request       : back-icon@2x type: png path: assets/node_modules/.pnpm/@react-navigation+elements@2.6.4_@react-navigation+native@7.1.17_react-native@0.81.5_@b_28a2c3a7af745b08fd3e3ec803bf51ba/node_modules/@react-navigation/elements/lib/module/assets
	Result        : file:///Users/valentinasenov/Library/Developer/CoreSimulator/Devices/98FA5BD8-5D12-4B35-9A26-3AEBCADAFC8A/data/Containers/Bundle/Application/12B90C3A-72F3-447D-B35C-244E0D70240B/YourSofia.app/assets/node_modules/.pnpm/@react-navigation+elements@2.6.4_@react-navigation+native@7.1.17_react-native@0.81.5_@b_28a2c3a7af745b08fd3e3ec803bf51ba/node_modules/@react-navigation/elements/lib/module/assets/back-icon@2x.png
2026-08-17 11:25:39.237 Db YourSofia[98845:31ee3a] [com.apple.CFBundle:resources] Resource lookup at CFBundle 0x600003b042a0 </Users/valentinasenov/Library/Developer/CoreSimulator/Devices/98FA5BD8-5D12-4B35-9A26-3AEBCADAFC8A/data/Containers/Bundle/Application/12B90C3A-72F3-447D-B35C-244E0D70240B/YourSofia.app> (executable, loaded)
	Request       : back-icon@3x type: png path: assets/node_modules/.pnpm/@react-navigation+elements@2.6.4_@react-navigation+native@7.1.17_react-native@0.81.5_@b_28a2c3a7af745b08fd3e3ec803bf51ba/node_modules/@react-navigation/elements/lib/module/assets
	Result        : file:///Users/valentinasenov/Library/Developer/CoreSimulator/Devices/98FA5BD8-5D12-4B35-9A26-3AEBCADAFC8A/data/Containers/Bundle/Application/12B90C3A-72F3-447D-B35C-244E0D70240B/YourSofia.app/assets/node_modules/.pnpm/@react-navigation+elements@2.6.4_@react-navigation+native@7.1.17_react-native@0.81.5_@b_28a2c3a7af745b08fd3e3ec803bf51ba/node_modules/@react-navigation/elements/lib/module/assets/back-icon@3x.png
2026-08-17 11:25:39.237 Db YourSofia[98845:31ee3a] [com.apple.CFBundle:resources] Resource lookup at CFBundle 0x600003b042a0 </Users/valentinasenov/Library/Developer/CoreSimulator/Devices/98FA5BD8-5D12-4B35-9A26-3AEBCADAFC8A/data/Containers/Bundle/Application/12B90C3A-72F3-447D-B35C-244E0D70240B/YourSofia.app> (executable, loaded)
	Request       : back-icon-mask type: png path: assets/node_modules/.pnpm/@react-navigation+elements@2.6.4_@react-navigation+native@7.1.17_react-native@0.81.5_@b_28a2c3a7af745b08fd3e3ec803bf51ba/node_modules/@react-navigation/elements/lib/module/assets
	Result        : file:///Users/valentinasenov/Library/Developer/CoreSimulator/Devices/98FA5BD8-5D12-4B35-9A26-3AEBCADAFC8A/data/Containers/Bundle/Application/12B90C3A-72F3-447D-B35C-244E0D70240B/YourSofia.app/assets/node_modules/.pnpm/@react-navigation+elements@2.6.4_@react-navigation+native@7.1.17_react-native@0.81.5_@b_28a2c3a7af745b08fd3e3ec803bf51ba/node_modules/@react-navigation/elements/lib/module/assets/back-icon-mask.png
2026-08-17 11:25:39.237 Db YourSofia[98845:31ee3a] [com.apple.CFBundle:resources] Resource lookup at CFBundle 0x600003b042a0 </Users/valentinasenov/Library/Developer/CoreSimulator/Devices/98FA5BD8-5D12-4B35-9A26-3AEBCADAFC8A/data/Containers/Bundle/Application/12B90C3A-72F3-447D-B35C-244E0D70240B/YourSofia.app> (executable, loaded)
	Request       : clear-icon type: png path: assets/node_modules/.pnpm/@react-navigation+elements@2.6.4_@react-navigation+native@7.1.17_react-native@0.81.5_@b_28a2c3a7af745b08fd3e3ec803bf51ba/node_modules/@react-navigation/elements/lib/module/assets
	Result        : file:///Users/valentinasenov/Library/Developer/CoreSimulator/Devices/98FA5BD8-5D12-4B35-9A26-3AEBCADAFC8A/data/Containers/Bundle/Application/12B90C3A-72F3-447D-B35C-244E0D70240B/YourSofia.app/assets/node_modules/.pnpm/@react-navigation+elements@2.6.4_@react-navigation+native@7.1.17_react-native@0.81.5_@b_28a2c3a7af745b08fd3e3ec803bf51ba/node_modules/@react-navigation/elements/lib/module/assets/clear-icon.png
2026-08-17 11:25:39.237 Db YourSofia[98845:31ee3a] [com.apple.CFBundle:resources] Resource lookup at CFBundle 0x600003b042a0 </Users/valentinasenov/Library/Developer/CoreSimulator/Devices/98FA5BD8-5D12-4B35-9A26-3AEBCADAFC8A/data/Containers/Bundle/Application/12B90C3A-72F3-447D-B35C-244E0D70240B/YourSofia.app> (executable, loaded)
	Request       : clear-icon type: png path: assets/node_modules/.pnpm/@react-navigation+elements@2.6.4_@react-navigation+native@7.1.17_react-native@0.81.5_@b_28a2c3a7af745b08fd3e3ec803bf51ba/node_modules/@react-navigation/elements/lib/module/assets
	Result        : file:///Users/valentinasenov/Library/Developer/CoreSimulator/Devices/98FA5BD8-5D12-4B35-9A26-3AEBCADAFC8A/data/Containers/Bundle/Application/12B90C3A-72F3-447D-B35C-244E0D70240B/YourSofia.app/assets/node_modules/.pnpm/@react-navigation+elements@2.6.4_@react-navigation+native@7.1.17_react-native@0.81.5_@b_28a2c3a7af745b08fd3e3ec803bf51ba/node_modules/@react-navigation/elements/lib/module/assets/clear-icon.png
2026-08-17 11:25:39.237 Db YourSofia[98845:31ee3a] [com.apple.CFBundle:resources] Resource lookup at CFBundle 0x600003b042a0 </Users/valentinasenov/Library/Developer/CoreSimulator/Devices/98FA5BD8-5D12-4B35-9A26-3AEBCADAFC8A/data/Containers/Bundle/Application/12B90C3A-72F3-447D-B35C-244E0D70240B/YourSofia.app> (executable, loaded)
	Request       : clear-icon@2x type: png path: assets/node_modules/.pnpm/@react-navigation+elements@2.6.4_@react-navigation+native@7.1.17_react-native@0.81.5_@b_28a2c3a7af745b08fd3e3ec803bf51ba/node_modules/@react-navigation/elements/lib/module/assets
	Result        : file:///Users/valentinasenov/Library/Developer/CoreSimulator/Devices/98FA5BD8-5D12-4B35-9A26-3AEBCADAFC8A/data/Containers/Bundle/Application/12B90C3A-72F3-447D-B35C-244E0D70240B/YourSofia.app/assets/node_modules/.pnpm/@react-navigation+elements@2.6.4_@react-navigation+native@7.1.17_react-native@0.81.5_@b_28a2c3a7af745b08fd3e3ec803bf51ba/node_modules/@react-navigation/elements/lib/module/assets/clear-icon@2x.png
2026-08-17 11:25:39.237 Db YourSofia[98845:31ee3a] [com.apple.CFBundle:resources] Resource lookup at CFBundle 0x600003b042a0 </Users/valentinasenov/Library/Developer/CoreSimulator/Devices/98FA5BD8-5D12-4B35-9A26-3AEBCADAFC8A/data/Containers/Bundle/Application/12B90C3A-72F3-447D-B35C-244E0D70240B/YourSofia.app> (executable, loaded)
	Request       : clear-icon@3x type: png path: assets/node_modules/.pnpm/@react-navigation+elements@2.6.4_@react-navigation+native@7.1.17_react-native@0.81.5_@b_28a2c3a7af745b08fd3e3ec803bf51ba/node_modules/@react-navigation/elements/lib/module/assets
	Result        : file:///Users/valentinasenov/Library/Developer/CoreSimulator/Devices/98FA5BD8-5D12-4B35-9A26-3AEBCADAFC8A/data/Containers/Bundle/Application/12B90C3A-72F3-447D-B35C-244E0D70240B/YourSofia.app/assets/node_modules/.pnpm/@react-navigation+elements@2.6.4_@react-navigation+native@7.1.17_react-native@0.81.5_@b_28a2c3a7af745b08fd3e3ec803bf51ba/node_modules/@react-navigation/elements/lib/module/assets/clear-icon@3x.png
2026-08-17 11:25:39.237 Db YourSofia[98845:31ee3a] [com.apple.CFBundle:resources] Resource lookup at CFBundle 0x600003b042a0 </Users/valentinasenov/Library/Developer/CoreSimulator/Devices/98FA5BD8-5D12-4B35-9A26-3AEBCADAFC8A/data/Containers/Bundle/Application/12B90C3A-72F3-447D-B35C-244E0D70240B/YourSofia.app> (executable, loaded)
	Request       : close-icon type: png path: assets/node_modules/.pnpm/@react-navigation+elements@2.6.4_@react-navigation+native@7.1.17_react-native@0.81.5_@b_28a2c3a7af745b08fd3e3ec803bf51ba/node_modules/@react-navigation/elements/lib/module/assets
	Result        : file:///Users/valentinasenov/Library/Developer/CoreSimulator/Devices/98FA5BD8-5D12-4B35-9A26-3AEBCADAFC8A/data/Containers/Bundle/Application/12B90C3A-72F3-447D-B35C-244E0D70240B/YourSofia.app/assets/node_modules/.pnpm/@react-navigation+elements@2.6.4_@react-navigation+native@7.1.17_react-native@0.81.5_@b_28a2c3a7af745b08fd3e3ec803bf51ba/node_modules/@react-navigation/elements/lib/module/assets/close-icon.png
2026-08-17 11:25:39.237 Db YourSofia[98845:31ee3a] [com.apple.CFBundle:resources] Resource lookup at CFBundle 0x600003b042a0 </Users/valentinasenov/Library/Developer/CoreSimulator/Devices/98FA5BD8-5D12-4B35-9A26-3AEBCADAFC8A/data/Containers/Bundle/Application/12B90C3A-72F3-447D-B35C-244E0D70240B/YourSofia.app> (executable, loaded)
	Request       : close-icon type: png path: assets/node_modules/.pnpm/@react-navigation+elements@2.6.4_@react-navigation+native@7.1.17_react-native@0.81.5_@b_28a2c3a7af745b08fd3e3ec803bf51ba/node_modules/@react-navigation/elements/lib/module/assets
	Result        : file:///Users/valentinasenov/Library/Developer/CoreSimulator/Devices/98FA5BD8-5D12-4B35-9A26-3AEBCADAFC8A/data/Containers/Bundle/Application/12B90C3A-72F3-447D-B35C-244E0D70240B/YourSofia.app/assets/node_modules/.pnpm/@react-navigation+elements@2.6.4_@react-navigation+native@7.1.17_react-native@0.81.5_@b_28a2c3a7af745b08fd3e3ec803bf51ba/node_modules/@react-navigation/elements/lib/module/assets/close-icon.png
2026-08-17 11:25:39.237 Db YourSofia[98845:31ee3a] [com.apple.CFBundle:resources] Resource lookup at CFBundle 0x600003b042a0 </Users/valentinasenov/Library/Developer/CoreSimulator/Devices/98FA5BD8-5D12-4B35-9A26-3AEBCADAFC8A/data/Containers/Bundle/Application/12B90C3A-72F3-447D-B35C-244E0D70240B/YourSofia.app> (executable, loaded)
	Request       : close-icon@2x type: png path: assets/node_modules/.pnpm/@react-navigation+elements@2.6.4_@react-navigation+native@7.1.17_react-native@0.81.5_@b_28a2c3a7af745b08fd3e3ec803bf51ba/node_modules/@react-navigation/elements/lib/module/assets
	Result        : file:///Users/valentinasenov/Library/Developer/CoreSimulator/Devices/98FA5BD8-5D12-4B35-9A26-3AEBCADAFC8A/data/Containers/Bundle/Application/12B90C3A-72F3-447D-B35C-244E0D70240B/YourSofia.app/assets/node_modules/.pnpm/@react-navigation+elements@2.6.4_@react-navigation+native@7.1.17_react-native@0.81.5_@b_28a2c3a7af745b08fd3e3ec803bf51ba/node_modules/@react-navigation/elements/lib/module/assets/close-icon@2x.png
2026-08-17 11:25:39.237 Db YourSofia[98845:31ee3a] [com.apple.CFBundle:resources] Resource lookup at CFBundle 0x600003b042a0 </Users/valentinasenov/Library/Developer/CoreSimulator/Devices/98FA5BD8-5D12-4B35-9A26-3AEBCADAFC8A/data/Containers/Bundle/Application/12B90C3A-72F3-447D-B35C-244E0D70240B/YourSofia.app> (executable, loaded)
	Request       : close-icon@3x type: png path: assets/node_modules/.pnpm/@react-navigation+elements@2.6.4_@react-navigation+native@7.1.17_react-native@0.81.5_@b_28a2c3a7af745b08fd3e3ec803bf51ba/node_modules/@react-navigation/elements/lib/module/assets
	Result        : file:///Users/valentinasenov/Library/Developer/CoreSimulator/Devices/98FA5BD8-5D12-4B35-9A26-3AEBCADAFC8A/data/Containers/Bundle/Application/12B90C3A-72F3-447D-B35C-244E0D70240B/YourSofia.app/assets/node_modules/.pnpm/@react-navigation+elements@2.6.4_@react-navigation+native@7.1.17_react-native@0.81.5_@b_28a2c3a7af745b08fd3e3ec803bf51ba/node_modules/@react-navigation/elements/lib/module/assets/close-icon@3x.png
2026-08-17 11:25:39.237 Db YourSofia[98845:31ee3a] [com.apple.CFBundle:resources] Resource lookup at CFBundle 0x600003b042a0 </Users/valentinasenov/Library/Developer/CoreSimulator/Devices/98FA5BD8-5D12-4B35-9A26-3AEBCADAFC8A/data/Containers/Bundle/Application/12B90C3A-72F3-447D-B35C-244E0D70240B/YourSofia.app> (executable, loaded)
	Request       : search-icon type: png path: assets/node_modules/.pnpm/@react-navigation+elements@2.6.4_@react-navigation+native@7.1.17_react-native@0.81.5_@b_28a2c3a7af745b08fd3e3ec803bf51ba/node_modules/@react-navigation/elements/lib/module/assets
	Result        : file:///Users/valentinasenov/Library/Developer/CoreSimulator/Devices/98FA5BD8-5D12-4B35-9A26-3AEBCADAFC8A/data/Containers/Bundle/Application/12B90C3A-72F3-447D-B35C-244E0D70240B/YourSofia.app/assets/node_modules/.pnpm/@react-navigation+elements@2.6.4_@react-navigation+native@7.1.17_react-native@0.81.5_@b_28a2c3a7af745b08fd3e3ec803bf51ba/node_modules/@react-navigation/elements/lib/module/assets/search-icon.png
2026-08-17 11:25:39.237 Db YourSofia[98845:31ee3a] [com.apple.CFBundle:resources] Resource lookup at CFBundle 0x600003b042a0 </Users/valentinasenov/Library/Developer/CoreSimulator/Devices/98FA5BD8-5D12-4B35-9A26-3AEBCADAFC8A/data/Containers/Bundle/Application/12B90C3A-72F3-447D-B35C-244E0D70240B/YourSofia.app> (executable, loaded)
	Request       : search-icon@2x type: png path: assets/node_modules/.pnpm/@react-navigation+elements@2.6.4_@react-navigation+native@7.1.17_react-native@0.81.5_@b_28a2c3a7af745b08fd3e3ec803bf51ba/node_modules/@react-navigation/elements/lib/module/assets
	Result        : file:///Users/valentinasenov/Library/Developer/CoreSimulator/Devices/98FA5BD8-5D12-4B35-9A26-3AEBCADAFC8A/data/Containers/Bundle/Application/12B90C3A-72F3-447D-B35C-244E0D70240B/YourSofia.app/assets/node_modules/.pnpm/@react-navigation+elements@2.6.4_@react-navigation+native@7.1.17_react-native@0.81.5_@b_28a2c3a7af745b08fd3e3ec803bf51ba/node_modules/@react-navigation/elements/lib/module/assets/search-icon@2x.png
2026-08-17 11:25:39.237 Db YourSofia[98845:31ee3a] [com.apple.CFBundle:resources] Resource lookup at CFBundle 0x600003b042a0 </Users/valentinasenov/Library/Developer/CoreSimulator/Devices/98FA5BD8-5D12-4B35-9A26-3AEBCADAFC8A/data/Containers/Bundle/Application/12B90C3A-72F3-447D-B35C-244E0D70240B/YourSofia.app> (executable, loaded)
	Request       : search-icon@3x type: png path: assets/node_modules/.pnpm/@react-navigation+elements@2.6.4_@react-navigation+native@7.1.17_react-native@0.81.5_@b_28a2c3a7af745b08fd3e3ec803bf51ba/node_modules/@react-navigation/elements/lib/module/assets
	Result        : file:///Users/valentinasenov/Library/Developer/CoreSimulator/Devices/98FA5BD8-5D12-4B35-9A26-3AEBCADAFC8A/data/Containers/Bundle/Application/12B90C3A-72F3-447D-B35C-244E0D70240B/YourSofia.app/assets/node_modules/.pnpm/@react-navigation+elements@2.6.4_@react-navigation+native@7.1.17_react-native@0.81.5_@b_28a2c3a7af745b08fd3e3ec803bf51ba/node_modules/@react-navigation/elements/lib/module/assets/search-icon@3x.png
2026-08-17 11:25:39.237 Db YourSofia[98845:31ee3a] [com.apple.CFBundle:resources] Resource lookup at CFBundle 0x600003b042a0 </Users/valentinasenov/Library/Developer/CoreSimulator/Devices/98FA5BD8-5D12-4B35-9A26-3AEBCADAFC8A/data/Containers/Bundle/Application/12B90C3A-72F3-447D-B35C-244E0D70240B/YourSofia.app> (executable, loaded)
	Request       : error type: png path: assets/node_modules/.pnpm/expo-router@6.0.22_df0c677153b00f82db80c956be709681/node_modules/expo-router/assets
	Result        : file:///Users/valentinasenov/Library/Developer/CoreSimulator/Devices/98FA5BD8-5D12-4B35-9A26-3AEBCADAFC8A/data/Containers/Bundle/Application/12B90C3A-72F3-447D-B35C-244E0D70240B/YourSofia.app/assets/node_modules/.pnpm/expo-router@6.0.22_df0c677153b00f82db80c956be709681/node_modules/expo-router/assets/error.png
2026-08-17 11:25:39.238 Db YourSofia[98845:31ee3a] [com.apple.CFBundle:resources] Resource lookup at CFBundle 0x600003b042a0 </Users/valentinasenov/Library/Developer/CoreSimulator/Devices/98FA5BD8-5D12-4B35-9A26-3AEBCADAFC8A/data/Containers/Bundle/Application/12B90C3A-72F3-447D-B35C-244E0D70240B/YourSofia.app> (executable, loaded)
	Request       : file type: png path: assets/node_modules/.pnpm/expo-router@6.0.22_df0c677153b00f82db80c956be709681/node_modules/expo-router/assets
	Result        : file:///Users/valentinasenov/Library/Developer/CoreSimulator/Devices/98FA5BD8-5D12-4B35-9A26-3AEBCADAFC8A/data/Containers/Bundle/Application/12B90C3A-72F3-447D-B35C-244E0D70240B/YourSofia.app/assets/node_modules/.pnpm/expo-router@6.0.22_df0c677153b00f82db80c956be709681/node_modules/expo-router/assets/file.png
2026-08-17 11:25:39.238 Db YourSofia[98845:31ee3a] [com.apple.CFBundle:resources] Resource lookup at CFBundle 0x600003b042a0 </Users/valentinasenov/Library/Developer/CoreSimulator/Devices/98FA5BD8-5D12-4B35-9A26-3AEBCADAFC8A/data/Containers/Bundle/Application/12B90C3A-72F3-447D-B35C-244E0D70240B/YourSofia.app> (executable, loaded)
	Request       : pkg type: png path: assets/node_modules/.pnpm/expo-router@6.0.22_df0c677153b00f82db80c956be709681/node_modules/expo-router/assets
	Result        : file:///Users/valentinasenov/Library/Developer/CoreSimulator/Devices/98FA5BD8-5D12-4B35-9A26-3AEBCADAFC8A/data/Containers/Bundle/Application/12B90C3A-72F3-447D-B35C-244E0D70240B/YourSofia.app/assets/node_modules/.pnpm/expo-router@6.0.22_df0c677153b00f82db80c956be709681/node_modules/expo-router/assets/pkg.png
2026-08-17 11:25:39.238 Db YourSofia[98845:31ee3a] [com.apple.CFBundle:resources] Resource lookup at CFBundle 0x600003b042a0 </Users/valentinasenov/Library/Developer/CoreSimulator/Devices/98FA5BD8-5D12-4B35-9A26-3AEBCADAFC8A/data/Containers/Bundle/Application/12B90C3A-72F3-447D-B35C-244E0D70240B/YourSofia.app> (executable, loaded)
	Request       : forward type: png path: assets/node_modules/.pnpm/expo-router@6.0.22_df0c677153b00f82db80c956be709681/node_modules/expo-router/assets
	Result        : file:///Users/valentinasenov/Library/Developer/CoreSimulator/Devices/98FA5BD8-5D12-4B35-9A26-3AEBCADAFC8A/data/Containers/Bundle/Application/12B90C3A-72F3-447D-B35C-244E0D70240B/YourSofia.app/assets/node_modules/.pnpm/expo-router@6.0.22_df0c677153b00f82db80c956be709681/node_modules/expo-router/assets/forward.png
2026-08-17 11:25:39.238 Db YourSofia[98845:31ee3a] [com.apple.CFBundle:resources] Resource lookup at CFBundle 0x600003b042a0 </Users/valentinasenov/Library/Developer/CoreSimulator/Devices/98FA5BD8-5D12-4B35-9A26-3AEBCADAFC8A/data/Containers/Bundle/Application/12B90C3A-72F3-447D-B35C-244E0D70240B/YourSofia.app> (executable, loaded)
	Request       : sitemap type: png path: assets/node_modules/.pnpm/expo-router@6.0.22_df0c677153b00f82db80c956be709681/node_modules/expo-router/assets
	Result        : file:///Users/valentinasenov/Library/Developer/CoreSimulator/Devices/98FA5BD8-5D12-4B35-9A26-3AEBCADAFC8A/data/Containers/Bundle/Application/12B90C3A-72F3-447D-B35C-244E0D70240B/YourSofia.app/assets/node_modules/.pnpm/expo-router@6.0.22_df0c677153b00f82db80c956be709681/node_modules/expo-router/assets/sitemap.png
2026-08-17 11:25:39.238 Db YourSofia[98845:31ee3a] [com.apple.CFBundle:resources] Resource lookup at CFBundle 0x600003b042a0 </Users/valentinasenov/Library/Developer/CoreSimulator/Devices/98FA5BD8-5D12-4B35-9A26-3AEBCADAFC8A/data/Containers/Bundle/Application/12B90C3A-72F3-447D-B35C-244E0D70240B/YourSofia.app> (executable, loaded)
	Request       : arrow_down type: png path: assets/node_modules/.pnpm/expo-router@6.0.22_df0c677153b00f82db80c956be709681/node_modules/expo-router/assets
	Result        : file:///Users/valentinasenov/Library/Developer/CoreSimulator/Devices/98FA5BD8-5D12-4B35-9A26-3AEBCADAFC8A/data/Containers/Bundle/Application/12B90C3A-72F3-447D-B35C-244E0D70240B/YourSofia.app/assets/node_modules/.pnpm/expo-router@6.0.22_df0c677153b00f82db80c956be709681/node_modules/expo-router/assets/arrow_down.png
2026-08-17 11:25:39.238 Db YourSofia[98845:31ee3a] [com.apple.CFBundle:resources] Resource lookup at CFBundle 0x600003b042a0 </Users/valentinasenov/Library/Developer/CoreSimulator/Devices/98FA5BD8-5D12-4B35-9A26-3AEBCADAFC8A/data/Containers/Bundle/Application/12B90C3A-72F3-447D-B35C-244E0D70240B/YourSofia.app> (executable, loaded)
	Request       : unmatched type: png path: assets/node_modules/.pnpm/expo-router@6.0.22_df0c677153b00f82db80c956be709681/node_modules/expo-router/assets
	Result        : file:///Users/valentinasenov/Library/Developer/CoreSimulator/Devices/98FA5BD8-5D12-4B35-9A26-3AEBCADAFC8A/data/Containers/Bundle/Application/12B90C3A-72F3-447D-B35C-244E0D70240B/YourSofia.app/assets/node_modules/.pnpm/expo-router@6.0.22_df0c677153b00f82db80c956be709681/node_modules/expo-router/assets/unmatched.png
2026-08-17 11:25:39.238 Db YourSofia[98845:31ee3a] [com.apple.CFBundle:resources] Resource lookup at CFBundle 0x600003b042a0 </Users/valentinasenov/Library/Developer/CoreSimulator/Devices/98FA5BD8-5D12-4B35-9A26-3AEBCADAFC8A/data/Containers/Bundle/Application/12B90C3A-72F3-447D-B35C-244E0D70240B/YourSofia.app> (executable, loaded)
	Request       : JetBrainsMono_500Medium type: ttf path: assets/node_modules/.pnpm/@expo-google-fonts+jetbrains-mono@0.4.1/node_modules/@expo-google-fonts/jetbrains-mono/500Medium
	Result        : file:///Users/valentinasenov/Library/Developer/CoreSimulator/Devices/98FA5BD8-5D12-4B35-9A26-3AEBCADAFC8A/data/Containers/Bundle/Application/12B90C3A-72F3-447D-B35C-244E0D70240B/YourSofia.app/assets/node_modules/.pnpm/@expo-google-fonts+jetbrains-mono@0.4.1/node_modules/@expo-google-fonts/jetbrains-mono/500Medium/JetBrainsMono_500Medium.ttf
2026-08-17 11:25:39.238 Db YourSofia[98845:31ee3a] [com.apple.CFBundle:resources] Resource lookup at CFBundle 0x600003b042a0 </Users/valentinasenov/Library/Developer/CoreSimulator/Devices/98FA5BD8-5D12-4B35-9A26-3AEBCADAFC8A/data/Containers/Bundle/Application/12B90C3A-72F3-447D-B35C-244E0D70240B/YourSofia.app> (executable, loaded)
	Request       : SofiaSans_100Thin type: ttf path: assets/node_modules/.pnpm/@expo-google-fonts+sofia-sans@0.4.3/node_modules/@expo-google-fonts/sofia-sans/100Thin
	Result        : file:///Users/valentinasenov/Library/Developer/CoreSimulator/Devices/98FA5BD8-5D12-4B35-9A26-3AEBCADAFC8A/data/Containers/Bundle/Application/12B90C3A-72F3-447D-B35C-244E0D70240B/YourSofia.app/assets/node_modules/.pnpm/@expo-google-fonts+sofia-sans@0.4.3/node_modules/@expo-google-fonts/sofia-sans/100Thin/SofiaSans_100Thin.ttf
2026-08-17 11:25:39.238 Db YourSofia[98845:31ee3a] [com.apple.CFBundle:resources] Resource lookup at CFBundle 0x600003b042a0 </Users/valentinasenov/Library/Developer/CoreSimulator/Devices/98FA5BD8-5D12-4B35-9A26-3AEBCADAFC8A/data/Containers/Bundle/Application/12B90C3A-72F3-447D-B35C-244E0D70240B/YourSofia.app> (executable, loaded)
	Request       : SofiaSans_200ExtraLight type: ttf path: assets/node_modules/.pnpm/@expo-google-fonts+sofia-sans@0.4.3/node_modules/@expo-google-fonts/sofia-sans/200ExtraLight
	Result        : file:///Users/valentinasenov/Library/Developer/CoreSimulator/Devices/98FA5BD8-5D12-4B35-9A26-3AEBCADAFC8A/data/Containers/Bundle/Application/12B90C3A-72F3-447D-B35C-244E0D70240B/YourSofia.app/assets/node_modules/.pnpm/@expo-google-fonts+sofia-sans@0.4.3/node_modules/@expo-google-fonts/sofia-sans/200ExtraLight/SofiaSans_200ExtraLight.ttf
2026-08-17 11:25:39.238 Db YourSofia[98845:31ee3a] [com.apple.CFBundle:resources] Resource lookup at CFBundle 0x600003b042a0 </Users/valentinasenov/Library/Developer/CoreSimulator/Devices/98FA5BD8-5D12-4B35-9A26-3AEBCADAFC8A/data/Containers/Bundle/Application/12B90C3A-72F3-447D-B35C-244E0D70240B/YourSofia.app> (executable, loaded)
	Request       : SofiaSans_300Light type: ttf path: assets/node_modules/.pnpm/@expo-google-fonts+sofia-sans@0.4.3/node_modules/@expo-google-fonts/sofia-sans/300Light
	Result        : file:///Users/valentinasenov/Library/Developer/CoreSimulator/Devices/98FA5BD8-5D12-4B35-9A26-3AEBCADAFC8A/data/Containers/Bundle/Application/12B90C3A-72F3-447D-B35C-244E0D70240B/YourSofia.app/assets/node_modules/.pnpm/@expo-google-fonts+sofia-sans@0.4.3/node_modules/@expo-google-fonts/sofia-sans/300Light/SofiaSans_300Light.ttf
2026-08-17 11:25:39.238 Db YourSofia[98845:31ee3a] [com.apple.CFBundle:resources] Resource lookup at CFBundle 0x600003b042a0 </Users/valentinasenov/Library/Developer/CoreSimulator/Devices/98FA5BD8-5D12-4B35-9A26-3AEBCADAFC8A/data/Containers/Bundle/Application/12B90C3A-72F3-447D-B35C-244E0D70240B/YourSofia.app> (executable, loaded)
	Request       : SofiaSans_400Regular type: ttf path: assets/node_modules/.pnpm/@expo-google-fonts+sofia-sans@0.4.3/node_modules/@expo-google-fonts/sofia-sans/400Regular
	Result        : file:///Users/valentinasenov/Library/Developer/CoreSimulator/Devices/98FA5BD8-5D12-4B35-9A26-3AEBCADAFC8A/data/Containers/Bundle/Application/12B90C3A-72F3-447D-B35C-244E0D70240B/YourSofia.app/assets/node_modules/.pnpm/@expo-google-fonts+sofia-sans@0.4.3/node_modules/@expo-google-fonts/sofia-sans/400Regular/SofiaSans_400Regular.ttf
2026-08-17 11:25:39.238 Db YourSofia[98845:31ee3a] [com.apple.CFBundle:resources] Resource lookup at CFBundle 0x600003b042a0 </Users/valentinasenov/Library/Developer/CoreSimulator/Devices/98FA5BD8-5D12-4B35-9A26-3AEBCADAFC8A/data/Containers/Bundle/Application/12B90C3A-72F3-447D-B35C-244E0D70240B/YourSofia.app> (executable, loaded)
	Request       : SofiaSans_500Medium type: ttf path: assets/node_modules/.pnpm/@expo-google-fonts+sofia-sans@0.4.3/node_modules/@expo-google-fonts/sofia-sans/500Medium
	Result        : file:///Users/valentinasenov/Library/Developer/CoreSimulator/Devices/98FA5BD8-5D12-4B35-9A26-3AEBCADAFC8A/data/Containers/Bundle/Application/12B90C3A-72F3-447D-B35C-244E0D70240B/YourSofia.app/assets/node_modules/.pnpm/@expo-google-fonts+sofia-sans@0.4.3/node_modules/@expo-google-fonts/sofia-sans/500Medium/SofiaSans_500Medium.ttf
2026-08-17 11:25:39.238 Df YourSofia[98845:31ee38] [com.apple.CFNetwork:Default] Task <4DFECFE4-AE26-4446-BD94-A5BF77613D3D>.<1> sent request, body N 0
2026-08-17 11:25:39.265 Db YourSofia[98845:31ee65] [com.apple.runningboard:message] PERF: [app<bg.sofia.yoursofia((null))>:98845] Received message from runningboardd: async_didChangeInheritances:completion:
2026-08-17 11:25:39.238 Db YourSofia[98845:31ee3a] [com.apple.CFBundle:resources] Resource lookup at CFBundle 0x600003b042a0 </Users/valentinasenov/Library/Developer/CoreSimulator/Devices/98FA5BD8-5D12-4B35-9A26-3AEBCADAFC8A/data/Containers/Bundle/Application/12B90C3A-72F3-447D-B35C-244E0D70240B/YourSofia.app> (executable, loaded)
	Request       : SofiaSans_600SemiBold type: ttf path: assets/node_modules/.pnpm/@expo-google-fonts+sofia-sans@0.4.3/node_modules/@expo-google-fonts/sofia-sans/600SemiBold
	Result        : file:///Users/valentinasenov/Library/Developer/CoreSimulator/Devices/98FA5BD8-5D12-4B35-9A26-3AEBCADAFC8A/data/Containers/Bundle/Application/12B90C3A-72F3-447D-B35C-244E0D70240B/YourSofia.app/assets/node_modules/.pnpm/@expo-google-fonts+sofia-sans@0.4.3/node_modules/@expo-google-fonts/sofia-sans/600SemiBold/SofiaSans_600SemiBold.ttf
2026-08-17 11:25:39.274 A  YourSofia[98845:31ee65] (RunningBoardServices) didChangeInheritances
2026-08-17 11:25:39.274 Db YourSofia[98845:31ee65] [com.apple.runningboard:connection] didChangeInheritances: <RBSInheritanceChangeSet| gained:(null) lost:{(
    <RBSInheritance| environment:UIScene:com.apple.frontboard.systemappservices/FBSceneManager:sceneID%3Abg.sofia.yoursofia-default name:com.apple.frontboard.visibility origID:98522-98822-662 payload 8719656185504109860>
)}>
2026-08-17 11:25:39.274 Db YourSofia[98845:31ee3a] [com.apple.CFBundle:resources] Resource lookup at CFBundle 0x600003b042a0 </Users/valentinasenov/Library/Developer/CoreSimulator/Devices/98FA5BD8-5D12-4B35-9A26-3AEBCADAFC8A/data/Containers/Bundle/Application/12B90C3A-72F3-447D-B35C-244E0D70240B/YourSofia.app> (executable, loaded)
	Request       : SofiaSans_700Bold type: ttf path: assets/node_modules/.pnpm/@expo-google-fonts+sofia-sans@0.4.3/node_modules/@expo-google-fonts/sofia-sans/700Bold
	Result        : file:///Users/valentinasenov/Library/Developer/CoreSimulator/Devices/98FA5BD8-5D12-4B35-9A26-3AEBCADAFC8A/data/Containers/Bundle/Application/12B90C3A-72F3-447D-B35C-244E0D70240B/YourSofia.app/assets/node_modules/.pnpm/@expo-google-fonts+sofia-sans@0.4.3/node_modules/@expo-google-fonts/sofia-sans/700Bold/SofiaSans_700Bold.ttf
2026-08-17 11:25:39.274 Db YourSofia[98845:31ee3a] [com.apple.CFBundle:resources] Resource lookup at CFBundle 0x600003b042a0 </Users/valentinasenov/Library/Developer/CoreSimulator/Devices/98FA5BD8-5D12-4B35-9A26-3AEBCADAFC8A/data/Containers/Bundle/Application/12B90C3A-72F3-447D-B35C-244E0D70240B/YourSofia.app> (executable, loaded)
	Request       : SofiaSans_800ExtraBold type: ttf path: assets/node_modules/.pnpm/@expo-google-fonts+sofia-sans@0.4.3/node_modules/@expo-google-fonts/sofia-sans/800ExtraBold
	Result        : file:///Users/valentinasenov/Library/Developer/CoreSimulator/Devices/98FA5BD8-5D12-4B35-9A26-3AEBCADAFC8A/data/Containers/Bundle/Application/12B90C3A-72F3-447D-B35C-244E0D70240B/YourSofia.app/assets/node_modules/.pnpm/@expo-google-fonts+sofia-sans@0.4.3/node_modules/@expo-google-fonts/sofia-sans/800ExtraBold/SofiaSans_800ExtraBold.ttf
2026-08-17 11:25:39.274 Db YourSofia[98845:31ee3a] [com.apple.CFBundle:resources] Resource lookup at CFBundle 0x600003b042a0 </Users/valentinasenov/Library/Developer/CoreSimulator/Devices/98FA5BD8-5D12-4B35-9A26-3AEBCADAFC8A/data/Containers/Bundle/Application/12B90C3A-72F3-447D-B35C-244E0D70240B/YourSofia.app> (executable, loaded)
	Request       : SofiaSans_900Black type: ttf path: assets/node_modules/.pnpm/@expo-google-fonts+sofia-sans@0.4.3/node_modules/@expo-google-fonts/sofia-sans/900Black
	Result        : file:///Users/valentinasenov/Library/Developer/CoreSimulator/Devices/98FA5BD8-5D12-4B35-9A26-3AEBCADAFC8A/data/Containers/Bundle/Application/12B90C3A-72F3-447D-B35C-244E0D70240B/YourSofia.app/assets/node_modules/.pnpm/@expo-google-fonts+sofia-sans@0.4.3/node_modules/@expo-google-fonts/sofia-sans/900Black/SofiaSans_900Black.ttf
2026-08-17 11:25:39.274 Db YourSofia[98845:31ee3a] [com.apple.CFBundle:resources] Resource lookup at CFBundle 0x600003b042a0 </Users/valentinasenov/Library/Developer/CoreSimulator/Devices/98FA5BD8-5D12-4B35-9A26-3AEBCADAFC8A/data/Containers/Bundle/Application/12B90C3A-72F3-447D-B35C-244E0D70240B/YourSofia.app> (executable, loaded)
	Request       : SofiaSans_100Thin_Italic type: ttf path: assets/node_modules/.pnpm/@expo-google-fonts+sofia-sans@0.4.3/node_modules/@expo-google-fonts/sofia-sans/100Thin_Italic
	Result        : file:///Users/valentinasenov/Library/Developer/CoreSimulator/Devices/98FA5BD8-5D12-4B35-9A26-3AEBCADAFC8A/data/Containers/Bundle/Application/12B90C3A-72F3-447D-B35C-244E0D70240B/YourSofia.app/assets/node_modules/.pnpm/@expo-google-fonts+sofia-sans@0.4.3/node_modules/@expo-google-fonts/sofia-sans/100Thin_Italic/SofiaSans_100Thin_Italic.ttf
2026-08-17 11:25:39.274 Db YourSofia[98845:31ee3a] [com.apple.CFBundle:resources] Resource lookup at CFBundle 0x600003b042a0 </Users/valentinasenov/Library/Developer/CoreSimulator/Devices/98FA5BD8-5D12-4B35-9A26-3AEBCADAFC8A/data/Containers/Bundle/Application/12B90C3A-72F3-447D-B35C-244E0D70240B/YourSofia.app> (executable, loaded)
	Request       : SofiaSans_200ExtraLight_Italic type: ttf path: assets/node_modules/.pnpm/@expo-google-fonts+sofia-sans@0.4.3/node_modules/@expo-google-fonts/sofia-sans/200ExtraLight_Italic
	Result        : file:///Users/valentinasenov/Library/Developer/CoreSimulator/Devices/98FA5BD8-5D12-4B35-9A26-3AEBCADAFC8A/data/Containers/Bundle/Application/12B90C3A-72F3-447D-B35C-244E0D70240B/YourSofia.app/assets/node_modules/.pnpm/@expo-google-fonts+sofia-sans@0.4.3/node_modules/@expo-google-fonts/sofia-sans/200ExtraLight_Italic/SofiaSans_200ExtraLight_Italic.ttf
2026-08-17 11:25:39.275 Db YourSofia[98845:31ee3a] [com.apple.CFBundle:resources] Resource lookup at CFBundle 0x600003b042a0 </Users/valentinasenov/Library/Developer/CoreSimulator/Devices/98FA5BD8-5D12-4B35-9A26-3AEBCADAFC8A/data/Containers/Bundle/Application/12B90C3A-72F3-447D-B35C-244E0D70240B/YourSofia.app> (executable, loaded)
	Request       : SofiaSans_300Light_Italic type: ttf path: assets/node_modules/.pnpm/@expo-google-fonts+sofia-sans@0.4.3/node_modules/@expo-google-fonts/sofia-sans/300Light_Italic
	Result        : file:///Users/valentinasenov/Library/Developer/CoreSimulator/Devices/98FA5BD8-5D12-4B35-9A26-3AEBCADAFC8A/data/Containers/Bundle/Application/12B90C3A-72F3-447D-B35C-244E0D70240B/YourSofia.app/assets/node_modules/.pnpm/@expo-google-fonts+sofia-sans@0.4.3/node_modules/@expo-google-fonts/sofia-sans/300Light_Italic/SofiaSans_300Light_Italic.ttf
2026-08-17 11:25:39.275 Db YourSofia[98845:31ee3a] [com.apple.CFBundle:resources] Resource lookup at CFBundle 0x600003b042a0 </Users/valentinasenov/Library/Developer/CoreSimulator/Devices/98FA5BD8-5D12-4B35-9A26-3AEBCADAFC8A/data/Containers/Bundle/Application/12B90C3A-72F3-447D-B35C-244E0D70240B/YourSofia.app> (executable, loaded)
	Request       : SofiaSans_400Regular_Italic type: ttf path: assets/node_modules/.pnpm/@expo-google-fonts+sofia-sans@0.4.3/node_modules/@expo-google-fonts/sofia-sans/400Regular_Italic
	Result        : file:///Users/valentinasenov/Library/Developer/CoreSimulator/Devices/98FA5BD8-5D12-4B35-9A26-3AEBCADAFC8A/data/Containers/Bundle/Application/12B90C3A-72F3-447D-B35C-244E0D70240B/YourSofia.app/assets/node_modules/.pnpm/@expo-google-fonts+sofia-sans@0.4.3/node_modules/@expo-google-fonts/sofia-sans/400Regular_Italic/SofiaSans_400Regular_Italic.ttf
2026-08-17 11:25:39.275 Db YourSofia[98845:31ee3a] [com.apple.CFBundle:resources] Resource lookup at CFBundle 0x600003b042a0 </Users/valentinasenov/Library/Developer/CoreSimulator/Devices/98FA5BD8-5D12-4B35-9A26-3AEBCADAFC8A/data/Containers/Bundle/Application/12B90C3A-72F3-447D-B35C-244E0D70240B/YourSofia.app> (executable, loaded)
	Request       : SofiaSans_500Medium_Italic type: ttf path: assets/node_modules/.pnpm/@expo-google-fonts+sofia-sans@0.4.3/node_modules/@expo-google-fonts/sofia-sans/500Medium_Italic
	Result        : file:///Users/valentinasenov/Library/Developer/CoreSimulator/Devices/98FA5BD8-5D12-4B35-9A26-3AEBCADAFC8A/data/Containers/Bundle/Application/12B90C3A-72F3-447D-B35C-244E0D70240B/YourSofia.app/assets/node_modules/.pnpm/@expo-google-fonts+sofia-sans@0.4.3/node_modules/@expo-google-fonts/sofia-sans/500Medium_Italic/SofiaSans_500Medium_Italic.ttf
2026-08-17 11:25:39.275 Db YourSofia[98845:31ee3a] [com.apple.CFBundle:resources] Resource lookup at CFBundle 0x600003b042a0 </Users/valentinasenov/Library/Developer/CoreSimulator/Devices/98FA5BD8-5D12-4B35-9A26-3AEBCADAFC8A/data/Containers/Bundle/Application/12B90C3A-72F3-447D-B35C-244E0D70240B/YourSofia.app> (executable, loaded)
	Request       : SofiaSans_600SemiBold_Italic type: ttf path: assets/node_modules/.pnpm/@expo-google-fonts+sofia-sans@0.4.3/node_modules/@expo-google-fonts/sofia-sans/600SemiBold_Italic
	Result        : file:///Users/valentinasenov/Library/Developer/CoreSimulator/Devices/98FA5BD8-5D12-4B35-9A26-3AEBCADAFC8A/data/Containers/Bundle/Application/12B90C3A-72F3-447D-B35C-244E0D70240B/YourSofia.app/assets/node_modules/.pnpm/@expo-google-fonts+sofia-sans@0.4.3/node_modules/@expo-google-fonts/sofia-sans/600SemiBold_Italic/SofiaSans_600SemiBold_Italic.ttf
2026-08-17 11:25:39.275 Db YourSofia[98845:31ee3a] [com.apple.CFBundle:resources] Resource lookup at CFBundle 0x600003b042a0 </Users/valentinasenov/Library/Developer/CoreSimulator/Devices/98FA5BD8-5D12-4B35-9A26-3AEBCADAFC8A/data/Containers/Bundle/Application/12B90C3A-72F3-447D-B35C-244E0D70240B/YourSofia.app> (executable, loaded)
	Request       : SofiaSans_700Bold_Italic type: ttf path: assets/node_modules/.pnpm/@expo-google-fonts+sofia-sans@0.4.3/node_modules/@expo-google-fonts/sofia-sans/700Bold_Italic
	Result        : file:///Users/valentinasenov/Library/Developer/CoreSimulator/Devices/98FA5BD8-5D12-4B35-9A26-3AEBCADAFC8A/data/Containers/Bundle/Application/12B90C3A-72F3-447D-B35C-244E0D70240B/YourSofia.app/assets/node_modules/.pnpm/@expo-google-fonts+sofia-sans@0.4.3/node_modules/@expo-google-fonts/sofia-sans/700Bold_Italic/SofiaSans_700Bold_Italic.ttf
2026-08-17 11:25:39.275 Db YourSofia[98845:31ee3a] [com.apple.CFBundle:resources] Resource lookup at CFBundle 0x600003b042a0 </Users/valentinasenov/Library/Developer/CoreSimulator/Devices/98FA5BD8-5D12-4B35-9A26-3AEBCADAFC8A/data/Containers/Bundle/Application/12B90C3A-72F3-447D-B35C-244E0D70240B/YourSofia.app> (executable, loaded)
	Request       : SofiaSans_800ExtraBold_Italic type: ttf path: assets/node_modules/.pnpm/@expo-google-fonts+sofia-sans@0.4.3/node_modules/@expo-google-fonts/sofia-sans/800ExtraBold_Italic
	Result        : file:///Users/valentinasenov/Library/Developer/CoreSimulator/Devices/98FA5BD8-5D12-4B35-9A26-3AEBCADAFC8A/data/Containers/Bundle/Application/12B90C3A-72F3-447D-B35C-244E0D70240B/YourSofia.app/assets/node_modules/.pnpm/@expo-google-fonts+sofia-sans@0.4.3/node_modules/@expo-google-fonts/sofia-sans/800ExtraBold_Italic/SofiaSans_800ExtraBold_Italic.ttf
2026-08-17 11:25:39.275 Db YourSofia[98845:31edf9] [com.apple.defaults:User Defaults] found no value for key __NSTextAttachmentAlwaysUsesAttachmentView in CFPrefsSearchListSource<0x600002c08180> (Domain: bg.sofia.yoursofia, Container: (null) Non-launch persona: 0)
2026-08-17 11:25:39.275 Db YourSofia[98845:31ee3a] [com.apple.CFBundle:resources] Resource lookup at CFBundle 0x600003b042a0 </Users/valentinasenov/Library/Developer/CoreSimulator/Devices/98FA5BD8-5D12-4B35-9A26-3AEBCADAFC8A/data/Containers/Bundle/Application/12B90C3A-72F3-447D-B35C-244E0D70240B/YourSofia.app> (executable, loaded)
	Request       : SofiaSans_900Black_Italic type: ttf path: assets/node_modules/.pnpm/@expo-google-fonts+sofia-sans@0.4.3/node_modules/@expo-google-fonts/sofia-sans/900Black_Italic
	Result        : file:///Users/valentinasenov/Library/Developer/CoreSimulator/Devices/98FA5BD8-5D12-4B35-9A26-3AEBCADAFC8A/data/Containers/Bundle/Application/12B90C3A-72F3-447D-B35C-244E0D70240B/YourSofia.app/assets/node_modules/.pnpm/@expo-google-fonts+sofia-sans@0.4.3/node_modules/@expo-google-fonts/sofia-sans/900Black_Italic/SofiaSans_900Black_Italic.ttf
2026-08-17 11:25:39.275 Db YourSofia[98845:31ee3a] [com.apple.CFBundle:resources] Resource lookup at CFBundle 0x600003b042a0 </Users/valentinasenov/Library/Developer/CoreSimulator/Devices/98FA5BD8-5D12-4B35-9A26-3AEBCADAFC8A/data/Containers/Bundle/Application/12B90C3A-72F3-447D-B35C-244E0D70240B/YourSofia.app> (executable, loaded)
	Request       : JetBrainsMono_100Thin type: ttf path: assets/node_modules/.pnpm/@expo-google-fonts+jetbrains-mono@0.4.1/node_modules/@expo-google-fonts/jetbrains-mono/100Thin
	Result        : file:///Users/valentinasenov/Library/Developer/CoreSimulator/Devices/98FA5BD8-5D12-4B35-9A26-3AEBCADAFC8A/data/Containers/Bundle/Application/12B90C3A-72F3-447D-B35C-244E0D70240B/YourSofia.app/assets/node_modules/.pnpm/@expo-google-fonts+jetbrains-mono@0.4.1/node_modules/@expo-google-fonts/jetbrains-mono/100Thin/JetBrainsMono_100Thin.ttf
2026-08-17 11:25:39.275 Db YourSofia[98845:31ee3a] [com.apple.CFBundle:resources] Resource lookup at CFBundle 0x600003b042a0 </Users/valentinasenov/Library/Developer/CoreSimulator/Devices/98FA5BD8-5D12-4B35-9A26-3AEBCADAFC8A/data/Containers/Bundle/Application/12B90C3A-72F3-447D-B35C-244E0D70240B/YourSofia.app> (executable, loaded)
	Request       : JetBrainsMono_200ExtraLight type: ttf path: assets/node_modules/.pnpm/@expo-google-fonts+jetbrains-mono@0.4.1/node_modules/@expo-google-fonts/jetbrains-mono/200ExtraLight
	Result        : file:///Users/valentinasenov/Library/Developer/CoreSimulator/Devices/98FA5BD8-5D12-4B35-9A26-3AEBCADAFC8A/data/Containers/Bundle/Application/12B90C3A-72F3-447D-B35C-244E0D70240B/YourSofia.app/assets/node_modules/.pnpm/@expo-google-fonts+jetbrains-mono@0.4.1/node_modules/@expo-google-fonts/jetbrains-mono/200ExtraLight/JetBrainsMono_200ExtraLight.ttf
2026-08-17 11:25:39.275 Db YourSofia[98845:31ee3a] [com.apple.CFBundle:resources] Resource lookup at CFBundle 0x600003b042a0 </Users/valentinasenov/Library/Developer/CoreSimulator/Devices/98FA5BD8-5D12-4B35-9A26-3AEBCADAFC8A/data/Containers/Bundle/Application/12B90C3A-72F3-447D-B35C-244E0D70240B/YourSofia.app> (executable, loaded)
	Request       : JetBrainsMono_300Light type: ttf path: assets/node_modules/.pnpm/@expo-google-fonts+jetbrains-mono@0.4.1/node_modules/@expo-google-fonts/jetbrains-mono/300Light
	Result        : file:///Users/valentinasenov/Library/Developer/CoreSimulator/Devices/98FA5BD8-5D12-4B35-9A26-3AEBCADAFC8A/data/Containers/Bundle/Application/12B90C3A-72F3-447D-B35C-244E0D70240B/YourSofia.app/assets/node_modules/.pnpm/@expo-google-fonts+jetbrains-mono@0.4.1/node_modules/@expo-google-fonts/jetbrains-mono/300Light/JetBrainsMono_300Light.ttf
2026-08-17 11:25:39.275 Db YourSofia[98845:31ee3a] [com.apple.CFBundle:resources] Resource lookup at CFBundle 0x600003b042a0 </Users/valentinasenov/Library/Developer/CoreSimulator/Devices/98FA5BD8-5D12-4B35-9A26-3AEBCADAFC8A/data/Containers/Bundle/Application/12B90C3A-72F3-447D-B35C-244E0D70240B/YourSofia.app> (executable, loaded)
	Request       : JetBrainsMono_400Regular type: ttf path: assets/node_modules/.pnpm/@expo-google-fonts+jetbrains-mono@0.4.1/node_modules/@expo-google-fonts/jetbrains-mono/400Regular
	Result        : file:///Users/valentinasenov/Library/Developer/CoreSimulator/Devices/98FA5BD8-5D12-4B35-9A26-3AEBCADAFC8A/data/Containers/Bundle/Application/12B90C3A-72F3-447D-B35C-244E0D70240B/YourSofia.app/assets/node_modules/.pnpm/@expo-google-fonts+jetbrains-mono@0.4.1/node_modules/@expo-google-fonts/jetbrains-mono/400Regular/JetBrainsMono_400Regular.ttf
2026-08-17 11:25:39.275 Db YourSofia[98845:31ee3a] [com.apple.CFBundle:resources] Resource lookup at CFBundle 0x600003b042a0 </Users/valentinasenov/Library/Developer/CoreSimulator/Devices/98FA5BD8-5D12-4B35-9A26-3AEBCADAFC8A/data/Containers/Bundle/Application/12B90C3A-72F3-447D-B35C-244E0D70240B/YourSofia.app> (executable, loaded)
	Request       : JetBrainsMono_600SemiBold type: ttf path: assets/node_modules/.pnpm/@expo-google-fonts+jetbrains-mono@0.4.1/node_modules/@expo-google-fonts/jetbrains-mono/600SemiBold
	Result        : file:///Users/valentinasenov/Library/Developer/CoreSimulator/Devices/98FA5BD8-5D12-4B35-9A26-3AEBCADAFC8A/data/Containers/Bundle/Application/12B90C3A-72F3-447D-B35C-244E0D70240B/YourSofia.app/assets/node_modules/.pnpm/@expo-google-fonts+jetbrains-mono@0.4.1/node_modules/@expo-google-fonts/jetbrains-mono/600SemiBold/JetBrainsMono_600SemiBold.ttf
2026-08-17 11:25:39.276 Db YourSofia[98845:31ee3a] [com.apple.CFBundle:resources] Resource lookup at CFBundle 0x600003b042a0 </Users/valentinasenov/Library/Developer/CoreSimulator/Devices/98FA5BD8-5D12-4B35-9A26-3AEBCADAFC8A/data/Containers/Bundle/Application/12B90C3A-72F3-447D-B35C-244E0D70240B/YourSofia.app> (executable, loaded)
	Request       : JetBrainsMono_700Bold type: ttf path: assets/node_modules/.pnpm/@expo-google-fonts+jetbrains-mono@0.4.1/node_modules/@expo-google-fonts/jetbrains-mono/700Bold
	Result        : file:///Users/valentinasenov/Library/Developer/CoreSimulator/Devices/98FA5BD8-5D12-4B35-9A26-3AEBCADAFC8A/data/Containers/Bundle/Application/12B90C3A-72F3-447D-B35C-244E0D70240B/YourSofia.app/assets/node_modules/.pnpm/@expo-google-fonts+jetbrains-mono@0.4.1/node_modules/@expo-google-fonts/jetbrains-mono/700Bold/JetBrainsMono_700Bold.ttf
2026-08-17 11:25:39.276 Db YourSofia[98845:31ee3a] [com.apple.CFBundle:resources] Resource lookup at CFBundle 0x600003b042a0 </Users/valentinasenov/Library/Developer/CoreSimulator/Devices/98FA5BD8-5D12-4B35-9A26-3AEBCADAFC8A/data/Containers/Bundle/Application/12B90C3A-72F3-447D-B35C-244E0D70240B/YourSofia.app> (executable, loaded)
	Request       : JetBrainsMono_800ExtraBold type: ttf path: assets/node_modules/.pnpm/@expo-google-fonts+jetbrains-mono@0.4.1/node_modules/@expo-google-fonts/jetbrains-mono/800ExtraBold
	Result        : file:///Users/valentinasenov/Library/Developer/CoreSimulator/Devices/98FA5BD8-5D12-4B35-9A26-3AEBCADAFC8A/data/Containers/Bundle/Application/12B90C3A-72F3-447D-B35C-244E0D70240B/YourSofia.app/assets/node_modules/.pnpm/@expo-google-fonts+jetbrains-mono@0.4.1/node_modules/@expo-google-fonts/jetbrains-mono/800ExtraBold/JetBrainsMono_800ExtraBold.ttf
2026-08-17 11:25:39.276 Db YourSofia[98845:31ee3a] [com.apple.CFBundle:resources] Resource lookup at CFBundle 0x600003b042a0 </Users/valentinasenov/Library/Developer/CoreSimulator/Devices/98FA5BD8-5D12-4B35-9A26-3AEBCADAFC8A/data/Containers/Bundle/Application/12B90C3A-72F3-447D-B35C-244E0D70240B/YourSofia.app> (executable, loaded)
	Request       : JetBrainsMono_100Thin_Italic type: ttf path: assets/node_modules/.pnpm/@expo-google-fonts+jetbrains-mono@0.4.1/node_modules/@expo-google-fonts/jetbrains-mono/100Thin_Italic
	Result        : file:///Users/valentinasenov/Library/Developer/CoreSimulator/Devices/98FA5BD8-5D12-4B35-9A26-3AEBCADAFC8A/data/Containers/Bundle/Application/12B90C3A-72F3-447D-B35C-244E0D70240B/YourSofia.app/assets/node_modules/.pnpm/@expo-google-fonts+jetbrains-mono@0.4.1/node_modules/@expo-google-fonts/jetbrains-mono/100Thin_Italic/JetBrainsMono_100Thin_Italic.ttf
2026-08-17 11:25:39.276 Db YourSofia[98845:31ee3a] [com.apple.CFBundle:resources] Resource lookup at CFBundle 0x600003b042a0 </Users/valentinasenov/Library/Developer/CoreSimulator/Devices/98FA5BD8-5D12-4B35-9A26-3AEBCADAFC8A/data/Containers/Bundle/Application/12B90C3A-72F3-447D-B35C-244E0D70240B/YourSofia.app> (executable, loaded)
	Request       : JetBrainsMono_200ExtraLight_Italic type: ttf path: assets/node_modules/.pnpm/@expo-google-fonts+jetbrains-mono@0.4.1/node_modules/@expo-google-fonts/jetbrains-mono/200ExtraLight_Italic
	Result        : file:///Users/valentinasenov/Library/Developer/CoreSimulator/Devices/98FA5BD8-5D12-4B35-9A26-3AEBCADAFC8A/data/Containers/Bundle/Application/12B90C3A-72F3-447D-B35C-244E0D70240B/YourSofia.app/assets/node_modules/.pnpm/@expo-google-fonts+jetbrains-mono@0.4.1/node_modules/@expo-google-fonts/jetbrains-mono/200ExtraLight_Italic/JetBrainsMono_200ExtraLight_Italic.ttf
2026-08-17 11:25:39.276 Db YourSofia[98845:31ee3a] [com.apple.CFBundle:resources] Resource lookup at CFBundle 0x600003b042a0 </Users/valentinasenov/Library/Developer/CoreSimulator/Devices/98FA5BD8-5D12-4B35-9A26-3AEBCADAFC8A/data/Containers/Bundle/Application/12B90C3A-72F3-447D-B35C-244E0D70240B/YourSofia.app> (executable, loaded)
	Request       : JetBrainsMono_300Light_Italic type: ttf path: assets/node_modules/.pnpm/@expo-google-fonts+jetbrains-mono@0.4.1/node_modules/@expo-google-fonts/jetbrains-mono/300Light_Italic
	Result        : file:///Users/valentinasenov/Library/Developer/CoreSimulator/Devices/98FA5BD8-5D12-4B35-9A26-3AEBCADAFC8A/data/Containers/Bundle/Application/12B90C3A-72F3-447D-B35C-244E0D70240B/YourSofia.app/assets/node_modules/.pnpm/@expo-google-fonts+jetbrains-mono@0.4.1/node_modules/@expo-google-fonts/jetbrains-mono/300Light_Italic/JetBrainsMono_300Light_Italic.ttf
2026-08-17 11:25:39.276 Db YourSofia[98845:31ee3a] [com.apple.CFBundle:resources] Resource lookup at CFBundle 0x600003b042a0 </Users/valentinasenov/Library/Developer/CoreSimulator/Devices/98FA5BD8-5D12-4B35-9A26-3AEBCADAFC8A/data/Containers/Bundle/Application/12B90C3A-72F3-447D-B35C-244E0D70240B/YourSofia.app> (executable, loaded)
	Request       : JetBrainsMono_400Regular_Italic type: ttf path: assets/node_modules/.pnpm/@expo-google-fonts+jetbrains-mono@0.4.1/node_modules/@expo-google-fonts/jetbrains-mono/400Regular_Italic
	Result        : file:///Users/valentinasenov/Library/Developer/CoreSimulator/Devices/98FA5BD8-5D12-4B35-9A26-3AEBCADAFC8A/data/Containers/Bundle/Application/12B90C3A-72F3-447D-B35C-244E0D70240B/YourSofia.app/assets/node_modules/.pnpm/@expo-google-fonts+jetbrains-mono@0.4.1/node_modules/@expo-google-fonts/jetbrains-mono/400Regular_Italic/JetBrainsMono_400Regular_Italic.ttf
2026-08-17 11:25:39.276 Db YourSofia[98845:31ee3a] [com.apple.CFBundle:resources] Resource lookup at CFBundle 0x600003b042a0 </Users/valentinasenov/Library/Developer/CoreSimulator/Devices/98FA5BD8-5D12-4B35-9A26-3AEBCADAFC8A/data/Containers/Bundle/Application/12B90C3A-72F3-447D-B35C-244E0D70240B/YourSofia.app> (executable, loaded)
	Request       : JetBrainsMono_500Medium_Italic type: ttf path: assets/node_modules/.pnpm/@expo-google-fonts+jetbrains-mono@0.4.1/node_modules/@expo-google-fonts/jetbrains-mono/500Medium_Italic
	Result        : file:///Users/valentinasenov/Library/Developer/CoreSimulator/Devices/98FA5BD8-5D12-4B35-9A26-3AEBCADAFC8A/data/Containers/Bundle/Application/12B90C3A-72F3-447D-B35C-244E0D70240B/YourSofia.app/assets/node_modules/.pnpm/@expo-google-fonts+jetbrains-mono@0.4.1/node_modules/@expo-google-fonts/jetbrains-mono/500Medium_Italic/JetBrainsMono_500Medium_Italic.ttf
2026-08-17 11:25:39.276 Db YourSofia[98845:31ee3a] [com.apple.CFBundle:resources] Resource lookup at CFBundle 0x600003b042a0 </Users/valentinasenov/Library/Developer/CoreSimulator/Devices/98FA5BD8-5D12-4B35-9A26-3AEBCADAFC8A/data/Containers/Bundle/Application/12B90C3A-72F3-447D-B35C-244E0D70240B/YourSofia.app> (executable, loaded)
	Request       : JetBrainsMono_600SemiBold_Italic type: ttf path: assets/node_modules/.pnpm/@expo-google-fonts+jetbrains-mono@0.4.1/node_modules/@expo-google-fonts/jetbrains-mono/600SemiBold_Italic
	Result        : file:///Users/valentinasenov/Library/Developer/CoreSimulator/Devices/98FA5BD8-5D12-4B35-9A26-3AEBCADAFC8A/data/Containers/Bundle/Application/12B90C3A-72F3-447D-B35C-244E0D70240B/YourSofia.app/assets/node_modules/.pnpm/@expo-google-fonts+jetbrains-mono@0.4.1/node_modules/@expo-google-fonts/jetbrains-mono/600SemiBold_Italic/JetBrainsMono_600SemiBold_Italic.ttf
2026-08-17 11:25:39.276 Db YourSofia[98845:31ee3a] [com.apple.CFBundle:resources] Resource lookup at CFBundle 0x600003b042a0 </Users/valentinasenov/Library/Developer/CoreSimulator/Devices/98FA5BD8-5D12-4B35-9A26-3AEBCADAFC8A/data/Containers/Bundle/Application/12B90C3A-72F3-447D-B35C-244E0D70240B/YourSofia.app> (executable, loaded)
	Request       : JetBrainsMono_700Bold_Italic type: ttf path: assets/node_modules/.pnpm/@expo-google-fonts+jetbrains-mono@0.4.1/node_modules/@expo-google-fonts/jetbrains-mono/700Bold_Italic
	Result        : file:///Users/valentinasenov/Library/Developer/CoreSimulator/Devices/98FA5BD8-5D12-4B35-9A26-3AEBCADAFC8A/data/Containers/Bundle/Application/12B90C3A-72F3-447D-B35C-244E0D70240B/YourSofia.app/assets/node_modules/.pnpm/@expo-google-fonts+jetbrains-mono@0.4.1/node_modules/@expo-google-fonts/jetbrains-mono/700Bold_Italic/JetBrainsMono_700Bold_Italic.ttf
2026-08-17 11:25:39.276 Db YourSofia[98845:31ee3a] [com.apple.CFBundle:resources] Resource lookup at CFBundle 0x600003b042a0 </Users/valentinasenov/Library/Developer/CoreSimulator/Devices/98FA5BD8-5D12-4B35-9A26-3AEBCADAFC8A/data/Containers/Bundle/Application/12B90C3A-72F3-447D-B35C-244E0D70240B/YourSofia.app> (executable, loaded)
	Request       : JetBrainsMono_800ExtraBold_Italic type: ttf path: assets/node_modules/.pnpm/@expo-google-fonts+jetbrains-mono@0.4.1/node_modules/@expo-google-fonts/jetbrains-mono/800ExtraBold_Italic
	Result        : file:///Users/valentinasenov/Library/Developer/CoreSimulator/Devices/98FA5BD8-5D12-4B35-9A26-3AEBCADAFC8A/data/Containers/Bundle/Application/12B90C3A-72F3-447D-B35C-244E0D70240B/YourSofia.app/assets/node_modules/.pnpm/@expo-google-fonts+jetbrains-mono@0.4.1/node_modules/@expo-google-fonts/jetbrains-mono/800ExtraBold_Italic/JetBrainsMono_800ExtraBold_Italic.ttf
2026-08-17 11:25:39.277 Db YourSofia[98845:31ee3a] [com.apple.CFBundle:resources] Resource lookup at CFBundle 0x600003b042a0 </Users/valentinasenov/Library/Developer/CoreSimulator/Devices/98FA5BD8-5D12-4B35-9A26-3AEBCADAFC8A/data/Containers/Bundle/Application/12B90C3A-72F3-447D-B35C-244E0D70240B/YourSofia.app> (executable, loaded)
	Request       : sofia-gerb type: png path: assets/assets/images
	Result        : file:///Users/valentinasenov/Library/Developer/CoreSimulator/Devices/98FA5BD8-5D12-4B35-9A26-3AEBCADAFC8A/data/Containers/Bundle/Application/12B90C3A-72F3-447D-B35C-244E0D70240B/YourSofia.app/assets/assets/images/sofia-gerb.png
2026-08-17 11:25:39.240 Df YourSofia[98845:31ee38] [com.apple.CFNetwork:Default] Task <4DFECFE4-AE26-4446-BD94-A5BF77613D3D>.<1> received response, status 101 content U
2026-08-17 11:25:39.277 Db YourSofia[98845:31ee20] [com.apple.CFBundle:resources] Resource lookup at CFBundle 0x600003b042a0 </Users/valentinasenov/Library/Developer/CoreSimulator/Devices/98FA5BD8-5D12-4B35-9A26-3AEBCADAFC8A/data/Containers/Bundle/Application/12B90C3A-72F3-447D-B35C-244E0D70240B/YourSofia.app> (executable, loaded)
	Request       : main type: jsbundle
	Result        : file:///Users/valentinasenov/Library/Developer/CoreSimulator/Devices/98FA5BD8-5D12-4B35-9A26-3AEBCADAFC8A/data/Containers/Bundle/Application/12B90C3A-72F3-447D-B35C-244E0D70240B/YourSofia.app/main.jsbundle
2026-08-17 11:25:39.277 Df YourSofia[98845:31ee38] [com.apple.CFNetwork:Default] Task <4DFECFE4-AE26-4446-BD94-A5BF77613D3D>.<1> response ended
2026-08-17 11:25:39.277 Df YourSofia[98845:31ee38] [com.apple.CFNetwork:Default] Task <4DFECFE4-AE26-4446-BD94-A5BF77613D3D>.<1> done using Connection 1
2026-08-17 11:25:39.277 Db YourSofia[98845:31ee38] [com.apple.network:activity] Returning should log: 0 for activity cfnetwork:foreground_task
2026-08-17 11:25:39.278 Db YourSofia[98845:31ee20] [com.apple.CFBundle:resources] Resource lookup at CFBundle 0x600003b042a0 </Users/valentinasenov/Library/Developer/CoreSimulator/Devices/98FA5BD8-5D12-4B35-9A26-3AEBCADAFC8A/data/Containers/Bundle/Application/12B90C3A-72F3-447D-B35C-244E0D70240B/YourSofia.app> (executable, loaded)
	Request       : back-icon type: png path: assets/node_modules/.pnpm/@react-navigation+elements@2.6.4_@react-navigation+native@7.1.17_react-native@0.81.5_@b_28a2c3a7af745b08fd3e3ec803bf51ba/node_modules/@react-navigation/elements/lib/module/assets
	Result        : file:///Users/valentinasenov/Library/Developer/CoreSimulator/Devices/98FA5BD8-5D12-4B35-9A26-3AEBCADAFC8A/data/Containers/Bundle/Application/12B90C3A-72F3-447D-B35C-244E0D70240B/YourSofia.app/assets/node_modules/.pnpm/@react-navigation+elements@2.6.4_@react-navigation+native@7.1.17_react-native@0.81.5_@b_28a2c3a7af745b08fd3e3ec803bf51ba/node_modules/@react-navigation/elements/lib/module/assets/back-icon.png
2026-08-17 11:25:39.278 Df YourSofia[98845:31edf9] [com.apple.UIKit:EventDeferring] [0x60000292c1c0] Scene target of event deferring environments did update: scene: 0x104d0f550; current systemShellManagesKeyboardFocus: 1; systemShellManagesKeyboardFocusForScene: 1; eligibleForRecordRemoval: 1;
2026-08-17 11:25:39.278 Df YourSofia[98845:31edf9] [com.apple.UIKit:KeyWindow] Scene became target of keyboard event deferring environment: UIWindowScene: 0x104d0f550; scene identity: com.apple.frontboard.systemappservices/FBSceneManager:sceneID%3Abg.sofia.yoursofia-default
2026-08-17 11:25:39.278 Db YourSofia[98845:31edf9] [com.apple.defaults:User Defaults] found no value for key LogFirstResponderRestoration in CFPrefsSearchListSource<0x600002c21180> (Domain: com.apple.UIKit, Container: (null) Non-launch persona: 0)
2026-08-17 11:25:39.278 Db YourSofia[98845:31ee5b] [com.apple.BaseBoard:Common] [BSBlockSentinel:FBSScene] signaled! 2 of 2
2026-08-17 11:25:39.278 Db YourSofia[98845:31ee5b] [com.apple.BaseBoard:Common] [BSBlockSentinel:FBSScene] dealloc
2026-08-17 11:25:39.278 Db YourSofia[98845:31edf9] [com.apple.defaults:User Defaults] found no value for key AutomationEnabled in CFPrefsSearchListSource<0x600002c09680> (Domain: com.apple.Accessibility, Container: (null) Non-launch persona: 0)
2026-08-17 11:25:39.278 Db YourSofia[98845:31edf9] [com.apple.Accessibility:AXSupportCommon] CF Read: domain = com.apple.Accessibility, preference = AutomationEnabled, appID = (null) result = (null) (-1 - empty, 0 - false, 1 - true)
2026-08-17 11:25:39.278 Db YourSofia[98845:31edf9] [com.apple.defaults:User Defaults] found no value for key AutomationEnabled in CFPrefsPlistSource<0x600002c09980> (Domain: com.apple.Accessibility, User: kCFPreferencesCurrentUser, ByHost: No, Container: /Users/valentinasenov/Library/Developer/CoreSimulator/Devices/98FA5BD8-5D12-4B35-9A26-3AEBCADAFC8A/data, Contents Need Refresh: No)
2026-08-17 11:25:39.278 Df YourSofia[98845:31edf9] [com.apple.FrontBoard:SceneExtension] Realizing settings extension SBUISecureRenderingSettingsExtension on FBSSceneSettings
2026-08-17 11:25:39.278 Db YourSofia[98845:31edf9] [com.apple.FrontBoard:SceneExtension] registering method "isSecureRenderingEnabled" from extension SBUISecureRenderingSettingsExtension on class "FBSSceneSettings"
2026-08-17 11:25:39.278 Db YourSofia[98845:31edf9] [com.apple.FrontBoard:SceneExtension] registering method "setSecureRenderingEnabled:" from extension SBUISecureRenderingSettingsExtension on class "FBSSceneSettings"
2026-08-17 11:25:39.278 Db YourSofia[98845:31ee65] [com.apple.cfnetwork:websocket] Task <4DFECFE4-AE26-4446-BD94-A5BF77613D3D>.<1> handshake successful
2026-08-17 11:25:39.278 Db YourSofia[98845:31ee20] [com.apple.CFBundle:resources] Resource lookup at CFBundle 0x600003b042a0 </Users/valentinasenov/Library/Developer/CoreSimulator/Devices/98FA5BD8-5D12-4B35-9A26-3AEBCADAFC8A/data/Containers/Bundle/Application/12B90C3A-72F3-447D-B35C-244E0D70240B/YourSofia.app> (executable, loaded)
	Request       : back-icon@2x type: png path: assets/node_modules/.pnpm/@react-navigation+elements@2.6.4_@react-navigation+native@7.1.17_react-native@0.81.5_@b_28a2c3a7af745b08fd3e3ec803bf51ba/node_modules/@react-navigation/elements/lib/module/assets
	Result        : file:///Users/valentinasenov/Library/Developer/CoreSimulator/Devices/98FA5BD8-5D12-4B35-9A26-3AEBCADAFC8A/data/Containers/Bundle/Application/12B90C3A-72F3-447D-B35C-244E0D70240B/YourSofia.app/assets/node_modules/.pnpm/@react-navigation+elements@2.6.4_@react-navigation+native@7.1.17_react-native@0.81.5_@b_28a2c3a7af745b08fd3e3ec803bf51ba/node_modules/@react-navigation/elements/lib/module/assets/back-icon@2x.png
2026-08-17 11:25:39.278 Db YourSofia[98845:31edf9] [com.apple.FrontBoard:SceneClient] [(FBSceneManager):sceneID:bg.sofia.yoursofia-default] Adding extension: "SBUISecureRenderingSceneExtension"
2026-08-17 11:25:39.278 Db YourSofia[98845:31edf9] [com.apple.FrontBoard:SceneClient] [(FBSceneManager):sceneID:bg.sofia.yoursofia-default] Instantiated component: "<SBUISecureRenderingClientComponent: 0x6000002661a0>"
2026-08-17 11:25:39.279 Df YourSofia[98845:31edf9] [com.apple.UIKit:InterfaceStyle] Not push traits update to screen for new style 1, <UIWindowScene: 0x104d0f550> (28D03021-EA41-40D8-95B2-B56A0BB7975C)
2026-08-17 11:25:39.279 Db YourSofia[98845:31ee65] [com.apple.network:connection] nw_endpoint_handler_modify_protocol_stack [C1.1.1 IPv6#2574c178.61930 ready socket-flow (satisfied (Path is satisfied), interface: lo0)] Modified protocol stack
2026-08-17 11:25:39.279 Db YourSofia[98845:31ee65] [com.apple.network:connection] nw_endpoint_resolver_receive_report [C1.1 Hostname#fe343d95:61930 ready resolver (satisfied (Path is satisfied), interface: en0[802.11], uses wifi, LQM: unknown)] received child report: [C1.1.1 IPv6#2574c178.61930 in_progress socket-flow (satisfied (Path is satisfied), interface: lo0)]
2026-08-17 11:25:39.279 Db YourSofia[98845:31ee65] [com.apple.network:connection] nw_endpoint_flow_receive_report [C1 IPv6#2574c178.61930 ready parent-flow (satisfied (Path is satisfied), interface: en0[802.11], uses wifi, LQM: unknown)] received child report: [C1.1.1 IPv6#2574c178.61930 in_progress socket-flow (satisfied (Path is satisfied), interface: lo0)]
2026-08-17 11:25:39.279 Df YourSofia[98845:31ee65] [com.apple.network:connection] [C1.1.1 IPv6#2574c178.61930 in_progress socket-flow (satisfied (Path is satisfied), interface: lo0)] event: flow:start_secondary_connect @0.187s
2026-08-17 11:25:39.279 Db YourSofia[98845:31ee65] [com.apple.network:connection] nw_endpoint_flow_receive_report [C1 IPv6#2574c178.61930 ready parent-flow (satisfied (Path is satisfied), interface: en0[802.11], uses wifi, LQM: unknown)] received child report: [C1.1 Hostname#fe343d95:61930 in_progress resolver (satisfied (Path is satisfied), interface: en0[802.11], uses wifi, LQM: unknown)]
2026-08-17 11:25:39.279 Df YourSofia[98845:31ee65] [com.apple.network:connection] [C1.1 Hostname#fe343d95:61930 in_progress resolver (satisfied (Path is satisfied), interface: en0[802.11], uses wifi, LQM: unknown)] event: flow:start_secondary_connect @0.187s
2026-08-17 11:25:39.279 Df YourSofia[98845:31ee65] [com.apple.network:connection] [C1 IPv6#2574c178.61930 in_progress parent-flow (satisfied (Path is satisfied), interface: en0[802.11], uses wifi, LQM: unknown)] event: flow:start_secondary_connect @0.187s
2026-08-17 11:25:39.279 Df YourSofia[98845:31edf9] [com.apple.UIKit:InterfaceStyle] Not push traits update to screen for new style 1, <UIWindowScene: 0x104d0f550> (28D03021-EA41-40D8-95B2-B56A0BB7975C)
2026-08-17 11:25:39.279 Df YourSofia[98845:31edf9] [com.apple.UIKit:AppLifecycle] sceneOfRecord: sceneID: sceneID:bg.sofia.yoursofia-default  persistentID: 28D03021-EA41-40D8-95B2-B56A0BB7975C
2026-08-17 11:25:39.279 Df YourSofia[98845:31ee65] [com.apple.network:connection] nw_connection_report_state_with_handler_on_nw_queue [C1] reporting state preparing
2026-08-17 11:25:39.279 Df YourSofia[98845:31edf9] [com.apple.UIKit:Application] Deactivation reason removed: 12; deactivation reasons: 4128 -> 32; animating application lifecycle event: 1
2026-08-17 11:25:39.279 Df YourSofia[98845:31edf9] [com.apple.KeyboardArbiter:Client] Send setDeactivating: N (-DeactivationReason:SuspendedEventsOnly)
2026-08-17 11:25:39.279 Db YourSofia[98845:31ee20] [com.apple.CFBundle:resources] Resource lookup at CFBundle 0x600003b042a0 </Users/valentinasenov/Library/Developer/CoreSimulator/Devices/98FA5BD8-5D12-4B35-9A26-3AEBCADAFC8A/data/Containers/Bundle/Application/12B90C3A-72F3-447D-B35C-244E0D70240B/YourSofia.app> (executable, loaded)
	Request       : back-icon@3x type: png path: assets/node_modules/.pnpm/@react-navigation+elements@2.6.4_@react-navigation+native@7.1.17_react-native@0.81.5_@b_28a2c3a7af745b08fd3e3ec803bf51ba/node_modules/@react-navigation/elements/lib/module/assets
	Result        : file:///Users/valentinasenov/Library/Developer/CoreSimulator/Devices/98FA5BD8-5D12-4B35-9A26-3AEBCADAFC8A/data/Containers/Bundle/Application/12B90C3A-72F3-447D-B35C-244E0D70240B/YourSofia.app/assets/node_modules/.pnpm/@react-navigation+elements@2.6.4_@react-navigation+native@7.1.17_react-native@0.81.5_@b_28a2c3a7af745b08fd3e3ec803bf51ba/node_modules/@react-navigation/elements/lib/module/assets/back-icon@3x.png
2026-08-17 11:25:39.279 Db YourSofia[98845:31ee65] [com.apple.network:connection] nw_endpoint_resolver_receive_report [C1.1 Hostname#fe343d95:61930 in_progress resolver (satisfied (Path is satisfied), interface: en0[802.11], uses wifi, LQM: unknown)] received child report: [C1.1.1 IPv6#2574c178.61930 in_progress socket-flow (satisfied (Path is satisfied), interface: lo0)]
2026-08-17 11:25:39.279 Db YourSofia[98845:31ee65] [com.apple.network:connection] nw_endpoint_flow_receive_report [C1 IPv6#2574c178.61930 in_progress parent-flow (satisfied (Path is satisfied), interface: en0[802.11], uses wifi, LQM: unknown)] received child report: [C1.1.1 IPv6#2574c178.61930 in_progress socket-flow (satisfied (Path is satisfied), interface: lo0)]
2026-08-17 11:25:39.279 Df YourSofia[98845:31ee65] [com.apple.network:connection] [C1.1.1 IPv6#2574c178.61930 in_progress socket-flow (satisfied (Path is satisfied), interface: lo0)] event: flow:start_connect @0.187s
2026-08-17 11:25:39.279 Db YourSofia[98845:31ee65] [com.apple.network:connection] nw_endpoint_flow_receive_report [C1 IPv6#2574c178.61930 in_progress parent-flow (satisfied (Path is satisfied), interface: en0[802.11], uses wifi, LQM: unknown)] received child report: [C1.1 Hostname#fe343d95:61930 in_progress resolver (satisfied (Path is satisfied), interface: en0[802.11], uses wifi, LQM: unknown)]
2026-08-17 11:25:39.279 Df YourSofia[98845:31ee65] [com.apple.network:connection] [C1.1 Hostname#fe343d95:61930 in_progress resolver (satisfied (Path is satisfied), interface: en0[802.11], uses wifi, LQM: unknown)] event: flow:start_connect @0.187s
2026-08-17 11:25:39.279 Df YourSofia[98845:31edf9] [com.apple.UIKit:Application] Deactivation reason removed: 5; deactivation reasons: 32 -> 0; animating application lifecycle event: 0
2026-08-17 11:25:39.279 Df YourSofia[98845:31ee65] [com.apple.network:connection] [C1 IPv6#2574c178.61930 in_progress parent-flow (satisfied (Path is satisfied), interface: en0[802.11], uses wifi, LQM: unknown)] event: flow:start_connect @0.187s
2026-08-17 11:25:39.279 Df YourSofia[98845:31ee65] [com.apple.network:connection] nw_flow_connected [C1.1.1 IPv6#2574c178.61930 in_progress socket-flow (satisfied (Path is satisfied), interface: lo0)] Transport protocol connected (socket)
2026-08-17 11:25:39.279 Db YourSofia[98845:31ee65] [com.apple.network:connection] nw_endpoint_resolver_receive_report [C1.1 Hostname#fe343d95:61930 in_progress resolver (satisfied (Path is satisfied), interface: en0[802.11], uses wifi, LQM: unknown)] received child report: [C1.1.1 IPv6#2574c178.61930 in_progress socket-flow (satisfied (Path is satisfied), interface: lo0)]
2026-08-17 11:25:39.279 Db YourSofia[98845:31ee20] [com.apple.CFBundle:resources] Resource lookup at CFBundle 0x600003b042a0 </Users/valentinasenov/Library/Developer/CoreSimulator/Devices/98FA5BD8-5D12-4B35-9A26-3AEBCADAFC8A/data/Containers/Bundle/Application/12B90C3A-72F3-447D-B35C-244E0D70240B/YourSofia.app> (executable, loaded)
	Request       : back-icon-mask type: png path: assets/node_modules/.pnpm/@react-navigation+elements@2.6.4_@react-navigation+native@7.1.17_react-native@0.81.5_@b_28a2c3a7af745b08fd3e3ec803bf51ba/node_modules/@react-navigation/elements/lib/module/assets
	Result        : file:///Users/valentinasenov/Library/Developer/CoreSimulator/Devices/98FA5BD8-5D12-4B35-9A26-3AEBCADAFC8A/data/Containers/Bundle/Application/12B90C3A-72F3-447D-B35C-244E0D70240B/YourSofia.app/assets/node_modules/.pnpm/@react-navigation+elements@2.6.4_@react-navigation+native@7.1.17_react-native@0.81.5_@b_28a2c3a7af745b08fd3e3ec803bf51ba/node_modules/@react-navigation/elements/lib/module/assets/back-icon-mask.png
2026-08-17 11:25:39.279 Db YourSofia[98845:31ee65] [com.apple.network:connection] nw_endpoint_flow_receive_report [C1 IPv6#2574c178.61930 in_progress parent-flow (satisfied (Path is satisfied), interface: en0[802.11], uses wifi, LQM: unknown)] received child report: [C1.1.1 IPv6#2574c178.61930 in_progress socket-flow (satisfied (Path is satisfied), interface: lo0)]
2026-08-17 11:25:39.279 Df YourSofia[98845:31ee65] [com.apple.network:connection] [C1.1.1 IPv6#2574c178.61930 in_progress socket-flow (satisfied (Path is satisfied), interface: lo0)] event: flow:finish_transport @0.187s
2026-08-17 11:25:39.279 Db YourSofia[98845:31ee65] [com.apple.network:connection] nw_endpoint_flow_receive_report [C1 IPv6#2574c178.61930 in_progress parent-flow (satisfied (Path is satisfied), interface: en0[802.11], uses wifi, LQM: unknown)] received child report: [C1.1 Hostname#fe343d95:61930 in_progress resolver (satisfied (Path is satisfied), interface: en0[802.11], uses wifi, LQM: unknown)]
2026-08-17 11:25:39.279 Df YourSofia[98845:31ee65] [com.apple.network:connection] [C1.1 Hostname#fe343d95:61930 in_progress resolver (satisfied (Path is satisfied), interface: en0[802.11], uses wifi, LQM: unknown)] event: flow:finish_transport @0.187s
2026-08-17 11:25:39.279 Df YourSofia[98845:31ee65] [com.apple.network:connection] [C1 IPv6#2574c178.61930 in_progress parent-flow (satisfied (Path is satisfied), interface: en0[802.11], uses wifi, LQM: unknown)] event: flow:finish_transport @0.187s
2026-08-17 11:25:39.279 Db YourSofia[98845:31ee20] [com.apple.CFBundle:resources] Resource lookup at CFBundle 0x600003b042a0 </Users/valentinasenov/Library/Developer/CoreSimulator/Devices/98FA5BD8-5D12-4B35-9A26-3AEBCADAFC8A/data/Containers/Bundle/Application/12B90C3A-72F3-447D-B35C-244E0D70240B/YourSofia.app> (executable, loaded)
	Request       : clear-icon type: png path: assets/node_modules/.pnpm/@react-navigation+elements@2.6.4_@react-navigation+native@7.1.17_react-native@0.81.5_@b_28a2c3a7af745b08fd3e3ec803bf51ba/node_modules/@react-navigation/elements/lib/module/assets
	Result        : file:///Users/valentinasenov/Library/Developer/CoreSimulator/Devices/98FA5BD8-5D12-4B35-9A26-3AEBCADAFC8A/data/Containers/Bundle/Application/12B90C3A-72F3-447D-B35C-244E0D70240B/YourSofia.app/assets/node_modules/.pnpm/@react-navigation+elements@2.6.4_@react-navigation+native@7.1.17_react-native@0.81.5_@b_28a2c3a7af745b08fd3e3ec803bf51ba/node_modules/@react-navigation/elements/lib/module/assets/clear-icon.png
2026-08-17 11:25:39.279 Df YourSofia[98845:31ee65] [com.apple.network:connection] nw_flow_connected [C1.1.1 IPv6#2574c178.61930 in_progress socket-flow (satisfied (Path is satisfied), interface: lo0)] Output protocol connected (CFNetworkConnection-3551300980)
2026-08-17 11:25:39.280 Db YourSofia[98845:31edf9] [com.apple.BacklightServices:scenes] 0x600000c3a970 environment updated:sceneID:bg.sofia.yoursofia-default
  delta:{ visualState:0 date:0 active:0 seed:0 }
  diff:<FBSSceneSettingsDiff: 0x600001745500; UIApplicationSceneSettings> {
    settings = <BSKeyedSettingsDiff: 0x600000c5a820> {
        SBUISecureRenderingSettingsExtension = <BSKeyedSettingsDiff: 0x600000c59fe0> {
            secureRenderingEnabled = 0;
        };
        _UISystemShellSceneHostingEnvironmentSettings = <BSKeyedSettingsDiff: 0x600000c5b000> {
            systemShellHostingSpaceIdentifier = SB-display-<embedded>;
        };
        FBSSceneExtensions = <BSKeyedSettingsDiff: 0x600000c5a610> {
            14 = SBUISecureRenderingSceneExtension;
        };
        <_UIHomeAffordanceHostSceneSettings> = <BSKeyedSettingsDiff: 0x600000c5a7f0> {
            homeAffordanceSceneReferenceFrame = NSRect: {{115.66666666666667, 805}, {159, 39}};
        };
        _UISceneRenderingEnvironmentSettings = <BSKeyedSettingsDiff: 0x600000c5a640> {
            systemDisplayIdentifier = 610914EC-86E1-4A0C-BB7D-FC
  new:<decode: missing data>
  old:<decode: missing data>
  new:<decode: missing data>
2026-08-17 11:25:39.280 Db YourSofia[98845:31ee65] [com.apple.network:connection] nw_endpoint_flow_connected_path_change [C1.1.1 IPv6#2574c178.61930 ready socket-flow (satisfied (Path is satisfied), interface: lo0)]
2026-08-17 11:25:39.280 I  YourSofia[98845:31ee65] [com.apple.network:connection] nw_endpoint_flow_connected_path_change [C1.1.1 IPv6#2574c178.61930 ready socket-flow (satisfied (Path is satisfied), interface: lo0)] Connected path is satisfied, not viable
2026-08-17 11:25:39.280 Db YourSofia[98845:31ee65] [com.apple.network:connection] nw_endpoint_resolver_receive_report [C1.1 Hostname#fe343d95:61930 in_progress resolver (satisfied (Path is satisfied), interface: en0[802.11], uses wifi, LQM: unknown)] received child report: [C1.1.1 IPv6#2574c178.61930 ready socket-flow (satisfied (Path is satisfied), interface: lo0)]
2026-08-17 11:25:39.280 Db YourSofia[98845:31edf9] [com.apple.defaults:User Defaults] found no value for key LogHomeAffordanceGestureGate in CFPrefsSearchListSource<0x600002c21180> (Domain: com.apple.UIKit, Container: (null) Non-launch persona: 0)
2026-08-17 11:25:39.280 Db YourSofia[98845:31ee65] [com.apple.network:connection] nw_endpoint_flow_receive_report [C1 IPv6#2574c178.61930 in_progress parent-flow (satisfied (Path is satisfied), interface: en0[802.11], uses wifi, LQM: unknown)] received child report: [C1.1.1 IPv6#2574c178.61930 ready socket-flow (satisfied (Path is satisfied), interface: lo0)]
2026-08-17 11:25:39.280 Db YourSofia[98845:31edf9] [com.apple.BaseBoard:Common] [BSBlockSentinel:FBSScene] signaled! 1 of 2
2026-08-17 11:25:39.280 Db YourSofia[98845:31edf9] (TextInput) -[TIPreferencesController preferencesChangedCallback:]  preferencesChangedCallback: Triggering preferencesChangedCallback for domain <_TIPreferenceDomain: 0x600000c10660> with notification AppleKeyboardsSettingsChangedNotification
2026-08-17 11:25:39.280 Df YourSofia[98845:31ee65] [com.apple.network:connection] [C1.1.1 IPv6#2574c178.61930 ready socket-flow (satisfied (Path is satisfied), interface: lo0)] event: flow:child_finish_connect @0.188s
2026-08-17 11:25:39.280 Db YourSofia[98845:31ee65] [com.apple.network:connection] nw_endpoint_flow_receive_report [C1 IPv6#2574c178.61930 in_progress parent-flow (satisfied (Path is satisfied), interface: en0[802.11], uses wifi, LQM: unknown)] received child report: [C1.1 Hostname#fe343d95:61930 ready resolver (satisfied (Path is satisfied), interface: en0[802.11], uses wifi, LQM: unknown)]
2026-08-17 11:25:39.280 Df YourSofia[98845:31ee65] [com.apple.network:connection] [C1.1 Hostname#fe343d95:61930 ready resolver (satisfied (Path is satisfied), interface: en0[802.11], uses wifi, LQM: unknown)] event: flow:child_finish_connect @0.188s
2026-08-17 11:25:39.280 Db YourSofia[98845:31ee20] [com.apple.CFBundle:resources] Resource lookup at CFBundle 0x600003b042a0 </Users/valentinasenov/Library/Developer/CoreSimulator/Devices/98FA5BD8-5D12-4B35-9A26-3AEBCADAFC8A/data/Containers/Bundle/Application/12B90C3A-72F3-447D-B35C-244E0D70240B/YourSofia.app> (executable, loaded)
	Request       : clear-icon type: png path: assets/node_modules/.pnpm/@react-navigation+elements@2.6.4_@react-navigation+native@7.1.17_react-native@0.81.5_@b_28a2c3a7af745b08fd3e3ec803bf51ba/node_modules/@react-navigation/elements/lib/module/assets
	Result        : file:///Users/valentinasenov/Library/Developer/CoreSimulator/Devices/98FA5BD8-5D12-4B35-9A26-3AEBCADAFC8A/data/Containers/Bundle/Application/12B90C3A-72F3-447D-B35C-244E0D70240B/YourSofia.app/assets/node_modules/.pnpm/@react-navigation+elements@2.6.4_@react-navigation+native@7.1.17_react-native@0.81.5_@b_28a2c3a7af745b08fd3e3ec803bf51ba/node_modules/@react-navigation/elements/lib/module/assets/clear-icon.png
2026-08-17 11:25:39.280 Df YourSofia[98845:31ee65] [com.apple.network:connection] [C1 IPv6#2574c178.61930 ready parent-flow (satisfied (Path is satisfied), interface: en0[802.11], uses wifi, LQM: unknown)] event: flow:finish_connect @0.188s
2026-08-17 11:25:39.280 Df YourSofia[98845:31ee65] [com.apple.network:connection] nw_connection_report_state_with_handler_on_nw_queue [C1] reporting state ready
2026-08-17 11:25:39.280 Df YourSofia[98845:31ee65] [com.apple.network:connection] nw_flow_connected [C1 IPv6#2574c178.61930 ready parent-flow (satisfied (Path is satisfied), interface: en0[802.11], uses wifi, LQM: unknown)] Output protocol connected (endpoint_flow)
2026-08-17 11:25:39.280 Db YourSofia[98845:31ee65] [com.apple.network:connection] nw_endpoint_flow_connected_path_change [C1 IPv6#2574c178.61930 ready parent-flow (satisfied (Path is satisfied), interface: en0[802.11], uses wifi, LQM: unknown)]
2026-08-17 11:25:39.280 Db YourSofia[98845:31ee20] [com.apple.CFBundle:resources] Resource lookup at CFBundle 0x600003b042a0 </Users/valentinasenov/Library/Developer/CoreSimulator/Devices/98FA5BD8-5D12-4B35-9A26-3AEBCADAFC8A/data/Containers/Bundle/Application/12B90C3A-72F3-447D-B35C-244E0D70240B/YourSofia.app> (executable, loaded)
	Request       : clear-icon@2x type: png path: assets/node_modules/.pnpm/@react-navigation+elements@2.6.4_@react-navigation+native@7.1.17_react-native@0.81.5_@b_28a2c3a7af745b08fd3e3ec803bf51ba/node_modules/@react-navigation/elements/lib/module/assets
	Result        : file:///Users/valentinasenov/Library/Developer/CoreSimulator/Devices/98FA5BD8-5D12-4B35-9A26-3AEBCADAFC8A/data/Containers/Bundle/Application/12B90C3A-72F3-447D-B35C-244E0D70240B/YourSofia.app/assets/node_modules/.pnpm/@react-navigation+elements@2.6.4_@react-navigation+native@7.1.17_react-native@0.81.5_@b_28a2c3a7af745b08fd3e3ec803bf51ba/node_modules/@react-navigation/elements/lib/module/assets/clear-icon@2x.png
2026-08-17 11:25:39.280 I  YourSofia[98845:31ee65] [com.apple.network:connection] nw_endpoint_flow_connected_path_change [C1 IPv6#2574c178.61930 ready parent-flow (satisfied (Path is satisfied), interface: en0[802.11], uses wifi, LQM: unknown)] Connected path is satisfied, child is not viable
2026-08-17 11:25:39.280 Db YourSofia[98845:31ee20] [com.apple.CFBundle:resources] Resource lookup at CFBundle 0x600003b042a0 </Users/valentinasenov/Library/Developer/CoreSimulator/Devices/98FA5BD8-5D12-4B35-9A26-3AEBCADAFC8A/data/Containers/Bundle/Application/12B90C3A-72F3-447D-B35C-244E0D70240B/YourSofia.app> (executable, loaded)
	Request       : clear-icon@3x type: png path: assets/node_modules/.pnpm/@react-navigation+elements@2.6.4_@react-navigation+native@7.1.17_react-native@0.81.5_@b_28a2c3a7af745b08fd3e3ec803bf51ba/node_modules/@react-navigation/elements/lib/module/assets
	Result        : file:///Users/valentinasenov/Library/Developer/CoreSimulator/Devices/98FA5BD8-5D12-4B35-9A26-3AEBCADAFC8A/data/Containers/Bundle/Application/12B90C3A-72F3-447D-B35C-244E0D70240B/YourSofia.app/assets/node_modules/.pnpm/@react-navigation+elements@2.6.4_@react-navigation+native@7.1.17_react-native@0.81.5_@b_28a2c3a7af745b08fd3e3ec803bf51ba/node_modules/@react-navigation/elements/lib/module/assets/clear-icon@3x.png
2026-08-17 11:25:39.281 Db YourSofia[98845:31ee20] [com.apple.CFBundle:resources] Resource lookup at CFBundle 0x600003b042a0 </Users/valentinasenov/Library/Developer/CoreSimulator/Devices/98FA5BD8-5D12-4B35-9A26-3AEBCADAFC8A/data/Containers/Bundle/Application/12B90C3A-72F3-447D-B35C-244E0D70240B/YourSofia.app> (executable, loaded)
	Request       : close-icon type: png path: assets/node_modules/.pnpm/@react-navigation+elements@2.6.4_@react-navigation+native@7.1.17_react-native@0.81.5_@b_28a2c3a7af745b08fd3e3ec803bf51ba/node_modules/@react-navigation/elements/lib/module/assets
	Result        : file:///Users/valentinasenov/Library/Developer/CoreSimulator/Devices/98FA5BD8-5D12-4B35-9A26-3AEBCADAFC8A/data/Containers/Bundle/Application/12B90C3A-72F3-447D-B35C-244E0D70240B/YourSofia.app/assets/node_modules/.pnpm/@react-navigation+elements@2.6.4_@react-navigation+native@7.1.17_react-native@0.81.5_@b_28a2c3a7af745b08fd3e3ec803bf51ba/node_modules/@react-navigation/elements/lib/module/assets/close-icon.png
2026-08-17 11:25:39.281 Df YourSofia[98845:31edf9] [com.apple.KeyboardArbiter:Client] startConnection
2026-08-17 11:25:39.281 Db YourSofia[98845:31ee20] [com.apple.CFBundle:resources] Resource lookup at CFBundle 0x600003b042a0 </Users/valentinasenov/Library/Developer/CoreSimulator/Devices/98FA5BD8-5D12-4B35-9A26-3AEBCADAFC8A/data/Containers/Bundle/Application/12B90C3A-72F3-447D-B35C-244E0D70240B/YourSofia.app> (executable, loaded)
	Request       : close-icon type: png path: assets/node_modules/.pnpm/@react-navigation+elements@2.6.4_@react-navigation+native@7.1.17_react-native@0.81.5_@b_28a2c3a7af745b08fd3e3ec803bf51ba/node_modules/@react-navigation/elements/lib/module/assets
	Result        : file:///Users/valentinasenov/Library/Developer/CoreSimulator/Devices/98FA5BD8-5D12-4B35-9A26-3AEBCADAFC8A/data/Containers/Bundle/Application/12B90C3A-72F3-447D-B35C-244E0D70240B/YourSofia.app/assets/node_modules/.pnpm/@react-navigation+elements@2.6.4_@react-navigation+native@7.1.17_react-native@0.81.5_@b_28a2c3a7af745b08fd3e3ec803bf51ba/node_modules/@react-navigation/elements/lib/module/assets/close-icon.png
2026-08-17 11:25:39.281 Df YourSofia[98845:31edf9] [com.apple.KeyboardArbiter:Client] handleKeyboardChange: set currentKeyboard:N (wasKeyboard:N)
2026-08-17 11:25:39.281 Db YourSofia[98845:31ee20] [com.apple.CFBundle:resources] Resource lookup at CFBundle 0x600003b042a0 </Users/valentinasenov/Library/Developer/CoreSimulator/Devices/98FA5BD8-5D12-4B35-9A26-3AEBCADAFC8A/data/Containers/Bundle/Application/12B90C3A-72F3-447D-B35C-244E0D70240B/YourSofia.app> (executable, loaded)
	Request       : close-icon@2x type: png path: assets/node_modules/.pnpm/@react-navigation+elements@2.6.4_@react-navigation+native@7.1.17_react-native@0.81.5_@b_28a2c3a7af745b08fd3e3ec803bf51ba/node_modules/@react-navigation/elements/lib/module/assets
	Result        : file:///Users/valentinasenov/Library/Developer/CoreSimulator/Devices/98FA5BD8-5D12-4B35-9A26-3AEBCADAFC8A/data/Containers/Bundle/Application/12B90C3A-72F3-447D-B35C-244E0D70240B/YourSofia.app/assets/node_modules/.pnpm/@react-navigation+elements@2.6.4_@react-navigation+native@7.1.17_react-native@0.81.5_@b_28a2c3a7af745b08fd3e3ec803bf51ba/node_modules/@react-navigation/elements/lib/module/assets/close-icon@2x.png
2026-08-17 11:25:39.281 Db YourSofia[98845:31edf9] [com.apple.defaults:User Defaults] found no value for key AssistiveTouchEnabled in CFPrefsSearchListSource<0x600002c09680> (Domain: com.apple.Accessibility, Container: (null) Non-launch persona: 0)
2026-08-17 11:25:39.281 Db YourSofia[98845:31edf9] [com.apple.Accessibility:AXSupportCommon] CF Read: domain = com.apple.Accessibility, preference = AssistiveTouchEnabled, appID = (null) result = (null) (-1 - empty, 0 - false, 1 - true)
2026-08-17 11:25:39.281 Db YourSofia[98845:31edf9] [com.apple.defaults:User Defaults] found no value for key AssistiveTouchEnabled in CFPrefsPlistSource<0x600002c09980> (Domain: com.apple.Accessibility, User: kCFPreferencesCurrentUser, ByHost: No, Container: /Users/valentinasenov/Library/Developer/CoreSimulator/Devices/98FA5BD8-5D12-4B35-9A26-3AEBCADAFC8A/data, Contents Need Refresh: No)
2026-08-17 11:25:39.281 Db YourSofia[98845:31ee20] [com.apple.CFBundle:resources] Resource lookup at CFBundle 0x600003b042a0 </Users/valentinasenov/Library/Developer/CoreSimulator/Devices/98FA5BD8-5D12-4B35-9A26-3AEBCADAFC8A/data/Containers/Bundle/Application/12B90C3A-72F3-447D-B35C-244E0D70240B/YourSofia.app> (executable, loaded)
	Request       : close-icon@3x type: png path: assets/node_modules/.pnpm/@react-navigation+elements@2.6.4_@react-navigation+native@7.1.17_react-native@0.81.5_@b_28a2c3a7af745b08fd3e3ec803bf51ba/node_modules/@react-navigation/elements/lib/module/assets
	Result        : file:///Users/valentinasenov/Library/Developer/CoreSimulator/Devices/98FA5BD8-5D12-4B35-9A26-3AEBCADAFC8A/data/Containers/Bundle/Application/12B90C3A-72F3-447D-B35C-244E0D70240B/YourSofia.app/assets/node_modules/.pnpm/@react-navigation+elements@2.6.4_@react-navigation+native@7.1.17_react-native@0.81.5_@b_28a2c3a7af745b08fd3e3ec803bf51ba/node_modules/@react-navigation/elements/lib/module/assets/close-icon@3x.png
2026-08-17 11:25:39.282 Db YourSofia[98845:31ee20] [com.apple.CFBundle:resources] Resource lookup at CFBundle 0x600003b042a0 </Users/valentinasenov/Library/Developer/CoreSimulator/Devices/98FA5BD8-5D12-4B35-9A26-3AEBCADAFC8A/data/Containers/Bundle/Application/12B90C3A-72F3-447D-B35C-244E0D70240B/YourSofia.app> (executable, loaded)
	Request       : search-icon type: png path: assets/node_modules/.pnpm/@react-navigation+elements@2.6.4_@react-navigation+native@7.1.17_react-native@0.81.5_@b_28a2c3a7af745b08fd3e3ec803bf51ba/node_modules/@react-navigation/elements/lib/module/assets
	Result        : file:///Users/valentinasenov/Library/Developer/CoreSimulator/Devices/98FA5BD8-5D12-4B35-9A26-3AEBCADAFC8A/data/Containers/Bundle/Application/12B90C3A-72F3-447D-B35C-244E0D70240B/YourSofia.app/assets/node_modules/.pnpm/@react-navigation+elements@2.6.4_@react-navigation+native@7.1.17_react-native@0.81.5_@b_28a2c3a7af745b08fd3e3ec803bf51ba/node_modules/@react-navigation/elements/lib/module/assets/search-icon.png
2026-08-17 11:25:39.282 Db YourSofia[98845:31ee20] [com.apple.CFBundle:resources] Resource lookup at CFBundle 0x600003b042a0 </Users/valentinasenov/Library/Developer/CoreSimulator/Devices/98FA5BD8-5D12-4B35-9A26-3AEBCADAFC8A/data/Containers/Bundle/Application/12B90C3A-72F3-447D-B35C-244E0D70240B/YourSofia.app> (executable, loaded)
	Request       : search-icon@2x type: png path: assets/node_modules/.pnpm/@react-navigation+elements@2.6.4_@react-navigation+native@7.1.17_react-native@0.81.5_@b_28a2c3a7af745b08fd3e3ec803bf51ba/node_modules/@react-navigation/elements/lib/module/assets
	Result        : file:///Users/valentinasenov/Library/Developer/CoreSimulator/Devices/98FA5BD8-5D12-4B35-9A26-3AEBCADAFC8A/data/Containers/Bundle/Application/12B90C3A-72F3-447D-B35C-244E0D70240B/YourSofia.app/assets/node_modules/.pnpm/@react-navigation+elements@2.6.4_@react-navigation+native@7.1.17_react-native@0.81.5_@b_28a2c3a7af745b08fd3e3ec803bf51ba/node_modules/@react-navigation/elements/lib/module/assets/search-icon@2x.png
2026-08-17 11:25:39.282 Db YourSofia[98845:31edf9] [com.apple.defaults:User Defaults] CFPrefsPlistSource<0x600002c20580> (Domain: com.apple.keyboard.preferences, User: kCFPreferencesCurrentUser, ByHost: No, Container: /Users/valentinasenov/Library/Developer/CoreSimulator/Devices/98FA5BD8-5D12-4B35-9A26-3AEBCADAFC8A/data, Contents Need Refresh: No) loaded: a new base plist and no additional changes from the base plist
2026-08-17 11:25:39.282 Db YourSofia[98845:31edf9] [com.apple.defaults:User Defaults] CFPrefsPlistSource<0x600002c20700> (Domain: com.apple.keyboard.preferences, User: kCFPreferencesCurrentUser, ByHost: Yes, Container: (null), Contents Need Refresh: No) loaded: an empty base plist and no additional changes from the base plist
2026-08-17 11:25:39.282 Db YourSofia[98845:31edf9] [com.apple.defaults:User Defaults] looked up value bg_BG@sw=Bulgarian-Standard;hw=Automatic for key KeyboardLastUsed in CFPrefsPlistSource<0x600002c20580> (Domain: com.apple.keyboard.preferences, User: kCFPreferencesCurrentUser, ByHost: No, Container: /Users/valentinasenov/Library/Developer/CoreSimulator/Devices/98FA5BD8-5D12-4B35-9A26-3AEBCADAFC8A/data, Contents Need Refresh: No) via CFPrefsSearchListSource<0x600002c20380> (Domain: com.apple.keyboard.preferences, Container: (null) Non-launch persona: 0)
2026-08-17 11:25:39.282 Db YourSofia[98845:31ee20] [com.apple.CFBundle:resources] Resource lookup at CFBundle 0x600003b042a0 </Users/valentinasenov/Library/Developer/CoreSimulator/Devices/98FA5BD8-5D12-4B35-9A26-3AEBCADAFC8A/data/Containers/Bundle/Application/12B90C3A-72F3-447D-B35C-244E0D70240B/YourSofia.app> (executable, loaded)
	Request       : search-icon@3x type: png path: assets/node_modules/.pnpm/@react-navigation+elements@2.6.4_@react-navigation+native@7.1.17_react-native@0.81.5_@b_28a2c3a7af745b08fd3e3ec803bf51ba/node_modules/@react-navigation/elements/lib/module/assets
	Result        : file:///Users/valentinasenov/Library/Developer/CoreSimulator/Devices/98FA5BD8-5D12-4B35-9A26-3AEBCADAFC8A/data/Containers/Bundle/Application/12B90C3A-72F3-447D-B35C-244E0D70240B/YourSofia.app/assets/node_modules/.pnpm/@react-navigation+elements@2.6.4_@react-navigation+native@7.1.17_react-native@0.81.5_@b_28a2c3a7af745b08fd3e3ec803bf51ba/node_modules/@react-navigation/elements/lib/module/assets/search-icon@3x.png
2026-08-17 11:25:39.282 Db YourSofia[98845:31edf9] [com.apple.defaults:User Defaults] CFPrefsManagedSource<0x600002c04100> (Domain: kCFPreferencesAnyApplication, User: kCFPreferencesAnyUser, ByHost: Yes, Container: (null), Contents Need Refresh: No) loaded: an empty base plist and no additional changes from the base plist
2026-08-17 11:25:39.282 Db YourSofia[98845:31ee20] [com.apple.CFBundle:resources] Resource lookup at CFBundle 0x600003b042a0 </Users/valentinasenov/Library/Developer/CoreSimulator/Devices/98FA5BD8-5D12-4B35-9A26-3AEBCADAFC8A/data/Containers/Bundle/Application/12B90C3A-72F3-447D-B35C-244E0D70240B/YourSofia.app> (executable, loaded)
	Request       : error type: png path: assets/node_modules/.pnpm/expo-router@6.0.22_df0c677153b00f82db80c956be709681/node_modules/expo-router/assets
	Result        : file:///Users/valentinasenov/Library/Developer/CoreSimulator/Devices/98FA5BD8-5D12-4B35-9A26-3AEBCADAFC8A/data/Containers/Bundle/Application/12B90C3A-72F3-447D-B35C-244E0D70240B/YourSofia.app/assets/node_modules/.pnpm/expo-router@6.0.22_df0c677153b00f82db80c956be709681/node_modules/expo-router/assets/error.png
2026-08-17 11:25:39.283 Db YourSofia[98845:31edf9] [com.apple.defaults:User Defaults] found no value for key AppleKeyboardsIncludeIntl in CFPrefsSearchListSource<0x600002c04180> (Domain: kCFPreferencesAnyApplication, Container: (null) Non-launch persona: 0)
2026-08-17 11:25:39.283 Db YourSofia[98845:31ee20] [com.apple.CFBundle:resources] Resource lookup at CFBundle 0x600003b042a0 </Users/valentinasenov/Library/Developer/CoreSimulator/Devices/98FA5BD8-5D12-4B35-9A26-3AEBCADAFC8A/data/Containers/Bundle/Application/12B90C3A-72F3-447D-B35C-244E0D70240B/YourSofia.app> (executable, loaded)
	Request       : file type: png path: assets/node_modules/.pnpm/expo-router@6.0.22_df0c677153b00f82db80c956be709681/node_modules/expo-router/assets
	Result        : file:///Users/valentinasenov/Library/Developer/CoreSimulator/Devices/98FA5BD8-5D12-4B35-9A26-3AEBCADAFC8A/data/Containers/Bundle/Application/12B90C3A-72F3-447D-B35C-244E0D70240B/YourSofia.app/assets/node_modules/.pnpm/expo-router@6.0.22_df0c677153b00f82db80c956be709681/node_modules/expo-router/assets/file.png
2026-08-17 11:25:39.283 Db YourSofia[98845:31ee20] [com.apple.CFBundle:resources] Resource lookup at CFBundle 0x600003b042a0 </Users/valentinasenov/Library/Developer/CoreSimulator/Devices/98FA5BD8-5D12-4B35-9A26-3AEBCADAFC8A/data/Containers/Bundle/Application/12B90C3A-72F3-447D-B35C-244E0D70240B/YourSofia.app> (executable, loaded)
	Request       : pkg type: png path: assets/node_modules/.pnpm/expo-router@6.0.22_df0c677153b00f82db80c956be709681/node_modules/expo-router/assets
	Result        : file:///Users/valentinasenov/Library/Developer/CoreSimulator/Devices/98FA5BD8-5D12-4B35-9A26-3AEBCADAFC8A/data/Containers/Bundle/Application/12B90C3A-72F3-447D-B35C-244E0D70240B/YourSofia.app/assets/node_modules/.pnpm/expo-router@6.0.22_df0c677153b00f82db80c956be709681/node_modules/expo-router/assets/pkg.png
2026-08-17 11:25:39.283 Db YourSofia[98845:31ee20] [com.apple.CFBundle:resources] Resource lookup at CFBundle 0x600003b042a0 </Users/valentinasenov/Library/Developer/CoreSimulator/Devices/98FA5BD8-5D12-4B35-9A26-3AEBCADAFC8A/data/Containers/Bundle/Application/12B90C3A-72F3-447D-B35C-244E0D70240B/YourSofia.app> (executable, loaded)
	Request       : forward type: png path: assets/node_modules/.pnpm/expo-router@6.0.22_df0c677153b00f82db80c956be709681/node_modules/expo-router/assets
	Result        : file:///Users/valentinasenov/Library/Developer/CoreSimulator/Devices/98FA5BD8-5D12-4B35-9A26-3AEBCADAFC8A/data/Containers/Bundle/Application/12B90C3A-72F3-447D-B35C-244E0D70240B/YourSofia.app/assets/node_modules/.pnpm/expo-router@6.0.22_df0c677153b00f82db80c956be709681/node_modules/expo-router/assets/forward.png
2026-08-17 11:25:39.283 Db YourSofia[98845:31ee20] [com.apple.CFBundle:resources] Resource lookup at CFBundle 0x600003b042a0 </Users/valentinasenov/Library/Developer/CoreSimulator/Devices/98FA5BD8-5D12-4B35-9A26-3AEBCADAFC8A/data/Containers/Bundle/Application/12B90C3A-72F3-447D-B35C-244E0D70240B/YourSofia.app> (executable, loaded)
	Request       : sitemap type: png path: assets/node_modules/.pnpm/expo-router@6.0.22_df0c677153b00f82db80c956be709681/node_modules/expo-router/assets
	Result        : file:///Users/valentinasenov/Library/Developer/CoreSimulator/Devices/98FA5BD8-5D12-4B35-9A26-3AEBCADAFC8A/data/Containers/Bundle/Application/12B90C3A-72F3-447D-B35C-244E0D70240B/YourSofia.app/assets/node_modules/.pnpm/expo-router@6.0.22_df0c677153b00f82db80c956be709681/node_modules/expo-router/assets/sitemap.png
2026-08-17 11:25:39.283 Db YourSofia[98845:31ee20] [com.apple.CFBundle:resources] Resource lookup at CFBundle 0x600003b042a0 </Users/valentinasenov/Library/Developer/CoreSimulator/Devices/98FA5BD8-5D12-4B35-9A26-3AEBCADAFC8A/data/Containers/Bundle/Application/12B90C3A-72F3-447D-B35C-244E0D70240B/YourSofia.app> (executable, loaded)
	Request       : arrow_down type: png path: assets/node_modules/.pnpm/expo-router@6.0.22_df0c677153b00f82db80c956be709681/node_modules/expo-router/assets
	Result        : file:///Users/valentinasenov/Library/Developer/CoreSimulator/Devices/98FA5BD8-5D12-4B35-9A26-3AEBCADAFC8A/data/Containers/Bundle/Application/12B90C3A-72F3-447D-B35C-244E0D70240B/YourSofia.app/assets/node_modules/.pnpm/expo-router@6.0.22_df0c677153b00f82db80c956be709681/node_modules/expo-router/assets/arrow_down.png
2026-08-17 11:25:39.283 Df YourSofia[98845:31edf9] [com.apple.UIKit:KeyboardSceneDelegate] forceReloadInputViews
2026-08-17 11:25:39.283 Df YourSofia[98845:31edf9] [com.apple.UIKit:KeyboardSceneDelegate] Reloading input views for key-window scene responder: <(null): 0x0; > force:Y
2026-08-17 11:25:39.284 Db YourSofia[98845:31ee20] [com.apple.CFBundle:resources] Resource lookup at CFBundle 0x600003b042a0 </Users/valentinasenov/Library/Developer/CoreSimulator/Devices/98FA5BD8-5D12-4B35-9A26-3AEBCADAFC8A/data/Containers/Bundle/Application/12B90C3A-72F3-447D-B35C-244E0D70240B/YourSofia.app> (executable, loaded)
	Request       : unmatched type: png path: assets/node_modules/.pnpm/expo-router@6.0.22_df0c677153b00f82db80c956be709681/node_modules/expo-router/assets
	Result        : file:///Users/valentinasenov/Library/Developer/CoreSimulator/Devices/98FA5BD8-5D12-4B35-9A26-3AEBCADAFC8A/data/Containers/Bundle/Application/12B90C3A-72F3-447D-B35C-244E0D70240B/YourSofia.app/assets/node_modules/.pnpm/expo-router@6.0.22_df0c677153b00f82db80c956be709681/node_modules/expo-router/assets/unmatched.png
2026-08-17 11:25:39.284 Df YourSofia[98845:31edf9] [com.apple.UIKit:KeyboardArbiterClientLog] isWritingToolsHandlingKeyboardTracking:Y (WT ready:Y, Arbiter ready:Y)
2026-08-17 11:25:39.284 Db YourSofia[98845:31ee20] [com.apple.CFBundle:resources] Resource lookup at CFBundle 0x600003b042a0 </Users/valentinasenov/Library/Developer/CoreSimulator/Devices/98FA5BD8-5D12-4B35-9A26-3AEBCADAFC8A/data/Containers/Bundle/Application/12B90C3A-72F3-447D-B35C-244E0D70240B/YourSofia.app> (executable, loaded)
	Request       : JetBrainsMono_500Medium type: ttf path: assets/node_modules/.pnpm/@expo-google-fonts+jetbrains-mono@0.4.1/node_modules/@expo-google-fonts/jetbrains-mono/500Medium
	Result        : file:///Users/valentinasenov/Library/Developer/CoreSimulator/Devices/98FA5BD8-5D12-4B35-9A26-3AEBCADAFC8A/data/Containers/Bundle/Application/12B90C3A-72F3-447D-B35C-244E0D70240B/YourSofia.app/assets/node_modules/.pnpm/@expo-google-fonts+jetbrains-mono@0.4.1/node_modules/@expo-google-fonts/jetbrains-mono/500Medium/JetBrainsMono_500Medium.ttf
2026-08-17 11:25:39.284 Db YourSofia[98845:31ee20] [com.apple.CFBundle:resources] Resource lookup at CFBundle 0x600003b042a0 </Users/valentinasenov/Library/Developer/CoreSimulator/Devices/98FA5BD8-5D12-4B35-9A26-3AEBCADAFC8A/data/Containers/Bundle/Application/12B90C3A-72F3-447D-B35C-244E0D70240B/YourSofia.app> (executable, loaded)
	Request       : SofiaSans_100Thin type: ttf path: assets/node_modules/.pnpm/@expo-google-fonts+sofia-sans@0.4.3/node_modules/@expo-google-fonts/sofia-sans/100Thin
	Result        : file:///Users/valentinasenov/Library/Developer/CoreSimulator/Devices/98FA5BD8-5D12-4B35-9A26-3AEBCADAFC8A/data/Containers/Bundle/Application/12B90C3A-72F3-447D-B35C-244E0D70240B/YourSofia.app/assets/node_modules/.pnpm/@expo-google-fonts+sofia-sans@0.4.3/node_modules/@expo-google-fonts/sofia-sans/100Thin/SofiaSans_100Thin.ttf
2026-08-17 11:25:39.285 Db YourSofia[98845:31ee65] [com.apple.BaseBoard:Common] [BSBlockSentinel:FBSScene] signaled! 2 of 2
2026-08-17 11:25:39.285 Db YourSofia[98845:31ee65] [com.apple.BaseBoard:Common] [BSBlockSentinel:FBSScene] dealloc
2026-08-17 11:25:39.285 Db YourSofia[98845:31ee20] [com.apple.CFBundle:resources] Resource lookup at CFBundle 0x600003b042a0 </Users/valentinasenov/Library/Developer/CoreSimulator/Devices/98FA5BD8-5D12-4B35-9A26-3AEBCADAFC8A/data/Containers/Bundle/Application/12B90C3A-72F3-447D-B35C-244E0D70240B/YourSofia.app> (executable, loaded)
	Request       : SofiaSans_200ExtraLight type: ttf path: assets/node_modules/.pnpm/@expo-google-fonts+sofia-sans@0.4.3/node_modules/@expo-google-fonts/sofia-sans/200ExtraLight
	Result        : file:///Users/valentinasenov/Library/Developer/CoreSimulator/Devices/98FA5BD8-5D12-4B35-9A26-3AEBCADAFC8A/data/Containers/Bundle/Application/12B90C3A-72F3-447D-B35C-244E0D70240B/YourSofia.app/assets/node_modules/.pnpm/@expo-google-fonts+sofia-sans@0.4.3/node_modules/@expo-google-fonts/sofia-sans/200ExtraLight/SofiaSans_200ExtraLight.ttf
2026-08-17 11:25:39.285 Db YourSofia[98845:31ee20] [com.apple.CFBundle:resources] Resource lookup at CFBundle 0x600003b042a0 </Users/valentinasenov/Library/Developer/CoreSimulator/Devices/98FA5BD8-5D12-4B35-9A26-3AEBCADAFC8A/data/Containers/Bundle/Application/12B90C3A-72F3-447D-B35C-244E0D70240B/YourSofia.app> (executable, loaded)
	Request       : SofiaSans_300Light type: ttf path: assets/node_modules/.pnpm/@expo-google-fonts+sofia-sans@0.4.3/node_modules/@expo-google-fonts/sofia-sans/300Light
	Result        : file:///Users/valentinasenov/Library/Developer/CoreSimulator/Devices/98FA5BD8-5D12-4B35-9A26-3AEBCADAFC8A/data/Containers/Bundle/Application/12B90C3A-72F3-447D-B35C-244E0D70240B/YourSofia.app/assets/node_modules/.pnpm/@expo-google-fonts+sofia-sans@0.4.3/node_modules/@expo-google-fonts/sofia-sans/300Light/SofiaSans_300Light.ttf
2026-08-17 11:25:39.286 Db YourSofia[98845:31ee20] [com.apple.CFBundle:resources] Resource lookup at CFBundle 0x600003b042a0 </Users/valentinasenov/Library/Developer/CoreSimulator/Devices/98FA5BD8-5D12-4B35-9A26-3AEBCADAFC8A/data/Containers/Bundle/Application/12B90C3A-72F3-447D-B35C-244E0D70240B/YourSofia.app> (executable, loaded)
	Request       : SofiaSans_400Regular type: ttf path: assets/node_modules/.pnpm/@expo-google-fonts+sofia-sans@0.4.3/node_modules/@expo-google-fonts/sofia-sans/400Regular
	Result        : file:///Users/valentinasenov/Library/Developer/CoreSimulator/Devices/98FA5BD8-5D12-4B35-9A26-3AEBCADAFC8A/data/Containers/Bundle/Application/12B90C3A-72F3-447D-B35C-244E0D70240B/YourSofia.app/assets/node_modules/.pnpm/@expo-google-fonts+sofia-sans@0.4.3/node_modules/@expo-google-fonts/sofia-sans/400Regular/SofiaSans_400Regular.ttf
2026-08-17 11:25:39.286 Db YourSofia[98845:31ee20] [com.apple.CFBundle:resources] Resource lookup at CFBundle 0x600003b042a0 </Users/valentinasenov/Library/Developer/CoreSimulator/Devices/98FA5BD8-5D12-4B35-9A26-3AEBCADAFC8A/data/Containers/Bundle/Application/12B90C3A-72F3-447D-B35C-244E0D70240B/YourSofia.app> (executable, loaded)
	Request       : SofiaSans_500Medium type: ttf path: assets/node_modules/.pnpm/@expo-google-fonts+sofia-sans@0.4.3/node_modules/@expo-google-fonts/sofia-sans/500Medium
	Result        : file:///Users/valentinasenov/Library/Developer/CoreSimulator/Devices/98FA5BD8-5D12-4B35-9A26-3AEBCADAFC8A/data/Containers/Bundle/Application/12B90C3A-72F3-447D-B35C-244E0D70240B/YourSofia.app/assets/node_modules/.pnpm/@expo-google-fonts+sofia-sans@0.4.3/node_modules/@expo-google-fonts/sofia-sans/500Medium/SofiaSans_500Medium.ttf
2026-08-17 11:25:39.286 Db YourSofia[98845:31ee20] [com.apple.CFBundle:resources] Resource lookup at CFBundle 0x600003b042a0 </Users/valentinasenov/Library/Developer/CoreSimulator/Devices/98FA5BD8-5D12-4B35-9A26-3AEBCADAFC8A/data/Containers/Bundle/Application/12B90C3A-72F3-447D-B35C-244E0D70240B/YourSofia.app> (executable, loaded)
	Request       : SofiaSans_600SemiBold type: ttf path: assets/node_modules/.pnpm/@expo-google-fonts+sofia-sans@0.4.3/node_modules/@expo-google-fonts/sofia-sans/600SemiBold
	Result        : file:///Users/valentinasenov/Library/Developer/CoreSimulator/Devices/98FA5BD8-5D12-4B35-9A26-3AEBCADAFC8A/data/Containers/Bundle/Application/12B90C3A-72F3-447D-B35C-244E0D70240B/YourSofia.app/assets/node_modules/.pnpm/@expo-google-fonts+sofia-sans@0.4.3/node_modules/@expo-google-fonts/sofia-sans/600SemiBold/SofiaSans_600SemiBold.ttf
2026-08-17 11:25:39.287 Db YourSofia[98845:31ee20] [com.apple.CFBundle:resources] Resource lookup at CFBundle 0x600003b042a0 </Users/valentinasenov/Library/Developer/CoreSimulator/Devices/98FA5BD8-5D12-4B35-9A26-3AEBCADAFC8A/data/Containers/Bundle/Application/12B90C3A-72F3-447D-B35C-244E0D70240B/YourSofia.app> (executable, loaded)
	Request       : SofiaSans_700Bold type: ttf path: assets/node_modules/.pnpm/@expo-google-fonts+sofia-sans@0.4.3/node_modules/@expo-google-fonts/sofia-sans/700Bold
	Result        : file:///Users/valentinasenov/Library/Developer/CoreSimulator/Devices/98FA5BD8-5D12-4B35-9A26-3AEBCADAFC8A/data/Containers/Bundle/Application/12B90C3A-72F3-447D-B35C-244E0D70240B/YourSofia.app/assets/node_modules/.pnpm/@expo-google-fonts+sofia-sans@0.4.3/node_modules/@expo-google-fonts/sofia-sans/700Bold/SofiaSans_700Bold.ttf
2026-08-17 11:25:39.287 Db YourSofia[98845:31ee20] [com.apple.CFBundle:resources] Resource lookup at CFBundle 0x600003b042a0 </Users/valentinasenov/Library/Developer/CoreSimulator/Devices/98FA5BD8-5D12-4B35-9A26-3AEBCADAFC8A/data/Containers/Bundle/Application/12B90C3A-72F3-447D-B35C-244E0D70240B/YourSofia.app> (executable, loaded)
	Request       : SofiaSans_800ExtraBold type: ttf path: assets/node_modules/.pnpm/@expo-google-fonts+sofia-sans@0.4.3/node_modules/@expo-google-fonts/sofia-sans/800ExtraBold
	Result        : file:///Users/valentinasenov/Library/Developer/CoreSimulator/Devices/98FA5BD8-5D12-4B35-9A26-3AEBCADAFC8A/data/Containers/Bundle/Application/12B90C3A-72F3-447D-B35C-244E0D70240B/YourSofia.app/assets/node_modules/.pnpm/@expo-google-fonts+sofia-sans@0.4.3/node_modules/@expo-google-fonts/sofia-sans/800ExtraBold/SofiaSans_800ExtraBold.ttf
2026-08-17 11:25:39.287 Db YourSofia[98845:31ee20] [com.apple.CFBundle:resources] Resource lookup at CFBundle 0x600003b042a0 </Users/valentinasenov/Library/Developer/CoreSimulator/Devices/98FA5BD8-5D12-4B35-9A26-3AEBCADAFC8A/data/Containers/Bundle/Application/12B90C3A-72F3-447D-B35C-244E0D70240B/YourSofia.app> (executable, loaded)
	Request       : SofiaSans_900Black type: ttf path: assets/node_modules/.pnpm/@expo-google-fonts+sofia-sans@0.4.3/node_modules/@expo-google-fonts/sofia-sans/900Black
	Result        : file:///Users/valentinasenov/Library/Developer/CoreSimulator/Devices/98FA5BD8-5D12-4B35-9A26-3AEBCADAFC8A/data/Containers/Bundle/Application/12B90C3A-72F3-447D-B35C-244E0D70240B/YourSofia.app/assets/node_modules/.pnpm/@expo-google-fonts+sofia-sans@0.4.3/node_modules/@expo-google-fonts/sofia-sans/900Black/SofiaSans_900Black.ttf
2026-08-17 11:25:39.287 Db YourSofia[98845:31ee20] [com.apple.CFBundle:resources] Resource lookup at CFBundle 0x600003b042a0 </Users/valentinasenov/Library/Developer/CoreSimulator/Devices/98FA5BD8-5D12-4B35-9A26-3AEBCADAFC8A/data/Containers/Bundle/Application/12B90C3A-72F3-447D-B35C-244E0D70240B/YourSofia.app> (executable, loaded)
	Request       : SofiaSans_100Thin_Italic type: ttf path: assets/node_modules/.pnpm/@expo-google-fonts+sofia-sans@0.4.3/node_modules/@expo-google-fonts/sofia-sans/100Thin_Italic
	Result        : file:///Users/valentinasenov/Library/Developer/CoreSimulator/Devices/98FA5BD8-5D12-4B35-9A26-3AEBCADAFC8A/data/Containers/Bundle/Application/12B90C3A-72F3-447D-B35C-244E0D70240B/YourSofia.app/assets/node_modules/.pnpm/@expo-google-fonts+sofia-sans@0.4.3/node_modules/@expo-google-fonts/sofia-sans/100Thin_Italic/SofiaSans_100Thin_Italic.ttf
2026-08-17 11:25:39.288 Db YourSofia[98845:31ee20] [com.apple.CFBundle:resources] Resource lookup at CFBundle 0x600003b042a0 </Users/valentinasenov/Library/Developer/CoreSimulator/Devices/98FA5BD8-5D12-4B35-9A26-3AEBCADAFC8A/data/Containers/Bundle/Application/12B90C3A-72F3-447D-B35C-244E0D70240B/YourSofia.app> (executable, loaded)
	Request       : SofiaSans_200ExtraLight_Italic type: ttf path: assets/node_modules/.pnpm/@expo-google-fonts+sofia-sans@0.4.3/node_modules/@expo-google-fonts/sofia-sans/200ExtraLight_Italic
	Result        : file:///Users/valentinasenov/Library/Developer/CoreSimulator/Devices/98FA5BD8-5D12-4B35-9A26-3AEBCADAFC8A/data/Containers/Bundle/Application/12B90C3A-72F3-447D-B35C-244E0D70240B/YourSofia.app/assets/node_modules/.pnpm/@expo-google-fonts+sofia-sans@0.4.3/node_modules/@expo-google-fonts/sofia-sans/200ExtraLight_Italic/SofiaSans_200ExtraLight_Italic.ttf
2026-08-17 11:25:39.288 Db YourSofia[98845:31ee20] [com.apple.CFBundle:resources] Resource lookup at CFBundle 0x600003b042a0 </Users/valentinasenov/Library/Developer/CoreSimulator/Devices/98FA5BD8-5D12-4B35-9A26-3AEBCADAFC8A/data/Containers/Bundle/Application/12B90C3A-72F3-447D-B35C-244E0D70240B/YourSofia.app> (executable, loaded)
	Request       : SofiaSans_300Light_Italic type: ttf path: assets/node_modules/.pnpm/@expo-google-fonts+sofia-sans@0.4.3/node_modules/@expo-google-fonts/sofia-sans/300Light_Italic
	Result        : file:///Users/valentinasenov/Library/Developer/CoreSimulator/Devices/98FA5BD8-5D12-4B35-9A26-3AEBCADAFC8A/data/Containers/Bundle/Application/12B90C3A-72F3-447D-B35C-244E0D70240B/YourSofia.app/assets/node_modules/.pnpm/@expo-google-fonts+sofia-sans@0.4.3/node_modules/@expo-google-fonts/sofia-sans/300Light_Italic/SofiaSans_300Light_Italic.ttf
2026-08-17 11:25:39.288 Db YourSofia[98845:31ee20] [com.apple.CFBundle:resources] Resource lookup at CFBundle 0x600003b042a0 </Users/valentinasenov/Library/Developer/CoreSimulator/Devices/98FA5BD8-5D12-4B35-9A26-3AEBCADAFC8A/data/Containers/Bundle/Application/12B90C3A-72F3-447D-B35C-244E0D70240B/YourSofia.app> (executable, loaded)
	Request       : SofiaSans_400Regular_Italic type: ttf path: assets/node_modules/.pnpm/@expo-google-fonts+sofia-sans@0.4.3/node_modules/@expo-google-fonts/sofia-sans/400Regular_Italic
	Result        : file:///Users/valentinasenov/Library/Developer/CoreSimulator/Devices/98FA5BD8-5D12-4B35-9A26-3AEBCADAFC8A/data/Containers/Bundle/Application/12B90C3A-72F3-447D-B35C-244E0D70240B/YourSofia.app/assets/node_modules/.pnpm/@expo-google-fonts+sofia-sans@0.4.3/node_modules/@expo-google-fonts/sofia-sans/400Regular_Italic/SofiaSans_400Regular_Italic.ttf
2026-08-17 11:25:39.288 Db YourSofia[98845:31ee20] [com.apple.CFBundle:resources] Resource lookup at CFBundle 0x600003b042a0 </Users/valentinasenov/Library/Developer/CoreSimulator/Devices/98FA5BD8-5D12-4B35-9A26-3AEBCADAFC8A/data/Containers/Bundle/Application/12B90C3A-72F3-447D-B35C-244E0D70240B/YourSofia.app> (executable, loaded)
	Request       : SofiaSans_500Medium_Italic type: ttf path: assets/node_modules/.pnpm/@expo-google-fonts+sofia-sans@0.4.3/node_modules/@expo-google-fonts/sofia-sans/500Medium_Italic
	Result        : file:///Users/valentinasenov/Library/Developer/CoreSimulator/Devices/98FA5BD8-5D12-4B35-9A26-3AEBCADAFC8A/data/Containers/Bundle/Application/12B90C3A-72F3-447D-B35C-244E0D70240B/YourSofia.app/assets/node_modules/.pnpm/@expo-google-fonts+sofia-sans@0.4.3/node_modules/@expo-google-fonts/sofia-sans/500Medium_Italic/SofiaSans_500Medium_Italic.ttf
2026-08-17 11:25:39.288 Db YourSofia[98845:31ee20] [com.apple.CFBundle:resources] Resource lookup at CFBundle 0x600003b042a0 </Users/valentinasenov/Library/Developer/CoreSimulator/Devices/98FA5BD8-5D12-4B35-9A26-3AEBCADAFC8A/data/Containers/Bundle/Application/12B90C3A-72F3-447D-B35C-244E0D70240B/YourSofia.app> (executable, loaded)
	Request       : SofiaSans_600SemiBold_Italic type: ttf path: assets/node_modules/.pnpm/@expo-google-fonts+sofia-sans@0.4.3/node_modules/@expo-google-fonts/sofia-sans/600SemiBold_Italic
	Result        : file:///Users/valentinasenov/Library/Developer/CoreSimulator/Devices/98FA5BD8-5D12-4B35-9A26-3AEBCADAFC8A/data/Containers/Bundle/Application/12B90C3A-72F3-447D-B35C-244E0D70240B/YourSofia.app/assets/node_modules/.pnpm/@expo-google-fonts+sofia-sans@0.4.3/node_modules/@expo-google-fonts/sofia-sans/600SemiBold_Italic/SofiaSans_600SemiBold_Italic.ttf
2026-08-17 11:25:39.288 Db YourSofia[98845:31ee20] [com.apple.CFBundle:resources] Resource lookup at CFBundle 0x600003b042a0 </Users/valentinasenov/Library/Developer/CoreSimulator/Devices/98FA5BD8-5D12-4B35-9A26-3AEBCADAFC8A/data/Containers/Bundle/Application/12B90C3A-72F3-447D-B35C-244E0D70240B/YourSofia.app> (executable, loaded)
	Request       : SofiaSans_700Bold_Italic type: ttf path: assets/node_modules/.pnpm/@expo-google-fonts+sofia-sans@0.4.3/node_modules/@expo-google-fonts/sofia-sans/700Bold_Italic
	Result        : file:///Users/valentinasenov/Library/Developer/CoreSimulator/Devices/98FA5BD8-5D12-4B35-9A26-3AEBCADAFC8A/data/Containers/Bundle/Application/12B90C3A-72F3-447D-B35C-244E0D70240B/YourSofia.app/assets/node_modules/.pnpm/@expo-google-fonts+sofia-sans@0.4.3/node_modules/@expo-google-fonts/sofia-sans/700Bold_Italic/SofiaSans_700Bold_Italic.ttf
2026-08-17 11:25:39.289 Db YourSofia[98845:31ee20] [com.apple.CFBundle:resources] Resource lookup at CFBundle 0x600003b042a0 </Users/valentinasenov/Library/Developer/CoreSimulator/Devices/98FA5BD8-5D12-4B35-9A26-3AEBCADAFC8A/data/Containers/Bundle/Application/12B90C3A-72F3-447D-B35C-244E0D70240B/YourSofia.app> (executable, loaded)
	Request       : SofiaSans_800ExtraBold_Italic type: ttf path: assets/node_modules/.pnpm/@expo-google-fonts+sofia-sans@0.4.3/node_modules/@expo-google-fonts/sofia-sans/800ExtraBold_Italic
	Result        : file:///Users/valentinasenov/Library/Developer/CoreSimulator/Devices/98FA5BD8-5D12-4B35-9A26-3AEBCADAFC8A/data/Containers/Bundle/Application/12B90C3A-72F3-447D-B35C-244E0D70240B/YourSofia.app/assets/node_modules/.pnpm/@expo-google-fonts+sofia-sans@0.4.3/node_modules/@expo-google-fonts/sofia-sans/800ExtraBold_Italic/SofiaSans_800ExtraBold_Italic.ttf
2026-08-17 11:25:39.289 Db YourSofia[98845:31ee20] [com.apple.CFBundle:resources] Resource lookup at CFBundle 0x600003b042a0 </Users/valentinasenov/Library/Developer/CoreSimulator/Devices/98FA5BD8-5D12-4B35-9A26-3AEBCADAFC8A/data/Containers/Bundle/Application/12B90C3A-72F3-447D-B35C-244E0D70240B/YourSofia.app> (executable, loaded)
	Request       : SofiaSans_900Black_Italic type: ttf path: assets/node_modules/.pnpm/@expo-google-fonts+sofia-sans@0.4.3/node_modules/@expo-google-fonts/sofia-sans/900Black_Italic
	Result        : file:///Users/valentinasenov/Library/Developer/CoreSimulator/Devices/98FA5BD8-5D12-4B35-9A26-3AEBCADAFC8A/data/Containers/Bundle/Application/12B90C3A-72F3-447D-B35C-244E0D70240B/YourSofia.app/assets/node_modules/.pnpm/@expo-google-fonts+sofia-sans@0.4.3/node_modules/@expo-google-fonts/sofia-sans/900Black_Italic/SofiaSans_900Black_Italic.ttf
2026-08-17 11:25:39.289 Db YourSofia[98845:31ee20] [com.apple.CFBundle:resources] Resource lookup at CFBundle 0x600003b042a0 </Users/valentinasenov/Library/Developer/CoreSimulator/Devices/98FA5BD8-5D12-4B35-9A26-3AEBCADAFC8A/data/Containers/Bundle/Application/12B90C3A-72F3-447D-B35C-244E0D70240B/YourSofia.app> (executable, loaded)
	Request       : JetBrainsMono_100Thin type: ttf path: assets/node_modules/.pnpm/@expo-google-fonts+jetbrains-mono@0.4.1/node_modules/@expo-google-fonts/jetbrains-mono/100Thin
	Result        : file:///Users/valentinasenov/Library/Developer/CoreSimulator/Devices/98FA5BD8-5D12-4B35-9A26-3AEBCADAFC8A/data/Containers/Bundle/Application/12B90C3A-72F3-447D-B35C-244E0D70240B/YourSofia.app/assets/node_modules/.pnpm/@expo-google-fonts+jetbrains-mono@0.4.1/node_modules/@expo-google-fonts/jetbrains-mono/100Thin/JetBrainsMono_100Thin.ttf
2026-08-17 11:25:39.289 Db YourSofia[98845:31ee20] [com.apple.CFBundle:resources] Resource lookup at CFBundle 0x600003b042a0 </Users/valentinasenov/Library/Developer/CoreSimulator/Devices/98FA5BD8-5D12-4B35-9A26-3AEBCADAFC8A/data/Containers/Bundle/Application/12B90C3A-72F3-447D-B35C-244E0D70240B/YourSofia.app> (executable, loaded)
	Request       : JetBrainsMono_200ExtraLight type: ttf path: assets/node_modules/.pnpm/@expo-google-fonts+jetbrains-mono@0.4.1/node_modules/@expo-google-fonts/jetbrains-mono/200ExtraLight
	Result        : file:///Users/valentinasenov/Library/Developer/CoreSimulator/Devices/98FA5BD8-5D12-4B35-9A26-3AEBCADAFC8A/data/Containers/Bundle/Application/12B90C3A-72F3-447D-B35C-244E0D70240B/YourSofia.app/assets/node_modules/.pnpm/@expo-google-fonts+jetbrains-mono@0.4.1/node_modules/@expo-google-fonts/jetbrains-mono/200ExtraLight/JetBrainsMono_200ExtraLight.ttf
2026-08-17 11:25:39.289 Db YourSofia[98845:31ee20] [com.apple.CFBundle:resources] Resource lookup at CFBundle 0x600003b042a0 </Users/valentinasenov/Library/Developer/CoreSimulator/Devices/98FA5BD8-5D12-4B35-9A26-3AEBCADAFC8A/data/Containers/Bundle/Application/12B90C3A-72F3-447D-B35C-244E0D70240B/YourSofia.app> (executable, loaded)
	Request       : JetBrainsMono_300Light type: ttf path: assets/node_modules/.pnpm/@expo-google-fonts+jetbrains-mono@0.4.1/node_modules/@expo-google-fonts/jetbrains-mono/300Light
	Result        : file:///Users/valentinasenov/Library/Developer/CoreSimulator/Devices/98FA5BD8-5D12-4B35-9A26-3AEBCADAFC8A/data/Containers/Bundle/Application/12B90C3A-72F3-447D-B35C-244E0D70240B/YourSofia.app/assets/node_modules/.pnpm/@expo-google-fonts+jetbrains-mono@0.4.1/node_modules/@expo-google-fonts/jetbrains-mono/300Light/JetBrainsMono_300Light.ttf
2026-08-17 11:25:39.289 Db YourSofia[98845:31ee20] [com.apple.CFBundle:resources] Resource lookup at CFBundle 0x600003b042a0 </Users/valentinasenov/Library/Developer/CoreSimulator/Devices/98FA5BD8-5D12-4B35-9A26-3AEBCADAFC8A/data/Containers/Bundle/Application/12B90C3A-72F3-447D-B35C-244E0D70240B/YourSofia.app> (executable, loaded)
	Request       : JetBrainsMono_400Regular type: ttf path: assets/node_modules/.pnpm/@expo-google-fonts+jetbrains-mono@0.4.1/node_modules/@expo-google-fonts/jetbrains-mono/400Regular
	Result        : file:///Users/valentinasenov/Library/Developer/CoreSimulator/Devices/98FA5BD8-5D12-4B35-9A26-3AEBCADAFC8A/data/Containers/Bundle/Application/12B90C3A-72F3-447D-B35C-244E0D70240B/YourSofia.app/assets/node_modules/.pnpm/@expo-google-fonts+jetbrains-mono@0.4.1/node_modules/@expo-google-fonts/jetbrains-mono/400Regular/JetBrainsMono_400Regular.ttf
2026-08-17 11:25:39.290 Db YourSofia[98845:31ee20] [com.apple.CFBundle:resources] Resource lookup at CFBundle 0x600003b042a0 </Users/valentinasenov/Library/Developer/CoreSimulator/Devices/98FA5BD8-5D12-4B35-9A26-3AEBCADAFC8A/data/Containers/Bundle/Application/12B90C3A-72F3-447D-B35C-244E0D70240B/YourSofia.app> (executable, loaded)
	Request       : JetBrainsMono_600SemiBold type: ttf path: assets/node_modules/.pnpm/@expo-google-fonts+jetbrains-mono@0.4.1/node_modules/@expo-google-fonts/jetbrains-mono/600SemiBold
	Result        : file:///Users/valentinasenov/Library/Developer/CoreSimulator/Devices/98FA5BD8-5D12-4B35-9A26-3AEBCADAFC8A/data/Containers/Bundle/Application/12B90C3A-72F3-447D-B35C-244E0D70240B/YourSofia.app/assets/node_modules/.pnpm/@expo-google-fonts+jetbrains-mono@0.4.1/node_modules/@expo-google-fonts/jetbrains-mono/600SemiBold/JetBrainsMono_600SemiBold.ttf
2026-08-17 11:25:39.290 Db YourSofia[98845:31ee20] [com.apple.CFBundle:resources] Resource lookup at CFBundle 0x600003b042a0 </Users/valentinasenov/Library/Developer/CoreSimulator/Devices/98FA5BD8-5D12-4B35-9A26-3AEBCADAFC8A/data/Containers/Bundle/Application/12B90C3A-72F3-447D-B35C-244E0D70240B/YourSofia.app> (executable, loaded)
	Request       : JetBrainsMono_700Bold type: ttf path: assets/node_modules/.pnpm/@expo-google-fonts+jetbrains-mono@0.4.1/node_modules/@expo-google-fonts/jetbrains-mono/700Bold
	Result        : file:///Users/valentinasenov/Library/Developer/CoreSimulator/Devices/98FA5BD8-5D12-4B35-9A26-3AEBCADAFC8A/data/Containers/Bundle/Application/12B90C3A-72F3-447D-B35C-244E0D70240B/YourSofia.app/assets/node_modules/.pnpm/@expo-google-fonts+jetbrains-mono@0.4.1/node_modules/@expo-google-fonts/jetbrains-mono/700Bold/JetBrainsMono_700Bold.ttf
2026-08-17 11:25:39.290 Db YourSofia[98845:31ee20] [com.apple.CFBundle:resources] Resource lookup at CFBundle 0x600003b042a0 </Users/valentinasenov/Library/Developer/CoreSimulator/Devices/98FA5BD8-5D12-4B35-9A26-3AEBCADAFC8A/data/Containers/Bundle/Application/12B90C3A-72F3-447D-B35C-244E0D70240B/YourSofia.app> (executable, loaded)
	Request       : JetBrainsMono_800ExtraBold type: ttf path: assets/node_modules/.pnpm/@expo-google-fonts+jetbrains-mono@0.4.1/node_modules/@expo-google-fonts/jetbrains-mono/800ExtraBold
	Result        : file:///Users/valentinasenov/Library/Developer/CoreSimulator/Devices/98FA5BD8-5D12-4B35-9A26-3AEBCADAFC8A/data/Containers/Bundle/Application/12B90C3A-72F3-447D-B35C-244E0D70240B/YourSofia.app/assets/node_modules/.pnpm/@expo-google-fonts+jetbrains-mono@0.4.1/node_modules/@expo-google-fonts/jetbrains-mono/800ExtraBold/JetBrainsMono_800ExtraBold.ttf
2026-08-17 11:25:39.290 Db YourSofia[98845:31ee20] [com.apple.CFBundle:resources] Resource lookup at CFBundle 0x600003b042a0 </Users/valentinasenov/Library/Developer/CoreSimulator/Devices/98FA5BD8-5D12-4B35-9A26-3AEBCADAFC8A/data/Containers/Bundle/Application/12B90C3A-72F3-447D-B35C-244E0D70240B/YourSofia.app> (executable, loaded)
	Request       : JetBrainsMono_100Thin_Italic type: ttf path: assets/node_modules/.pnpm/@expo-google-fonts+jetbrains-mono@0.4.1/node_modules/@expo-google-fonts/jetbrains-mono/100Thin_Italic
	Result        : file:///Users/valentinasenov/Library/Developer/CoreSimulator/Devices/98FA5BD8-5D12-4B35-9A26-3AEBCADAFC8A/data/Containers/Bundle/Application/12B90C3A-72F3-447D-B35C-244E0D70240B/YourSofia.app/assets/node_modules/.pnpm/@expo-google-fonts+jetbrains-mono@0.4.1/node_modules/@expo-google-fonts/jetbrains-mono/100Thin_Italic/JetBrainsMono_100Thin_Italic.ttf
2026-08-17 11:25:39.290 Db YourSofia[98845:31ee20] [com.apple.CFBundle:resources] Resource lookup at CFBundle 0x600003b042a0 </Users/valentinasenov/Library/Developer/CoreSimulator/Devices/98FA5BD8-5D12-4B35-9A26-3AEBCADAFC8A/data/Containers/Bundle/Application/12B90C3A-72F3-447D-B35C-244E0D70240B/YourSofia.app> (executable, loaded)
	Request       : JetBrainsMono_200ExtraLight_Italic type: ttf path: assets/node_modules/.pnpm/@expo-google-fonts+jetbrains-mono@0.4.1/node_modules/@expo-google-fonts/jetbrains-mono/200ExtraLight_Italic
	Result        : file:///Users/valentinasenov/Library/Developer/CoreSimulator/Devices/98FA5BD8-5D12-4B35-9A26-3AEBCADAFC8A/data/Containers/Bundle/Application/12B90C3A-72F3-447D-B35C-244E0D70240B/YourSofia.app/assets/node_modules/.pnpm/@expo-google-fonts+jetbrains-mono@0.4.1/node_modules/@expo-google-fonts/jetbrains-mono/200ExtraLight_Italic/JetBrainsMono_200ExtraLight_Italic.ttf
2026-08-17 11:25:39.290 Db YourSofia[98845:31ee20] [com.apple.CFBundle:resources] Resource lookup at CFBundle 0x600003b042a0 </Users/valentinasenov/Library/Developer/CoreSimulator/Devices/98FA5BD8-5D12-4B35-9A26-3AEBCADAFC8A/data/Containers/Bundle/Application/12B90C3A-72F3-447D-B35C-244E0D70240B/YourSofia.app> (executable, loaded)
	Request       : JetBrainsMono_300Light_Italic type: ttf path: assets/node_modules/.pnpm/@expo-google-fonts+jetbrains-mono@0.4.1/node_modules/@expo-google-fonts/jetbrains-mono/300Light_Italic
	Result        : file:///Users/valentinasenov/Library/Developer/CoreSimulator/Devices/98FA5BD8-5D12-4B35-9A26-3AEBCADAFC8A/data/Containers/Bundle/Application/12B90C3A-72F3-447D-B35C-244E0D70240B/YourSofia.app/assets/node_modules/.pnpm/@expo-google-fonts+jetbrains-mono@0.4.1/node_modules/@expo-google-fonts/jetbrains-mono/300Light_Italic/JetBrainsMono_300Light_Italic.ttf
2026-08-17 11:25:39.291 Db YourSofia[98845:31ee20] [com.apple.CFBundle:resources] Resource lookup at CFBundle 0x600003b042a0 </Users/valentinasenov/Library/Developer/CoreSimulator/Devices/98FA5BD8-5D12-4B35-9A26-3AEBCADAFC8A/data/Containers/Bundle/Application/12B90C3A-72F3-447D-B35C-244E0D70240B/YourSofia.app> (executable, loaded)
	Request       : JetBrainsMono_400Regular_Italic type: ttf path: assets/node_modules/.pnpm/@expo-google-fonts+jetbrains-mono@0.4.1/node_modules/@expo-google-fonts/jetbrains-mono/400Regular_Italic
	Result        : file:///Users/valentinasenov/Library/Developer/CoreSimulator/Devices/98FA5BD8-5D12-4B35-9A26-3AEBCADAFC8A/data/Containers/Bundle/Application/12B90C3A-72F3-447D-B35C-244E0D70240B/YourSofia.app/assets/node_modules/.pnpm/@expo-google-fonts+jetbrains-mono@0.4.1/node_modules/@expo-google-fonts/jetbrains-mono/400Regular_Italic/JetBrainsMono_400Regular_Italic.ttf
2026-08-17 11:25:39.291 Db YourSofia[98845:31ee20] [com.apple.CFBundle:resources] Resource lookup at CFBundle 0x600003b042a0 </Users/valentinasenov/Library/Developer/CoreSimulator/Devices/98FA5BD8-5D12-4B35-9A26-3AEBCADAFC8A/data/Containers/Bundle/Application/12B90C3A-72F3-447D-B35C-244E0D70240B/YourSofia.app> (executable, loaded)
	Request       : JetBrainsMono_500Medium_Italic type: ttf path: assets/node_modules/.pnpm/@expo-google-fonts+jetbrains-mono@0.4.1/node_modules/@expo-google-fonts/jetbrains-mono/500Medium_Italic
	Result        : file:///Users/valentinasenov/Library/Developer/CoreSimulator/Devices/98FA5BD8-5D12-4B35-9A26-3AEBCADAFC8A/data/Containers/Bundle/Application/12B90C3A-72F3-447D-B35C-244E0D70240B/YourSofia.app/assets/node_modules/.pnpm/@expo-google-fonts+jetbrains-mono@0.4.1/node_modules/@expo-google-fonts/jetbrains-mono/500Medium_Italic/JetBrainsMono_500Medium_Italic.ttf
2026-08-17 11:25:39.292 Db YourSofia[98845:31ee20] [com.apple.CFBundle:resources] Resource lookup at CFBundle 0x600003b042a0 </Users/valentinasenov/Library/Developer/CoreSimulator/Devices/98FA5BD8-5D12-4B35-9A26-3AEBCADAFC8A/data/Containers/Bundle/Application/12B90C3A-72F3-447D-B35C-244E0D70240B/YourSofia.app> (executable, loaded)
	Request       : JetBrainsMono_600SemiBold_Italic type: ttf path: assets/node_modules/.pnpm/@expo-google-fonts+jetbrains-mono@0.4.1/node_modules/@expo-google-fonts/jetbrains-mono/600SemiBold_Italic
	Result        : file:///Users/valentinasenov/Library/Developer/CoreSimulator/Devices/98FA5BD8-5D12-4B35-9A26-3AEBCADAFC8A/data/Containers/Bundle/Application/12B90C3A-72F3-447D-B35C-244E0D70240B/YourSofia.app/assets/node_modules/.pnpm/@expo-google-fonts+jetbrains-mono@0.4.1/node_modules/@expo-google-fonts/jetbrains-mono/600SemiBold_Italic/JetBrainsMono_600SemiBold_Italic.ttf
2026-08-17 11:25:39.292 Db YourSofia[98845:31ee20] [com.apple.CFBundle:resources] Resource lookup at CFBundle 0x600003b042a0 </Users/valentinasenov/Library/Developer/CoreSimulator/Devices/98FA5BD8-5D12-4B35-9A26-3AEBCADAFC8A/data/Containers/Bundle/Application/12B90C3A-72F3-447D-B35C-244E0D70240B/YourSofia.app> (executable, loaded)
	Request       : JetBrainsMono_700Bold_Italic type: ttf path: assets/node_modules/.pnpm/@expo-google-fonts+jetbrains-mono@0.4.1/node_modules/@expo-google-fonts/jetbrains-mono/700Bold_Italic
	Result        : file:///Users/valentinasenov/Library/Developer/CoreSimulator/Devices/98FA5BD8-5D12-4B35-9A26-3AEBCADAFC8A/data/Containers/Bundle/Application/12B90C3A-72F3-447D-B35C-244E0D70240B/YourSofia.app/assets/node_modules/.pnpm/@expo-google-fonts+jetbrains-mono@0.4.1/node_modules/@expo-google-fonts/jetbrains-mono/700Bold_Italic/JetBrainsMono_700Bold_Italic.ttf
2026-08-17 11:25:39.292 Db YourSofia[98845:31ee20] [com.apple.CFBundle:resources] Resource lookup at CFBundle 0x600003b042a0 </Users/valentinasenov/Library/Developer/CoreSimulator/Devices/98FA5BD8-5D12-4B35-9A26-3AEBCADAFC8A/data/Containers/Bundle/Application/12B90C3A-72F3-447D-B35C-244E0D70240B/YourSofia.app> (executable, loaded)
	Request       : JetBrainsMono_800ExtraBold_Italic type: ttf path: assets/node_modules/.pnpm/@expo-google-fonts+jetbrains-mono@0.4.1/node_modules/@expo-google-fonts/jetbrains-mono/800ExtraBold_Italic
	Result        : file:///Users/valentinasenov/Library/Developer/CoreSimulator/Devices/98FA5BD8-5D12-4B35-9A26-3AEBCADAFC8A/data/Containers/Bundle/Application/12B90C3A-72F3-447D-B35C-244E0D70240B/YourSofia.app/assets/node_modules/.pnpm/@expo-google-fonts+jetbrains-mono@0.4.1/node_modules/@expo-google-fonts/jetbrains-mono/800ExtraBold_Italic/JetBrainsMono_800ExtraBold_Italic.ttf
2026-08-17 11:25:39.292 Db YourSofia[98845:31ee20] [com.apple.CFBundle:resources] Resource lookup at CFBundle 0x600003b042a0 </Users/valentinasenov/Library/Developer/CoreSimulator/Devices/98FA5BD8-5D12-4B35-9A26-3AEBCADAFC8A/data/Containers/Bundle/Application/12B90C3A-72F3-447D-B35C-244E0D70240B/YourSofia.app> (executable, loaded)
	Request       : sofia-gerb type: png path: assets/assets/images
	Result        : file:///Users/valentinasenov/Library/Developer/CoreSimulator/Devices/98FA5BD8-5D12-4B35-9A26-3AEBCADAFC8A/data/Containers/Bundle/Application/12B90C3A-72F3-447D-B35C-244E0D70240B/YourSofia.app/assets/assets/images/sofia-gerb.png
2026-08-17 11:25:39.293 I  YourSofia[98845:31ee20] [dev.expo.modules:expo-updates] 🟢 {"timestamp":1786955139000,"level":"info","code":"None","message":"AppController appLoaderTask didFinishWithLauncher, isUpToDate=0, remoteLoadStatus=0"}
2026-08-17 11:25:39.293 I  YourSofia[98845:31ee20] [dev.expo.modules:expo-updates] 🟢 {"timestamp":1786955139000,"message":"Updates state change: state = checking, event = check, context = UpdatesStateContext(isStartupProcedureRunning: true, isUpdateAvailable: false, isUpdatePending: false, isChecking: true, isDownloading: false, isRestarting: false, restartCount: 0, latestManifest: nil, downloadedManifest: nil, rollback: nil, checkError: nil, downloadError: nil, downloadProgress: 0.0, lastCheckForUpdateTime: nil, sequenceNumber: 2)","level":"info","code":"None"}
2026-08-17 11:25:39.293 Db YourSofia[98845:31ee5d] [com.apple.defaults:User Defaults] found no value for key expo.eas-client-id in CFPrefsSearchListSource<0x600002c08180> (Domain: bg.sofia.yoursofia, Container: (null) Non-launch persona: 0)
2026-08-17 11:25:39.293 Db YourSofia[98845:31ee5d] [com.apple.defaults:User Defaults] setting {
    "expo.eas-client-id" = "FF19FF71-9C26-4B95-9EE2-95BE42ADD377";
} in CFPrefsPlistSource<0x600002c00100> (Domain: bg.sofia.yoursofia, User: kCFPreferencesCurrentUser, ByHost: No, Container: (null), Contents Need Refresh: No)
2026-08-17 11:25:39.295 Df YourSofia[98845:31ee5d] [com.apple.CFNetwork:Default] Task <91FDF068-C09D-421F-9141-F07EF6C43381>.<1> resuming, timeouts(60.0, 604800.0) qos(0x19) voucher(<OS_voucher: 0x60000211c0a0>) activity(00000000-0000-0000-0000-000000000000)
2026-08-17 11:25:39.295 Db YourSofia[98845:31ee5d] [com.apple.network:activity] Returning should log: 0 for activity cfnetwork:foreground_task
2026-08-17 11:25:39.295 Db YourSofia[98845:31ee5d] [com.apple.network:activity] Activity <nw_activity 12:2 [No UUID] (parent is global) (reporting strategy default)> inheriting reporting strategy from parent <nw_activity 50:1 [3E56FC75-2840-48E5-BAAE-D6E1ACE31B29] (reporting strategy default)>
2026-08-17 11:25:39.295 Db YourSofia[98845:31ee5d] [com.apple.network:activity] Returning should log: 0 for activity cfnetwork:foreground_task
2026-08-17 11:25:39.295 Db YourSofia[98845:31ee5d] [com.apple.network:activity] Returning should log: 0 for activity cfnetwork:foreground_task
2026-08-17 11:25:39.295 Db YourSofia[98845:31ee5d] [com.apple.CFNetwork:Default] [Telemetry]: Activity <nw_activity 12:2 [C35F6A41-DAC1-4889-B6E0-D77CA5B6F959] (parent is global) (reporting strategy default)> on Task <91FDF068-C09D-421F-9141-F07EF6C43381>.<1> was not selected for reporting
2026-08-17 11:25:39.295 Db YourSofia[98845:31ee5b] [com.apple.defaults:User Defaults] CFPrefsPlistSource<0x600002c00300> (Domain: bg.sofia.yoursofia, User: kCFPreferencesCurrentUser, ByHost: No, Container: /Users/valentinasenov/Library/Developer/CoreSimulator/Devices/98FA5BD8-5D12-4B35-9A26-3AEBCADAFC8A/data, Contents Need Refresh: No) loaded: an empty base plist and no additional changes from the base plist
2026-08-17 11:25:39.295 Db YourSofia[98845:31ee5b] [com.apple.defaults:User Defaults] CFPrefsPlistSource<0x600002c00500> (Domain: bg.sofia.yoursofia, User: kCFPreferencesCurrentUser, ByHost: Yes, Container: (null), Contents Need Refresh: No) loaded: an empty base plist and no additional changes from the base plist
2026-08-17 11:25:39.296 Db YourSofia[98845:31ee5b] [com.apple.defaults:User Defaults] looked up value (
    "en-US",
    "bg-US"
) for key AppleLanguages in CFPrefsPlistSource<0x600002c00480> (Domain: kCFPreferencesAnyApplication, User: kCFPreferencesCurrentUser, ByHost: No, Container: /Users/valentinasenov/Library/Developer/CoreSimulator/Devices/98FA5BD8-5D12-4B35-9A26-3AEBCADAFC8A/data, Contents Need Refresh: No) via CFPrefsSearchListSource<0x600002c08180> (Domain: bg.sofia.yoursofia, Container: (null) Non-launch persona: 0)
2026-08-17 11:25:39.313 E  YourSofia[98845:31edf9] [com.wix.Detox:DetoxManager] Message was too long and was split into 9 parts
2026-08-17 11:25:39.313 E  YourSofia[98845:31edf9] [com.wix.Detox:DetoxManager] Part 1/9: App crashed: Expo/ExpoAppDelegate.swift:31: Fatal error: recreateRootView: Missing factory in ExpoAppDelegate
(
	0   Detox                               0x000000010460a58c +[NSThread(DetoxUtils) dtx_demangledCallStackSymbols] + 36
	1   Detox                               0x000000010460dfd4 __DTXHandleCrash + 668
	2   Detox                               0x000000010460e464 __dtx_asl_log + 404
	3   libswiftCore.dylib                  0x0000000197771458 swift_reportError + 80
	4   libswiftCore.dylib
2026-08-17 11:25:39.313 E  YourSofia[98845:31edf9] [com.wix.Detox:DetoxManager] Part 2/9:       0x0000000197834164 _swift_stdlib_reportFatalErrorInFile + 120
	5   libswiftCore.dylib                  0x000000019785d0c8 closure #1 (Swift.UnsafeBufferPointer<Swift.UInt8>) -> () in Swift._assertionFailure(_: Swift.StaticString, _: Swift.String, file: Swift.StaticString, line: Swift.UInt, flags: Swift.UInt32) -> Swift.Never + 344
	6   libswiftCore.dylib                  0x000000019785c2d4 Swift._assertionFailure(_: Swift.StaticString, _: Swift.String, file: Swift.StaticString, line: Swift.UInt, flags
2026-08-17 11:25:39.313 E  YourSofia[98845:31edf9] [com.wix.Detox:DetoxManager] Part 3/9: : Swift.UInt32) -> Swift.Never + 156
	7   YourSofia                           0x0000000102273278 Expo.ExpoAppDelegate.recreateRootView(withBundleURL: Swift.Optional<Foundation.URL>, moduleName: Swift.Optional<Swift.String>, initialProps: Swift.Optional<Swift.Dictionary<Swift.AnyHashable, Any>>, launchOptions: Swift.Optional<Swift.Dictionary<Swift.AnyHashable, Any>>) -> __C.UIView + 1484
	8   YourSofia                           0x000000010220a944 recreateRootView #1 (withBundleURL: Swift.Optional<Foundation.
2026-08-17 11:25:39.313 E  YourSofia[98845:31edf9] [com.wix.Detox:DetoxManager] Part 4/9: URL>, moduleName: Swift.Optional<Swift.String>, initialProps: Swift.Optional<Swift.Dictionary<Swift.AnyHashable, Any>>, launchOptions: Swift.Optional<Swift.Dictionary<Swift.AnyHashable, Any>>) -> __C.UIView in EXUpdates.ExpoUpdatesReactDelegateHandler.appController(_: EXUpdates.AppControllerInterface, didStartWithSuccess: Swift.Bool) -> () + 200
	9   YourSofia                           0x000000010220b35c function signature specialization <Arg[0] = Dead, Arg[1] = Dead> of EXUpdates.ExpoUpdatesReactDelegateHa
2026-08-17 11:25:39.313 E  YourSofia[98845:31edf9] [com.wix.Detox:DetoxManager] Part 5/9: ndler.appController(_: EXUpdates.AppControllerInterface, didStartWithSuccess: Swift.Bool) -> () + 292
	10  YourSofia                           0x000000010220aba4 @objc EXUpdates.ExpoUpdatesReactDelegateHandler.appController(_: EXUpdates.AppControllerInterface, didStartWithSuccess: Swift.Bool) -> () + 44
	11  YourSofia                           0x000000010220275c closure #1 @Swift.MainActor () -> () in closure #1 (EXUpdates.AppControllerDelegate) -> Swift.Optional<()> in EXUpdates.EnabledAppController.startu
2026-08-17 11:25:39.313 E  YourSofia[98845:31edf9] [com.wix.Detox:DetoxManager] Part 6/9: pProcedureDidLaunch(EXUpdates.StartupProcedure) -> () + 996
	12  YourSofia                           0x00000001021c1a90 reabstraction thunk helper from @escaping @callee_guaranteed @Sendable () -> () to @escaping @callee_unowned @convention(block) @Sendable () -> () + 28
	13  DetoxSync                           0x00000001044fc79c ____detox_sync_dispatch_wrapper_block_invoke + 44
	14  libdispatch.dylib                   0x00000001801c07a8 _dispatch_call_block_and_release + 24
	15  libdispatch.dylib
2026-08-17 11:25:39.313 E  YourSofia[98845:31edf9] [com.wix.Detox:DetoxManager] Part 7/9:          0x00000001801db4b0 _dispatch_client_callout + 12
	16  libdispatch.dylib                   0x00000001801f74a0 _dispatch_main_queue_drain.cold.7 + 24
	17  libdispatch.dylib                   0x00000001801d031c _dispatch_main_queue_drain + 1184
	18  libdispatch.dylib                   0x00000001801cfe6c _dispatch_main_queue_callback_4CF + 40
	19  CoreFoundation                      0x0000000180455fa8 __CFRUNLOOP_IS_SERVICING_THE_MAIN_DISPATCH_QUEUE__ + 12
	20  CoreFoundation                      0x000
2026-08-17 11:25:39.313 E  YourSofia[98845:31edf9] [com.wix.Detox:DetoxManager] Part 8/9: 0000180455180 __CFRunLoopRun + 1884
	21  CoreFoundation                      0x000000018044fdbc _CFRunLoopRunSpecificWithOptions + 496
	22  GraphicsServices                    0x0000000192b809bc GSEventRunModal + 116
	23  UIKitCore                           0x000000018640a204 -[UIApplication _run] + 772
	24  DetoxSync                           0x0000000104502f38 __detox_sync_UIApplication_run + 80
	25  UIKitCore                           0x000000018640e42c UIApplicationMain + 124
	26  UIKitCore
2026-08-17 11:25:39.313 E  YourSofia[98845:31edf9] [com.wix.Detox:DetoxManager] Part 9/9:               0x000000018563f6b8 block_destroy_helper.15 + 5152
	27  YourSofia                           0x00000001021a4104 main + 116
	28  dyld                                0x0000000103ef53d0 start_sim + 20
	29  ???                                 0x0000000104177e00 0x0 + 4363615744
)
2026-08-17 11:25:39.313 I  YourSofia[98845:31edf9] [com.wix.Detox:DetoxInstrumentsManager] Called stop but no recording in progress
2026-08-17 11:25:39.315 Db YourSofia[98845:31ee5b] [com.apple.CFNetwork:ATS] Task <91FDF068-C09D-421F-9141-F07EF6C43381>.<1> {strength 1, tls 8, sub 0, sig 0, ciphers 1, bundle 0, builtin 0}
2026-08-17 11:25:39.315 Df YourSofia[98845:31ee5b] [com.apple.CFNetwork:Default] Connection 0: creating secure tcp or quic connection
2026-08-17 11:25:39.318 I  YourSofia[98845:31ee5b] [com.apple.network:connection] nw_connection_create_with_id [C2] create connection to Hostname#0899b70b:443
2026-08-17 11:25:39.318 I  YourSofia[98845:31ee5b] [com.apple.network:connection] nw_connection_create_with_id_block_invoke [C2] has alternative UNKNOWN for quic
2026-08-17 11:25:39.318 Df YourSofia[98845:31ee5b] [com.apple.CFNetwork:Default] Connection 2: enabling TLS
2026-08-17 11:25:39.318 Df YourSofia[98845:31ee5b] [com.apple.CFNetwork:Default] Connection 2: starting, TC(0x0)
2026-08-17 11:25:39.318 Df YourSofia[98845:31ee5b] [com.apple.network:connection] [C2 1DE6A38B-6A57-4E2A-BC2A-4B72FD29F3A9 Hostname#0899b70b:443 quic-connection, url: https://u.expo.dev/8c71d3db-2519-4b4d-a33f-4a5e3b2c2661, definite, attribution: developer, context: com.apple.CFNetwork.NSURLSession.{A02EB107-691C-4504-A92A-3F4F28348444}{(null)}{Y}{2}{0x0} (private), proc: E262C6F4-77EE-382F-8323-FAC9A1A02BBD, delegated upid: 0] start
2026-08-17 11:25:39.318 I  YourSofia[98845:31ee5b] [com.apple.network:connection] nw_endpoint_handler_start [C2 Hostname#0899b70b:443 initial parent-flow ((null))]
2026-08-17 11:25:39.318 Df YourSofia[98845:31ee5b] [com.apple.network:connection] [C2 Hostname#0899b70b:443 initial parent-flow ((null))] event: path:start @0.000s
2026-08-17 11:25:39.319 Db YourSofia[98845:31ee5b] [com.apple.network:connection] nw_endpoint_handler_path_change [C2 Hostname#0899b70b:443 waiting parent-flow (satisfied (Path is satisfied), interface: en0[802.11], uses wifi, LQM: unknown)]
2026-08-17 11:25:39.319 Db YourSofia[98845:31ee5b] [com.apple.networkextension:] ne_tracker_check_is_hostname_blocked() proceeding with the in_the_app check for hostname: u.expo.dev
2026-08-17 11:25:39.319 Db YourSofia[98845:31ee5b] [com.apple.CFBundle:resources] Resource lookup at CFBundle 0x600003b042a0 </Users/valentinasenov/Library/Developer/CoreSimulator/Devices/98FA5BD8-5D12-4B35-9A26-3AEBCADAFC8A/data/Containers/Bundle/Application/12B90C3A-72F3-447D-B35C-244E0D70240B/YourSofia.app> (executable, loaded)
	Request       : InfoPlist type: strings
	Result        : None
2026-08-17 11:25:39.319 Db YourSofia[98845:31ee5b] [com.apple.CFBundle:resources] Resource lookup at CFBundle 0x600003b042a0 </Users/valentinasenov/Library/Developer/CoreSimulator/Devices/98FA5BD8-5D12-4B35-9A26-3AEBCADAFC8A/data/Containers/Bundle/Application/12B90C3A-72F3-447D-B35C-244E0D70240B/YourSofia.app> (executable, loaded)
	Request       : InfoPlist type: stringsdict
	Result        : None
2026-08-17 11:25:39.319 Db YourSofia[98845:31ee5b] [com.apple.networkextension:] ne_tracker_check_is_hostname_blocked(): hostname u.expo.dev is not a tracker. Returning: ne_tracker_status_none
2026-08-17 11:25:39.319 Df YourSofia[98845:31ee5b] [com.apple.network:connection] [C2 Hostname#0899b70b:443 waiting parent-flow (satisfied (Path is satisfied), interface: en0[802.11], uses wifi, LQM: unknown)] event: path:satisfied @0.001s, uuid: AD9A096C-B48B-471D-9FE5-60408F0185B9
2026-08-17 11:25:39.319 I  YourSofia[98845:31ee5b] [com.apple.network:connection] nw_connection_endpoint_report_on_nw_queue_block_invoke [C2 Hostname#0899b70b:443 waiting parent-flow (satisfied (Path is satisfied), interface: en0[802.11], uses wifi, LQM: unknown)] skipping state update
2026-08-17 11:25:39.319 Db YourSofia[98845:31ee5b] [com.apple.network:connection] nw_endpoint_flow_attach_protocols [C2 Hostname#0899b70b:443 in_progress parent-flow (satisfied (Path is satisfied), interface: en0[802.11], uses wifi, LQM: unknown)]
2026-08-17 11:25:39.319 Db YourSofia[98845:31ee5b] [com.apple.network:connection] nw_endpoint_flow_attach_protocols [C2 Hostname#0899b70b:443 in_progress parent-flow (satisfied (Path is satisfied), interface: en0[802.11], uses wifi, LQM: unknown)] stopping after adding persistent application protocols
2026-08-17 11:25:39.319 Db YourSofia[98845:31ee5b] [com.apple.network:connection] nw_endpoint_flow_setup_protocols [C2 Hostname#0899b70b:443 in_progress parent-flow (satisfied (Path is satisfied), interface: en0[802.11], uses wifi, LQM: unknown)] persistent protocol stack, starting
2026-08-17 11:25:39.319 Df YourSofia[98845:31ee5b] [com.apple.network:connection] [C2 Hostname#0899b70b:443 in_progress parent-flow (satisfied (Path is satisfied), interface: en0[802.11], uses wifi, LQM: unknown)] event: flow:start_connect @0.001s
2026-08-17 11:25:39.320 Df YourSofia[98845:31ee5b] [com.apple.network:connection] nw_connection_report_state_with_handler_on_nw_queue [C2] reporting state preparing
2026-08-17 11:25:39.320 I  YourSofia[98845:31ee5b] [com.apple.network:connection] nw_endpoint_flow_connect [C2 Hostname#0899b70b:443 in_progress parent-flow (satisfied (Path is satisfied), interface: en0[802.11], uses wifi, LQM: unknown)] connect bottom protocol
2026-08-17 11:25:39.320 Db YourSofia[98845:31ee5b] [com.apple.network:connection] nw_endpoint_flow_start_child [C2 Hostname#0899b70b:443 in_progress parent-flow (satisfied (Path is satisfied), interface: en0[802.11], uses wifi, LQM: unknown)] creating and starting child handler
2026-08-17 11:25:39.320 Db YourSofia[98845:31ee5b] [com.apple.network:] nw_endpoint_proxy_handler_should_use_proxy Looking up proxy for hostname: u.expo.dev, ifindex: 0
2026-08-17 11:25:39.320 Db YourSofia[98845:31ee5b] [com.apple.SystemConfiguration:SCPreferences] create <SCPreferences 0x104f04e40 [0x1e6193a48]> {name = SCDynamicStoreCopyProxiesWithOptions, id = /Library/Managed Preferences/mobile/com.apple.SystemConfiguration.plist, path = /Library/Managed Preferences/mobile/com.apple.SystemConfiguration.plist}
2026-08-17 11:25:39.320 Db YourSofia[98845:31ee5b] [com.apple.SystemConfiguration:SCPreferences] SCPreferences() access: /Library/Managed Preferences/mobile/com.apple.SystemConfiguration.plist, size=0
2026-08-17 11:25:39.320 Db YourSofia[98845:31ee5b] [com.apple.SystemConfiguration:SCPreferences] release <SCPreferences 0x104f04e40 [0x1e6193a48]> {name = SCDynamicStoreCopyProxiesWithOptions, id = /Library/Managed Preferences/mobile/com.apple.SystemConfiguration.plist, path = /Library/Managed Preferences/mobile/com.apple.SystemConfiguration.plist, accessed}
2026-08-17 11:25:39.327 Df YourSofia[98845:31ee5b] [com.apple.network:connection] [C2 Hostname#0899b70b:443 in_progress parent-flow (satisfied (Path is satisfied), interface: en0[802.11], uses wifi, LQM: unknown)] event: flow:start_child @0.009s
2026-08-17 11:25:39.328 I  YourSofia[98845:31ee5b] [com.apple.network:connection] nw_endpoint_handler_start [C2.1 Hostname#0899b70b:443 initial path ((null))]
2026-08-17 11:25:39.328 Db YourSofia[98845:31ee5b] [com.apple.network:connection] nw_endpoint_flow_receive_report [C2 Hostname#0899b70b:443 in_progress parent-flow (satisfied (Path is satisfied), interface: en0[802.11], uses wifi, LQM: unknown)] received child report: [C2.1 Hostname#0899b70b:443 initial path ((null))]
2026-08-17 11:25:39.328 Df YourSofia[98845:31ee5b] [com.apple.network:connection] [C2.1 Hostname#0899b70b:443 initial path ((null))] event: path:start @0.010s
2026-08-17 11:25:39.328 Db YourSofia[98845:31ee5b] [com.apple.network:connection] nw_endpoint_handler_path_change [C2.1 Hostname#0899b70b:443 waiting path (satisfied (Path is satisfied), interface: en0[802.11], uses wifi, LQM: unknown)]
2026-08-17 11:25:39.328 Db YourSofia[98845:31ee5b] [com.apple.networkextension:] ne_tracker_check_is_hostname_blocked() proceeding with the in_the_app check for hostname: u.expo.dev
2026-08-17 11:25:39.328 Db YourSofia[98845:31ee5b] [com.apple.CFBundle:resources] Resource lookup at CFBundle 0x600003b042a0 </Users/valentinasenov/Library/Developer/CoreSimulator/Devices/98FA5BD8-5D12-4B35-9A26-3AEBCADAFC8A/data/Containers/Bundle/Application/12B90C3A-72F3-447D-B35C-244E0D70240B/YourSofia.app> (executable, loaded)
	Request       : InfoPlist type: strings
	Result        : None
2026-08-17 11:25:39.328 Db YourSofia[98845:31ee5b] [com.apple.CFBundle:resources] Resource lookup at CFBundle 0x600003b042a0 </Users/valentinasenov/Library/Developer/CoreSimulator/Devices/98FA5BD8-5D12-4B35-9A26-3AEBCADAFC8A/data/Containers/Bundle/Application/12B90C3A-72F3-447D-B35C-244E0D70240B/YourSofia.app> (executable, loaded)
	Request       : InfoPlist type: stringsdict
	Result        : None
2026-08-17 11:25:39.330 Db YourSofia[98845:31ee5b] [com.apple.networkextension:] ne_tracker_check_is_hostname_blocked(): hostname u.expo.dev is not a tracker. Returning: ne_tracker_status_none
2026-08-17 11:25:39.331 Db YourSofia[98845:31ee5b] [com.apple.network:connection] nw_endpoint_flow_receive_report [C2 Hostname#0899b70b:443 in_progress parent-flow (satisfied (Path is satisfied), interface: en0[802.11], uses wifi, LQM: unknown)] received child report: [C2.1 Hostname#0899b70b:443 waiting path (satisfied (Path is satisfied), interface: en0[802.11], uses wifi, LQM: unknown)]
2026-08-17 11:25:39.331 Df YourSofia[98845:31ee5b] [com.apple.network:connection] [C2.1 Hostname#0899b70b:443 waiting path (satisfied (Path is satisfied), interface: en0[802.11], uses wifi, LQM: unknown)] event: path:satisfied @0.012s, uuid: AD9A096C-B48B-471D-9FE5-60408F0185B9
2026-08-17 11:25:39.331 Db YourSofia[98845:31ee5b] [com.apple.network:connection] -[NWConcrete_nw_endpoint_transform startWithHandler:] [C2.1 Hostname#0899b70b:443 waiting transform (satisfied (Path is satisfied), interface: en0[802.11], uses wifi, LQM: unknown)]
2026-08-17 11:25:39.331 Db YourSofia[98845:31ee5b] [com.apple.network:connection] nw_endpoint_flow_receive_report [C2 Hostname#0899b70b:443 in_progress parent-flow (satisfied (Path is satisfied), interface: en0[802.11], uses wifi, LQM: unknown)] received child report: [C2.1 Hostname#0899b70b:443 in_progress transform (satisfied (Path is satisfied), interface: en0[802.11], uses wifi, LQM: unknown)]
2026-08-17 11:25:39.331 Df YourSofia[98845:31ee5b] [com.apple.network:connection] [C2.1 Hostname#0899b70b:443 in_progress transform (satisfied (Path is satisfied), interface: en0[802.11], uses wifi, LQM: unknown)] event: transform:start @0.012s
2026-08-17 11:25:39.331 Db YourSofia[98845:31ee5b] [com.apple.network:connection] nw_endpoint_transform_add_children_block_invoke [C2.1 Hostname#0899b70b:443 in_progress transform (satisfied (Path is satisfied), interface: en0[802.11], uses wifi, LQM: unknown)] Transform including protocol quic cannot be used, unknown endpoint
2026-08-17 11:25:39.331 I  YourSofia[98845:31ee5b] [com.apple.network:connection] nw_endpoint_handler_start [C2.1.1 Hostname#0899b70b:443 initial path ((null))]
2026-08-17 11:25:39.331 Db YourSofia[98845:31ee5b] [com.apple.network:connection] nw_endpoint_transform_receive_report [C2.1 Hostname#0899b70b:443 in_progress transform (satisfied (Path is satisfied), interface: en0[802.11], uses wifi, LQM: unknown)] received child report: [C2.1.1 Hostname#0899b70b:443 initial path ((null))]
2026-08-17 11:25:39.331 Db YourSofia[98845:31ee5b] [com.apple.network:connection] nw_endpoint_flow_receive_report [C2 Hostname#0899b70b:443 in_progress parent-flow (satisfied (Path is satisfied), interface: en0[802.11], uses wifi, LQM: unknown)] received child report: [C2.1.1 Hostname#0899b70b:443 initial path ((null))]
2026-08-17 11:25:39.331 Df YourSofia[98845:31ee5b] [com.apple.network:connection] [C2.1.1 Hostname#0899b70b:443 initial path ((null))] event: path:start @0.013s
2026-08-17 11:25:39.331 Db YourSofia[98845:31ee5b] [com.apple.network:connection] nw_endpoint_handler_path_change [C2.1.1 Hostname#0899b70b:443 waiting path (satisfied (Path is satisfied), interface: en0[802.11], uses wifi, LQM: unknown)]
2026-08-17 11:25:39.332 Db YourSofia[98845:31ee5b] [com.apple.networkextension:] ne_tracker_check_is_hostname_blocked() proceeding with the in_the_app check for hostname: u.expo.dev
2026-08-17 11:25:39.332 Db YourSofia[98845:31ee5b] [com.apple.CFBundle:resources] Resource lookup at CFBundle 0x600003b042a0 </Users/valentinasenov/Library/Developer/CoreSimulator/Devices/98FA5BD8-5D12-4B35-9A26-3AEBCADAFC8A/data/Containers/Bundle/Application/12B90C3A-72F3-447D-B35C-244E0D70240B/YourSofia.app> (executable, loaded)
	Request       : InfoPlist type: strings
	Result        : None
2026-08-17 11:25:39.333 Db YourSofia[98845:31ee5b] [com.apple.CFBundle:resources] Resource lookup at CFBundle 0x600003b042a0 </Users/valentinasenov/Library/Developer/CoreSimulator/Devices/98FA5BD8-5D12-4B35-9A26-3AEBCADAFC8A/data/Containers/Bundle/Application/12B90C3A-72F3-447D-B35C-244E0D70240B/YourSofia.app> (executable, loaded)
	Request       : InfoPlist type: stringsdict
	Result        : None
2026-08-17 11:25:39.333 Db YourSofia[98845:31ee5b] [com.apple.networkextension:] ne_tracker_check_is_hostname_blocked(): hostname u.expo.dev is not a tracker. Returning: ne_tracker_status_none
2026-08-17 11:25:39.333 Db YourSofia[98845:31ee5b] [com.apple.network:connection] nw_endpoint_transform_receive_report [C2.1 Hostname#0899b70b:443 in_progress transform (satisfied (Path is satisfied), interface: en0[802.11], uses wifi, LQM: unknown)] received child report: [C2.1.1 Hostname#0899b70b:443 waiting path (satisfied (Path is satisfied), interface: en0[802.11], uses wifi, LQM: unknown)]
2026-08-17 11:25:39.333 Db YourSofia[98845:31ee5b] [com.apple.network:connection] nw_endpoint_flow_receive_report [C2 Hostname#0899b70b:443 in_progress parent-flow (satisfied (Path is satisfied), interface: en0[802.11], uses wifi, LQM: unknown)] received child report: [C2.1.1 Hostname#0899b70b:443 waiting path (satisfied (Path is satisfied), interface: en0[802.11], uses wifi, LQM: unknown)]
2026-08-17 11:25:39.333 Df YourSofia[98845:31ee5b] [com.apple.network:connection] [C2.1.1 Hostname#0899b70b:443 waiting path (satisfied (Path is satisfied), interface: en0[802.11], uses wifi, LQM: unknown)] event: path:satisfied @0.015s, uuid: 32F272A7-0D54-40AE-A29E-6E1A5840A77A
2026-08-17 11:25:39.333 Db YourSofia[98845:31ee5b] [com.apple.network:] nw_endpoint_proxy_handler_should_use_proxy Looking up proxy for hostname: u.expo.dev, ifindex: 0
2026-08-17 11:25:39.333 Db YourSofia[98845:31ee5b] [com.apple.SystemConfiguration:SCPreferences] create <SCPreferences 0x104d19320 [0x1e6193a48]> {name = SCDynamicStoreCopyProxiesWithOptions, id = /Library/Managed Preferences/mobile/com.apple.SystemConfiguration.plist, path = /Library/Managed Preferences/mobile/com.apple.SystemConfiguration.plist}
2026-08-17 11:25:39.333 Db YourSofia[98845:31ee5b] [com.apple.SystemConfiguration:SCPreferences] SCPreferences() access: /Library/Managed Preferences/mobile/com.apple.SystemConfiguration.plist, size=0
2026-08-17 11:25:39.334 Db YourSofia[98845:31ee5b] [com.apple.SystemConfiguration:SCPreferences] release <SCPreferences 0x104d19320 [0x1e6193a48]> {name = SCDynamicStoreCopyProxiesWithOptions, id = /Library/Managed Preferences/mobile/com.apple.SystemConfiguration.plist, path = /Library/Managed Preferences/mobile/com.apple.SystemConfiguration.plist, accessed}
2026-08-17 11:25:39.335 Db YourSofia[98845:31ee5b] [com.apple.network:connection] -[NWConcrete_nw_endpoint_resolver startWithHandler:] [C2.1.1 Hostname#0899b70b:443 waiting resolver (satisfied (Path is satisfied), interface: en0[802.11], uses wifi, LQM: unknown)]
2026-08-17 11:25:39.336 Db YourSofia[98845:31ee5b] [com.apple.network:connection] nw_endpoint_transform_receive_report [C2.1 Hostname#0899b70b:443 in_progress transform (satisfied (Path is satisfied), interface: en0[802.11], uses wifi, LQM: unknown)] received child report: [C2.1.1 Hostname#0899b70b:443 in_progress resolver (satisfied (Path is satisfied), interface: en0[802.11], uses wifi, LQM: unknown)]
2026-08-17 11:25:39.336 Db YourSofia[98845:31ee5b] [com.apple.network:connection] nw_endpoint_flow_receive_report [C2 Hostname#0899b70b:443 in_progress parent-flow (satisfied (Path is satisfied), interface: en0[802.11], uses wifi, LQM: unknown)] received child report: [C2.1.1 Hostname#0899b70b:443 in_progress resolver (satisfied (Path is satisfied), interface: en0[802.11], uses wifi, LQM: unknown)]
2026-08-17 11:25:39.336 Df YourSofia[98845:31ee5b] [com.apple.network:connection] [C2.1.1 Hostname#0899b70b:443 in_progress resolver (satisfied (Path is satisfied), interface: en0[802.11], uses wifi, LQM: unknown)] event: resolver:start_dns @0.017s
2026-08-17 11:25:39.336 Db YourSofia[98845:31ee5b] [com.apple.networkextension:] ne_tracker_check_is_hostname_blocked() proceeding with the in_the_app check for hostname: u.expo.dev
2026-08-17 11:25:39.336 Db YourSofia[98845:31ee5b] [com.apple.CFBundle:resources] Resource lookup at CFBundle 0x600003b042a0 </Users/valentinasenov/Library/Developer/CoreSimulator/Devices/98FA5BD8-5D12-4B35-9A26-3AEBCADAFC8A/data/Containers/Bundle/Application/12B90C3A-72F3-447D-B35C-244E0D70240B/YourSofia.app> (executable, loaded)
	Request       : InfoPlist type: strings
	Result        : None
2026-08-17 11:25:39.336 Db YourSofia[98845:31ee5b] [com.apple.CFBundle:resources] Resource lookup at CFBundle 0x600003b042a0 </Users/valentinasenov/Library/Developer/CoreSimulator/Devices/98FA5BD8-5D12-4B35-9A26-3AEBCADAFC8A/data/Containers/Bundle/Application/12B90C3A-72F3-447D-B35C-244E0D70240B/YourSofia.app> (executable, loaded)
	Request       : InfoPlist type: stringsdict
	Result        : None
2026-08-17 11:25:39.336 Db YourSofia[98845:31ee5b] [com.apple.networkextension:] ne_tracker_check_is_hostname_blocked(): hostname u.expo.dev is not a tracker. Returning: ne_tracker_status_none
2026-08-17 11:25:39.337 I  YourSofia[98845:31ee5b] [com.apple.network:connection] nw_resolver_create_dns_service_locked [C2.1.1] Starting host resolution Hostname#0899b70b:443, flags 0xc000d000 proto 0
2026-08-17 11:25:39.337 Df YourSofia[98845:31ee5b] [com.apple.CFNetwork:Default] Task <91FDF068-C09D-421F-9141-F07EF6C43381>.<1> setting up Connection 2
2026-08-17 11:25:39.337 Db YourSofia[98845:31ee5b] [com.apple.network:activity] Returning should log: 0 for activity cfnetwork:foreground_task
2026-08-17 11:25:39.337 I  YourSofia[98845:31ee5b] [com.apple.network:connection] nw_resolver_host_resolve_callback [C2.1.1] flags=0x40000003 ifindex=0 error=NoSuchRecord(-65554) hostname=u.expo.dev. addr=IN6ADDR_ANY ttl=60
2026-08-17 11:25:39.337 I  YourSofia[98845:31ee5b] [com.apple.network:connection] nw_resolver_host_resolve_callback [C2.1.1] flags=0x40000003 ifindex=0 error=NoError(0) hostname=u.expo.dev. addr=IPv4#2f768124 ttl=377
2026-08-17 11:25:39.337 I  YourSofia[98845:31ee5b] [com.apple.network:connection] nw_resolver_host_resolve_callback [C2.1.1] flags=0x40000002 ifindex=0 error=NoError(0) hostname=u.expo.dev. addr=IPv4#f35c6111 ttl=377
2026-08-17 11:25:39.337 Db YourSofia[98845:31ee5b] [com.apple.network:] sa_dst_compare_statistics not prefering 1, dst1 min rtt 2.000000 < dst2 min rtt 4.781250, leeway 100 small leeway 10
2026-08-17 11:25:39.337 Db YourSofia[98845:31ee5b] [com.apple.network:] sa_dst_compare_internal <private>@0 = <private>@0
2026-08-17 11:25:39.338 Db YourSofia[98845:31ee5b] [com.apple.network:connection] nw_endpoint_resolver_update [C2.1.1 Hostname#0899b70b:443 in_progress resolver (satisfied (Path is satisfied), interface: en0[802.11], uses wifi, LQM: unknown)] resolver is complete
2026-08-17 11:25:39.338 Df YourSofia[98845:31ee5b] [com.apple.network:connection] nw_endpoint_resolver_update [C2.1.1 Hostname#0899b70b:443 in_progress resolver (satisfied (Path is satisfied), interface: en0[802.11], uses wifi, LQM: unknown)] Adding endpoint handler for IPv4#a896d2e1:443
2026-08-17 11:25:39.338 Df YourSofia[98845:31ee5b] [com.apple.network:connection] nw_endpoint_resolver_update [C2.1.1 Hostname#0899b70b:443 in_progress resolver (satisfied (Path is satisfied), interface: en0[802.11], uses wifi, LQM: unknown)] Adding endpoint handler for IPv4#401e1f5a:443
2026-08-17 11:25:39.338 Db YourSofia[98845:31ee5b] [com.apple.network:connection] nw_endpoint_resolver_update [C2.1.1 Hostname#0899b70b:443 in_progress resolver (satisfied (Path is satisfied), interface: en0[802.11], uses wifi, LQM: unknown)] Updated endpoint list is (IPv4#a896d2e1:443,IPv4#401e1f5a:443)
2026-08-17 11:25:39.338 Db YourSofia[98845:31ee5b] [com.apple.network:connection] nw_endpoint_transform_receive_report [C2.1 Hostname#0899b70b:443 in_progress transform (satisfied (Path is satisfied), interface: en0[802.11], uses wifi, LQM: unknown)] received child report: [C2.1.1 Hostname#0899b70b:443 in_progress resolver (satisfied (Path is satisfied), interface: en0[802.11], uses wifi, LQM: unknown)]
2026-08-17 11:25:39.338 Db YourSofia[98845:31ee5b] [com.apple.network:connection] nw_endpoint_flow_receive_report [C2 Hostname#0899b70b:443 in_progress parent-flow (satisfied (Path is satisfied), interface: en0[802.11], uses wifi, LQM: unknown)] received child report: [C2.1.1 Hostname#0899b70b:443 in_progress resolver (satisfied (Path is satisfied), interface: en0[802.11], uses wifi, LQM: unknown)]
2026-08-17 11:25:39.338 Df YourSofia[98845:31ee5b] [com.apple.network:connection] [C2.1.1 Hostname#0899b70b:443 in_progress resolver (satisfied (Path is satisfied), interface: en0[802.11], uses wifi, LQM: unknown)] event: resolver:receive_dns @0.020s
2026-08-17 11:25:39.339 I  YourSofia[98845:31ee5b] [com.apple.network:connection] nw_endpoint_resolver_start_next_child [C2.1.1 Hostname#0899b70b:443 in_progress resolver (satisfied (Path is satisfied), interface: en0[802.11], uses wifi, LQM: unknown)] starting child endpoint IPv4#a896d2e1:443
2026-08-17 11:25:39.339 I  YourSofia[98845:31ee5b] [com.apple.network:connection] nw_endpoint_handler_start [C2.1.1.1 IPv4#a896d2e1:443 initial path ((null))]
2026-08-17 11:25:39.339 Db YourSofia[98845:31ee5b] [com.apple.network:connection] nw_endpoint_resolver_receive_report [C2.1.1 Hostname#0899b70b:443 in_progress resolver (satisfied (Path is satisfied), interface: en0[802.11], uses wifi, LQM: unknown)] received child report: [C2.1.1.1 IPv4#a896d2e1:443 initial path ((null))]
2026-08-17 11:25:39.342 Db YourSofia[98845:31ee5b] [com.apple.network:connection] nw_endpoint_transform_receive_report [C2.1 Hostname#0899b70b:443 in_progress transform (satisfied (Path is satisfied), interface: en0[802.11], uses wifi, LQM: unknown)] received child report: [C2.1.1.1 IPv4#a896d2e1:443 initial path ((null))]
2026-08-17 11:25:39.342 Db YourSofia[98845:31ee5b] [com.apple.network:connection] nw_endpoint_flow_receive_report [C2 Hostname#0899b70b:443 in_progress parent-flow (satisfied (Path is satisfied), interface: en0[802.11], uses wifi, LQM: unknown)] received child report: [C2.1.1.1 IPv4#a896d2e1:443 initial path ((null))]
2026-08-17 11:25:39.343 Df YourSofia[98845:31ee5b] [com.apple.network:connection] [C2.1.1.1 IPv4#a896d2e1:443 initial path ((null))] event: path:start @0.025s
2026-08-17 11:25:39.343 Db YourSofia[98845:31ee5b] [com.apple.network:connection] nw_endpoint_handler_path_change [C2.1.1.1 IPv4#a896d2e1:443 waiting path (satisfied (Path is satisfied), interface: en0[802.11], uses wifi, LQM: unknown)]
2026-08-17 11:25:39.343 Db YourSofia[98845:31ee5b] [com.apple.network:connection] nw_endpoint_resolver_receive_report [C2.1.1 Hostname#0899b70b:443 in_progress resolver (satisfied (Path is satisfied), interface: en0[802.11], uses wifi, LQM: unknown)] received child report: [C2.1.1.1 IPv4#a896d2e1:443 waiting path (satisfied (Path is satisfied), interface: en0[802.11], uses wifi, LQM: unknown)]
2026-08-17 11:25:39.343 Db YourSofia[98845:31ee5b] [com.apple.network:connection] nw_endpoint_transform_receive_report [C2.1 Hostname#0899b70b:443 in_progress transform (satisfied (Path is satisfied), interface: en0[802.11], uses wifi, LQM: unknown)] received child report: [C2.1.1.1 IPv4#a896d2e1:443 waiting path (satisfied (Path is satisfied), interface: en0[802.11], uses wifi, LQM: unknown)]
2026-08-17 11:25:39.343 Db YourSofia[98845:31ee5b] [com.apple.network:connection] nw_endpoint_flow_receive_report [C2 Hostname#0899b70b:443 in_progress parent-flow (satisfied (Path is satisfied), interface: en0[802.11], uses wifi, LQM: unknown)] received child report: [C2.1.1.1 IPv4#a896d2e1:443 waiting path (satisfied (Path is satisfied), interface: en0[802.11], uses wifi, LQM: unknown)]
2026-08-17 11:25:39.343 Df YourSofia[98845:31ee5b] [com.apple.network:connection] [C2.1.1.1 IPv4#a896d2e1:443 waiting path (satisfied (Path is satisfied), interface: en0[802.11], uses wifi, LQM: unknown)] event: path:satisfied @0.025s, uuid: 86C4D0AF-9937-4CB7-ABD0-535D611EC6E5
2026-08-17 11:25:39.344 Db YourSofia[98845:31ee5b] [com.apple.network:] nw_endpoint_proxy_handler_should_use_proxy Looking up proxy for hostname: <nil>, ifindex: 0
2026-08-17 11:25:39.344 Db YourSofia[98845:31ee5b] [com.apple.SystemConfiguration:SCPreferences] create <SCPreferences 0x104f06fd0 [0x1e6193a48]> {name = SCDynamicStoreCopyProxiesWithOptions, id = /Library/Managed Preferences/mobile/com.apple.SystemConfiguration.plist, path = /Library/Managed Preferences/mobile/com.apple.SystemConfiguration.plist}
2026-08-17 11:25:39.344 Db YourSofia[98845:31ee5b] [com.apple.SystemConfiguration:SCPreferences] SCPreferences() access: /Library/Managed Preferences/mobile/com.apple.SystemConfiguration.plist, size=0
2026-08-17 11:25:39.344 Db YourSofia[98845:31ee5b] [com.apple.SystemConfiguration:SCPreferences] release <SCPreferences 0x104f06fd0 [0x1e6193a48]> {name = SCDynamicStoreCopyProxiesWithOptions, id = /Library/Managed Preferences/mobile/com.apple.SystemConfiguration.plist, path = /Library/Managed Preferences/mobile/com.apple.SystemConfiguration.plist, accessed}
2026-08-17 11:25:39.344 I  YourSofia[98845:31ee5b] [com.apple.network:connection] nw_association_create_flow <nw_association IPv4#a896d2e1:443> Added association flow ID 2B9ACDDC-96B1-44EC-B828-D14E0FE3BC89
2026-08-17 11:25:39.344 I  YourSofia[98845:31ee5b] [com.apple.network:connection] nw_endpoint_flow_setup_protocols [C2.1.1.1 IPv4#a896d2e1:443 in_progress socket-flow (satisfied (Path is satisfied), interface: en0[802.11], uses wifi, LQM: unknown)] setup flow id 2B9ACDDC-96B1-44EC-B828-D14E0FE3BC89
2026-08-17 11:25:39.344 Db YourSofia[98845:31ee5b] [com.apple.network:connection] nw_endpoint_flow_attach_protocols [C2.1.1.1 IPv4#a896d2e1:443 in_progress socket-flow (satisfied (Path is satisfied), interface: en0[802.11], uses wifi, LQM: unknown)]
2026-08-17 11:25:39.344 Db YourSofia[98845:31ee5b] [com.apple.network:connection] nw_endpoint_flow_attach_protocols_block_invoke [C2.1.1.1 IPv4#a896d2e1:443 in_progress socket-flow (satisfied (Path is satisfied), interface: en0[802.11], uses wifi, LQM: unknown)] Attached application protocol: CFNetworkConnection-3551300980
2026-08-17 11:25:39.344 Db YourSofia[98845:31ee5b] [com.apple.network:connection] nw_endpoint_flow_attach_protocols_block_invoke [C2.1.1.1 IPv4#a896d2e1:443 in_progress socket-flow (satisfied (Path is satisfied), interface: en0[802.11], uses wifi, LQM: unknown)] Attached application protocol: tls
2026-08-17 11:25:39.344 Db YourSofia[98845:31ee5b] [com.apple.network:] nw_fd_wrapper_create Created <fd_wrapper 14, guarded: false>
2026-08-17 11:25:39.344 Db YourSofia[98845:31ee5b] [com.apple.network:connection] nw_endpoint_flow_attach_protocols [C2.1.1.1 IPv4#a896d2e1:443 in_progress socket-flow (satisfied (Path is satisfied), interface: en0[802.11], uses wifi, LQM: unknown)] Attached socket protocol
2026-08-17 11:25:39.344 Db YourSofia[98845:31ee5b] [com.apple.network:connection] nw_endpoint_flow_setup_protocols [C2.1.1.1 IPv4#a896d2e1:443 in_progress socket-flow (satisfied (Path is satisfied), interface: en0[802.11], uses wifi, LQM: unknown)] leaf flow starting
2026-08-17 11:25:39.344 Db YourSofia[98845:31ee5b] [com.apple.network:connection] nw_endpoint_resolver_receive_report [C2.1.1 Hostname#0899b70b:443 in_progress resolver (satisfied (Path is satisfied), interface: en0[802.11], uses wifi, LQM: unknown)] received child report: [C2.1.1.1 IPv4#a896d2e1:443 in_progress socket-flow (satisfied (Path is satisfied), interface: en0[802.11], uses wifi, LQM: unknown)]
2026-08-17 11:25:39.344 Db YourSofia[98845:31ee5b] [com.apple.network:connection] nw_endpoint_transform_receive_report [C2.1 Hostname#0899b70b:443 in_progress transform (satisfied (Path is satisfied), interface: en0[802.11], uses wifi, LQM: unknown)] received child report: [C2.1.1.1 IPv4#a896d2e1:443 in_progress socket-flow (satisfied (Path is satisfied), interface: en0[802.11], uses wifi, LQM: unknown)]
2026-08-17 11:25:39.344 Db YourSofia[98845:31ee5b] [com.apple.network:connection] nw_endpoint_flow_receive_report [C2 Hostname#0899b70b:443 in_progress parent-flow (satisfied (Path is satisfied), interface: en0[802.11], uses wifi, LQM: unknown)] received child report: [C2.1.1.1 IPv4#a896d2e1:443 in_progress socket-flow (satisfied (Path is satisfied), interface: en0[802.11], uses wifi, LQM: unknown)]
2026-08-17 11:25:39.344 Df YourSofia[98845:31ee5b] [com.apple.network:connection] [C2.1.1.1 IPv4#a896d2e1:443 in_progress socket-flow (satisfied (Path is satisfied), interface: en0[802.11], uses wifi, LQM: unknown)] event: flow:start_connect @0.026s
2026-08-17 11:25:39.344 I  YourSofia[98845:31ee5b] [com.apple.network:boringssl] boringssl_context_restore_ssl_context(2867) [0x104a47b80] New context
2026-08-17 11:25:39.344 I  YourSofia[98845:31ee5b] [com.apple.network:connection] nw_endpoint_resolver_start_next_child [C2.1.1 Hostname#0899b70b:443 in_progress resolver (satisfied (Path is satisfied), interface: en0[802.11], uses wifi, LQM: unknown)] starting next child endpoint in 100ms
2026-08-17 11:25:39.388 Db YourSofia[98845:31ee5b] [com.apple.network:connection] nw_socket_handle_socket_event [C2.1.1.1:3] Event mask: 0x800
2026-08-17 11:25:39.388 Df YourSofia[98845:31ee5b] [com.apple.network:connection] nw_socket_handle_socket_event [C2.1.1.1:3] Socket received CONNECTED event
2026-08-17 11:25:39.388 Db YourSofia[98845:31ee5b] [com.apple.network:connection] nw_socket_setup_notsent_lowat [C2.1.1.1:3] Set TCP_NOTSENT_LOWAT(16384)
2026-08-17 11:25:39.388 Df YourSofia[98845:31ee5b] [com.apple.network:connection] nw_flow_connected [C2.1.1.1 IPv4#a896d2e1:443 in_progress socket-flow (satisfied (Path is satisfied), interface: en0[802.11], uses wifi, LQM: unknown)] Transport protocol connected (socket)
2026-08-17 11:25:39.388 Db YourSofia[98845:31ee5b] [com.apple.network:connection] nw_endpoint_resolver_receive_report [C2.1.1 Hostname#0899b70b:443 in_progress resolver (satisfied (Path is satisfied), interface: en0[802.11], uses wifi, LQM: unknown)] received child report: [C2.1.1.1 IPv4#a896d2e1:443 in_progress socket-flow (satisfied (Path is satisfied), interface: en0[802.11], uses wifi, LQM: unknown)]
2026-08-17 11:25:39.388 Db YourSofia[98845:31ee5b] [com.apple.network:connection] nw_endpoint_transform_receive_report [C2.1 Hostname#0899b70b:443 in_progress transform (satisfied (Path is satisfied), interface: en0[802.11], uses wifi, LQM: unknown)] received child report: [C2.1.1.1 IPv4#a896d2e1:443 in_progress socket-flow (satisfied (Path is satisfied), interface: en0[802.11], uses wifi, LQM: unknown)]
2026-08-17 11:25:39.388 Db YourSofia[98845:31ee5b] [com.apple.network:connection] nw_endpoint_flow_receive_report [C2 Hostname#0899b70b:443 in_progress parent-flow (satisfied (Path is satisfied), interface: en0[802.11], uses wifi, LQM: unknown)] received child report: [C2.1.1.1 IPv4#a896d2e1:443 in_progress socket-flow (satisfied (Path is satisfied), interface: en0[802.11], uses wifi, LQM: unknown)]
2026-08-17 11:25:39.389 Df YourSofia[98845:31ee5b] [com.apple.network:connection] [C2.1.1.1 IPv4#a896d2e1:443 in_progress socket-flow (satisfied (Path is satisfied), interface: en0[802.11], uses wifi, LQM: unknown)] event: flow:finish_transport @0.070s
2026-08-17 11:25:39.389 I  YourSofia[98845:31ee5b] [com.apple.network:connection] nw_endpoint_resolver_receive_report [C2.1.1 Hostname#0899b70b:443 in_progress resolver (satisfied (Path is satisfied), interface: en0[802.11], uses wifi, LQM: unknown)] pushing out endpoint race by 2000ms
2026-08-17 11:25:39.389 I  YourSofia[98845:31ee5b] [com.apple.network:boringssl] boringssl_context_set_ats_enforced(686) [C2.1.1.1:2][0x104a47b80] set false
2026-08-17 11:25:39.389 I  YourSofia[98845:31ee5b] [com.apple.network:boringssl] boringssl_context_set_ats_minimum_rsa_key_size(704) [C2.1.1.1:2][0x104a47b80] set 0
2026-08-17 11:25:39.389 I  YourSofia[98845:31ee5b] [com.apple.network:boringssl] boringssl_context_set_ats_minimum_ecdsa_key_size(713) [C2.1.1.1:2][0x104a47b80] set 0
2026-08-17 11:25:39.389 I  YourSofia[98845:31ee5b] [com.apple.network:boringssl] boringssl_context_set_ats_minimum_signature_algorithm(723) [C2.1.1.1:2][0x104a47b80] set 0
2026-08-17 11:25:39.389 I  YourSofia[98845:31ee5b] [com.apple.network:boringssl] boringssl_context_set_ats_non_pfs_ciphersuite_allowed(732) [C2.1.1.1:2][0x104a47b80] set false
2026-08-17 11:25:39.389 I  YourSofia[98845:31ee5b] [com.apple.network:boringssl] boringssl_context_set_old_ats_enforced(695) [C2.1.1.1:2][0x104a47b80] set true
2026-08-17 11:25:39.389 Db YourSofia[98845:31ee5b] [com.apple.network:boringssl] boringssl_session_apply_protocol_options_for_transport_block_invoke(2024) [C2.1.1.1:2][0x104a47b80] ECH is disabled
2026-08-17 11:25:39.389 Df YourSofia[98845:31ee5b] [com.apple.network:boringssl] boringssl_session_apply_protocol_options_for_transport_block_invoke_2(2324) [C2.1.1.1:2][0x104a47b80] TLS configured [min_version(0x0303) max_version(0x0304) name(redacted) tickets(false) false_start(false) enforce_ev(false) enforce_ats(false) ats_non_pfs_ciphersuite_allowed(false) ech(false) pqtls(true), pake(false)]
2026-08-17 11:25:39.389 I  YourSofia[98845:31ee5b] [com.apple.network:boringssl] boringssl_session_install_association_state(1546) [C2.1.1.1:2][0x104a47b80] Client session cache miss
2026-08-17 11:25:39.389 Db YourSofia[98845:31ee5b] [com.apple.network:boringssl] boringssl_session_set_state(830) [C2.1.1.1:2][0x104a47b80] boringssl session state changed from idle to connecting
2026-08-17 11:25:39.389 Df YourSofia[98845:31ee5b] [com.apple.network:boringssl] boringssl_context_info_handler(2449) [C2.1.1.1:2][0x104a47b80] Client handshake started
2026-08-17 11:25:39.389 Db YourSofia[98845:31ee5b] [com.apple.network:boringssl] boringssl_session_set_state(830) [C2.1.1.1:2][0x104a47b80] boringssl session state changed from connecting to connecting
2026-08-17 11:25:39.389 Db YourSofia[98845:31ee5b] [com.apple.network:boringssl] boringssl_context_log_message(2529) [C2.1.1.1:2][0x104a47b80] Writing SSL3_RT_HANDSHAKE 1514 bytes
2026-08-17 11:25:39.389 Df YourSofia[98845:31ee5b] [com.apple.network:boringssl] boringssl_context_info_handler(2466) [C2.1.1.1:2][0x104a47b80] Client handshake state: TLS client enter_early_data
2026-08-17 11:25:39.389 Db YourSofia[98845:31ee5b] [com.apple.network:boringssl] nw_protocol_boringssl_write_bytes(260) [C2.1.1.1:2][0x104a47b80] write request: 1519
2026-08-17 11:25:39.389 Db YourSofia[98845:31ee5b] [com.apple.network:boringssl] nw_protocol_boringssl_allocate_batching_frame(236) [C2.1.1.1:2][0x104a47b80] allocated new batching frame: 1519 bytes capacity
2026-08-17 11:25:39.389 Db YourSofia[98845:31ee5b] [com.apple.network:boringssl] nw_protocol_boringssl_write_to_batching_frame(186) [C2.1.1.1:2][0x104a47b80] wrote 1519 bytes to batching frame
2026-08-17 11:25:39.389 Db YourSofia[98845:31ee5b] [com.apple.network:boringssl] nw_protocol_boringssl_flush_batching_frame(144) [C2.1.1.1:2][0x104a47b80] flushed batching frame: frame full
2026-08-17 11:25:39.389 Db YourSofia[98845:31ee5b] [com.apple.network:boringssl] nw_protocol_boringssl_write_bytes(305) [C2.1.1.1:2][0x104a47b80] total bytes written: 1519
2026-08-17 11:25:39.389 Df YourSofia[98845:31ee5b] [com.apple.network:boringssl] boringssl_context_info_handler(2466) [C2.1.1.1:2][0x104a47b80] Client handshake state: TLS client read_server_hello
2026-08-17 11:25:39.390 Db YourSofia[98845:31ee5b] [com.apple.network:boringssl] nw_protocol_boringssl_read_bytes(370) [C2.1.1.1:2][0x104a47b80] read request: 5 byte(s)
2026-08-17 11:25:39.390 Db YourSofia[98845:31ee5b] [com.apple.network:boringssl] nw_protocol_boringssl_read_bytes(385) [C2.1.1.1:2][0x104a47b80] no input frames available
2026-08-17 11:25:39.390 I  YourSofia[98845:31ee5b] [com.apple.network:boringssl] boringssl_session_handshake_incomplete(257) [C2.1.1.1:2][0x104a47b80] Handshake incomplete: waiting for data to read [2]
2026-08-17 11:25:39.390 Db YourSofia[98845:31ee5b] [com.apple.network:boringssl] nw_protocol_boringssl_read_bytes(370) [C2.1.1.1:2][0x104a47b80] read request: 5 byte(s)
2026-08-17 11:25:39.390 Db YourSofia[98845:31ee5b] [com.apple.network:boringssl] nw_protocol_boringssl_read_bytes(385) [C2.1.1.1:2][0x104a47b80] no input frames available
2026-08-17 11:25:39.390 I  YourSofia[98845:31ee5b] [com.apple.network:boringssl] boringssl_session_handshake_incomplete(257) [C2.1.1.1:2][0x104a47b80] Handshake incomplete: waiting for data to read [2]
2026-08-17 11:25:39.440 Db YourSofia[98845:31ee5b] [com.apple.network:boringssl] nw_protocol_boringssl_input_available(1644) [C2.1.1.1:2][0x104a47b80] triggering input available
2026-08-17 11:25:39.440 Db YourSofia[98845:31ee5b] [com.apple.network:boringssl] nw_protocol_boringssl_read_bytes(370) [C2.1.1.1:2][0x104a47b80] read request: 5 byte(s)
2026-08-17 11:25:39.440 Db YourSofia[98845:31ee5b] [com.apple.network:boringssl] nw_protocol_boringssl_read_bytes(446) [C2.1.1.1:2][0x104a47b80] total bytes read: 5
2026-08-17 11:25:39.440 Db YourSofia[98845:31ee5b] [com.apple.network:boringssl] nw_protocol_boringssl_read_bytes(370) [C2.1.1.1:2][0x104a47b80] read request: 1210 byte(s)
2026-08-17 11:25:39.440 Db YourSofia[98845:31ee5b] [com.apple.network:boringssl] nw_protocol_boringssl_read_bytes(446) [C2.1.1.1:2][0x104a47b80] total bytes read: 1210
2026-08-17 11:25:39.440 Db YourSofia[98845:31ee5b] [com.apple.network:boringssl] boringssl_context_log_message(2529) [C2.1.1.1:2][0x104a47b80] Reading SSL3_RT_HANDSHAKE 1210 bytes
2026-08-17 11:25:39.440 Df YourSofia[98845:31ee5b] [com.apple.network:boringssl] boringssl_context_info_handler(2466) [C2.1.1.1:2][0x104a47b80] Client handshake state: TLS 1.3 client read_hello_retry_request
2026-08-17 11:25:39.440 Db YourSofia[98845:31ee5b] [com.apple.network:boringssl] boringssl_context_log_message(2529) [C2.1.1.1:2][0x104a47b80] Writing SSL3_RT_CHANGE_CIPHER_SPEC 1 bytes
2026-08-17 11:25:39.441 Df YourSofia[98845:31ee5b] [com.apple.network:boringssl] boringssl_context_info_handler(2466) [C2.1.1.1:2][0x104a47b80] Client handshake state: TLS 1.3 client read_server_hello
2026-08-17 11:25:39.441 Df YourSofia[98845:31ee5b] [com.apple.network:boringssl] boringssl_context_info_handler(2466) [C2.1.1.1:2][0x104a47b80] Client handshake state: TLS 1.3 client read_encrypted_extensions
2026-08-17 11:25:39.441 Db YourSofia[98845:31ee5b] [com.apple.network:boringssl] nw_protocol_boringssl_read_bytes(370) [C2.1.1.1:2][0x104a47b80] read request: 5 byte(s)
2026-08-17 11:25:39.441 Db YourSofia[98845:31ee5b] [com.apple.network:boringssl] nw_protocol_boringssl_read_bytes(446) [C2.1.1.1:2][0x104a47b80] total bytes read: 5
2026-08-17 11:25:39.441 Db YourSofia[98845:31ee5b] [com.apple.network:boringssl] nw_protocol_boringssl_read_bytes(370) [C2.1.1.1:2][0x104a47b80] read request: 1 byte(s)
2026-08-17 11:25:39.441 Db YourSofia[98845:31ee5b] [com.apple.network:boringssl] nw_protocol_boringssl_read_bytes(446) [C2.1.1.1:2][0x104a47b80] total bytes read: 1
2026-08-17 11:25:39.441 Db YourSofia[98845:31ee5b] [com.apple.network:boringssl] nw_protocol_boringssl_read_bytes(370) [C2.1.1.1:2][0x104a47b80] read request: 5 byte(s)
2026-08-17 11:25:39.441 Db YourSofia[98845:31ee5b] [com.apple.network:boringssl] nw_protocol_boringssl_read_bytes(446) [C2.1.1.1:2][0x104a47b80] total bytes read: 5
2026-08-17 11:25:39.441 Db YourSofia[98845:31ee5b] [com.apple.network:boringssl] nw_protocol_boringssl_read_bytes(370) [C2.1.1.1:2][0x104a47b80] read request: 2644 byte(s)
2026-08-17 11:25:39.441 Db YourSofia[98845:31ee5b] [com.apple.network:boringssl] nw_protocol_boringssl_read_bytes(446) [C2.1.1.1:2][0x104a47b80] total bytes read: 2644
2026-08-17 11:25:39.441 Db YourSofia[98845:31ee5b] [com.apple.network:boringssl] boringssl_context_log_message(2529) [C2.1.1.1:2][0x104a47b80] Reading SSL3_RT_HANDSHAKE 19 bytes
2026-08-17 11:25:39.441 Df YourSofia[98845:31ee5b] [com.apple.network:boringssl] boringssl_context_info_handler(2466) [C2.1.1.1:2][0x104a47b80] Client handshake state: TLS 1.3 client read_certificate_request
2026-08-17 11:25:39.441 Db YourSofia[98845:31ee5b] [com.apple.network:boringssl] boringssl_context_log_message(2529) [C2.1.1.1:2][0x104a47b80] Reading SSL3_RT_HANDSHAKE 2477 bytes
2026-08-17 11:25:39.441 Df YourSofia[98845:31ee5b] [com.apple.network:boringssl] boringssl_context_info_handler(2466) [C2.1.1.1:2][0x104a47b80] Client handshake state: TLS 1.3 client read_server_certificate
2026-08-17 11:25:39.441 Df YourSofia[98845:31ee5b] [com.apple.network:boringssl] boringssl_context_info_handler(2466) [C2.1.1.1:2][0x104a47b80] Client handshake state: TLS 1.3 client read_server_certificate_verify
2026-08-17 11:25:39.441 Db YourSofia[98845:31ee5b] [com.apple.network:boringssl] boringssl_context_log_message(2529) [C2.1.1.1:2][0x104a47b80] Reading SSL3_RT_HANDSHAKE 79 bytes
2026-08-17 11:25:39.441 Db YourSofia[98845:31ee5b] [com.apple.network:boringssl] boringssl_helper_create_sec_trust_with_certificates(631) [C2.1.1.1:2][0x104a47b80] Key usage requirement set to 1
2026-08-17 11:25:39.441 Db YourSofia[98845:31ee5b] [com.apple.network:boringssl] boringssl_helper_create_sec_trust_with_certificates(637) [C2.1.1.1:2][0x104a47b80] SecTrustCreateWithCertificates result: 0
2026-08-17 11:25:39.441 Db YourSofia[98845:31ee5b] [com.apple.network:boringssl] boringssl_helper_create_sec_trust_with_certificates(643) [C2.1.1.1:2][0x104a47b80] SecTrustSetURLRequestAttribution(0) result: 0
2026-08-17 11:25:39.441 Db YourSofia[98845:31ee5b] [com.apple.network:boringssl] boringssl_helper_create_sec_trust_with_certificates(651) [C2.1.1.1:2][0x104a47b80] No TLS-provided OCSP response
2026-08-17 11:25:39.441 Db YourSofia[98845:31ee5b] [com.apple.network:boringssl] boringssl_helper_create_sec_trust_with_certificates(658) [C2.1.1.1:2][0x104a47b80] No TLS-provided SCTs
2026-08-17 11:25:39.441 Db YourSofia[98845:31ee5b] [com.apple.network:boringssl] boringssl_session_set_peer_verification_state_from_session(496) [C2.1.1.1:2][0x104a47b80] Set peer trust data
2026-08-17 11:25:39.441 Df YourSofia[98845:31ee5b] [com.apple.network:boringssl] boringssl_context_evaluate_trust_async(1892) [C2.1.1.1:2][0x104a47b80] Performing external trust evaluation
2026-08-17 11:25:39.441 A  YourSofia[98845:31ee5b] (Security) SecKeyCopyPublicBytes
2026-08-17 11:25:39.441 A  YourSofia[98845:31ee5b] (Security) SecKeyCopyAttributes
2026-08-17 11:25:39.441 A  YourSofia[98845:31ee5b] (Security) SecKeyCopyPublicBytes
2026-08-17 11:25:39.441 Df YourSofia[98845:31ee5b] [com.apple.network:boringssl] boringssl_context_evaluate_trust_async_external(1877) [C2.1.1.1:2][0x104a47b80] Asyncing for external verify block
2026-08-17 11:25:39.441 I  YourSofia[98845:31ee5b] [com.apple.network:boringssl] boringssl_session_handshake_incomplete(257) [C2.1.1.1:2][0x104a47b80] Handshake incomplete: certificate evaluation result pending [16]
2026-08-17 11:25:39.441 Db YourSofia[98845:31ee5b] [com.apple.network:boringssl] boringssl_context_evaluate_trust_async_external_block_invoke(1872) [C2.1.1.1:2][0x104a47b80] Invoking verify block
2026-08-17 11:25:39.442 Df YourSofia[98845:31ee5b] [com.apple.CFNetwork:Default] Connection 2: asked to evaluate TLS Trust
2026-08-17 11:25:39.442 Db YourSofia[98845:31ee5b] [com.apple.CFNetwork:Default] [TLSCBQ] Need to invoke to satisfy trust callback
2026-08-17 11:25:39.442 Db YourSofia[98845:31ee5b] [com.apple.defaults:User Defaults] found no value for key CFNETWORK_LOG_AUTH_TIMEOUT in CFPrefsSearchListSource<0x600002c08180> (Domain: bg.sofia.yoursofia, Container: (null) Non-launch persona: 0)
2026-08-17 11:25:39.442 Df YourSofia[98845:31ee5b] [com.apple.CFNetwork:Default] Task <91FDF068-C09D-421F-9141-F07EF6C43381>.<1> auth completion disp=1 cred=0x0
2026-08-17 11:25:39.443 Db YourSofia[98845:31ee5d] [com.apple.securityd:trust] (Trust 0x600003528370) waiting for queue
2026-08-17 11:25:39.443 Df YourSofia[98845:31ee5d] [com.apple.securityd:trust] (Trust 0x600003528370) No pending evals, starting
2026-08-17 11:25:39.443 Db YourSofia[98845:31ee5d] [com.apple.securityd:trust] (Trust 0x600003528370) Started eval block
2026-08-17 11:25:39.443 A  YourSofia[98845:31ee5d] (Security) SecTrustEvaluateIfNecessaryFastAsync
2026-08-17 11:25:39.443 Db YourSofia[98845:31ee5d] [com.apple.securityd:xpc] user sessions enabled, targeting 501
2026-08-17 11:25:39.443 Df YourSofia[98845:31ee5d] [com.apple.xpc:connection] [0x104e04f80] activating connection: mach=true listener=false peer=false name=com.apple.trustd
2026-08-17 11:25:39.443 Df YourSofia[98845:31ee5d] [com.apple.securityd:trust] (Trust 0x600003528370) Completed async eval kickoff
2026-08-17 11:25:39.447 Df YourSofia[98845:31ee5d] [com.apple.securityd:trust] (Trust 0x600003528370) trustd returned 4
2026-08-17 11:25:39.447 Db YourSofia[98845:31ee5d] [com.apple.securityd:trust] (Trust 0x600003528370) Kick off pending evals
2026-08-17 11:25:39.447 Db YourSofia[98845:31ee5d] [com.apple.securityd:trust] (Trust 0x600003528370) Calling completion block after async xpc
2026-08-17 11:25:39.447 Df YourSofia[98845:31ee5d] [com.apple.CFNetwork:Default] System Trust Evaluation yielded status(0)
2026-08-17 11:25:39.447 Db YourSofia[98845:31ee5d] [com.apple.securityd:trust] (Trust 0x6000035002c0) waiting for queue
2026-08-17 11:25:39.447 Df YourSofia[98845:31ee5d] [com.apple.securityd:trust] (Trust 0x6000035002c0) No pending evals, starting
2026-08-17 11:25:39.447 Db YourSofia[98845:31ee5d] [com.apple.securityd:trust] (Trust 0x6000035002c0) Started eval block
2026-08-17 11:25:39.447 A  YourSofia[98845:31ee5d] (Security) SecTrustEvaluateIfNecessaryFastAsync
2026-08-17 11:25:39.447 Db YourSofia[98845:31ee5d] [com.apple.securityd:xpc] user sessions enabled, targeting 501
2026-08-17 11:25:39.447 Df YourSofia[98845:31ee5d] [com.apple.xpc:connection] [0x105006950] activating connection: mach=true listener=false peer=false name=com.apple.trustd
2026-08-17 11:25:39.447 Df YourSofia[98845:31ee5d] [com.apple.securityd:trust] (Trust 0x6000035002c0) Completed async eval kickoff
2026-08-17 11:25:39.447 Db YourSofia[98845:31ee5d] [com.apple.securityd:xpc] cleaning up unpooled xpc conn to trustd 0x104e04f80
2026-08-17 11:25:39.447 Df YourSofia[98845:31ee5d] [com.apple.xpc:connection] [0x104e04f80] invalidated because the current process cancelled the connection by calling xpc_connection_cancel()
2026-08-17 11:25:39.447 Db YourSofia[98845:31ee5b] [com.apple.securityd:xpc] got event: Connection invalid
2026-08-17 11:25:39.450 Df YourSofia[98845:31ee65] [com.apple.securityd:trust] (Trust 0x6000035002c0) trustd returned 4
2026-08-17 11:25:39.450 Db YourSofia[98845:31ee65] [com.apple.securityd:trust] (Trust 0x6000035002c0) Kick off pending evals
2026-08-17 11:25:39.450 Db YourSofia[98845:31ee65] [com.apple.securityd:trust] (Trust 0x6000035002c0) Calling completion block after async xpc
2026-08-17 11:25:39.450 Df YourSofia[98845:31ee65] [com.apple.CFNetwork:Default] Connection 2: TLS Trust result 0
2026-08-17 11:25:39.450 Df YourSofia[98845:31ee65] [com.apple.network:boringssl] boringssl_context_evaluate_trust_async_external_block_invoke_3(1819) [C2.1.1.1:2][0x104a47b80] Returning from external verify block with result: true
2026-08-17 11:25:39.450 Db YourSofia[98845:31ee65] [com.apple.network:boringssl] boringssl_context_evaluate_trust_async_external_block_invoke(1835) [C2.1.1.1:2][0x104a47b80] Certificate signature alg: 10
2026-08-17 11:25:39.450 Db YourSofia[98845:31ee65] [com.apple.network:boringssl] boringssl_context_evaluate_trust_async_external_block_invoke_2(1860) [C2.1.1.1:2][0x104a47b80] Setting verify result to true
2026-08-17 11:25:39.450 Df YourSofia[98845:31ee65] [com.apple.network:boringssl] boringssl_context_certificate_verify_callback(2073) [C2.1.1.1:2][0x104a47b80] Certificate verification result: OK
2026-08-17 11:25:39.451 Df YourSofia[98845:31ee65] [com.apple.network:boringssl] boringssl_context_info_handler(2466) [C2.1.1.1:2][0x104a47b80] Client handshake state: TLS 1.3 client read_server_finished
2026-08-17 11:25:39.451 Db YourSofia[98845:31ee65] [com.apple.network:boringssl] boringssl_context_log_message(2529) [C2.1.1.1:2][0x104a47b80] Reading SSL3_RT_HANDSHAKE 52 bytes
2026-08-17 11:25:39.451 Df YourSofia[98845:31ee65] [com.apple.network:boringssl] boringssl_context_info_handler(2466) [C2.1.1.1:2][0x104a47b80] Client handshake state: TLS 1.3 client send_end_of_early_data
2026-08-17 11:25:39.451 Df YourSofia[98845:31ee65] [com.apple.network:boringssl] boringssl_context_info_handler(2466) [C2.1.1.1:2][0x104a47b80] Client handshake state: TLS 1.3 client send_client_encrypted_extensions
2026-08-17 11:25:39.451 Df YourSofia[98845:31ee65] [com.apple.network:boringssl] boringssl_context_info_handler(2466) [C2.1.1.1:2][0x104a47b80] Client handshake state: TLS 1.3 client send_client_certificate
2026-08-17 11:25:39.451 Df YourSofia[98845:31ee65] [com.apple.network:boringssl] boringssl_context_info_handler(2466) [C2.1.1.1:2][0x104a47b80] Client handshake state: TLS 1.3 client complete_second_flight
2026-08-17 11:25:39.451 Db YourSofia[98845:31ee65] [com.apple.network:boringssl] boringssl_context_log_message(2529) [C2.1.1.1:2][0x104a47b80] Writing SSL3_RT_HANDSHAKE 52 bytes
2026-08-17 11:25:39.452 Df YourSofia[98845:31ee65] [com.apple.network:boringssl] boringssl_context_info_handler(2466) [C2.1.1.1:2][0x104a47b80] Client handshake state: TLS 1.3 client done
2026-08-17 11:25:39.452 Db YourSofia[98845:31ee65] [com.apple.network:boringssl] nw_protocol_boringssl_write_bytes(260) [C2.1.1.1:2][0x104a47b80] write request: 80
2026-08-17 11:25:39.452 Db YourSofia[98845:31ee65] [com.apple.network:boringssl] nw_protocol_boringssl_allocate_batching_frame(236) [C2.1.1.1:2][0x104a47b80] allocated new batching frame: 80 bytes capacity
2026-08-17 11:25:39.452 Db YourSofia[98845:31ee65] [com.apple.network:boringssl] nw_protocol_boringssl_write_to_batching_frame(186) [C2.1.1.1:2][0x104a47b80] wrote 80 bytes to batching frame
2026-08-17 11:25:39.452 Db YourSofia[98845:31ee65] [com.apple.network:boringssl] nw_protocol_boringssl_flush_batching_frame(144) [C2.1.1.1:2][0x104a47b80] flushed batching frame: frame full
2026-08-17 11:25:39.452 Db YourSofia[98845:31ee65] [com.apple.network:boringssl] nw_protocol_boringssl_write_bytes(305) [C2.1.1.1:2][0x104a47b80] total bytes written: 80
2026-08-17 11:25:39.452 Df YourSofia[98845:31ee65] [com.apple.network:boringssl] boringssl_context_info_handler(2466) [C2.1.1.1:2][0x104a47b80] Client handshake state: TLS client finish_client_handshake
2026-08-17 11:25:39.452 Df YourSofia[98845:31ee65] [com.apple.network:boringssl] boringssl_context_info_handler(2466) [C2.1.1.1:2][0x104a47b80] Client handshake state: TLS client done
2026-08-17 11:25:39.452 Df YourSofia[98845:31ee65] [com.apple.network:boringssl] boringssl_context_info_handler(2455) [C2.1.1.1:2][0x104a47b80] Client handshake done
2026-08-17 11:25:39.453 Db YourSofia[98845:31ee65] [com.apple.network:boringssl] boringssl_helper_create_sec_trust_with_certificates(631) [C2.1.1.1:2][0x104a47b80] Key usage requirement set to 1
2026-08-17 11:25:39.453 Db YourSofia[98845:31ee65] [com.apple.network:boringssl] boringssl_helper_create_sec_trust_with_certificates(637) [C2.1.1.1:2][0x104a47b80] SecTrustCreateWithCertificates result: 0
2026-08-17 11:25:39.453 Db YourSofia[98845:31ee65] [com.apple.network:boringssl] boringssl_helper_create_sec_trust_with_certificates(643) [C2.1.1.1:2][0x104a47b80] SecTrustSetURLRequestAttribution(0) result: 0
2026-08-17 11:25:39.453 Db YourSofia[98845:31ee65] [com.apple.network:boringssl] boringssl_helper_create_sec_trust_with_certificates(651) [C2.1.1.1:2][0x104a47b80] No TLS-provided OCSP response
2026-08-17 11:25:39.453 Db YourSofia[98845:31ee65] [com.apple.network:boringssl] boringssl_helper_create_sec_trust_with_certificates(658) [C2.1.1.1:2][0x104a47b80] No TLS-provided SCTs
2026-08-17 11:25:39.453 Db YourSofia[98845:31ee65] [com.apple.network:boringssl] boringssl_session_set_peer_verification_state_from_session(496) [C2.1.1.1:2][0x104a47b80] Set peer trust data
2026-08-17 11:25:39.453 Db YourSofia[98845:31ee65] [com.apple.network:boringssl] boringssl_session_set_state(830) [C2.1.1.1:2][0x104a47b80] boringssl session state changed from connecting to connected
2026-08-17 11:25:39.453 A  YourSofia[98845:31ee65] (Security) SecKeyCopyPublicBytes
2026-08-17 11:25:39.453 A  YourSofia[98845:31ee65] (Security) SecKeyCopyAttributes
2026-08-17 11:25:39.453 A  YourSofia[98845:31ee65] (Security) SecKeyCopyPublicBytes
2026-08-17 11:25:39.453 Df YourSofia[98845:31ee65] [com.apple.network:boringssl] nw_protocol_boringssl_signal_connected(895) [C2.1.1.1:2][0x104a47b80] TLS connected [server(0) version(0x0304) ciphersuite(TLS_AES_256_GCM_SHA384) group(0x11ec) signature_alg(0x0403) alpn(h2) resumed(0) offered_ticket(0) in_early_data(0) early_data_accepted(0) false_started(0) ocsp_received(0) sct_received(0) connect_time(64ms) flight_time(52ms) rtt(51ms) write_stalls(0) read_stalls(2) pake(0x0000)]
2026-08-17 11:25:39.453 Db YourSofia[98845:31ee65] [com.apple.network:boringssl] nw_protocol_boringssl_waiting_for_output(2357) [C2.1.1.1:2][0x104a47b80] Waiting for output: false
2026-08-17 11:25:39.453 Db YourSofia[98845:31ee65] [com.apple.network:boringssl] nw_protocol_boringssl_waiting_for_output(2357) [C2.1.1.1:2][0x104a47b80] Waiting for output: false
2026-08-17 11:25:39.453 Df YourSofia[98845:31ee65] [com.apple.network:connection] nw_flow_connected [C2.1.1.1 IPv4#a896d2e1:443 in_progress socket-flow (satisfied (Path is satisfied), interface: en0[802.11], uses wifi, LQM: unknown)] Output protocol connected (CFNetworkConnection-3551300980)
2026-08-17 11:25:39.453 Db YourSofia[98845:31ee65] [com.apple.network:connection] nw_endpoint_flow_connected_path_change [C2.1.1.1 IPv4#a896d2e1:443 ready socket-flow (satisfied (Path is satisfied), interface: en0[802.11], uses wifi, LQM: unknown)]
2026-08-17 11:25:39.453 I  YourSofia[98845:31ee65] [com.apple.network:connection] nw_endpoint_flow_connected_path_change [C2.1.1.1 IPv4#a896d2e1:443 ready socket-flow (satisfied (Path is satisfied), interface: en0[802.11], uses wifi, LQM: unknown)] Connected path is satisfied, not viable
2026-08-17 11:25:39.453 Db YourSofia[98845:31ee65] [com.apple.network:connection] nw_endpoint_resolver_receive_report [C2.1.1 Hostname#0899b70b:443 in_progress resolver (satisfied (Path is satisfied), interface: en0[802.11], uses wifi, LQM: unknown)] received child report: [C2.1.1.1 IPv4#a896d2e1:443 ready socket-flow (satisfied (Path is satisfied), interface: en0[802.11], uses wifi, LQM: unknown)]
2026-08-17 11:25:39.453 Db YourSofia[98845:31ee65] [com.apple.network:connection] nw_endpoint_transform_receive_report [C2.1 Hostname#0899b70b:443 in_progress transform (satisfied (Path is satisfied), interface: en0[802.11], uses wifi, LQM: unknown)] received child report: [C2.1.1.1 IPv4#a896d2e1:443 ready socket-flow (satisfied (Path is satisfied), interface: en0[802.11], uses wifi, LQM: unknown)]
2026-08-17 11:25:39.453 Db YourSofia[98845:31ee65] [com.apple.network:connection] nw_endpoint_flow_receive_report [C2 Hostname#0899b70b:443 in_progress parent-flow (satisfied (Path is satisfied), interface: en0[802.11], uses wifi, LQM: unknown)] received child report: [C2.1.1.1 IPv4#a896d2e1:443 ready socket-flow (satisfied (Path is satisfied), interface: en0[802.11], uses wifi, LQM: unknown)]
2026-08-17 11:25:39.453 Df YourSofia[98845:31ee65] [com.apple.network:connection] [C2.1.1.1 IPv4#a896d2e1:443 ready socket-flow (satisfied (Path is satisfied), interface: en0[802.11], uses wifi, LQM: unknown)] event: flow:child_finish_connect @0.135s
2026-08-17 11:25:39.453 Db YourSofia[98845:31ee65] [com.apple.network:connection] nw_endpoint_flow_receive_report [C2 IPv4#a896d2e1:443 in_progress parent-flow (satisfied (Path is satisfied), interface: en0[802.11], uses wifi, LQM: unknown)] connecting endpoint_flow to child's shared protocol
2026-08-17 11:25:39.453 Db YourSofia[98845:31ee65] [com.apple.network:connection] nw_endpoint_flow_setup_protocols [C2 IPv4#a896d2e1:443 in_progress parent-flow (satisfied (Path is satisfied), interface: en0[802.11], uses wifi, LQM: unknown)] already set up
2026-08-17 11:25:39.453 Db YourSofia[98845:31ee65] [com.apple.network:connection] nw_endpoint_flow_setup_protocols [C2 IPv4#a896d2e1:443 in_progress parent-flow (satisfied (Path is satisfied), interface: en0[802.11], uses wifi, LQM: unknown)] child flow connected, starting
2026-08-17 11:25:39.453 Db YourSofia[98845:31ee65] [com.apple.network:connection] nw_endpoint_flow_setup_protocols [C2 IPv4#a896d2e1:443 in_progress parent-flow (satisfied (Path is satisfied), interface: en0[802.11], uses wifi, LQM: unknown)] already started
2026-08-17 11:25:39.453 Db YourSofia[98845:31ee65] [com.apple.network:connection] nw_endpoint_transform_receive_report [C2.1 Hostname#0899b70b:443 in_progress transform (satisfied (Path is satisfied), interface: en0[802.11], uses wifi, LQM: unknown)] received child report: [C2.1.1 Hostname#0899b70b:443 ready resolver (satisfied (Path is satisfied), interface: en0[802.11], uses wifi, LQM: unknown)]
2026-08-17 11:25:39.453 Db YourSofia[98845:31ee65] [com.apple.network:connection] nw_endpoint_flow_receive_report [C2 IPv4#a896d2e1:443 in_progress parent-flow (satisfied (Path is satisfied), interface: en0[802.11], uses wifi, LQM: unknown)] received child report: [C2.1.1 Hostname#0899b70b:443 ready resolver (satisfied (Path is satisfied), interface: en0[802.11], uses wifi, LQM: unknown)]
2026-08-17 11:25:39.453 Df YourSofia[98845:31ee65] [com.apple.network:connection] [C2.1.1 Hostname#0899b70b:443 ready resolver (satisfied (Path is satisfied), interface: en0[802.11], uses wifi, LQM: unknown)] event: flow:child_finish_connect @0.135s
2026-08-17 11:25:39.453 Db YourSofia[98845:31ee65] [com.apple.network:connection] nw_endpoint_flow_receive_report [C2 IPv4#a896d2e1:443 in_progress parent-flow (satisfied (Path is satisfied), interface: en0[802.11], uses wifi, LQM: unknown)] received child report: [C2.1 Hostname#0899b70b:443 ready transform (satisfied (Path is satisfied), interface: en0[802.11], uses wifi, LQM: unknown)]
2026-08-17 11:25:39.453 Df YourSofia[98845:31ee65] [com.apple.network:connection] [C2.1 Hostname#0899b70b:443 ready transform (satisfied (Path is satisfied), interface: en0[802.11], uses wifi, LQM: unknown)] event: flow:child_finish_connect @0.135s
2026-08-17 11:25:39.453 I  YourSofia[98845:31ee65] [com.apple.network:connection] nw_endpoint_handler_cancel [C2.1.1.2 IPv4#401e1f5a:443 initial path ((null))]
2026-08-17 11:25:39.453 Db YourSofia[98845:31ee65] [com.apple.network:boringssl] nw_protocol_boringssl_waiting_for_output(2357) [C2.1.1.1:2][0x104a47b80] Waiting for output: false
2026-08-17 11:25:39.453 Df YourSofia[98845:31ee65] [com.apple.network:connection] nw_flow_connected [C2 IPv4#a896d2e1:443 in_progress parent-flow (satisfied (Path is satisfied), interface: en0[802.11], uses wifi, LQM: unknown)] Output protocol connected (endpoint_flow)
2026-08-17 11:25:39.453 Db YourSofia[98845:31ee65] [com.apple.network:connection] nw_endpoint_flow_connected_path_change [C2 IPv4#a896d2e1:443 ready parent-flow (satisfied (Path is satisfied), interface: en0[802.11], uses wifi, LQM: unknown)]
2026-08-17 11:25:39.453 I  YourSofia[98845:31ee65] [com.apple.network:connection] nw_endpoint_flow_connected_path_change [C2 IPv4#a896d2e1:443 ready parent-flow (satisfied (Path is satisfied), interface: en0[802.11], uses wifi, LQM: unknown)] Connected path is satisfied, child is not viable
2026-08-17 11:25:39.453 Df YourSofia[98845:31ee65] [com.apple.network:connection] [C2 IPv4#a896d2e1:443 ready parent-flow (satisfied (Path is satisfied), interface: en0[802.11], uses wifi, LQM: unknown)] event: flow:finish_connect @0.135s
2026-08-17 11:25:39.454 Db YourSofia[98845:31ee65] [com.apple.network:connection] nw_connection_run_pqtls_probe_locked_on_nw_queue [C2] PQ-TLS already used; not running PQ-TLS probe
2026-08-17 11:25:39.454 Db YourSofia[98845:31ee65] [com.apple.network:connection] nw_connection_run_ech_probe_locked_on_nw_queue [C2] stack doesn't include TLS; not running ECH probe
2026-08-17 11:25:39.454 Db YourSofia[98845:31ee65] [com.apple.network:connection] nw_connection_endpoint_report_on_nw_queue_block_invoke [C2] Connected fallback generation 0
2026-08-17 11:25:39.454 I  YourSofia[98845:31ee65] [com.apple.network:connection] nw_connection_start_candidate_manager_if_needed_locked [C2] Checking whether to start candidate manager
2026-08-17 11:25:39.454 Db YourSofia[98845:31ee65] [com.apple.network:connection] nw_connection_start_candidate_manager_if_needed_locked [C2] Connection does not support multipath, not starting candidate manager
2026-08-17 11:25:39.454 Df YourSofia[98845:31ee65] [com.apple.network:connection] nw_connection_report_state_with_handler_on_nw_queue [C2] reporting state ready
2026-08-17 11:25:39.454 Db YourSofia[98845:31ee65] [com.apple.securityd:xpc] cleaning up unpooled xpc conn to trustd 0x105006950
2026-08-17 11:25:39.454 Df YourSofia[98845:31ee65] [com.apple.xpc:connection] [0x105006950] invalidated because the current process cancelled the connection by calling xpc_connection_cancel()
2026-08-17 11:25:39.454 Df YourSofia[98845:31ee65] [com.apple.CFNetwork:Default] Connection 2: connected successfully
2026-08-17 11:25:39.454 Df YourSofia[98845:31ee65] [com.apple.CFNetwork:Default] Connection 2: TLS handshake complete
2026-08-17 11:25:39.454 Df YourSofia[98845:31ee65] [com.apple.CFNetwork:Default] Connection 2: ready C(N) E(N)
2026-08-17 11:25:39.454 Db YourSofia[98845:31ee65] [com.apple.CFNetwork:Default] Task <91FDF068-C09D-421F-9141-F07EF6C43381>.<1> done setting up Connection 2
2026-08-17 11:25:39.454 Db YourSofia[98845:31ee65] [com.apple.network:activity] Returning should log: 0 for activity cfnetwork:foreground_task
2026-08-17 11:25:39.454 Db YourSofia[98845:31ee5b] [com.apple.securityd:xpc] got event: Connection invalid
2026-08-17 11:25:39.454 Db YourSofia[98845:31ee65] [com.apple.CFNetwork:Coalescing] new connection to u.expo.dev config 0x600000280da0
2026-08-17 11:25:39.454 Db YourSofia[98845:31ee65] [com.apple.CFNetwork:Default] Connection 2: set is idle false
2026-08-17 11:25:39.454 Df YourSofia[98845:31ee65] [com.apple.network:connection] [C2] event: client:connection_reused @0.136s
2026-08-17 11:25:39.454 I  YourSofia[98845:31ee65] [com.apple.network:connection] nw_endpoint_handler_report_connection_idle [C2 IPv4#a896d2e1:443 ready parent-flow (satisfied (Path is satisfied), interface: en0[802.11], uses wifi, LQM: unknown)] Reporting connection not idle to protocols
2026-08-17 11:25:39.454 I  YourSofia[98845:31ee65] [com.apple.network:connection] nw_flow_passthrough_notify [C2.1.1.1 IPv4#a896d2e1:443 ready socket-flow (satisfied (Path is satisfied), interface: en0[802.11], uses wifi, LQM: unknown)] received notification connection_idle
2026-08-17 11:25:39.454 Df YourSofia[98845:31ee65] [com.apple.network:connection] nw_protocol_socket_notify [C2.1.1.1:3] nw_protocol_notification_type_connection_idle is false
2026-08-17 11:25:39.454 Df YourSofia[98845:31ee65] [com.apple.CFNetwork:Default] Task <91FDF068-C09D-421F-9141-F07EF6C43381>.<1> now using Connection 2
2026-08-17 11:25:39.454 Db YourSofia[98845:31ee65] [com.apple.network:activity] Returning should log: 0 for activity cfnetwork:foreground_task
2026-08-17 11:25:39.454 Df YourSofia[98845:31ee65] [com.apple.CFNetwork:Default] Task <91FDF068-C09D-421F-9141-F07EF6C43381>.<1> sent request, body N 0
2026-08-17 11:25:39.528 Db YourSofia[98845:31ee5d] [com.apple.network:boringssl] boringssl_context_log_message(2529) [C2.1.1.1:2][0x104a47b80] Reading SSL3_RT_HANDSHAKE 238 bytes
2026-08-17 11:25:39.528 I  YourSofia[98845:31ee5d] [com.apple.network:boringssl] boringssl_context_new_session_handler(1541) [C2.1.1.1:2][0x104a47b80] New session available
2026-08-17 11:25:39.528 A  YourSofia[98845:31ee5d] (Security) SecKeyCopyPublicBytes
2026-08-17 11:25:39.528 A  YourSofia[98845:31ee5d] (Security) SecKeyCopyAttributes
2026-08-17 11:25:39.528 A  YourSofia[98845:31ee5d] (Security) SecKeyCopyPublicBytes
2026-08-17 11:25:39.528 Db YourSofia[98845:31ee5d] [com.apple.network:boringssl] boringssl_context_new_session_handler(1573) [C2.1.1.1:2][0x104a47b80] Installing session cache state
2026-08-17 11:25:39.528 Db YourSofia[98845:31ee5d] [com.apple.network:boringssl] boringssl_context_log_message(2529) [C2.1.1.1:2][0x104a47b80] Reading SSL3_RT_HANDSHAKE 238 bytes
2026-08-17 11:25:39.528 I  YourSofia[98845:31ee5d] [com.apple.network:boringssl] boringssl_context_new_session_handler(1541) [C2.1.1.1:2][0x104a47b80] New session available
2026-08-17 11:25:39.528 A  YourSofia[98845:31ee5d] (Security) SecKeyCopyPublicBytes
2026-08-17 11:25:39.528 A  YourSofia[98845:31ee5d] (Security) SecKeyCopyAttributes
2026-08-17 11:25:39.528 A  YourSofia[98845:31ee5d] (Security) SecKeyCopyPublicBytes
2026-08-17 11:25:39.528 Db YourSofia[98845:31ee5d] [com.apple.network:boringssl] boringssl_context_new_session_handler(1573) [C2.1.1.1:2][0x104a47b80] Installing session cache state
2026-08-17 11:25:39.633 Df YourSofia[98845:31ee5d] [com.apple.UIKit:BackgroundTask] Ending background task with UIBackgroundTaskIdentifier: 2
2026-08-17 11:25:39.633 Df YourSofia[98845:31ee5d] [com.apple.UIKit:BackgroundTask] Ending task with identifier 2 and description: <_UIBackgroundTaskInfo: 0x600001740c40>: taskID = 2, taskName = Persistent SceneSession Map Update, creationTime = 184417 (elapsed = 1), _expireHandler: <__NSGlobalBlock__: 0x1e6b788b0>
2026-08-17 11:25:39.633 Df YourSofia[98845:31ee5d] [com.apple.UIKit:BackgroundTask] Decrementing reference count for assertion <BKSProcessAssertion: 0x600002125f90> (used by background task with identifier 2: <_UIBackgroundTaskInfo: 0x600001740c40>: taskID = 2, taskName = Persistent SceneSession Map Update, creationTime = 184417 (elapsed = 1))
2026-08-17 11:25:39.633 Df YourSofia[98845:31ee5d] [com.apple.UIKit:BackgroundTask] Will invalidate assertion: <BKSProcessAssertion: 0x600002125f90> for task identifier: 2
2026-08-17 11:25:39.669 Df YourSofia[98845:31ee39] [com.apple.CFNetwork:Default] Task <91FDF068-C09D-421F-9141-F07EF6C43381>.<1> received response, status 400 content K
2026-08-17 11:25:39.669 Df YourSofia[98845:31ee39] [com.apple.CFNetwork:Default] Task <91FDF068-C09D-421F-9141-F07EF6C43381>.<1> done using Connection 2
2026-08-17 11:25:39.669 Db YourSofia[98845:31ee39] [com.apple.network:activity] Returning should log: 0 for activity cfnetwork:foreground_task
2026-08-17 11:25:39.669 Db YourSofia[98845:31ee39] [com.apple.CFNetwork:Default] Connection 2: set is idle true
2026-08-17 11:25:39.669 Df YourSofia[98845:31ee39] [com.apple.network:connection] [C2] event: client:connection_idle @0.351s
2026-08-17 11:25:39.669 I  YourSofia[98845:31ee39] [com.apple.network:connection] nw_endpoint_handler_report_connection_idle [C2 IPv4#a896d2e1:443 ready parent-flow (satisfied (Path is satisfied), interface: en0[802.11], uses wifi, LQM: unknown)] Reporting connection idle to protocols
2026-08-17 11:25:39.669 I  YourSofia[98845:31ee39] [com.apple.network:connection] nw_flow_passthrough_notify [C2.1.1.1 IPv4#a896d2e1:443 ready socket-flow (satisfied (Path is satisfied), interface: en0[802.11], uses wifi, LQM: unknown)] received notification connection_idle
2026-08-17 11:25:39.670 Df YourSofia[98845:31ee39] [com.apple.network:connection] nw_protocol_socket_notify [C2.1.1.1:3] nw_protocol_notification_type_connection_idle is true
2026-08-17 11:25:39.671 Db YourSofia[98845:31ee39] [com.apple.CFNetwork:Default] HTTP/2 Connection 2 Stream 1 ended. Connection considered operational true
2026-08-17 11:25:39.671 Db YourSofia[98845:31ee39] [com.apple.CFNetwork:Default] Task <91FDF068-C09D-421F-9141-F07EF6C43381>.<1> request <private> is NOT allowed to set HSTS for main doc <private>
2026-08-17 11:25:39.671 A  YourSofia[98845:31ee39] (Security) SecTrustEvaluateIfNecessary
2026-08-17 11:25:39.676 Db YourSofia[98845:31ee39] [com.apple.securityd:xpc] user sessions enabled, targeting 501
2026-08-17 11:25:39.676 Df YourSofia[98845:31ee39] [com.apple.xpc:connection] [0x104d06890] activating connection: mach=true listener=false peer=false name=com.apple.trustd
2026-08-17 11:25:39.685 Db YourSofia[98845:31ee39] [com.apple.securityd:xpc] cleaning up unpooled xpc conn to trustd 0x104d06890
2026-08-17 11:25:39.685 Df YourSofia[98845:31ee39] [com.apple.xpc:connection] [0x104d06890] invalidated because the current process cancelled the connection by calling xpc_connection_cancel()
2026-08-17 11:25:39.685 Db YourSofia[98845:31ee39] [com.apple.network:connection] nw_connection_modify_estimated_bytes_block_invoke [C2] Incremented estimated bytes to receive by 270, total now 270
2026-08-17 11:25:39.685 Db YourSofia[98845:31ee39] [com.apple.network:connection] nw_connection_modify_estimated_bytes_block_invoke [C2] Using lower threshold 12582912, upper threshold 31457280
2026-08-17 11:25:39.685 Df YourSofia[98845:31ee39] [com.apple.CFNetwork:Default] Task <91FDF068-C09D-421F-9141-F07EF6C43381>.<1> response ended
2026-08-17 11:25:39.685 Db YourSofia[98845:31ee39] [com.apple.securityd:xpc] got event: Connection invalid
2026-08-17 11:25:39.685 Df YourSofia[98845:31ee5d] [com.apple.CFNetwork:Summary] Task <91FDF068-C09D-421F-9141-F07EF6C43381>.<1> summary for task success {transaction_duration_ms=389, response_status=400, connection=2, protocol="h2", domain_lookup_duration_ms=3, connect_duration_ms=109, secure_connection_duration_ms=64, private_relay=false, request_start_ms=158, request_duration_ms=0, response_start_ms=372, response_duration_ms=16, request_bytes=412, request_throughput_kbps=82288, response_bytes=481, response_throughput_kbps=235, cache_hit=false}
2026-08-17 11:25:39.686 Df YourSofia[98845:31ee5d] [com.apple.CoreAnalytics:client] No XPC connection in Simulator
2026-08-17 11:25:39.686 Db YourSofia[98845:31ee65] [com.apple.network:activity] Returning should log: 0 for activity cfnetwork:foreground_task
2026-08-17 11:25:39.686 Db YourSofia[98845:31ee65] [com.apple.network:activity] Returning should log: 0 for activity cfnetwork:foreground_task
2026-08-17 11:25:39.686 Db YourSofia[98845:31ee65] [com.apple.network:activity] No threshold for cfnetwork:foreground_task, returning NW_ACTIVITY_DURATION_INVALID
2026-08-17 11:25:39.686 Db YourSofia[98845:31ee65] [com.apple.network:activity] No threshold for activity <nw_activity 12:2 [C35F6A41-DAC1-4889-B6E0-D77CA5B6F959] (parent is global) (reporting strategy default) complete (reason success)>
2026-08-17 11:25:39.686 Df YourSofia[98845:31ee65] [com.apple.CFNetwork:Default] Task <91FDF068-C09D-421F-9141-F07EF6C43381>.<1> finished successfully
2026-08-17 11:25:39.690 E  YourSofia[98845:31ee65] [dev.expo.modules:expo-updates] 🟠 {"code":"Unknown","level":"error","message":"HTTP response error 400: \134"channel-name\134": Required. The headers \134"expo-runtime-version\134", \134"expo-channel-name\134", and \134"expo-platform\134" are required. They can also be set with the query parameters \134"runtime-version\134", \134"channel-name\134", and \134"platform\134". Learn more: https:\134/\134/expo.fyi\134/eas-update-missing-headers","stacktrace":["YourSofia                           0x0000000102213ec4 $s9EXUpdates14FileDownloaderC12downloadData33_75774A0A231786B0DCB0D3DA50F03832LL11withRequest13progressBlock07successP005errorP0y10Foundation10URLRequestV_ySdcSgyAJ0E0VSg_So13NSURLResponseCtcyAA12UpdatesErrorOctFyAP_ARSgs0W0_pSgtYbcfU_ + 672","YourSofia                           0x00000001021de918 $s9EXUpdates14FileDownloaderC12downloadData33_75774A0A231786B0DCB0D3DA50F03832LL11withRequest13progressBlock07successP005errorP0y10Foundation10URLRequestV_ySdcSgyAJ0E0VSg_So13NSURLResponseCtcyAA12UpdatesErrorOctFyAP_ARSgs0W0_pSgtYbcfU_TATm + 32","YourSofia                          <…>
2026-08-17 11:25:39.691 I  YourSofia[98845:31ee5b] [dev.expo.modules:expo-updates] 🟢 {"level":"info","message":"Deleted assets and updates from SQLite in 0.9620189666748047 ms","code":"None","timestamp":1786955139000}
2026-08-17 11:25:39.691 I  YourSofia[98845:31ee20] [dev.expo.modules:expo-updates] 🟢 {"message":"Deleted 0 assets from disk in 0.0029802322387695312 ms","code":"None","level":"info","timestamp":1786955139000}
2026-08-17 11:25:39.691 I  YourSofia[98845:31ee20] [dev.expo.modules:expo-updates] 🟢 {"message":"Retried deleting assets from disk in -0.0 ms","code":"None","level":"info","timestamp":1786955139000}
2026-08-17 11:25:39.691 E  YourSofia[98845:31ee65] [dev.expo.modules:expo-updates] 🟠 {"message":"AppController appLoaderTask didFinishBackgroundUpdateWithStatus=Error: HTTP response error 400: \134"channel-name\134": Required. The headers \134"expo-runtime-version\134", \134"expo-channel-name\134", and \134"expo-platform\134" are required. They can also be set with the query parameters \134"runtime-version\134", \134"channel-name\134", and \134"platform\134". Learn more: https:\134/\134/expo.fyi\134/eas-update-missing-headers","timestamp":1786955139000,"code":"UpdateFailedToLoad","level":"error","stacktrace":["YourSofia                           0x0000000102234d80 $s9EXUpdates16StartupProcedureC13appLoaderTask_35didFinishBackgroundUpdateWithStatus6update5erroryAA03AppeF0C_AA0ijL0OAA0J0CSgs5Error_pSgtFTf4dnnnn_n + 852","YourSofia                           0x0000000102232edc $s9EXUpdates16StartupProcedureC13appLoaderTask_35didFinishBackgroundUpdateWithStatus6update5erroryAA03AppeF0C_AA0ijL0OAA0J0CSgs5Error_pSgtFTo + 104","YourSofia                           0x00000001021ec6e0 $s9EXUpdates13AppLoaderTaskC25didFinishBackgroundUpdate<…>
2026-08-17 11:25:39.692 I  YourSofia[98845:31ee65] [dev.expo.modules:expo-updates] 🟢 {"message":"Updates state change: state = idle, event = checkError, context = UpdatesStateContext(isStartupProcedureRunning: true, isUpdateAvailable: false, isUpdatePending: false, isChecking: false, isDownloading: false, isRestarting: false, restartCount: 0, latestManifest: nil, downloadedManifest: nil, rollback: nil, checkError: Optional([\134"message\134": \134"HTTP response error 400: \134\134\134"channel-name\134\134\134": Required. The headers \134\134\134"expo-runtime-version\134\134\134", \134\134\134"expo-channel-name\134\134\134", and \134\134\134"expo-platform\134\134\134" are required. They can also be set with the query parameters \134\134\134"runtime-version\134\134\134", \134\134\134"channel-name\134\134\134", and \134\134\134"platform\134\134\134". Learn more: https:\134/\134/expo.fyi\134/eas-update-missing-headers\134"]), downloadError: nil, downloadProgress: 0.0, lastCheckForUpdateTime: Optional(2026-08-17 08:25:39 +0000), sequenceNumber: 3)","level":"info","timestamp":1786955139000,"code":"None"}
2026-08-17 11:25:39.692 I  YourSofia[98845:31ee65] [dev.expo.modules:expo-updates] 🟢 {"message":"Updates state change: state = idle, event = endStartup, context = UpdatesStateContext(isStartupProcedureRunning: false, isUpdateAvailable: false, isUpdatePending: false, isChecking: false, isDownloading: false, isRestarting: false, restartCount: 0, latestManifest: nil, downloadedManifest: nil, rollback: nil, checkError: Optional([\134"message\134": \134"HTTP response error 400: \134\134\134"channel-name\134\134\134": Required. The headers \134\134\134"expo-runtime-version\134\134\134", \134\134\134"expo-channel-name\134\134\134", and \134\134\134"expo-platform\134\134\134" are required. They can also be set with the query parameters \134\134\134"runtime-version\134\134\134", \134\134\134"channel-name\134\134\134", and \134\134\134"platform\134\134\134". Learn more: https:\134/\134/expo.fyi\134/eas-update-missing-headers\134"]), downloadError: nil, downloadProgress: 0.0, lastCheckForUpdateTime: Optional(2026-08-17 08:25:39 +0000), sequenceNumber: 4)","level":"info","timestamp":1786955139000,"code":"None"}
2026-08-17 11:25:40.195 Db YourSofia[98845:31ee65] [com.apple.runningboard:message] PERF: [app<bg.sofia.yoursofia((null))>:98845] Received message from runningboardd: async_didChangeInheritances:completion:
2026-08-17 11:25:40.195 A  YourSofia[98845:31ee65] (RunningBoardServices) didChangeInheritances
2026-08-17 11:25:40.195 Db YourSofia[98845:31ee65] [com.apple.runningboard:connection] didChangeInheritances: <RBSInheritanceChangeSet| gained:(null) lost:{(
    <RBSInheritance| environment:(none) name:com.apple.frontboard.visibility origID:98522-98822-635 0>
)}>
2026-08-17 11:25:40.559 Db YourSofia[98845:31edf9] [com.apple.defaults:User Defaults] found no value for key QuickSpeak in CFPrefsSearchListSource<0x600002c09680> (Domain: com.apple.Accessibility, Container: (null) Non-launch persona: 0)
2026-08-17 11:25:40.559 Db YourSofia[98845:31edf9] [com.apple.Accessibility:AXSupportCommon] CF Read: domain = com.apple.Accessibility, preference = QuickSpeak, appID = (null) result = (null) (-1 - empty, 0 - false, 1 - true)
2026-08-17 11:25:40.559 Db YourSofia[98845:31edf9] [com.apple.defaults:User Defaults] found no value for key QuickSpeak in CFPrefsPlistSource<0x600002c09980> (Domain: com.apple.Accessibility, User: kCFPreferencesCurrentUser, ByHost: No, Container: /Users/valentinasenov/Library/Developer/CoreSimulator/Devices/98FA5BD8-5D12-4B35-9A26-3AEBCADAFC8A/data, Contents Need Refresh: No)
2026-08-17 11:25:41.067 Db YourSofia[98845:31ee20] [com.apple.containermanager:xpc] connection <0x600000c01860/1/0; 0x600000c01860> canceled after timeout; cnt = 3
2026-08-17 11:25:41.067 Db YourSofia[98845:31ee20] [com.apple.containermanager:xpc] connection <0x600000c01860/1/0> released (shared; canceler); cnt = 2
2026-08-17 11:25:41.067 Db YourSofia[98845:31ee20] [com.apple.containermanager:xpc] connection <0x600000c01860/1/0> released; cnt = 1
2026-08-17 11:25:41.067 Db YourSofia[98845:31ee65] [com.apple.containermanager:xpc] connection <0x600000c01860/1/0; 0x0> invalidated
2026-08-17 11:25:41.067 Db YourSofia[98845:31ee65] [com.apple.containermanager:xpc] connection <0x600000c01860/1/0> released; cnt = 0
2026-08-17 11:25:41.067 Db YourSofia[98845:31ee65] [com.apple.containermanager:xpc] connection <0x600000c01860/1/0> freed; cnt = 0
2026-08-17 11:25:41.313 Df YourSofia[98845:31edf9] (Detox) Expo/ExpoAppDelegate.swift:31: Fatal error: recreateRootView: Missing factory in ExpoAppDelegate
2026-08-17 11:25:41.316 E  YourSofia[98845:31edf9] [com.wix.Detox:DetoxManager] Message was too long and was split into 8 parts
2026-08-17 11:25:41.316 E  YourSofia[98845:31edf9] [com.wix.Detox:DetoxManager] Part 1/8: App crashed: Signal 5 raised
(
	0   Detox                               0x000000010460a58c +[NSThread(DetoxUtils) dtx_demangledCallStackSymbols] + 36
	1   Detox                               0x000000010460df70 __DTXHandleCrash + 568
	2   Detox                               0x000000010460e56c __DTXHandleSignal + 72
	3   libsystem_platform.dylib            0x0000000104103540 _sigtramp + 52
	4   libswiftCore.dylib                  0x000000019785c2d4 Swift._assertionFailure(_: Swift.StaticString, _: Swift.Strin
2026-08-17 11:25:41.316 E  YourSofia[98845:31edf9] [com.wix.Detox:DetoxManager] Part 2/8: g, file: Swift.StaticString, line: Swift.UInt, flags: Swift.UInt32) -> Swift.Never + 156
	5   YourSofia                           0x0000000102273278 Expo.ExpoAppDelegate.recreateRootView(withBundleURL: Swift.Optional<Foundation.URL>, moduleName: Swift.Optional<Swift.String>, initialProps: Swift.Optional<Swift.Dictionary<Swift.AnyHashable, Any>>, launchOptions: Swift.Optional<Swift.Dictionary<Swift.AnyHashable, Any>>) -> __C.UIView + 1484
	6   YourSofia                           0x000000010220a944 recreateRo
2026-08-17 11:25:41.316 E  YourSofia[98845:31edf9] [com.wix.Detox:DetoxManager] Part 3/8: otView #1 (withBundleURL: Swift.Optional<Foundation.URL>, moduleName: Swift.Optional<Swift.String>, initialProps: Swift.Optional<Swift.Dictionary<Swift.AnyHashable, Any>>, launchOptions: Swift.Optional<Swift.Dictionary<Swift.AnyHashable, Any>>) -> __C.UIView in EXUpdates.ExpoUpdatesReactDelegateHandler.appController(_: EXUpdates.AppControllerInterface, didStartWithSuccess: Swift.Bool) -> () + 200
	7   YourSofia                           0x000000010220b35c function signature specialization <Arg[0] = Dead, Ar
2026-08-17 11:25:41.316 E  YourSofia[98845:31edf9] [com.wix.Detox:DetoxManager] Part 4/8: g[1] = Dead> of EXUpdates.ExpoUpdatesReactDelegateHandler.appController(_: EXUpdates.AppControllerInterface, didStartWithSuccess: Swift.Bool) -> () + 292
	8   YourSofia                           0x000000010220aba4 @objc EXUpdates.ExpoUpdatesReactDelegateHandler.appController(_: EXUpdates.AppControllerInterface, didStartWithSuccess: Swift.Bool) -> () + 44
	9   YourSofia                           0x000000010220275c closure #1 @Swift.MainActor () -> () in closure #1 (EXUpdates.AppControllerDelegate) -> Swift.O
2026-08-17 11:25:41.316 E  YourSofia[98845:31edf9] [com.wix.Detox:DetoxManager] Part 5/8: ptional<()> in EXUpdates.EnabledAppController.startupProcedureDidLaunch(EXUpdates.StartupProcedure) -> () + 996
	10  YourSofia                           0x00000001021c1a90 reabstraction thunk helper from @escaping @callee_guaranteed @Sendable () -> () to @escaping @callee_unowned @convention(block) @Sendable () -> () + 28
	11  DetoxSync                           0x00000001044fc79c ____detox_sync_dispatch_wrapper_block_invoke + 44
	12  libdispatch.dylib                   0x00000001801c07a8 _dispatch_call_blo
2026-08-17 11:25:41.316 E  YourSofia[98845:31edf9] [com.wix.Detox:DetoxManager] Part 6/8: ck_and_release + 24
	13  libdispatch.dylib                   0x00000001801db4b0 _dispatch_client_callout + 12
	14  libdispatch.dylib                   0x00000001801f74a0 _dispatch_main_queue_drain.cold.7 + 24
	15  libdispatch.dylib                   0x00000001801d031c _dispatch_main_queue_drain + 1184
	16  libdispatch.dylib                   0x00000001801cfe6c _dispatch_main_queue_callback_4CF + 40
	17  CoreFoundation                      0x0000000180455fa8 __CFRUNLOOP_IS_SERVICING_THE_MAIN_DISPATCH_QUEUE__
2026-08-17 11:25:41.316 E  YourSofia[98845:31edf9] [com.wix.Detox:DetoxManager] Part 7/8:  + 12
	18  CoreFoundation                      0x0000000180455180 __CFRunLoopRun + 1884
	19  CoreFoundation                      0x000000018044fdbc _CFRunLoopRunSpecificWithOptions + 496
	20  GraphicsServices                    0x0000000192b809bc GSEventRunModal + 116
	21  UIKitCore                           0x000000018640a204 -[UIApplication _run] + 772
	22  DetoxSync                           0x0000000104502f38 __detox_sync_UIApplication_run + 80
	23  UIKitCore                           0x000000018640e42c
2026-08-17 11:25:41.316 E  YourSofia[98845:31edf9] [com.wix.Detox:DetoxManager] Part 8/8:  UIApplicationMain + 124
	24  UIKitCore                           0x000000018563f6b8 block_destroy_helper.15 + 5152
	25  YourSofia                           0x00000001021a4104 main + 116
	26  dyld                                0x0000000103ef53d0 start_sim + 20
	27  ???                                 0x0000000104177e00 0x0 + 4363615744
)
2026-08-17 11:25:41.316 I  YourSofia[98845:31edf9] [com.wix.Detox:DetoxInstrumentsManager] Called stop but no recording in progress
2026-08-17 11:25:43.316 Df YourSofia[98845:31edf9] [com.apple.CoreAnalytics:client] Entering exit handler.
2026-08-17 11:25:43.316 Df YourSofia[98845:31edf9] [com.apple.CoreAnalytics:client] Exiting exit handler.

