Filtering the log data using "processImagePath BEGINSWITH "/Users/valentinasenov/Library/Developer/CoreSimulator/Devices/4EC5F74C-5A9C-4D89-8E44-374310E684AE/data/Containers/Bundle/Application/F3147808-5ECA-491B-9ADC-3DA9921C01A2/YourSofia.app""
Timestamp               Ty Process[PID:TID]
2026-08-17 11:34:35.373 Db YourSofia[1177:323578] [com.apple.CFBundle:resources] Using ~iphone resources
2026-08-17 11:34:35.374 Db YourSofia[1177:323578] [com.apple.CFBundle:loading] main bundle CFBundle 0x600003b04540 </Users/valentinasenov/Library/Developer/CoreSimulator/Devices/4EC5F74C-5A9C-4D89-8E44-374310E684AE/data/Containers/Bundle/Application/F3147808-5ECA-491B-9ADC-3DA9921C01A2/YourSofia.app> (executable, loaded) getting handle 0xfffffffffffffffb
2026-08-17 11:34:35.375 Db YourSofia[1177:323578] [com.apple.defaults:User Defaults] setting new value 753b482f-4b0c-00ea-3fe6-c59a700fb347 for key detoxSessionId in CFPrefsSource<0x600001704080> (Domain: Volatile, User: , ByHost: No, Container: , Contents Need Refresh: No)
2026-08-17 11:34:35.375 Db YourSofia[1177:323578] [com.apple.defaults:User Defaults] setting new value YES for key detoxDebugVisibility in CFPrefsSource<0x600001704080> (Domain: Volatile, User: , ByHost: No, Container: , Contents Need Refresh: No)
2026-08-17 11:34:35.375 Db YourSofia[1177:323578] [com.apple.defaults:User Defaults] setting new value ws://localhost:62318 for key detoxServer in CFPrefsSource<0x600001704080> (Domain: Volatile, User: , ByHost: No, Container: , Contents Need Refresh: No)
2026-08-17 11:34:35.375 Db YourSofia[1177:323578] [com.apple.defaults:User Defaults] setting new value YES for key detoxDisableHierarchyDump in CFPrefsSource<0x600001704080> (Domain: Volatile, User: , ByHost: No, Container: , Contents Need Refresh: No)
2026-08-17 11:34:35.375 Db YourSofia[1177:323578] [com.apple.defaults:User Defaults] setting new value (
    "en-001"
) for key AppleLanguages in CFPrefsSource<0x600001708780> (Domain: Volatile, User: , ByHost: No, Container: , Contents Need Refresh: No)
2026-08-17 11:34:35.375 Db YourSofia[1177:323578] [com.apple.defaults:User Defaults] setting new value en_001 for key AppleLocale in CFPrefsSource<0x600001708780> (Domain: Volatile, User: , ByHost: No, Container: , Contents Need Refresh: No)
2026-08-17 11:34:35.375 Db YourSofia[1177:323578] [com.apple.defaults:User Defaults] setting new value (
    "en-001"
) for key NSLanguages in CFPrefsSource<0x600001708780> (Domain: Volatile, User: , ByHost: No, Container: , Contents Need Refresh: No)
2026-08-17 11:34:35.375 Db YourSofia[1177:323578] [com.apple.defaults:User Defaults] setting new value macintosh for key NSInterfaceStyle in CFPrefsSource<0x600001708780> (Domain: Volatile, User: , ByHost: No, Container: , Contents Need Refresh: No)
2026-08-17 11:34:35.376 Df YourSofia[1177:323578] [com.apple.xpc:connection] [0x105204840] activating connection: mach=true listener=false peer=false name=com.apple.cfprefsd.daemon
2026-08-17 11:34:35.376 Db YourSofia[1177:323578] [com.apple.defaults:User Defaults] CFPrefsManagedSource<0x600002c04280> (Domain: bg.sofia.yoursofia, User: kCFPreferencesCurrentUser, ByHost: Yes, Container: (null), Contents Need Refresh: No) loaded: an empty base plist and no additional changes from the base plist
2026-08-17 11:34:35.376 Db YourSofia[1177:323578] [com.apple.defaults:User Defaults] CFPrefsManagedSource<0x600002c04300> (Domain: bg.sofia.yoursofia, User: kCFPreferencesAnyUser, ByHost: Yes, Container: (null), Contents Need Refresh: No) loaded: an empty base plist and no additional changes from the base plist
2026-08-17 11:34:35.376 Db YourSofia[1177:323578] [com.apple.defaults:User Defaults] CFPrefsPlistSource<0x600002c08400> (Domain: bg.sofia.yoursofia, User: kCFPreferencesCurrentUser, ByHost: No, Container: (null), Contents Need Refresh: No) loaded: an empty base plist and no additional changes from the base plist
2026-08-17 11:34:35.376 Db YourSofia[1177:323578] [com.apple.defaults:User Defaults] CFPrefsManagedSource<0x600002c08580> (Domain: kCFPreferencesAnyApplication, User: kCFPreferencesCurrentUser, ByHost: Yes, Container: (null), Contents Need Refresh: No) loaded: an empty base plist and no additional changes from the base plist
2026-08-17 11:34:35.376 Db YourSofia[1177:323578] [com.apple.defaults:User Defaults] CFPrefsPlistSource<0x600002c08600> (Domain: bg.sofia.yoursofia, User: kCFPreferencesCurrentUser, ByHost: No, Container: /Users/valentinasenov/Library/Developer/CoreSimulator/Devices/4EC5F74C-5A9C-4D89-8E44-374310E684AE/data, Contents Need Refresh: No) loaded: an empty base plist and no additional changes from the base plist
2026-08-17 11:34:35.376 Db YourSofia[1177:323578] [com.apple.defaults:User Defaults] CFPrefsPlistSource<0x600002c08680> (Domain: kCFPreferencesAnyApplication, User: kCFPreferencesCurrentUser, ByHost: No, Container: (null), Contents Need Refresh: No) loaded: an empty base plist and no additional changes from the base plist
2026-08-17 11:34:35.376 Db YourSofia[1177:323578] [com.apple.defaults:User Defaults] CFPrefsPlistSource<0x600002c08780> (Domain: kCFPreferencesAnyApplication, User: kCFPreferencesCurrentUser, ByHost: No, Container: /Users/valentinasenov/Library/Developer/CoreSimulator/Devices/4EC5F74C-5A9C-4D89-8E44-374310E684AE/data, Contents Need Refresh: No) loaded: a new base plist and no additional changes from the base plist
2026-08-17 11:34:35.376 Db YourSofia[1177:323578] [com.apple.defaults:User Defaults] CFPrefsPlistSource<0x600002c08800> (Domain: bg.sofia.yoursofia, User: kCFPreferencesCurrentUser, ByHost: Yes, Container: (null), Contents Need Refresh: No) loaded: an empty base plist and no additional changes from the base plist
2026-08-17 11:34:35.376 Db YourSofia[1177:323578] [com.apple.defaults:User Defaults] CFPrefsPlistSource<0x600002c08980> (Domain: kCFPreferencesAnyApplication, User: kCFPreferencesCurrentUser, ByHost: Yes, Container: (null), Contents Need Refresh: No) loaded: an empty base plist and no additional changes from the base plist
2026-08-17 11:34:35.377 Db YourSofia[1177:323578] [com.apple.defaults:User Defaults] found no value for key DTXEnableVerboseSyncResources in CFPrefsSearchListSource<0x600002c04180> (Domain: bg.sofia.yoursofia, Container: (null) Non-launch persona: 0)
2026-08-17 11:34:35.377 Db YourSofia[1177:323578] [com.apple.defaults:User Defaults] found no value for key DTXEnableVerboseSyncSystem in CFPrefsSearchListSource<0x600002c04180> (Domain: bg.sofia.yoursofia, Container: (null) Non-launch persona: 0)
2026-08-17 11:34:35.377 Db YourSofia[1177:323578] [com.apple.defaults:User Defaults] found no value for key DTXEnableDelayedIdleFire in CFPrefsSearchListSource<0x600002c04180> (Domain: bg.sofia.yoursofia, Container: (null) Non-launch persona: 0)
2026-08-17 11:34:35.377 Db YourSofia[1177:323578] [com.apple.defaults:User Defaults] found no value for key DTXDisableMainRunLoopSync in CFPrefsSearchListSource<0x600002c04180> (Domain: bg.sofia.yoursofia, Container: (null) Non-launch persona: 0)
2026-08-17 11:34:35.377 Df YourSofia[1177:323578] (DetoxSync) DTXSwizzleMethod: original method initWithModule:uiManager: not found for class REANodesManager
2026-08-17 11:34:35.842 I  YourSofia[1177:323578] [com.wix.DetoxSync:RCTAnimatedNodeDTXSpy] [RCTAnimatedNode DTXSpy] RCTAnimatedNode class exists: YES
2026-08-17 11:34:35.843 Db YourSofia[1177:323578] [com.apple.defaults:User Defaults] looked up value (
    "en-US",
    "bg-US"
) for key AppleLanguages in CFPrefsPlistSource<0x600002c08780> (Domain: kCFPreferencesAnyApplication, User: kCFPreferencesCurrentUser, ByHost: No, Container: /Users/valentinasenov/Library/Developer/CoreSimulator/Devices/4EC5F74C-5A9C-4D89-8E44-374310E684AE/data, Contents Need Refresh: No) via CFPrefsSearchListSource<0x600002c04180> (Domain: bg.sofia.yoursofia, Container: (null) Non-launch persona: 0)
2026-08-17 11:34:35.843 Db YourSofia[1177:323578] [com.apple.CFBundle:resources] Language lookup at CFBundle 0x600003b04540 </Users/valentinasenov/Library/Developer/CoreSimulator/Devices/4EC5F74C-5A9C-4D89-8E44-374310E684AE/data/Containers/Bundle/Application/F3147808-5ECA-491B-9ADC-3DA9921C01A2/YourSofia.app> (executable, loaded)
	Localizations : [en]
	Dev language  : en
	User prefs    : [en-US, bg-US]
	Main bundle   : [<null>]
	Allow mixed   : 0 
	Result        : [en]
2026-08-17 11:34:35.843 Db YourSofia[1177:323578] [com.apple.CFBundle:resources] Resource lookup at CFBundle 0x600003b04540 </Users/valentinasenov/Library/Developer/CoreSimulator/Devices/4EC5F74C-5A9C-4D89-8E44-374310E684AE/data/Containers/Bundle/Application/F3147808-5ECA-491B-9ADC-3DA9921C01A2/YourSofia.app> (executable, loaded)
	Request       : InfoPlist type: loctable
	Result        : None
2026-08-17 11:34:35.843 Db YourSofia[1177:323578] [com.apple.CFBundle:resources] Resource lookup at CFBundle 0x600003b04540 </Users/valentinasenov/Library/Developer/CoreSimulator/Devices/4EC5F74C-5A9C-4D89-8E44-374310E684AE/data/Containers/Bundle/Application/F3147808-5ECA-491B-9ADC-3DA9921C01A2/YourSofia.app> (executable, loaded)
	Request       : InfoPlist type: strings
	Result        : None
2026-08-17 11:34:35.843 Db YourSofia[1177:323578] [com.apple.CFBundle:resources] Resource lookup at CFBundle 0x600003b04540 </Users/valentinasenov/Library/Developer/CoreSimulator/Devices/4EC5F74C-5A9C-4D89-8E44-374310E684AE/data/Containers/Bundle/Application/F3147808-5ECA-491B-9ADC-3DA9921C01A2/YourSofia.app> (executable, loaded)
	Request       : InfoPlist type: stringsdict
	Result        : None
2026-08-17 11:34:35.843 Df YourSofia[1177:323578] (DetoxSync) DTXSwizzleMethod: original method _setDirty not found for class UIGestureRecognizer
2026-08-17 11:34:35.900 Db YourSofia[1177:323578] [com.apple.defaults:User Defaults] found no value for key detoxDisableTouchIndicators in CFPrefsSearchListSource<0x600002c04180> (Domain: bg.sofia.yoursofia, Container: (null) Non-launch persona: 0)
2026-08-17 11:34:35.900 Db YourSofia[1177:323578] [com.apple.defaults:User Defaults] found no value for key enableAppDelegateVerboseLogging in CFPrefsSearchListSource<0x600002c04180> (Domain: bg.sofia.yoursofia, Container: (null) Non-launch persona: 0)
2026-08-17 11:34:35.900 Db YourSofia[1177:323578] [com.apple.defaults:User Defaults] found no value for key detoxUserActivityDataURL in CFPrefsSearchListSource<0x600002c04180> (Domain: bg.sofia.yoursofia, Container: (null) Non-launch persona: 0)
2026-08-17 11:34:35.900 Db YourSofia[1177:323578] [com.apple.defaults:User Defaults] found no value for key detoxUserNotificationDataURL in CFPrefsSearchListSource<0x600002c04180> (Domain: bg.sofia.yoursofia, Container: (null) Non-launch persona: 0)
2026-08-17 11:34:35.900 Db YourSofia[1177:323578] [com.apple.defaults:User Defaults] found no value for key detoxDisableAnimationSpeedup in CFPrefsSearchListSource<0x600002c04180> (Domain: bg.sofia.yoursofia, Container: (null) Non-launch persona: 0)
2026-08-17 11:34:35.901 Df YourSofia[1177:323578] (Detox) Enabling accessibility for automation on Simulator.
2026-08-17 11:34:35.902 I  YourSofia[1177:323578] [com.apple.Accessibility:AXIPC] Connected to server: <NSMachPort: 0x600002c04d00> 8195
2026-08-17 11:34:35.902 I  YourSofia[1177:323578] [com.apple.Accessibility:AXIPC] Client (AXIPCClient:<0x600002c0c700> Service:com.apple.accessibility.AXBackBoardServer ID:(null) connected:1) registering with server on thread (<_NSMainThread: 0x600001708040>{number = 1, name = main}:name::main:1). UsesMainThreadRunloop:0
2026-08-17 11:34:35.902 Df YourSofia[1177:323578] [com.apple.Accessibility:AXIPC] Setting client identifier com.apple.accessibility.AXSystemReplyServer-1177-0
2026-08-17 11:34:35.902 I  YourSofia[1177:323578] [com.apple.Accessibility:AXIPC] Client (AXIPCClient:<0x600002c0c700> Service:com.apple.accessibility.AXBackBoardServer ID:com.apple.accessibility.AXSystemReplyServer-1177-0 connected:1) registering with server on thread (<_NSMainThread: 0x600001708040>{number = 1, name = main}:name::main:1). UsesMainThreadRunloop:0
2026-08-17 11:34:35.976 Db YourSofia[1177:323578] [com.apple.defaults:User Defaults] CFPrefsManagedSource<0x600002c08d00> (Domain: com.apple.Accessibility, User: kCFPreferencesCurrentUser, ByHost: Yes, Container: (null), Contents Need Refresh: No) loaded: an empty base plist and no additional changes from the base plist
2026-08-17 11:34:35.976 Db YourSofia[1177:323578] [com.apple.defaults:User Defaults] CFPrefsManagedSource<0x600002c08d80> (Domain: com.apple.Accessibility, User: kCFPreferencesAnyUser, ByHost: Yes, Container: (null), Contents Need Refresh: No) loaded: an empty base plist and no additional changes from the base plist
2026-08-17 11:34:35.976 Db YourSofia[1177:323578] [com.apple.defaults:User Defaults] CFPrefsPlistSource<0x600002c08c80> (Domain: com.apple.Accessibility, User: kCFPreferencesCurrentUser, ByHost: No, Container: (null), Contents Need Refresh: No) loaded: a new base plist and no additional changes from the base plist
2026-08-17 11:34:35.976 Db YourSofia[1177:323578] [com.apple.defaults:User Defaults] CFPrefsPlistSource<0x600002c08f00> (Domain: com.apple.Accessibility, User: kCFPreferencesCurrentUser, ByHost: No, Container: /Users/valentinasenov/Library/Developer/CoreSimulator/Devices/4EC5F74C-5A9C-4D89-8E44-374310E684AE/data, Contents Need Refresh: No) loaded: a new base plist and no additional changes from the base plist
2026-08-17 11:34:35.976 Db YourSofia[1177:323578] [com.apple.defaults:User Defaults] CFPrefsPlistSource<0x600002c09000> (Domain: com.apple.Accessibility, User: kCFPreferencesCurrentUser, ByHost: Yes, Container: (null), Contents Need Refresh: No) loaded: an empty base plist and no additional changes from the base plist
2026-08-17 11:34:35.976 Db YourSofia[1177:323578] [com.apple.defaults:User Defaults] CFPrefsPlistSource<0x600002c08c80> (Domain: com.apple.Accessibility, User: kCFPreferencesCurrentUser, ByHost: No, Container: (null), Contents Need Refresh: No) skipping setting already-present value for key ApplicationAccessibilityEnabled
2026-08-17 11:34:35.976 Db YourSofia[1177:323578] [com.apple.defaults:User Defaults] found no value for key detoxEnableSynchronization in CFPrefsSearchListSource<0x600002c04180> (Domain: bg.sofia.yoursofia, Container: (null) Non-launch persona: 0)
2026-08-17 11:34:35.976 Db YourSofia[1177:323578] [com.apple.defaults:User Defaults] found no value for key detoxURLBlacklistRegex in CFPrefsSearchListSource<0x600002c04180> (Domain: bg.sofia.yoursofia, Container: (null) Non-launch persona: 0)
2026-08-17 11:34:35.976 Db YourSofia[1177:323578] [com.apple.defaults:User Defaults] found no value for key detoxMaxSynchronizedDelay in CFPrefsSearchListSource<0x600002c04180> (Domain: bg.sofia.yoursofia, Container: (null) Non-launch persona: 0)
2026-08-17 11:34:35.976 Db YourSofia[1177:323578] [com.apple.defaults:User Defaults] found no value for key detoxWaitForDebugger in CFPrefsSearchListSource<0x600002c04180> (Domain: bg.sofia.yoursofia, Container: (null) Non-launch persona: 0)
2026-08-17 11:34:35.977 Df YourSofia[1177:323578] [com.apple.network:] networkd_settings_read_from_file initialized networkd settings by reading plist directly
2026-08-17 11:34:35.977 Df YourSofia[1177:323578] [com.apple.network:] networkd_settings_read_from_file initialized networkd settings by reading plist directly
2026-08-17 11:34:35.977 Db YourSofia[1177:323578] [com.apple.defaults:User Defaults] CFPrefsManagedSource<0x600002c09200> (Domain: kCFPreferencesAnyApplication, User: kCFPreferencesAnyUser, ByHost: Yes, Container: (null), Contents Need Refresh: No) loaded: an empty base plist and no additional changes from the base plist
2026-08-17 11:34:35.977 Db YourSofia[1177:323578] [com.apple.defaults:User Defaults] found no value for key CFNetworkHTTP3Override in CFPrefsSearchListSource<0x600002c09280> (Domain: kCFPreferencesAnyApplication, Container: (null) Non-launch persona: 0)
2026-08-17 11:34:35.977 Db YourSofia[1177:323578] [com.apple.CFBundle:resources] Resource lookup at CFBundle 0x600003b04540 </Users/valentinasenov/Library/Developer/CoreSimulator/Devices/4EC5F74C-5A9C-4D89-8E44-374310E684AE/data/Containers/Bundle/Application/F3147808-5ECA-491B-9ADC-3DA9921C01A2/YourSofia.app> (executable, loaded)
	Request       : InfoPlist type: strings
	Result        : None
2026-08-17 11:34:35.977 Db YourSofia[1177:323578] [com.apple.CFBundle:resources] Resource lookup at CFBundle 0x600003b04540 </Users/valentinasenov/Library/Developer/CoreSimulator/Devices/4EC5F74C-5A9C-4D89-8E44-374310E684AE/data/Containers/Bundle/Application/F3147808-5ECA-491B-9ADC-3DA9921C01A2/YourSofia.app> (executable, loaded)
	Request       : InfoPlist type: stringsdict
	Result        : None
2026-08-17 11:34:35.977 Db YourSofia[1177:323578] [com.apple.CFNetwork:ATS] Using configuration {
    NSAllowsLocalNetworking = 1;
    NSExceptionDomains =     {
        "apple-mapkit.com" =         {
            NSATSBuiltinOverride = 1;
            NSExceptionAllowsInsecureHTTPLoads = 1;
            NSExceptionMinimumTLSVersion = "TLSv1.0";
            NSExceptionRequiresForwardSecrecy = 0;
            NSIncludesSubdomains = 1;
        };
        "apple.com" =         {
            NSATSBuiltinOverride = 1;
            NSExceptionAllowsInsecureHTTPLoads = 1;
            NSExceptionMinimumTLSVersion = "TLSv1.2";
            NSExceptionRequiresForwardSecrecy = 0;
            NSIncludesSubdomains = 1;
        };
        "geo.apple.com" =         {
            NSATSBuiltinOverride = 1;
            NSExceptionAllowsInsecureHTTPLoads = 1;
            NSExceptionMinimumTLSVersion = "TLSv1.0";
            NSExceptionRequiresForwardSecrecy = 0;
            NSIncludesSubdomains = 1;
        };
        "gs.apple.com" =         {
            NSATSBuiltinOverride = 1;
            NSExceptionAllowsInsecure
2026-08-17 11:34:35.986 Db YourSofia[1177:323578] [com.apple.defaults:User Defaults] found no value for key recordingPath in CFPrefsSearchListSource<0x600002c04180> (Domain: bg.sofia.yoursofia, Container: (null) Non-launch persona: 0)
2026-08-17 11:34:35.986 Db YourSofia[1177:323578] [com.apple.defaults:User Defaults] looked up value ws://localhost:62318 for key detoxServer in CFPrefsSource<0x600001704080> (Domain: Volatile, User: , ByHost: No, Container: , Contents Need Refresh: No) via CFPrefsSearchListSource<0x600002c04180> (Domain: bg.sofia.yoursofia, Container: (null) Non-launch persona: 0)
2026-08-17 11:34:35.986 Db YourSofia[1177:323578] [com.apple.defaults:User Defaults] looked up value 753b482f-4b0c-00ea-3fe6-c59a700fb347 for key detoxSessionId in CFPrefsSource<0x600001704080> (Domain: Volatile, User: , ByHost: No, Container: , Contents Need Refresh: No) via CFPrefsSearchListSource<0x600002c04180> (Domain: bg.sofia.yoursofia, Container: (null) Non-launch persona: 0)
2026-08-17 11:34:35.988 Df YourSofia[1177:323578] [com.apple.CFNetwork:Default] Task <1173058B-8D3C-4C1D-A5F9-80A3FAACAEFA>.<1> resuming, timeouts(60.0, 604800.0) qos(0x21) voucher((null)) activity(00000000-0000-0000-0000-000000000000)
2026-08-17 11:34:35.988 A  YourSofia[1177:323578] (CoreFoundation) Loading Preferences From User Session CFPrefsD
2026-08-17 11:34:35.988 Db YourSofia[1177:323578] [com.apple.defaults:User Defaults] CFPrefsPlistSource<0x600002c05880> (Domain: com.apple.CFNetwork, User: kCFPreferencesCurrentUser, ByHost: No, Container: (null), Contents Need Refresh: No) loaded: an empty base plist and no additional changes from the base plist
2026-08-17 11:34:35.988 Db YourSofia[1177:323578] [com.apple.defaults:User Defaults] found no value for key har-capture-global in CFPrefsPlistSource<0x600002c05880> (Domain: com.apple.CFNetwork, User: kCFPreferencesCurrentUser, ByHost: No, Container: (null), Contents Need Refresh: No)
2026-08-17 11:34:35.988 Db YourSofia[1177:323578] [com.apple.defaults:User Defaults] found no value for key har-capture-pid-date in CFPrefsPlistSource<0x600002c05880> (Domain: com.apple.CFNetwork, User: kCFPreferencesCurrentUser, ByHost: No, Container: (null), Contents Need Refresh: No)
2026-08-17 11:34:35.988 Db YourSofia[1177:323578] [com.apple.defaults:User Defaults] found no value for key har-capture-amp in CFPrefsPlistSource<0x600002c05880> (Domain: com.apple.CFNetwork, User: kCFPreferencesCurrentUser, ByHost: No, Container: (null), Contents Need Refresh: No)
2026-08-17 11:34:35.988 Db YourSofia[1177:323578] [com.apple.network:activity] Returning should log: 0 for activity cfnetwork:foreground_task
2026-08-17 11:34:35.988 Db YourSofia[1177:323578] [com.apple.network:activity] Domain cfnetwork rate configured in registry as 1 / 20000
2026-08-17 11:34:35.988 Db YourSofia[1177:323578] [com.apple.network:activity] Domain cfnetwork rate configured after remote default override as 1 / 20000
2026-08-17 11:34:35.988 Db YourSofia[1177:323578] [com.apple.network:activity] After reading settings plist, domain cfnetwork rate configured as 1 / 2000000
2026-08-17 11:34:35.988 Db YourSofia[1177:323578] [com.apple.network:activity] After settings override, domain cfnetwork rate configured as 1 / 2000000
2026-08-17 11:34:35.988 Db YourSofia[1177:323578] [com.apple.network:activity] Final domain cfnetwork rate configured as 1 / 2000000
2026-08-17 11:34:35.989 Db YourSofia[1177:323578] [com.apple.network:activity] <nw_activity 12:2 [No UUID] (reporting strategy default)> sampled at 1 / 2000000
2026-08-17 11:34:35.989 Db YourSofia[1177:323578] [com.apple.network:activity] Returning should log: 0 for activity cfnetwork:foreground_task
2026-08-17 11:34:35.989 Db YourSofia[1177:323578] [com.apple.network:activity] Returning should log: 0 for activity cfnetwork:foreground_task
2026-08-17 11:34:35.989 Db YourSofia[1177:323578] [com.apple.CFNetwork:Default] [Telemetry]: Activity <nw_activity 12:2 [6D428B3E-5FA8-4793-A984-300773FCE980] (reporting strategy default)> on Task <1173058B-8D3C-4C1D-A5F9-80A3FAACAEFA>.<1> was not selected for reporting
2026-08-17 11:34:35.989 Db YourSofia[1177:32358e] [com.apple.CFNetwork:Default] Using HSTS 0x600002908160 path file:///Users/valentinasenov/Library/Developer/CoreSimulator/Devices/4EC5F74C-5A9C-4D89-8E44-374310E684AE/data/Containers/Data/Application/DD0ACF92-C291-4202-A7D1-598EB7C711C0/Library/Caches/bg.sofia.yoursofia/HSTS.plist
2026-08-17 11:34:35.989 Df YourSofia[1177:323578] (libMobileGestalt.dylib) No persisted cache on this platform.
2026-08-17 11:34:35.989 Db YourSofia[1177:32358e] [com.apple.defaults:User Defaults] found no value for key com.apple.CFNetwork.HSTS.DisableHSTS in CFPrefsPlistSource<0x600002c08680> (Domain: kCFPreferencesAnyApplication, User: kCFPreferencesCurrentUser, ByHost: No, Container: (null), Contents Need Refresh: No)
2026-08-17 11:34:35.989 A  YourSofia[1177:32358e] (libsystem_containermanager.dylib) container_system_group_path_for_identifier
2026-08-17 11:34:35.989 Df YourSofia[1177:32358e] [com.apple.containermanager:xpc] Requesting container lookup; class = 13, identifier = com.apple.nsurlsessiond, group_identifier = systemgroup.com.apple.nsurlstoragedresources, create = 1, temp = 0, euid = 501, uid = 501
2026-08-17 11:34:35.989 A  YourSofia[1177:32358e] (libsystem_containermanager.dylib) container_query_t
2026-08-17 11:34:35.989 Db YourSofia[1177:32358e] [com.apple.containermanager:xpc] Query; euid = 501, uid = 501, query = <dictionary: 0x6000026084e0> { count = 10, transaction: 0, voucher = 0x0, contents =
	"ContainerClass" => <uint64: 0x9de6ae58613414b7>: 13
	"Platform" => <uint64: 0x9de6ae58613414e7>: 7
	"IdentifiersArray" => <array: 0x600000c0c930> { count = 1, capacity = 10, contents =
		0: <string: 0x600000c0c8d0> { string cache = 0x0, length = 23, contents = "com.apple.nsurlsessiond" }
	}
	"Flags" => <uint64: 0x9de6ae10613414c7>: 38654705667
	"Explicit" => <uint64: 0x9de6ae58613415e7>: 39
	"PrivateFlags" => <uint64: 0x9de6ae58613414c7>: 3
	"Transient" => <bool: 0x1e6164410>: false
	"PersonaKernelID" => <uint64: 0x9de6ae58613414df>: 0
	"Command" => <uint64: 0x9de6ae58613415e7>: 39
	"GroupIdentifiers" => <array: 0x600000c0c8a0> { count = 1, capacity = 10, contents =
		0: <string: 0x600000c0c990> { string cache = 0x0, length = 44, contents = "systemgroup.com.apple.nsurlstoragedresources" }
	}
}
2026-08-17 11:34:35.989 Db YourSofia[1177:32358e] [com.apple.containermanager:xpc] connection <0x600000c0cae0/1/0> created; cnt = 2
2026-08-17 11:34:35.989 Db YourSofia[1177:32358e] [com.apple.containermanager:xpc] connection <0x600000c0cae0/1/0> shared; cnt = 3
2026-08-17 11:34:35.989 A  YourSofia[1177:323578] (libsystem_containermanager.dylib) container_system_group_path_for_identifier
2026-08-17 11:34:35.989 Df YourSofia[1177:323578] [com.apple.containermanager:xpc] Requesting container lookup; class = 13, identifier = (null), group_identifier = systemgroup.com.apple.configurationprofiles, create = 1, temp = 0, euid = 501, uid = 501
2026-08-17 11:34:35.989 A  YourSofia[1177:323578] (libsystem_containermanager.dylib) container_query_t
2026-08-17 11:34:35.989 Db YourSofia[1177:323578] [com.apple.containermanager:xpc] Query; euid = 501, uid = 501, query = <dictionary: 0x60000260c1e0> { count = 9, transaction: 0, voucher = 0x0, contents =
	"ContainerClass" => <uint64: 0x9de6ae58613414b7>: 13
	"Platform" => <uint64: 0x9de6ae58613414e7>: 7
	"Flags" => <uint64: 0x9de6ae10613414c7>: 38654705667
	"Explicit" => <uint64: 0x9de6ae58613415ef>: 38
	"PrivateFlags" => <uint64: 0x9de6ae58613414c7>: 3
	"Transient" => <bool: 0x1e6164410>: false
	"PersonaKernelID" => <uint64: 0x9de6ae58613414df>: 0
	"Command" => <uint64: 0x9de6ae58613415e7>: 39
	"GroupIdentifiers" => <array: 0x600000c01ad0> { count = 1, capacity = 10, contents =
		0: <string: 0x600000c01b60> { string cache = 0x0, length = 43, contents = "systemgroup.com.apple.configurationprofiles" }
	}
}
2026-08-17 11:34:35.989 Db YourSofia[1177:323578] [com.apple.containermanager:xpc] connection <0x600000c0cae0/1/0> shared; cnt = 4
2026-08-17 11:34:35.990 Db YourSofia[1177:32358e] [com.apple.containermanager:xpc] connection <0x600000c0cae0/1/0> released; cnt = 3
2026-08-17 11:34:35.990 Df YourSofia[1177:32358e] [com.apple.containermanager:unspecified] _container_query_get_result_at_index: success
2026-08-17 11:34:35.990 Db YourSofia[1177:32358e] [com.apple.containermanager:sandbox] container_object_sandbox_extension_activate(container, true)
2026-08-17 11:34:35.990 Db YourSofia[1177:32358e] [com.apple.containermanager:sandbox] container_object_sandbox_extension_activate(container, true): no sandbox token in container
2026-08-17 11:34:35.990 A  YourSofia[1177:32358e] (libsystem_containermanager.dylib) container_copy_object
2026-08-17 11:34:35.990 Df YourSofia[1177:32358e] [com.apple.containermanager:unspecified] container_system_group_path_for_identifier: success
2026-08-17 11:34:35.990 Db YourSofia[1177:323578] [com.apple.containermanager:xpc] connection <0x600000c0cae0/1/0> released; cnt = 2
2026-08-17 11:34:35.990 Db YourSofia[1177:323578] [com.apple.containermanager:xpc] connection <0x600000c0cae0/1/0> will be canceled in 2 seconds; cnt = 2
2026-08-17 11:34:35.990 Df YourSofia[1177:323578] [com.apple.containermanager:unspecified] _container_query_get_result_at_index: success
2026-08-17 11:34:35.990 Db YourSofia[1177:323578] [com.apple.containermanager:sandbox] container_object_sandbox_extension_activate(container, true)
2026-08-17 11:34:35.990 Db YourSofia[1177:323578] [com.apple.containermanager:sandbox] container_object_sandbox_extension_activate(container, true): no sandbox token in container
2026-08-17 11:34:35.990 A  YourSofia[1177:323578] (libsystem_containermanager.dylib) container_copy_object
2026-08-17 11:34:35.990 Df YourSofia[1177:323578] [com.apple.containermanager:unspecified] container_system_group_path_for_identifier: success
2026-08-17 11:34:35.990 Df YourSofia[1177:323578] [com.apple.ManagedConfiguration:MC] Got system group container path from MCM for systemgroup.com.apple.configurationprofiles: /Users/valentinasenov/Library/Developer/CoreSimulator/Devices/4EC5F74C-5A9C-4D89-8E44-374310E684AE/data/Containers/Shared/SystemGroup/systemgroup.com.apple.configurationprofiles
2026-08-17 11:34:35.992 Db YourSofia[1177:32358e] [com.apple.defaults:User Defaults] looked up value (
    "en-US",
    "bg-US"
) for key AppleLanguages in CFPrefsPlistSource<0x600002c08780> (Domain: kCFPreferencesAnyApplication, User: kCFPreferencesCurrentUser, ByHost: No, Container: /Users/valentinasenov/Library/Developer/CoreSimulator/Devices/4EC5F74C-5A9C-4D89-8E44-374310E684AE/data, Contents Need Refresh: No) via CFPrefsSearchListSource<0x600002c04180> (Domain: bg.sofia.yoursofia, Container: (null) Non-launch persona: 0)
2026-08-17 11:34:35.992 Df YourSofia[1177:323578] [com.apple.xpc:connection] [0x1051084a0] activating connection: mach=true listener=false peer=false name=com.apple.managedconfiguration.profiled.public
2026-08-17 11:34:35.993 Db YourSofia[1177:32358e] [com.apple.defaults:User Defaults] found no value for key AppleCFNetworkDiagnosticLogging in CFPrefsSearchListSource<0x600002c09280> (Domain: kCFPreferencesAnyApplication, Container: (null) Non-launch persona: 0)
2026-08-17 11:34:35.993 Db YourSofia[1177:32358e] [com.apple.CFNetwork:ATS] Uploading ATS exception ATSAllowsLocalNetworking
2026-08-17 11:34:35.993 A  YourSofia[1177:3235b5] (Security) SecTrustReportNetworkingAnalytics
2026-08-17 11:34:35.994 Df YourSofia[1177:32358e] [com.apple.CFNetwork:Default] Initializing NSHTTPCookieStorage singleton
2026-08-17 11:34:35.994 Df YourSofia[1177:3235b5] [com.apple.securityd:keychain] System Keychain Always Supported set via feature flag to disabled
2026-08-17 11:34:35.994 Df YourSofia[1177:3235b5] [com.apple.xpc:connection] [0x105405eb0] activating connection: mach=true listener=false peer=false name=com.apple.trustd
2026-08-17 11:34:35.994 Df YourSofia[1177:32358e] [com.apple.CFNetwork:Default] Initializing CFHTTPCookieStorage singleton
2026-08-17 11:34:35.994 Df YourSofia[1177:32358e] [com.apple.CFNetwork:Default] Creating default cookie storage with process/bundle identifier
2026-08-17 11:34:35.994 Db YourSofia[1177:32358e] [com.apple.defaults:User Defaults] found no value for key com.apple.CFNetwork.ForceIOPath in CFPrefsPlistSource<0x600002c08680> (Domain: kCFPreferencesAnyApplication, User: kCFPreferencesCurrentUser, ByHost: No, Container: (null), Contents Need Refresh: No)
2026-08-17 11:34:35.994 Df YourSofia[1177:32358e] [com.apple.CFNetwork:Default] Initializing AlternativeServices Storage singleton
2026-08-17 11:34:35.994 Df YourSofia[1177:32358e] [com.apple.FileURL:default] kExcludedFromBackupXattrName set on path: /Users/valentinasenov/Library/Developer/CoreSimulator/Devices/4EC5F74C-5A9C-4D89-8E44-374310E684AE/data/Containers/Data/Application/DD0ACF92-C291-4202-A7D1-598EB7C711C0/Library/HTTPStorages/bg.sofia.yoursofia
2026-08-17 11:34:35.994 Df YourSofia[1177:32358e] [com.apple.runningboard:connection] Initializing connection
2026-08-17 11:34:35.994 Df YourSofia[1177:32358e] [com.apple.runningboard:process] Removing all cached process handles
2026-08-17 11:34:35.994 Df YourSofia[1177:3235b6] [com.apple.runningboard:connection] Sending handshake request attempt #1 to server
2026-08-17 11:34:35.994 Df YourSofia[1177:3235b6] [com.apple.runningboard:connection] Creating connection to com.apple.runningboard
2026-08-17 11:34:35.994 I  YourSofia[1177:32358e] [com.apple.runningboard:assertion] Acquiring assertion: <RBSAssertionDescriptor| "com.apple.CFNetwork.StorageDB" ID:(null) target:1177>
2026-08-17 11:34:35.994 Df YourSofia[1177:3235b6] [com.apple.xpc:connection] [0x105204cc0] activating connection: mach=true listener=false peer=false name=com.apple.runningboard
2026-08-17 11:34:35.995 Df YourSofia[1177:3235b5] [com.apple.securityd:SecError] SecTrustReportNetworkingAnalytics failed with error: -4
2026-08-17 11:34:35.995 Db YourSofia[1177:3235b5] [com.apple.runningboard:message] PERF: (null) Received message from runningboardd: async_didChangeInheritances:completion:
2026-08-17 11:34:35.995 A  YourSofia[1177:3235b5] (RunningBoardServices) didChangeInheritances
2026-08-17 11:34:35.995 Db YourSofia[1177:3235b5] [com.apple.runningboard:connection] didChangeInheritances: <RBSInheritanceChangeSet| gained:{(
    <RBSInheritance| environment:(none) name:com.apple.frontboard.visibility origID:99881-1155-770 0>,
    <RBSInheritance| environment:(none) name:com.apple.frontboard.visibility origID:99881-1155-795 0>
)} lost:(null)>
2026-08-17 11:34:35.995 Db YourSofia[1177:3235b6] [com.apple.BaseBoard:Common] BSAuditToken will auto-code: <BSObjCIvar: 0x600000c0e040; "_bundleID" (<NSString *>)>, <BSObjCIvar: 0x600000c0dfb0; "_auditToken" (<struct[32]>)>
2026-08-17 11:34:35.995 Df YourSofia[1177:3235b6] [com.apple.runningboard:connection] Handshake succeeded
2026-08-17 11:34:35.995 Df YourSofia[1177:3235b6] [com.apple.runningboard:connection] Identity resolved as app<bg.sofia.yoursofia((null))>
2026-08-17 11:34:35.995 Db YourSofia[1177:32358e] [com.apple.runningboard:assertion] Adding assertion 99881-1177-874 to dictionary
2026-08-17 11:34:36.000 Db YourSofia[1177:3235b5] [com.apple.ManagedConfiguration:ProfileConnection] Received settings changed notification
2026-08-17 11:34:36.000 Db YourSofia[1177:3235b5] [com.apple.ManagedConfiguration:ProfileConnection] Invalidating cache
2026-08-17 11:34:36.001 I  YourSofia[1177:323578] [com.apple.ManagedConfiguration:MC] Reading from private effective user settings.
2026-08-17 11:34:36.002 Db YourSofia[1177:323578] [com.apple.defaults:User Defaults] CFPrefsManagedSource<0x600002c02c80> (Domain: com.apple.keyboard.preferences, User: kCFPreferencesCurrentUser, ByHost: Yes, Container: (null), Contents Need Refresh: No) loaded: an empty base plist and no additional changes from the base plist
2026-08-17 11:34:36.002 Db YourSofia[1177:323578] [com.apple.defaults:User Defaults] CFPrefsManagedSource<0x600002c02d00> (Domain: com.apple.keyboard.preferences, User: kCFPreferencesAnyUser, ByHost: Yes, Container: (null), Contents Need Refresh: No) loaded: an empty base plist and no additional changes from the base plist
2026-08-17 11:34:36.002 Db YourSofia[1177:323578] [com.apple.defaults:User Defaults] CFPrefsPlistSource<0x600002c02c00> (Domain: com.apple.keyboard.preferences, User: kCFPreferencesCurrentUser, ByHost: No, Container: (null), Contents Need Refresh: No) loaded: an empty base plist and no additional changes from the base plist
2026-08-17 11:34:36.002 Db YourSofia[1177:323578] [com.apple.defaults:User Defaults] CFPrefsPlistSource<0x600002c02d80> (Domain: com.apple.keyboard.preferences, User: kCFPreferencesCurrentUser, ByHost: No, Container: /Users/valentinasenov/Library/Developer/CoreSimulator/Devices/4EC5F74C-5A9C-4D89-8E44-374310E684AE/data, Contents Need Refresh: No) loaded: a new base plist and no additional changes from the base plist
2026-08-17 11:34:36.002 Db YourSofia[1177:323578] [com.apple.defaults:User Defaults] CFPrefsPlistSource<0x600002c02f00> (Domain: com.apple.keyboard.preferences, User: kCFPreferencesCurrentUser, ByHost: Yes, Container: (null), Contents Need Refresh: No) loaded: an empty base plist and no additional changes from the base plist
2026-08-17 11:34:36.002 Df YourSofia[1177:3235b6] [com.apple.CFNetwork:Default] Garbage collection for alternative services
2026-08-17 11:34:36.002 Db YourSofia[1177:323578] [com.apple.defaults:User Defaults] setting {
    KeyboardAutocorrection = 0;
} in CFPrefsPlistSource<0x600002c02c00> (Domain: com.apple.keyboard.preferences, User: kCFPreferencesCurrentUser, ByHost: No, Container: (null), Contents Need Refresh: No)
2026-08-17 11:34:36.003 Df YourSofia[1177:323578] (CloudSettings) [writeToCloudSettings:forStore] - cloudsettings feature disabled
2026-08-17 11:34:36.004 Db YourSofia[1177:323578] [com.apple.foundation:locale] Lookup of 'AppleLanguages' from current preferences failed lookup (app preferences do not contain the key); likely falling back to default locale identifier as current
2026-08-17 11:34:36.004 I  YourSofia[1177:32358e] [com.apple.network:connection] nw_connection_create_with_id [C1] create connection to Hostname#8e8764e7:62318
2026-08-17 11:34:36.004 Df YourSofia[1177:32358e] [com.apple.CFNetwork:Default] Connection 1: starting, TC(0x0)
2026-08-17 11:34:36.004 Df YourSofia[1177:32358e] [com.apple.network:connection] [C1 067C9BEF-2F62-4ACE-AC80-84D688838C3A Hostname#8e8764e7:62318 tcp, url: http://localhost:62318/, definite, attribution: developer, context: com.apple.CFNetwork.NSURLSession.{125F7285-72FF-40C2-AC7B-CA3D70AB2A1A}{(null)}{Y}{2}{0x0} (private), proc: DDAE0ACD-06B9-3DE6-879D-DE3D6508ACC1, delegated upid: 0] start
2026-08-17 11:34:36.004 I  YourSofia[1177:32358e] [com.apple.network:connection] nw_endpoint_handler_start [C1 Hostname#8e8764e7:62318 initial parent-flow ((null))]
2026-08-17 11:34:36.004 Df YourSofia[1177:32358e] [com.apple.network:connection] [C1 Hostname#8e8764e7:62318 initial parent-flow ((null))] event: path:start @0.000s
2026-08-17 11:34:36.004 Db YourSofia[1177:323578] [com.apple.defaults:User Defaults] setting {
    "KeyboardAutocorrection_changedAt" = "2026-08-17 08:34:36 +0000";
} in CFPrefsPlistSource<0x600002c02c00> (Domain: com.apple.keyboard.preferences, User: kCFPreferencesCurrentUser, ByHost: No, Container: (null), Contents Need Refresh: No)
2026-08-17 11:34:36.005 Db YourSofia[1177:32358e] [com.apple.network:connection] nw_endpoint_handler_path_change [C1 Hostname#8e8764e7:62318 waiting parent-flow (satisfied (Path is satisfied), interface: en0[802.11], uses wifi, LQM: unknown)]
2026-08-17 11:34:36.005 Db YourSofia[1177:32358e] [com.apple.networkextension:] ne_tracker_check subsystem is initialized with: {0000000}
2026-08-17 11:34:36.005 Db YourSofia[1177:323578] [com.apple.defaults:User Defaults] setting {
    "KeyboardAutocorrection_buildAtChange" = 23D8133;
} in CFPrefsPlistSource<0x600002c02c00> (Domain: com.apple.keyboard.preferences, User: kCFPreferencesCurrentUser, ByHost: No, Container: (null), Contents Need Refresh: No)
2026-08-17 11:34:36.005 Db YourSofia[1177:323578] [com.apple.defaults:User Defaults] CFPrefsPlistSource<0x600002c02c00> (Domain: com.apple.keyboard.preferences, User: kCFPreferencesCurrentUser, ByHost: No, Container: (null), Contents Need Refresh: No) skipping setting already-present value for key KeyboardAutocorrection_previousValue
2026-08-17 11:34:36.005 Db YourSofia[1177:323578] [com.apple.defaults:User Defaults] CFPrefsPlistSource<0x600002c02c00> (Domain: com.apple.keyboard.preferences, User: kCFPreferencesCurrentUser, ByHost: No, Container: (null), Contents Need Refresh: No) skipping setting already-present value for key KeyboardAutocorrection_analyzedAt
2026-08-17 11:34:36.005 Db YourSofia[1177:32358e] [com.apple.networkextension:] ne_tracker_check_is_hostname_blocked() proceeding with the in_the_app check for hostname: localhost
2026-08-17 11:34:36.005 Db YourSofia[1177:32358e] [com.apple.CFBundle:resources] Resource lookup at CFBundle 0x600003b04540 </Users/valentinasenov/Library/Developer/CoreSimulator/Devices/4EC5F74C-5A9C-4D89-8E44-374310E684AE/data/Containers/Bundle/Application/F3147808-5ECA-491B-9ADC-3DA9921C01A2/YourSofia.app> (executable, loaded)
	Request       : InfoPlist type: strings
	Result        : None
2026-08-17 11:34:36.006 Db YourSofia[1177:32358e] [com.apple.CFBundle:resources] Resource lookup at CFBundle 0x600003b04540 </Users/valentinasenov/Library/Developer/CoreSimulator/Devices/4EC5F74C-5A9C-4D89-8E44-374310E684AE/data/Containers/Bundle/Application/F3147808-5ECA-491B-9ADC-3DA9921C01A2/YourSofia.app> (executable, loaded)
	Request       : InfoPlist type: stringsdict
	Result        : None
2026-08-17 11:34:36.006 Db YourSofia[1177:32358e] [com.apple.networkextension:] ne_tracker_check_is_hostname_blocked(): hostname localhost is not a tracker. Returning: ne_tracker_status_none
2026-08-17 11:34:36.006 Df YourSofia[1177:32358e] [com.apple.network:connection] [C1 Hostname#8e8764e7:62318 waiting parent-flow (satisfied (Path is satisfied), interface: en0[802.11], uses wifi, LQM: unknown)] event: path:satisfied @0.001s, uuid: 0614059A-3967-44DF-8885-2FA54DF0F99C
2026-08-17 11:34:36.006 I  YourSofia[1177:32358e] [com.apple.network:connection] nw_connection_endpoint_report_on_nw_queue_block_invoke [C1 Hostname#8e8764e7:62318 waiting parent-flow (satisfied (Path is satisfied), interface: en0[802.11], uses wifi, LQM: unknown)] skipping state update
2026-08-17 11:34:36.006 Db YourSofia[1177:32358e] [com.apple.network:] nw_endpoint_proxy_handler_should_use_proxy Looking up proxy for hostname: localhost, ifindex: 0
2026-08-17 11:34:36.006 Db YourSofia[1177:32358e] [com.apple.SystemConfiguration:SCPreferences] create <SCPreferences 0x105d04080 [0x1e6193a48]> {name = SCDynamicStoreCopyProxiesWithOptions, id = /Library/Managed Preferences/mobile/com.apple.SystemConfiguration.plist, path = /Library/Managed Preferences/mobile/com.apple.SystemConfiguration.plist}
2026-08-17 11:34:36.006 Db YourSofia[1177:32358e] [com.apple.SystemConfiguration:SCPreferences] SCPreferences() access: /Library/Managed Preferences/mobile/com.apple.SystemConfiguration.plist, size=0
2026-08-17 11:34:36.006 Db YourSofia[1177:32358e] [com.apple.SystemConfiguration:SCPreferences] release <SCPreferences 0x105d04080 [0x1e6193a48]> {name = SCDynamicStoreCopyProxiesWithOptions, id = /Library/Managed Preferences/mobile/com.apple.SystemConfiguration.plist, path = /Library/Managed Preferences/mobile/com.apple.SystemConfiguration.plist, accessed}
2026-08-17 11:34:36.006 Db YourSofia[1177:32358e] [com.apple.network:connection] nw_endpoint_flow_attach_protocols [C1 Hostname#8e8764e7:62318 in_progress parent-flow (satisfied (Path is satisfied), interface: en0[802.11], uses wifi, LQM: unknown)]
2026-08-17 11:34:36.006 Db YourSofia[1177:32358e] [com.apple.network:connection] nw_endpoint_flow_attach_protocols [C1 Hostname#8e8764e7:62318 in_progress parent-flow (satisfied (Path is satisfied), interface: en0[802.11], uses wifi, LQM: unknown)] stopping after adding persistent application protocols
2026-08-17 11:34:36.007 Db YourSofia[1177:32358e] [com.apple.network:connection] nw_endpoint_flow_setup_protocols [C1 Hostname#8e8764e7:62318 in_progress parent-flow (satisfied (Path is satisfied), interface: en0[802.11], uses wifi, LQM: unknown)] persistent protocol stack, starting
2026-08-17 11:34:36.007 Df YourSofia[1177:32358e] [com.apple.network:connection] [C1 Hostname#8e8764e7:62318 in_progress parent-flow (satisfied (Path is satisfied), interface: en0[802.11], uses wifi, LQM: unknown)] event: flow:start_connect @0.002s
2026-08-17 11:34:36.007 Df YourSofia[1177:32358e] [com.apple.network:connection] nw_connection_report_state_with_handler_on_nw_queue [C1] reporting state preparing
2026-08-17 11:34:36.007 I  YourSofia[1177:32358e] [com.apple.network:connection] nw_endpoint_flow_connect [C1 Hostname#8e8764e7:62318 in_progress parent-flow (satisfied (Path is satisfied), interface: en0[802.11], uses wifi, LQM: unknown)] connect bottom protocol
2026-08-17 11:34:36.007 Db YourSofia[1177:32358e] [com.apple.network:connection] nw_endpoint_flow_start_child [C1 Hostname#8e8764e7:62318 in_progress parent-flow (satisfied (Path is satisfied), interface: en0[802.11], uses wifi, LQM: unknown)] creating and starting child handler
2026-08-17 11:34:36.007 Db YourSofia[1177:32358e] [com.apple.network:] nw_endpoint_proxy_handler_should_use_proxy Looking up proxy for hostname: localhost, ifindex: 0
2026-08-17 11:34:36.007 Db YourSofia[1177:32358e] [com.apple.SystemConfiguration:SCPreferences] create <SCPreferences 0x10510b9e0 [0x1e6193a48]> {name = SCDynamicStoreCopyProxiesWithOptions, id = /Library/Managed Preferences/mobile/com.apple.SystemConfiguration.plist, path = /Library/Managed Preferences/mobile/com.apple.SystemConfiguration.plist}
2026-08-17 11:34:36.007 Db YourSofia[1177:32358e] [com.apple.SystemConfiguration:SCPreferences] SCPreferences() access: /Library/Managed Preferences/mobile/com.apple.SystemConfiguration.plist, size=0
2026-08-17 11:34:36.007 Db YourSofia[1177:32358e] [com.apple.SystemConfiguration:SCPreferences] release <SCPreferences 0x10510b9e0 [0x1e6193a48]> {name = SCDynamicStoreCopyProxiesWithOptions, id = /Library/Managed Preferences/mobile/com.apple.SystemConfiguration.plist, path = /Library/Managed Preferences/mobile/com.apple.SystemConfiguration.plist, accessed}
2026-08-17 11:34:36.007 Df YourSofia[1177:32358e] [com.apple.network:connection] [C1 Hostname#8e8764e7:62318 in_progress parent-flow (satisfied (Path is satisfied), interface: en0[802.11], uses wifi, LQM: unknown)] event: flow:start_child @0.002s
2026-08-17 11:34:36.007 I  YourSofia[1177:32358e] [com.apple.network:connection] nw_endpoint_handler_start [C1.1 Hostname#8e8764e7:62318 initial path ((null))]
2026-08-17 11:34:36.007 Db YourSofia[1177:32358e] [com.apple.network:connection] nw_endpoint_flow_receive_report [C1 Hostname#8e8764e7:62318 in_progress parent-flow (satisfied (Path is satisfied), interface: en0[802.11], uses wifi, LQM: unknown)] received child report: [C1.1 Hostname#8e8764e7:62318 initial path ((null))]
2026-08-17 11:34:36.007 Df YourSofia[1177:32358e] [com.apple.network:connection] [C1.1 Hostname#8e8764e7:62318 initial path ((null))] event: path:start @0.002s
2026-08-17 11:34:36.007 Db YourSofia[1177:32358e] [com.apple.network:connection] nw_endpoint_handler_path_change [C1.1 Hostname#8e8764e7:62318 waiting path (satisfied (Path is satisfied), interface: en0[802.11], uses wifi, LQM: unknown)]
2026-08-17 11:34:36.007 Db YourSofia[1177:32358e] [com.apple.networkextension:] ne_tracker_check_is_hostname_blocked() proceeding with the in_the_app check for hostname: localhost
2026-08-17 11:34:36.007 Db YourSofia[1177:32358e] [com.apple.CFBundle:resources] Resource lookup at CFBundle 0x600003b04540 </Users/valentinasenov/Library/Developer/CoreSimulator/Devices/4EC5F74C-5A9C-4D89-8E44-374310E684AE/data/Containers/Bundle/Application/F3147808-5ECA-491B-9ADC-3DA9921C01A2/YourSofia.app> (executable, loaded)
	Request       : InfoPlist type: strings
	Result        : None
2026-08-17 11:34:36.007 Db YourSofia[1177:32358e] [com.apple.CFBundle:resources] Resource lookup at CFBundle 0x600003b04540 </Users/valentinasenov/Library/Developer/CoreSimulator/Devices/4EC5F74C-5A9C-4D89-8E44-374310E684AE/data/Containers/Bundle/Application/F3147808-5ECA-491B-9ADC-3DA9921C01A2/YourSofia.app> (executable, loaded)
	Request       : InfoPlist type: stringsdict
	Result        : None
2026-08-17 11:34:36.007 Db YourSofia[1177:32358e] [com.apple.networkextension:] ne_tracker_check_is_hostname_blocked(): hostname localhost is not a tracker. Returning: ne_tracker_status_none
2026-08-17 11:34:36.007 Db YourSofia[1177:32358e] [com.apple.network:connection] nw_endpoint_flow_receive_report [C1 Hostname#8e8764e7:62318 in_progress parent-flow (satisfied (Path is satisfied), interface: en0[802.11], uses wifi, LQM: unknown)] received child report: [C1.1 Hostname#8e8764e7:62318 waiting path (satisfied (Path is satisfied), interface: en0[802.11], uses wifi, LQM: unknown)]
2026-08-17 11:34:36.007 Df YourSofia[1177:32358e] [com.apple.network:connection] [C1.1 Hostname#8e8764e7:62318 waiting path (satisfied (Path is satisfied), interface: en0[802.11], uses wifi, LQM: unknown)] event: path:satisfied @0.002s, uuid: 0614059A-3967-44DF-8885-2FA54DF0F99C
2026-08-17 11:34:36.007 Db YourSofia[1177:32358e] [com.apple.network:] nw_endpoint_proxy_handler_should_use_proxy Looking up proxy for hostname: localhost, ifindex: 0
2026-08-17 11:34:36.007 Db YourSofia[1177:32358e] [com.apple.SystemConfiguration:SCPreferences] create <SCPreferences 0x10530a370 [0x1e6193a48]> {name = SCDynamicStoreCopyProxiesWithOptions, id = /Library/Managed Preferences/mobile/com.apple.SystemConfiguration.plist, path = /Library/Managed Preferences/mobile/com.apple.SystemConfiguration.plist}
2026-08-17 11:34:36.007 Db YourSofia[1177:32358e] [com.apple.SystemConfiguration:SCPreferences] SCPreferences() access: /Library/Managed Preferences/mobile/com.apple.SystemConfiguration.plist, size=0
2026-08-17 11:34:36.007 Db YourSofia[1177:32358e] [com.apple.SystemConfiguration:SCPreferences] release <SCPreferences 0x10530a370 [0x1e6193a48]> {name = SCDynamicStoreCopyProxiesWithOptions, id = /Library/Managed Preferences/mobile/com.apple.SystemConfiguration.plist, path = /Library/Managed Preferences/mobile/com.apple.SystemConfiguration.plist, accessed}
2026-08-17 11:34:36.007 Db YourSofia[1177:32358e] [com.apple.network:connection] -[NWConcrete_nw_endpoint_resolver startWithHandler:] [C1.1 Hostname#8e8764e7:62318 waiting resolver (satisfied (Path is satisfied), interface: en0[802.11], uses wifi, LQM: unknown)]
2026-08-17 11:34:36.007 Db YourSofia[1177:32358e] [com.apple.network:connection] nw_endpoint_flow_receive_report [C1 Hostname#8e8764e7:62318 in_progress parent-flow (satisfied (Path is satisfied), interface: en0[802.11], uses wifi, LQM: unknown)] received child report: [C1.1 Hostname#8e8764e7:62318 in_progress resolver (satisfied (Path is satisfied), interface: en0[802.11], uses wifi, LQM: unknown)]
2026-08-17 11:34:36.007 Df YourSofia[1177:32358e] [com.apple.network:connection] [C1.1 Hostname#8e8764e7:62318 in_progress resolver (satisfied (Path is satisfied), interface: en0[802.11], uses wifi, LQM: unknown)] event: resolver:start_dns @0.002s
2026-08-17 11:34:36.007 Db YourSofia[1177:32358e] [com.apple.networkextension:] ne_tracker_check_is_hostname_blocked() proceeding with the in_the_app check for hostname: localhost
2026-08-17 11:34:36.007 Db YourSofia[1177:32358e] [com.apple.CFBundle:resources] Resource lookup at CFBundle 0x600003b04540 </Users/valentinasenov/Library/Developer/CoreSimulator/Devices/4EC5F74C-5A9C-4D89-8E44-374310E684AE/data/Containers/Bundle/Application/F3147808-5ECA-491B-9ADC-3DA9921C01A2/YourSofia.app> (executable, loaded)
	Request       : InfoPlist type: strings
	Result        : None
2026-08-17 11:34:36.007 Db YourSofia[1177:32358e] [com.apple.CFBundle:resources] Resource lookup at CFBundle 0x600003b04540 </Users/valentinasenov/Library/Developer/CoreSimulator/Devices/4EC5F74C-5A9C-4D89-8E44-374310E684AE/data/Containers/Bundle/Application/F3147808-5ECA-491B-9ADC-3DA9921C01A2/YourSofia.app> (executable, loaded)
	Request       : InfoPlist type: stringsdict
	Result        : None
2026-08-17 11:34:36.007 Db YourSofia[1177:32358e] [com.apple.networkextension:] ne_tracker_check_is_hostname_blocked(): hostname localhost is not a tracker. Returning: ne_tracker_status_none
2026-08-17 11:34:36.008 I  YourSofia[1177:32358e] [com.apple.network:connection] nw_resolver_create_dns_service_locked [C1.1] Starting host resolution Hostname#8e8764e7:62318, flags 0xc000d000 proto 0
2026-08-17 11:34:36.008 Df YourSofia[1177:32358e] [com.apple.CFNetwork:Default] Task <1173058B-8D3C-4C1D-A5F9-80A3FAACAEFA>.<1> setting up Connection 1
2026-08-17 11:34:36.008 Db YourSofia[1177:32358e] [com.apple.network:activity] Returning should log: 0 for activity cfnetwork:foreground_task
2026-08-17 11:34:36.008 I  YourSofia[1177:32358e] [com.apple.network:connection] nw_resolver_host_resolve_callback [C1.1] flags=0x40000003 ifindex=4294967295 error=NoError(0) hostname=localhost. addr=IPv6#cc7417d7 ttl=1
2026-08-17 11:34:36.008 I  YourSofia[1177:32358e] [com.apple.network:connection] nw_resolver_host_resolve_callback [C1.1] flags=0x40000002 ifindex=4294967295 error=NoError(0) hostname=localhost. addr=IPv4#152eac85 ttl=1
2026-08-17 11:34:36.008 Db YourSofia[1177:32358e] [com.apple.network:] sa_dst_compare_rfc6724 Rule 6, prefer d2, d2 precedence 50 > d1 precedence 35
2026-08-17 11:34:36.008 Db YourSofia[1177:32358e] [com.apple.network:] sa_dst_compare_internal <private>@0 < <private>@0
2026-08-17 11:34:36.008 Db YourSofia[1177:32358e] [com.apple.network:connection] nw_endpoint_resolver_update [C1.1 Hostname#8e8764e7:62318 in_progress resolver (satisfied (Path is satisfied), interface: en0[802.11], uses wifi, LQM: unknown)] resolver is complete
2026-08-17 11:34:36.008 Df YourSofia[1177:32358e] [com.apple.network:connection] nw_endpoint_resolver_update [C1.1 Hostname#8e8764e7:62318 in_progress resolver (satisfied (Path is satisfied), interface: en0[802.11], uses wifi, LQM: unknown)] Adding endpoint handler for IPv6#916c2494.62318
2026-08-17 11:34:36.008 Df YourSofia[1177:32358e] [com.apple.network:connection] nw_endpoint_resolver_update [C1.1 Hostname#8e8764e7:62318 in_progress resolver (satisfied (Path is satisfied), interface: en0[802.11], uses wifi, LQM: unknown)] Adding endpoint handler for IPv4#59127406:62318
2026-08-17 11:34:36.008 Db YourSofia[1177:32358e] [com.apple.network:connection] nw_endpoint_resolver_update [C1.1 Hostname#8e8764e7:62318 in_progress resolver (satisfied (Path is satisfied), interface: en0[802.11], uses wifi, LQM: unknown)] Updated endpoint list is (IPv6#916c2494.62318,IPv4#59127406:62318)
2026-08-17 11:34:36.009 Db YourSofia[1177:32358e] [com.apple.network:connection] nw_endpoint_flow_receive_report [C1 Hostname#8e8764e7:62318 in_progress parent-flow (satisfied (Path is satisfied), interface: en0[802.11], uses wifi, LQM: unknown)] received child report: [C1.1 Hostname#8e8764e7:62318 in_progress resolver (satisfied (Path is satisfied), interface: en0[802.11], uses wifi, LQM: unknown)]
2026-08-17 11:34:36.009 Df YourSofia[1177:32358e] [com.apple.network:connection] [C1.1 Hostname#8e8764e7:62318 in_progress resolver (satisfied (Path is satisfied), interface: en0[802.11], uses wifi, LQM: unknown)] event: resolver:receive_dns @0.004s
2026-08-17 11:34:36.009 I  YourSofia[1177:32358e] [com.apple.network:connection] nw_endpoint_resolver_start_next_child [C1.1 Hostname#8e8764e7:62318 in_progress resolver (satisfied (Path is satisfied), interface: en0[802.11], uses wifi, LQM: unknown)] starting child endpoint IPv6#916c2494.62318
2026-08-17 11:34:36.009 I  YourSofia[1177:32358e] [com.apple.network:connection] nw_endpoint_handler_start [C1.1.1 IPv6#916c2494.62318 initial path ((null))]
2026-08-17 11:34:36.009 Db YourSofia[1177:32358e] [com.apple.network:connection] nw_endpoint_resolver_receive_report [C1.1 Hostname#8e8764e7:62318 in_progress resolver (satisfied (Path is satisfied), interface: en0[802.11], uses wifi, LQM: unknown)] received child report: [C1.1.1 IPv6#916c2494.62318 initial path ((null))]
2026-08-17 11:34:36.009 Db YourSofia[1177:32358e] [com.apple.network:connection] nw_endpoint_flow_receive_report [C1 Hostname#8e8764e7:62318 in_progress parent-flow (satisfied (Path is satisfied), interface: en0[802.11], uses wifi, LQM: unknown)] received child report: [C1.1.1 IPv6#916c2494.62318 initial path ((null))]
2026-08-17 11:34:36.009 Db YourSofia[1177:3235b6] [com.apple.ManagedConfiguration:ProfileConnection] Received settings changed notification
2026-08-17 11:34:36.009 Db YourSofia[1177:3235b6] [com.apple.ManagedConfiguration:ProfileConnection] Invalidating cache
2026-08-17 11:34:36.009 Df YourSofia[1177:32358e] [com.apple.network:connection] [C1.1.1 IPv6#916c2494.62318 initial path ((null))] event: path:start @0.004s
2026-08-17 11:34:36.009 Db YourSofia[1177:32358e] [com.apple.network:connection] nw_endpoint_handler_path_change [C1.1.1 IPv6#916c2494.62318 waiting path (satisfied (Path is satisfied), interface: lo0)]
2026-08-17 11:34:36.009 Db YourSofia[1177:32358e] [com.apple.network:connection] nw_endpoint_resolver_receive_report [C1.1 Hostname#8e8764e7:62318 in_progress resolver (satisfied (Path is satisfied), interface: en0[802.11], uses wifi, LQM: unknown)] received child report: [C1.1.1 IPv6#916c2494.62318 waiting path (satisfied (Path is satisfied), interface: lo0)]
2026-08-17 11:34:36.009 Db YourSofia[1177:32358e] [com.apple.network:connection] nw_endpoint_flow_receive_report [C1 Hostname#8e8764e7:62318 in_progress parent-flow (satisfied (Path is satisfied), interface: en0[802.11], uses wifi, LQM: unknown)] received child report: [C1.1.1 IPv6#916c2494.62318 waiting path (satisfied (Path is satisfied), interface: lo0)]
2026-08-17 11:34:36.009 Df YourSofia[1177:32358e] [com.apple.network:connection] [C1.1.1 IPv6#916c2494.62318 waiting path (satisfied (Path is satisfied), interface: lo0)] event: path:satisfied @0.005s, uuid: E077FB8B-41F9-409F-80D2-0CAB2285CBDD
2026-08-17 11:34:36.009 Db YourSofia[1177:32358e] [com.apple.network:] nw_endpoint_proxy_handler_should_use_proxy Looking up proxy for hostname: <nil>, ifindex: 0
2026-08-17 11:34:36.010 Db YourSofia[1177:32358e] [com.apple.SystemConfiguration:SCPreferences] create <SCPreferences 0x105704d00 [0x1e6193a48]> {name = SCDynamicStoreCopyProxiesWithOptions, id = /Library/Managed Preferences/mobile/com.apple.SystemConfiguration.plist, path = /Library/Managed Preferences/mobile/com.apple.SystemConfiguration.plist}
2026-08-17 11:34:36.010 Db YourSofia[1177:32358e] [com.apple.SystemConfiguration:SCPreferences] SCPreferences() access: /Library/Managed Preferences/mobile/com.apple.SystemConfiguration.plist, size=0
2026-08-17 11:34:36.010 Db YourSofia[1177:32358e] [com.apple.SystemConfiguration:SCPreferences] release <SCPreferences 0x105704d00 [0x1e6193a48]> {name = SCDynamicStoreCopyProxiesWithOptions, id = /Library/Managed Preferences/mobile/com.apple.SystemConfiguration.plist, path = /Library/Managed Preferences/mobile/com.apple.SystemConfiguration.plist, accessed}
2026-08-17 11:34:36.010 I  YourSofia[1177:32358e] [com.apple.network:connection] nw_association_create_flow <nw_association IPv6#916c2494.62318> Added association flow ID 2EB101CA-E452-4918-9383-C31E47BACC38
2026-08-17 11:34:36.010 I  YourSofia[1177:32358e] [com.apple.network:connection] nw_endpoint_flow_setup_protocols [C1.1.1 IPv6#916c2494.62318 in_progress socket-flow (satisfied (Path is satisfied), interface: lo0)] setup flow id 2EB101CA-E452-4918-9383-C31E47BACC38
2026-08-17 11:34:36.010 Db YourSofia[1177:32358e] [com.apple.network:connection] nw_endpoint_flow_attach_protocols [C1.1.1 IPv6#916c2494.62318 in_progress socket-flow (satisfied (Path is satisfied), interface: lo0)]
2026-08-17 11:34:36.010 Db YourSofia[1177:32358e] [com.apple.network:connection] nw_endpoint_flow_attach_protocols_block_invoke [C1.1.1 IPv6#916c2494.62318 in_progress socket-flow (satisfied (Path is satisfied), interface: lo0)] Attached application protocol: CFNetworkConnection-277997857
2026-08-17 11:34:36.010 I  YourSofia[1177:323578] [com.apple.ManagedConfiguration:MC] Reading from private effective user settings.
2026-08-17 11:34:36.010 Db YourSofia[1177:323578] [com.apple.defaults:User Defaults] setting {
    KeyboardPrediction = 0;
} in CFPrefsPlistSource<0x600002c02c00> (Domain: com.apple.keyboard.preferences, User: kCFPreferencesCurrentUser, ByHost: No, Container: (null), Contents Need Refresh: No)
2026-08-17 11:34:36.010 Db YourSofia[1177:32358e] [com.apple.network:] nw_fd_wrapper_create Created <fd_wrapper 7, guarded: false>
2026-08-17 11:34:36.010 Db YourSofia[1177:32358e] [com.apple.network:connection] nw_endpoint_flow_attach_protocols [C1.1.1 IPv6#916c2494.62318 in_progress socket-flow (satisfied (Path is satisfied), interface: lo0)] Attached socket protocol
2026-08-17 11:34:36.010 Db YourSofia[1177:32358e] [com.apple.network:connection] nw_endpoint_flow_setup_protocols [C1.1.1 IPv6#916c2494.62318 in_progress socket-flow (satisfied (Path is satisfied), interface: lo0)] leaf flow starting
2026-08-17 11:34:36.010 Db YourSofia[1177:32358e] [com.apple.network:connection] nw_endpoint_resolver_receive_report [C1.1 Hostname#8e8764e7:62318 in_progress resolver (satisfied (Path is satisfied), interface: en0[802.11], uses wifi, LQM: unknown)] received child report: [C1.1.1 IPv6#916c2494.62318 in_progress socket-flow (satisfied (Path is satisfied), interface: lo0)]
2026-08-17 11:34:36.010 Db YourSofia[1177:32358e] [com.apple.network:connection] nw_endpoint_flow_receive_report [C1 Hostname#8e8764e7:62318 in_progress parent-flow (satisfied (Path is satisfied), interface: en0[802.11], uses wifi, LQM: unknown)] received child report: [C1.1.1 IPv6#916c2494.62318 in_progress socket-flow (satisfied (Path is satisfied), interface: lo0)]
2026-08-17 11:34:36.010 Df YourSofia[1177:32358e] [com.apple.network:connection] [C1.1.1 IPv6#916c2494.62318 in_progress socket-flow (satisfied (Path is satisfied), interface: lo0)] event: flow:start_connect @0.005s
2026-08-17 11:34:36.010 Df YourSofia[1177:323578] (CloudSettings) [writeToCloudSettings:forStore] - cloudsettings feature disabled
2026-08-17 11:34:36.010 I  YourSofia[1177:32358e] [com.apple.network:connection] nw_endpoint_resolver_start_next_child [C1.1 Hostname#8e8764e7:62318 in_progress resolver (satisfied (Path is satisfied), interface: en0[802.11], uses wifi, LQM: unknown)] starting next child endpoint in 100ms
2026-08-17 11:34:36.011 Db YourSofia[1177:32358e] [com.apple.network:connection] nw_socket_handle_socket_event [C1.1.1:2] Event mask: 0x800
2026-08-17 11:34:36.011 Df YourSofia[1177:32358e] [com.apple.network:connection] nw_socket_handle_socket_event [C1.1.1:2] Socket received CONNECTED event
2026-08-17 11:34:36.011 Db YourSofia[1177:32358e] [com.apple.network:connection] nw_socket_setup_notsent_lowat [C1.1.1:2] Set TCP_NOTSENT_LOWAT(16384)
2026-08-17 11:34:36.011 Df YourSofia[1177:32358e] [com.apple.network:connection] nw_flow_connected [C1.1.1 IPv6#916c2494.62318 in_progress socket-flow (satisfied (Path is satisfied), interface: lo0)] Transport protocol connected (socket)
2026-08-17 11:34:36.011 Db YourSofia[1177:32358e] [com.apple.network:connection] nw_endpoint_resolver_receive_report [C1.1 Hostname#8e8764e7:62318 in_progress resolver (satisfied (Path is satisfied), interface: en0[802.11], uses wifi, LQM: unknown)] received child report: [C1.1.1 IPv6#916c2494.62318 in_progress socket-flow (satisfied (Path is satisfied), interface: lo0)]
2026-08-17 11:34:36.011 Db YourSofia[1177:323578] [com.apple.defaults:User Defaults] CFPrefsPlistSource<0x600002c02d80> (Domain: com.apple.keyboard.preferences, User: kCFPreferencesCurrentUser, ByHost: No, Container: /Users/valentinasenov/Library/Developer/CoreSimulator/Devices/4EC5F74C-5A9C-4D89-8E44-374310E684AE/data, Contents Need Refresh: No) loaded: a new base plist and no additional changes from the base plist
2026-08-17 11:34:36.011 Db YourSofia[1177:323578] [com.apple.defaults:User Defaults] CFPrefsPlistSource<0x600002c02f00> (Domain: com.apple.keyboard.preferences, User: kCFPreferencesCurrentUser, ByHost: Yes, Container: (null), Contents Need Refresh: No) loaded: an empty base plist and no additional changes from the base plist
2026-08-17 11:34:36.011 Db YourSofia[1177:323578] [com.apple.defaults:User Defaults] found no value for key KeyboardShowPredictionBar in CFPrefsSearchListSource<0x600002c02b80> (Domain: com.apple.keyboard.preferences, Container: (null) Non-launch persona: 0)
2026-08-17 11:34:36.011 Db YourSofia[1177:323578] [com.apple.defaults:User Defaults] setting {
    KeyboardShowPredictionBar = 0;
} in CFPrefsPlistSource<0x600002c02c00> (Domain: com.apple.keyboard.preferences, User: kCFPreferencesCurrentUser, ByHost: No, Container: (null), Contents Need Refresh: No)
2026-08-17 11:34:36.011 Db YourSofia[1177:32358e] [com.apple.network:connection] nw_endpoint_flow_receive_report [C1 Hostname#8e8764e7:62318 in_progress parent-flow (satisfied (Path is satisfied), interface: en0[802.11], uses wifi, LQM: unknown)] received child report: [C1.1.1 IPv6#916c2494.62318 in_progress socket-flow (satisfied (Path is satisfied), interface: lo0)]
2026-08-17 11:34:36.011 Df YourSofia[1177:32358e] [com.apple.network:connection] [C1.1.1 IPv6#916c2494.62318 in_progress socket-flow (satisfied (Path is satisfied), interface: lo0)] event: flow:finish_transport @0.006s
2026-08-17 11:34:36.011 I  YourSofia[1177:32358e] [com.apple.network:connection] nw_endpoint_resolver_receive_report [C1.1 Hostname#8e8764e7:62318 in_progress resolver (satisfied (Path is satisfied), interface: en0[802.11], uses wifi, LQM: unknown)] pushing out endpoint race by 2000ms
2026-08-17 11:34:36.011 Df YourSofia[1177:32358e] [com.apple.network:connection] nw_flow_connected [C1.1.1 IPv6#916c2494.62318 in_progress socket-flow (satisfied (Path is satisfied), interface: lo0)] Output protocol connected (CFNetworkConnection-277997857)
2026-08-17 11:34:36.011 Db YourSofia[1177:32358e] [com.apple.network:connection] nw_endpoint_flow_connected_path_change [C1.1.1 IPv6#916c2494.62318 ready socket-flow (satisfied (Path is satisfied), interface: lo0)]
2026-08-17 11:34:36.011 I  YourSofia[1177:32358e] [com.apple.network:connection] nw_endpoint_flow_connected_path_change [C1.1.1 IPv6#916c2494.62318 ready socket-flow (satisfied (Path is satisfied), interface: lo0)] Connected path is satisfied, not viable
2026-08-17 11:34:36.011 Db YourSofia[1177:32358e] [com.apple.network:connection] nw_endpoint_resolver_receive_report [C1.1 Hostname#8e8764e7:62318 in_progress resolver (satisfied (Path is satisfied), interface: en0[802.11], uses wifi, LQM: unknown)] received child report: [C1.1.1 IPv6#916c2494.62318 ready socket-flow (satisfied (Path is satisfied), interface: lo0)]
2026-08-17 11:34:36.011 Db YourSofia[1177:32358e] [com.apple.network:connection] nw_endpoint_flow_receive_report [C1 Hostname#8e8764e7:62318 in_progress parent-flow (satisfied (Path is satisfied), interface: en0[802.11], uses wifi, LQM: unknown)] received child report: [C1.1.1 IPv6#916c2494.62318 ready socket-flow (satisfied (Path is satisfied), interface: lo0)]
2026-08-17 11:34:36.011 Db YourSofia[1177:323578] [com.apple.defaults:User Defaults] CFPrefsPlistSource<0x600002c02d80> (Domain: com.apple.keyboard.preferences, User: kCFPreferencesCurrentUser, ByHost: No, Container: /Users/valentinasenov/Library/Developer/CoreSimulator/Devices/4EC5F74C-5A9C-4D89-8E44-374310E684AE/data, Contents Need Refresh: No) loaded: a new base plist and no additional changes from the base plist
2026-08-17 11:34:36.012 Db YourSofia[1177:323578] [com.apple.defaults:User Defaults] CFPrefsPlistSource<0x600002c02f00> (Domain: com.apple.keyboard.preferences, User: kCFPreferencesCurrentUser, ByHost: Yes, Container: (null), Contents Need Refresh: No) loaded: an empty base plist and no additional changes from the base plist
2026-08-17 11:34:36.012 Db YourSofia[1177:323578] [com.apple.defaults:User Defaults] found no value for key DidShowGestureKeyboardIntroduction in CFPrefsSearchListSource<0x600002c02b80> (Domain: com.apple.keyboard.preferences, Container: (null) Non-launch persona: 0)
2026-08-17 11:34:36.012 Db YourSofia[1177:323578] [com.apple.defaults:User Defaults] setting {
    DidShowGestureKeyboardIntroduction = 1;
} in CFPrefsPlistSource<0x600002c02c00> (Domain: com.apple.keyboard.preferences, User: kCFPreferencesCurrentUser, ByHost: No, Container: (null), Contents Need Refresh: No)
2026-08-17 11:34:36.012 Df YourSofia[1177:32358e] [com.apple.network:connection] [C1.1.1 IPv6#916c2494.62318 ready socket-flow (satisfied (Path is satisfied), interface: lo0)] event: flow:child_finish_connect @0.007s
2026-08-17 11:34:36.012 Db YourSofia[1177:32358e] [com.apple.network:connection] nw_endpoint_flow_receive_report [C1 IPv6#916c2494.62318 in_progress parent-flow (satisfied (Path is satisfied), interface: en0[802.11], uses wifi, LQM: unknown)] connecting endpoint_flow to child's shared protocol
2026-08-17 11:34:36.012 Db YourSofia[1177:32358e] [com.apple.network:connection] nw_endpoint_flow_setup_protocols [C1 IPv6#916c2494.62318 in_progress parent-flow (satisfied (Path is satisfied), interface: en0[802.11], uses wifi, LQM: unknown)] already set up
2026-08-17 11:34:36.012 Db YourSofia[1177:32358e] [com.apple.network:connection] nw_endpoint_flow_setup_protocols [C1 IPv6#916c2494.62318 in_progress parent-flow (satisfied (Path is satisfied), interface: en0[802.11], uses wifi, LQM: unknown)] child flow connected, starting
2026-08-17 11:34:36.012 Db YourSofia[1177:32358e] [com.apple.network:connection] nw_endpoint_flow_setup_protocols [C1 IPv6#916c2494.62318 in_progress parent-flow (satisfied (Path is satisfied), interface: en0[802.11], uses wifi, LQM: unknown)] already started
2026-08-17 11:34:36.012 Db YourSofia[1177:32358e] [com.apple.network:connection] nw_endpoint_flow_receive_report [C1 IPv6#916c2494.62318 in_progress parent-flow (satisfied (Path is satisfied), interface: en0[802.11], uses wifi, LQM: unknown)] received child report: [C1.1 Hostname#8e8764e7:62318 ready resolver (satisfied (Path is satisfied), interface: en0[802.11], uses wifi, LQM: unknown)]
2026-08-17 11:34:36.012 Df YourSofia[1177:32358e] [com.apple.network:connection] [C1.1 Hostname#8e8764e7:62318 ready resolver (satisfied (Path is satisfied), interface: en0[802.11], uses wifi, LQM: unknown)] event: flow:child_finish_connect @0.007s
2026-08-17 11:34:36.012 I  YourSofia[1177:32358e] [com.apple.network:connection] nw_endpoint_handler_cancel [C1.1.2 IPv4#59127406:62318 initial path ((null))]
2026-08-17 11:34:36.012 Df YourSofia[1177:32358e] [com.apple.network:connection] nw_flow_connected [C1 IPv6#916c2494.62318 in_progress parent-flow (satisfied (Path is satisfied), interface: en0[802.11], uses wifi, LQM: unknown)] Output protocol connected (endpoint_flow)
2026-08-17 11:34:36.012 Db YourSofia[1177:32358e] [com.apple.network:connection] nw_endpoint_flow_connected_path_change [C1 IPv6#916c2494.62318 ready parent-flow (satisfied (Path is satisfied), interface: en0[802.11], uses wifi, LQM: unknown)]
2026-08-17 11:34:36.012 I  YourSofia[1177:32358e] [com.apple.network:connection] nw_endpoint_flow_connected_path_change [C1 IPv6#916c2494.62318 ready parent-flow (satisfied (Path is satisfied), interface: en0[802.11], uses wifi, LQM: unknown)] Connected path is satisfied, child is not viable
2026-08-17 11:34:36.012 Df YourSofia[1177:32358e] [com.apple.network:connection] [C1 IPv6#916c2494.62318 ready parent-flow (satisfied (Path is satisfied), interface: en0[802.11], uses wifi, LQM: unknown)] event: flow:finish_connect @0.007s
2026-08-17 11:34:36.012 Db YourSofia[1177:32358e] [com.apple.network:connection] nw_connection_run_pqtls_probe_locked_on_nw_queue [C1] No TLS metadata; not running PQ-TLS probe
2026-08-17 11:34:36.012 Db YourSofia[1177:32358e] [com.apple.network:connection] nw_connection_run_ech_probe_locked_on_nw_queue [C1] stack doesn't include TLS; not running ECH probe
2026-08-17 11:34:36.012 Db YourSofia[1177:32358e] [com.apple.network:connection] nw_connection_endpoint_report_on_nw_queue_block_invoke [C1] Connected fallback generation 0
2026-08-17 11:34:36.012 I  YourSofia[1177:32358e] [com.apple.network:connection] nw_connection_start_candidate_manager_if_needed_locked [C1] Checking whether to start candidate manager
2026-08-17 11:34:36.012 Db YourSofia[1177:32358e] [com.apple.network:connection] nw_connection_start_candidate_manager_if_needed_locked [C1] Connection does not support multipath, not starting candidate manager
2026-08-17 11:34:36.012 Df YourSofia[1177:32358e] [com.apple.network:connection] nw_connection_report_state_with_handler_on_nw_queue [C1] reporting state ready
2026-08-17 11:34:36.012 Df YourSofia[1177:32358e] [com.apple.CFNetwork:Default] Connection 1: connected successfully
2026-08-17 11:34:36.012 Df YourSofia[1177:32358e] [com.apple.CFNetwork:Default] Connection 1: ready C(N) E(N)
2026-08-17 11:34:36.012 Db YourSofia[1177:32358e] [com.apple.CFNetwork:Default] Task <1173058B-8D3C-4C1D-A5F9-80A3FAACAEFA>.<1> done setting up Connection 1
2026-08-17 11:34:36.012 Db YourSofia[1177:32358e] [com.apple.network:activity] Returning should log: 0 for activity cfnetwork:foreground_task
2026-08-17 11:34:36.012 Df YourSofia[1177:32358e] [com.apple.CFNetwork:Default] Task <1173058B-8D3C-4C1D-A5F9-80A3FAACAEFA>.<1> now using Connection 1
2026-08-17 11:34:36.012 Db YourSofia[1177:32358e] [com.apple.network:activity] Returning should log: 0 for activity cfnetwork:foreground_task
2026-08-17 11:34:36.012 Db YourSofia[1177:32358e] [com.apple.CFBundle:loading] dyld image path for pointer 0x184e41958 is /Library/Developer/CoreSimulator/Volumes/iOS_23D8133/Library/Developer/CoreSimulator/Profiles/Runtimes/iOS 26.3.simruntime/Contents/Resources/RuntimeRoot/System/Library/Frameworks/CFNetwork.framework/CFNetwork
2026-08-17 11:34:36.013 Df YourSofia[1177:323578] [com.apple.BoardServices:XPCErrors] [C:1] Alloc com.apple.frontboard.systemappservices
2026-08-17 11:34:36.013 Df YourSofia[1177:323578] [com.apple.xpc:connection] [0x105206a30] activating connection: mach=false listener=false peer=false name=(anonymous)
2026-08-17 11:34:36.014 Db YourSofia[1177:32358e] [com.apple.CFBundle:loading] dlfcn check load bundle CFBundle 0x600003b00000 </Library/Developer/CoreSimulator/Volumes/iOS_23D8133/Library/Developer/CoreSimulator/Profiles/Runtimes/iOS 26.3.simruntime/Contents/Resources/RuntimeRoot/System/Library/Frameworks/CFNetwork.framework> (not loaded), dlopen of /Library/Developer/CoreSimulator/Volumes/iOS_23D8133/Library/Developer/CoreSimulator/Profiles/Runtimes/iOS 26.3.simruntime/Contents/Resources/RuntimeRoot/System/Library/Frameworks/CFNetwork.framework/CFNetwork mode 0x115 getting handle 0x3ac111
2026-08-17 11:34:36.014 Db YourSofia[1177:32358e] [com.apple.CFBundle:resources] Language lookup at CFBundle 0x600003b00000 </Library/Developer/CoreSimulator/Volumes/iOS_23D8133/Library/Developer/CoreSimulator/Profiles/Runtimes/iOS 26.3.simruntime/Contents/Resources/RuntimeRoot/System/Library/Frameworks/CFNetwork.framework> (framework, loaded)
	Localizations : [de, ur, he, en_AU, ar, el, ja, mr, en, uk, es_419, gu, zh_CN, kn, pa, es, sl, or, pt_BR, da, it, bg, sk, kk, pt_PT, ms, ta, ml, sv, te, cs, ko, no, hu, zh_HK, tr, pl, zh_TW, en_GB, vi, lt, ru, fr_CA, fr, fi, id, nl, th, bn, ro, hr, hi, ca]
	Dev language  : en
	User prefs    : [en-US, bg-US]
	Main bundle   : [en]
	Allow mixed   : 0 
	Result        : [en]
2026-08-17 11:34:36.015 Db YourSofia[1177:32358e] [com.apple.CFBundle:resources] Resource lookup at CFBundle 0x600003b00000 </Library/Developer/CoreSimulator/Volumes/iOS_23D8133/Library/Developer/CoreSimulator/Profiles/Runtimes/iOS 26.3.simruntime/Contents/Resources/RuntimeRoot/System/Library/Frameworks/CFNetwork.framework> (framework, loaded)
	Request       : InfoPlist type: loctable
	Result        : None
2026-08-17 11:34:36.015 Db YourSofia[1177:32358e] [com.apple.CFBundle:resources] Resource lookup at CFBundle 0x600003b00000 </Library/Developer/CoreSimulator/Volumes/iOS_23D8133/Library/Developer/CoreSimulator/Profiles/Runtimes/iOS 26.3.simruntime/Contents/Resources/RuntimeRoot/System/Library/Frameworks/CFNetwork.framework> (framework, loaded)
	Request       : InfoPlist type: strings
	Result        : None
2026-08-17 11:34:36.015 Db YourSofia[1177:32358e] [com.apple.CFBundle:resources] Resource lookup at CFBundle 0x600003b00000 </Library/Developer/CoreSimulator/Volumes/iOS_23D8133/Library/Developer/CoreSimulator/Profiles/Runtimes/iOS 26.3.simruntime/Contents/Resources/RuntimeRoot/System/Library/Frameworks/CFNetwork.framework> (framework, loaded)
	Request       : InfoPlist type: stringsdict
	Result        : None
2026-08-17 11:34:36.015 Df YourSofia[1177:32358e] [com.apple.CFNetwork:Default] Task <1173058B-8D3C-4C1D-A5F9-80A3FAACAEFA>.<1> sent request, body N 0
2026-08-17 11:34:36.015 Df YourSofia[1177:3235b6] [com.apple.CFNetwork:Default] Task <1173058B-8D3C-4C1D-A5F9-80A3FAACAEFA>.<1> received response, status 101 content U
2026-08-17 11:34:36.015 Df YourSofia[1177:3235b6] [com.apple.CFNetwork:Default] Task <1173058B-8D3C-4C1D-A5F9-80A3FAACAEFA>.<1> response ended
2026-08-17 11:34:36.015 Df YourSofia[1177:3235b6] [com.apple.CFNetwork:Default] Task <1173058B-8D3C-4C1D-A5F9-80A3FAACAEFA>.<1> done using Connection 1
2026-08-17 11:34:36.016 Db YourSofia[1177:3235b6] [com.apple.network:activity] Returning should log: 0 for activity cfnetwork:foreground_task
2026-08-17 11:34:36.016 Db YourSofia[1177:3235b6] [com.apple.cfnetwork:websocket] Task <1173058B-8D3C-4C1D-A5F9-80A3FAACAEFA>.<1> handshake successful
2026-08-17 11:34:36.017 Db YourSofia[1177:32358e] [com.apple.network:connection] nw_endpoint_handler_modify_protocol_stack [C1.1.1 IPv6#916c2494.62318 ready socket-flow (satisfied (Path is satisfied), interface: lo0)] Modified protocol stack
2026-08-17 11:34:36.017 Db YourSofia[1177:32358e] [com.apple.network:connection] nw_endpoint_resolver_receive_report [C1.1 Hostname#8e8764e7:62318 ready resolver (satisfied (Path is satisfied), interface: en0[802.11], uses wifi, LQM: unknown)] received child report: [C1.1.1 IPv6#916c2494.62318 in_progress socket-flow (satisfied (Path is satisfied), interface: lo0)]
2026-08-17 11:34:36.017 Db YourSofia[1177:32358e] [com.apple.network:connection] nw_endpoint_flow_receive_report [C1 IPv6#916c2494.62318 ready parent-flow (satisfied (Path is satisfied), interface: en0[802.11], uses wifi, LQM: unknown)] received child report: [C1.1.1 IPv6#916c2494.62318 in_progress socket-flow (satisfied (Path is satisfied), interface: lo0)]
2026-08-17 11:34:36.017 Df YourSofia[1177:32358e] [com.apple.network:connection] [C1.1.1 IPv6#916c2494.62318 in_progress socket-flow (satisfied (Path is satisfied), interface: lo0)] event: flow:start_secondary_connect @0.012s
2026-08-17 11:34:36.017 Db YourSofia[1177:32358e] [com.apple.network:connection] nw_endpoint_flow_receive_report [C1 IPv6#916c2494.62318 ready parent-flow (satisfied (Path is satisfied), interface: en0[802.11], uses wifi, LQM: unknown)] received child report: [C1.1 Hostname#8e8764e7:62318 in_progress resolver (satisfied (Path is satisfied), interface: en0[802.11], uses wifi, LQM: unknown)]
2026-08-17 11:34:36.017 Df YourSofia[1177:32358e] [com.apple.network:connection] [C1.1 Hostname#8e8764e7:62318 in_progress resolver (satisfied (Path is satisfied), interface: en0[802.11], uses wifi, LQM: unknown)] event: flow:start_secondary_connect @0.012s
2026-08-17 11:34:36.017 Df YourSofia[1177:32358e] [com.apple.network:connection] [C1 IPv6#916c2494.62318 in_progress parent-flow (satisfied (Path is satisfied), interface: en0[802.11], uses wifi, LQM: unknown)] event: flow:start_secondary_connect @0.012s
2026-08-17 11:34:36.017 Df YourSofia[1177:32358e] [com.apple.network:connection] nw_connection_report_state_with_handler_on_nw_queue [C1] reporting state preparing
2026-08-17 11:34:36.017 Db YourSofia[1177:32358e] [com.apple.network:connection] nw_endpoint_resolver_receive_report [C1.1 Hostname#8e8764e7:62318 in_progress resolver (satisfied (Path is satisfied), interface: en0[802.11], uses wifi, LQM: unknown)] received child report: [C1.1.1 IPv6#916c2494.62318 in_progress socket-flow (satisfied (Path is satisfied), interface: lo0)]
2026-08-17 11:34:36.017 Db YourSofia[1177:32358e] [com.apple.network:connection] nw_endpoint_flow_receive_report [C1 IPv6#916c2494.62318 in_progress parent-flow (satisfied (Path is satisfied), interface: en0[802.11], uses wifi, LQM: unknown)] received child report: [C1.1.1 IPv6#916c2494.62318 in_progress socket-flow (satisfied (Path is satisfied), interface: lo0)]
2026-08-17 11:34:36.017 Df YourSofia[1177:32358e] [com.apple.network:connection] [C1.1.1 IPv6#916c2494.62318 in_progress socket-flow (satisfied (Path is satisfied), interface: lo0)] event: flow:start_connect @0.012s
2026-08-17 11:34:36.017 Db YourSofia[1177:32358e] [com.apple.network:connection] nw_endpoint_flow_receive_report [C1 IPv6#916c2494.62318 in_progress parent-flow (satisfied (Path is satisfied), interface: en0[802.11], uses wifi, LQM: unknown)] received child report: [C1.1 Hostname#8e8764e7:62318 in_progress resolver (satisfied (Path is satisfied), interface: en0[802.11], uses wifi, LQM: unknown)]
2026-08-17 11:34:36.017 Df YourSofia[1177:32358e] [com.apple.network:connection] [C1.1 Hostname#8e8764e7:62318 in_progress resolver (satisfied (Path is satisfied), interface: en0[802.11], uses wifi, LQM: unknown)] event: flow:start_connect @0.012s
2026-08-17 11:34:36.017 Df YourSofia[1177:32358e] [com.apple.network:connection] [C1 IPv6#916c2494.62318 in_progress parent-flow (satisfied (Path is satisfied), interface: en0[802.11], uses wifi, LQM: unknown)] event: flow:start_connect @0.012s
2026-08-17 11:34:36.017 Df YourSofia[1177:32358e] [com.apple.network:connection] nw_flow_connected [C1.1.1 IPv6#916c2494.62318 in_progress socket-flow (satisfied (Path is satisfied), interface: lo0)] Transport protocol connected (socket)
2026-08-17 11:34:36.017 Db YourSofia[1177:32358e] [com.apple.network:connection] nw_endpoint_resolver_receive_report [C1.1 Hostname#8e8764e7:62318 in_progress resolver (satisfied (Path is satisfied), interface: en0[802.11], uses wifi, LQM: unknown)] received child report: [C1.1.1 IPv6#916c2494.62318 in_progress socket-flow (satisfied (Path is satisfied), interface: lo0)]
2026-08-17 11:34:36.017 Db YourSofia[1177:32358e] [com.apple.network:connection] nw_endpoint_flow_receive_report [C1 IPv6#916c2494.62318 in_progress parent-flow (satisfied (Path is satisfied), interface: en0[802.11], uses wifi, LQM: unknown)] received child report: [C1.1.1 IPv6#916c2494.62318 in_progress socket-flow (satisfied (Path is satisfied), interface: lo0)]
2026-08-17 11:34:36.017 Df YourSofia[1177:32358e] [com.apple.network:connection] [C1.1.1 IPv6#916c2494.62318 in_progress socket-flow (satisfied (Path is satisfied), interface: lo0)] event: flow:finish_transport @0.012s
2026-08-17 11:34:36.017 Db YourSofia[1177:32358e] [com.apple.network:connection] nw_endpoint_flow_receive_report [C1 IPv6#916c2494.62318 in_progress parent-flow (satisfied (Path is satisfied), interface: en0[802.11], uses wifi, LQM: unknown)] received child report: [C1.1 Hostname#8e8764e7:62318 in_progress resolver (satisfied (Path is satisfied), interface: en0[802.11], uses wifi, LQM: unknown)]
2026-08-17 11:34:36.017 Df YourSofia[1177:32358e] [com.apple.network:connection] [C1.1 Hostname#8e8764e7:62318 in_progress resolver (satisfied (Path is satisfied), interface: en0[802.11], uses wifi, LQM: unknown)] event: flow:finish_transport @0.012s
2026-08-17 11:34:36.017 Df YourSofia[1177:32358e] [com.apple.network:connection] [C1 IPv6#916c2494.62318 in_progress parent-flow (satisfied (Path is satisfied), interface: en0[802.11], uses wifi, LQM: unknown)] event: flow:finish_transport @0.012s
2026-08-17 11:34:36.017 Df YourSofia[1177:32358e] [com.apple.network:connection] nw_flow_connected [C1.1.1 IPv6#916c2494.62318 in_progress socket-flow (satisfied (Path is satisfied), interface: lo0)] Output protocol connected (CFNetworkConnection-277997857)
2026-08-17 11:34:36.018 Db YourSofia[1177:32358e] [com.apple.network:connection] nw_endpoint_flow_connected_path_change [C1.1.1 IPv6#916c2494.62318 ready socket-flow (satisfied (Path is satisfied), interface: lo0)]
2026-08-17 11:34:36.018 I  YourSofia[1177:32358e] [com.apple.network:connection] nw_endpoint_flow_connected_path_change [C1.1.1 IPv6#916c2494.62318 ready socket-flow (satisfied (Path is satisfied), interface: lo0)] Connected path is satisfied, not viable
2026-08-17 11:34:36.018 Db YourSofia[1177:32358e] [com.apple.network:connection] nw_endpoint_resolver_receive_report [C1.1 Hostname#8e8764e7:62318 in_progress resolver (satisfied (Path is satisfied), interface: en0[802.11], uses wifi, LQM: unknown)] received child report: [C1.1.1 IPv6#916c2494.62318 ready socket-flow (satisfied (Path is satisfied), interface: lo0)]
2026-08-17 11:34:36.018 Db YourSofia[1177:32358e] [com.apple.network:connection] nw_endpoint_flow_receive_report [C1 IPv6#916c2494.62318 in_progress parent-flow (satisfied (Path is satisfied), interface: en0[802.11], uses wifi, LQM: unknown)] received child report: [C1.1.1 IPv6#916c2494.62318 ready socket-flow (satisfied (Path is satisfied), interface: lo0)]
2026-08-17 11:34:36.018 Df YourSofia[1177:32358e] [com.apple.network:connection] [C1.1.1 IPv6#916c2494.62318 ready socket-flow (satisfied (Path is satisfied), interface: lo0)] event: flow:child_finish_connect @0.013s
2026-08-17 11:34:36.018 Db YourSofia[1177:32358e] [com.apple.network:connection] nw_endpoint_flow_receive_report [C1 IPv6#916c2494.62318 in_progress parent-flow (satisfied (Path is satisfied), interface: en0[802.11], uses wifi, LQM: unknown)] received child report: [C1.1 Hostname#8e8764e7:62318 ready resolver (satisfied (Path is satisfied), interface: en0[802.11], uses wifi, LQM: unknown)]
2026-08-17 11:34:36.018 Df YourSofia[1177:32358e] [com.apple.network:connection] [C1.1 Hostname#8e8764e7:62318 ready resolver (satisfied (Path is satisfied), interface: en0[802.11], uses wifi, LQM: unknown)] event: flow:child_finish_connect @0.013s
2026-08-17 11:34:36.018 Df YourSofia[1177:32358e] [com.apple.network:connection] [C1 IPv6#916c2494.62318 ready parent-flow (satisfied (Path is satisfied), interface: en0[802.11], uses wifi, LQM: unknown)] event: flow:finish_connect @0.013s
2026-08-17 11:34:36.018 Df YourSofia[1177:32358e] [com.apple.network:connection] nw_connection_report_state_with_handler_on_nw_queue [C1] reporting state ready
2026-08-17 11:34:36.018 Df YourSofia[1177:32358e] [com.apple.network:connection] nw_flow_connected [C1 IPv6#916c2494.62318 ready parent-flow (satisfied (Path is satisfied), interface: en0[802.11], uses wifi, LQM: unknown)] Output protocol connected (endpoint_flow)
2026-08-17 11:34:36.018 Db YourSofia[1177:32358e] [com.apple.network:connection] nw_endpoint_flow_connected_path_change [C1 IPv6#916c2494.62318 ready parent-flow (satisfied (Path is satisfied), interface: en0[802.11], uses wifi, LQM: unknown)]
2026-08-17 11:34:36.018 I  YourSofia[1177:32358e] [com.apple.network:connection] nw_endpoint_flow_connected_path_change [C1 IPv6#916c2494.62318 ready parent-flow (satisfied (Path is satisfied), interface: en0[802.11], uses wifi, LQM: unknown)] Connected path is satisfied, child is not viable
2026-08-17 11:34:36.018 Db YourSofia[1177:3235b6] [com.apple.BaseBoard:MachPort]  *|machport|* <BSMachPortTaskNameRight: 0x600001715a80; usable: YES; (1177:3307:send task_name_for_pid:SpringBoard.1155)> -> (<NSThread: 0x600001715140>{number = 3, name = (null)}) (
	0   BaseBoard                           0x00000001840447e0 -[BSMachPortRight _initWithPort:type:owner:trace:] + 192
	1   BaseBoard                           0x0000000184046754 -[BSMachPortTaskNameRight initWithPID:] + 260
	2   BaseBoard                           0x00000001840465f4 +[BSMachPortTaskNameRight taskNameForPID:] + 56
	3   BaseBoard                           0x000000018405971c +[BSProcessHandle processHandleForXPCConnection:] + 176
	4   BoardServices                       0x000000018812e73c +[BSXPCServiceConnectionPeer peerOfConnection:] + 312
	5   BoardServices                       0x0000000188163cb4 __55-[BSXPCServiceConnection _lock_activateNowOrWhenReady:]_block_invoke_2 + 136
	6   BoardServices                       0x000000018815a2fc __55-[BSXPCServiceConnectionMessage _actuallySendWithMode:]_block_invoke + 14
2026-08-17 11:34:36.019 Db YourSofia[1177:323578] [com.apple.defaults:User Defaults] CFPrefsPlistSource<0x600002c02d80> (Domain: com.apple.keyboard.preferences, User: kCFPreferencesCurrentUser, ByHost: No, Container: /Users/valentinasenov/Library/Developer/CoreSimulator/Devices/4EC5F74C-5A9C-4D89-8E44-374310E684AE/data, Contents Need Refresh: No) loaded: a new base plist and no additional changes from the base plist
2026-08-17 11:34:36.019 Db YourSofia[1177:323578] [com.apple.defaults:User Defaults] CFPrefsPlistSource<0x600002c02f00> (Domain: com.apple.keyboard.preferences, User: kCFPreferencesCurrentUser, ByHost: Yes, Container: (null), Contents Need Refresh: No) loaded: an empty base plist and no additional changes from the base plist
2026-08-17 11:34:36.019 Db YourSofia[1177:323578] [com.apple.defaults:User Defaults] looked up value 1 for key DidShowContinuousPathIntroduction in CFPrefsPlistSource<0x600002c02d80> (Domain: com.apple.keyboard.preferences, User: kCFPreferencesCurrentUser, ByHost: No, Container: /Users/valentinasenov/Library/Developer/CoreSimulator/Devices/4EC5F74C-5A9C-4D89-8E44-374310E684AE/data, Contents Need Refresh: No) via CFPrefsSearchListSource<0x600002c02b80> (Domain: com.apple.keyboard.preferences, Container: (null) Non-launch persona: 0)
2026-08-17 11:34:36.030 Db YourSofia[1177:323578] [com.apple.CFBundle:resources] Resource lookup at CFBundle 0x600003b04540 </Users/valentinasenov/Library/Developer/CoreSimulator/Devices/4EC5F74C-5A9C-4D89-8E44-374310E684AE/data/Containers/Bundle/Application/F3147808-5ECA-491B-9ADC-3DA9921C01A2/YourSofia.app> (executable, loaded)
	Request       : InfoPlist type: strings
	Result        : None
2026-08-17 11:34:36.030 Db YourSofia[1177:323578] [com.apple.CFBundle:resources] Resource lookup at CFBundle 0x600003b04540 </Users/valentinasenov/Library/Developer/CoreSimulator/Devices/4EC5F74C-5A9C-4D89-8E44-374310E684AE/data/Containers/Bundle/Application/F3147808-5ECA-491B-9ADC-3DA9921C01A2/YourSofia.app> (executable, loaded)
	Request       : InfoPlist type: stringsdict
	Result        : None
2026-08-17 11:34:36.030 Df YourSofia[1177:323578] [com.apple.UserNotifications:Connections] [bg.sofia.yoursofia] Creating a user notification center
2026-08-17 11:34:36.042 Db YourSofia[1177:3235b5] [com.apple.defaults:User Defaults] found no value for key IIOEnableOOP in CFPrefsSearchListSource<0x600002c04180> (Domain: bg.sofia.yoursofia, Container: (null) Non-launch persona: 0)
2026-08-17 11:34:36.042 A  YourSofia[1177:3235b5] (CoreFoundation) Loading Preferences From User Session CFPrefsD
2026-08-17 11:34:36.042 Db YourSofia[1177:3235b5] [com.apple.defaults:User Defaults] CFPrefsPlistSource<0x600002c09f80> (Domain: com.apple.ImageIO, User: kCFPreferencesCurrentUser, ByHost: No, Container: (null), Contents Need Refresh: No) loaded: an empty base plist and no additional changes from the base plist
2026-08-17 11:34:36.042 Db YourSofia[1177:3235b5] [com.apple.defaults:User Defaults] found no value for key IIOEnableOOP in CFPrefsPlistSource<0x600002c09f80> (Domain: com.apple.ImageIO, User: kCFPreferencesCurrentUser, ByHost: No, Container: (null), Contents Need Refresh: No)
2026-08-17 11:34:36.043 Db YourSofia[1177:3235b6] [com.apple.defaults:User Defaults] CFPrefsManagedSource<0x600002c05d00> (Domain: com.apple.UIKit, User: kCFPreferencesCurrentUser, ByHost: Yes, Container: (null), Contents Need Refresh: No) loaded: an empty base plist and no additional changes from the base plist
2026-08-17 11:34:36.043 Db YourSofia[1177:3235b6] [com.apple.defaults:User Defaults] CFPrefsManagedSource<0x600002c05d80> (Domain: com.apple.UIKit, User: kCFPreferencesAnyUser, ByHost: Yes, Container: (null), Contents Need Refresh: No) loaded: an empty base plist and no additional changes from the base plist
2026-08-17 11:34:36.043 Db YourSofia[1177:3235b6] [com.apple.defaults:User Defaults] CFPrefsPlistSource<0x600002c05c80> (Domain: com.apple.UIKit, User: kCFPreferencesCurrentUser, ByHost: No, Container: (null), Contents Need Refresh: No) loaded: an empty base plist and no additional changes from the base plist
2026-08-17 11:34:36.043 Db YourSofia[1177:3235b6] [com.apple.defaults:User Defaults] CFPrefsPlistSource<0x600002c05e00> (Domain: com.apple.UIKit, User: kCFPreferencesCurrentUser, ByHost: No, Container: /Users/valentinasenov/Library/Developer/CoreSimulator/Devices/4EC5F74C-5A9C-4D89-8E44-374310E684AE/data, Contents Need Refresh: No) loaded: an empty base plist and no additional changes from the base plist
2026-08-17 11:34:36.043 Db YourSofia[1177:3235b6] [com.apple.defaults:User Defaults] CFPrefsPlistSource<0x600002c05f80> (Domain: com.apple.UIKit, User: kCFPreferencesCurrentUser, ByHost: Yes, Container: (null), Contents Need Refresh: No) loaded: an empty base plist and no additional changes from the base plist
2026-08-17 11:34:36.043 Db YourSofia[1177:3235bb] [com.apple.defaults:User Defaults] found no value for key LogHIDEventFiltered in CFPrefsSearchListSource<0x600002c05c00> (Domain: com.apple.UIKit, Container: (null) Non-launch persona: 0)
2026-08-17 11:34:36.043 Db YourSofia[1177:3235bb] [com.apple.defaults:User Defaults] found no value for key LogHIDEventIncoming in CFPrefsSearchListSource<0x600002c05c00> (Domain: com.apple.UIKit, Container: (null) Non-launch persona: 0)
2026-08-17 11:34:36.043 Db YourSofia[1177:323578] [com.apple.defaults:User Defaults] found no value for key LogApplication in CFPrefsSearchListSource<0x600002c05c00> (Domain: com.apple.UIKit, Container: (null) Non-launch persona: 0)
2026-08-17 11:34:36.043 Df YourSofia[1177:323578] [com.apple.UIKit:Application] Deactivation reason added: 10; deactivation reasons: 0 -> 1024; animating application lifecycle event: 0
2026-08-17 11:34:36.043 Db YourSofia[1177:3235b6] [com.apple.defaults:User Defaults] found no value for key LogBackgroundTask in CFPrefsSearchListSource<0x600002c05c00> (Domain: com.apple.UIKit, Container: (null) Non-launch persona: 0)
2026-08-17 11:34:36.043 Df YourSofia[1177:3235b6] [com.apple.UIKit:BackgroundTask] Creating new assertion because there is no existing background assertion.
2026-08-17 11:34:36.043 Df YourSofia[1177:3235b6] [com.apple.UIKit:BackgroundTask] Creating new background assertion
2026-08-17 11:34:36.043 Df YourSofia[1177:3235b6] [com.apple.UIKit:BackgroundTask] Created new background assertion <BKSProcessAssertion: 0x600002116030>
2026-08-17 11:34:36.043 I  YourSofia[1177:3235b6] [com.apple.runningboard:assertion] Acquiring assertion: <RBSAssertionDescriptor| "Shared Background Assertion 0 for bg.sofia.yoursofia" ID:(null) target:1177>
2026-08-17 11:34:36.043 Df YourSofia[1177:323578] [com.apple.BoardServices:Injection] activating monitor for service com.apple.frontboard.open
2026-08-17 11:34:36.043 Df YourSofia[1177:323578] [com.apple.BoardServices:Injection] activating monitor for service com.apple.frontboard.workspace-service
2026-08-17 11:34:36.043 Db YourSofia[1177:3235b6] [com.apple.runningboard:assertion] Adding assertion 99881-1177-892 to dictionary
2026-08-17 11:34:36.043 Df YourSofia[1177:3235b6] [com.apple.UIKit:BackgroundTask] Incrementing reference count for background assertion <BKSProcessAssertion: 0x600002116030>
2026-08-17 11:34:36.044 Df YourSofia[1177:3235b6] [com.apple.UIKit:BackgroundTask] Created background task <_UIBackgroundTaskInfo: 0x60000172c440>: taskID = 1, taskName = Launch Background Task for Coalescing, creationTime = 184954 (elapsed = 0).
2026-08-17 11:34:36.044 Df YourSofia[1177:323578] [com.apple.FrontBoard:Common] FBSWorkspace registering source: com.apple.frontboard.systemappservices
2026-08-17 11:34:36.044 Df YourSofia[1177:3235b6] [com.apple.FrontBoard:SceneExtension] Realizing settings extension _UIApplicationSceneKeyboardSettings on FBSSceneSettings
2026-08-17 11:34:36.044 Db YourSofia[1177:3235b6] [com.apple.FrontBoard:SceneExtension] registering method "hardwareKeyboardExclusivityIdentifier" from extension _UIApplicationSceneKeyboardSettings on class "FBSSceneSettings"
2026-08-17 11:34:36.044 Db YourSofia[1177:3235b6] [com.apple.FrontBoard:SceneExtension] registering method "setHardwareKeyboardExclusivityIdentifier:" from extension _UIApplicationSceneKeyboardSettings on class "FBSSceneSettings"
2026-08-17 11:34:36.044 Db YourSofia[1177:3235b6] [com.apple.FrontBoard:SceneExtension] registering method "keyboardDockDisabled" from extension _UIApplicationSceneKeyboardSettings on class "FBSSceneSettings"
2026-08-17 11:34:36.044 Db YourSofia[1177:3235b6] [com.apple.FrontBoard:SceneExtension] registering method "setKeyboardDockDisabled:" from extension _UIApplicationSceneKeyboardSettings on class "FBSSceneSettings"
2026-08-17 11:34:36.044 Db YourSofia[1177:3235b6] [com.apple.FrontBoard:SceneExtension] registering method "minimumKeyboardPadding" from extension _UIApplicationSceneKeyboardSettings on class "FBSSceneSettings"
2026-08-17 11:34:36.044 Db YourSofia[1177:3235b6] [com.apple.FrontBoard:SceneExtension] registering method "setMinimumKeyboardPadding:" from extension _UIApplicationSceneKeyboardSettings on class "FBSSceneSettings"
2026-08-17 11:34:36.044 Db YourSofia[1177:3235b6] [com.apple.FrontBoard:SceneExtension] registering method "suppressKeyboardFocusRequests" from extension _UIApplicationSceneKeyboardSettings on class "FBSSceneSettings"
2026-08-17 11:34:36.044 Df YourSofia[1177:323578] [com.apple.FrontBoard:Common] FBSWorkspace connected to endpoint : <BSServiceConnectionEndpoint: 0x60000022e0e0; target: com.apple.frontboard.systemappservices; service: com.apple.frontboard.workspace-service>
2026-08-17 11:34:36.044 Db YourSofia[1177:3235b6] [com.apple.FrontBoard:SceneExtension] registering method "setSuppressKeyboardFocusRequests:" from extension _UIApplicationSceneKeyboardSettings on class "FBSSceneSettings"
2026-08-17 11:34:36.044 Df YourSofia[1177:323578] [com.apple.FrontBoard:Common] <FBSWorkspaceScenesClient:0x60000300c3f0 com.apple.frontboard.systemappservices> attempting immediate handshake from activate
2026-08-17 11:34:36.044 Df YourSofia[1177:3235b6] [com.apple.FrontBoard:SceneExtension] Realizing settings extension <_UISceneOcclusionSettings> on FBSSceneSettings
2026-08-17 11:34:36.044 Df YourSofia[1177:323578] [com.apple.FrontBoard:Common] <FBSWorkspaceScenesClient:0x60000300c3f0 com.apple.frontboard.systemappservices> sent handshake
2026-08-17 11:34:36.044 Db YourSofia[1177:3235b6] [com.apple.FrontBoard:SceneExtension] registering method "systemOcclusionRects" from extension <_UISceneOcclusionSettings> on class "FBSSceneSettings"
2026-08-17 11:34:36.044 Db YourSofia[1177:3235b6] [com.apple.FrontBoard:SceneExtension] registering method "setSystemOcclusionRects:" from extension <_UISceneOcclusionSettings> on class "FBSSceneSettings"
2026-08-17 11:34:36.044 Db YourSofia[1177:3235b6] [com.apple.FrontBoard:SceneExtension] registering method "applicationOcclusionRects" from extension <_UISceneOcclusionSettings> on class "FBSSceneSettings"
2026-08-17 11:34:36.044 Db YourSofia[1177:3235b6] [com.apple.FrontBoard:SceneExtension] registering method "setApplicationOcclusionRects:" from extension <_UISceneOcclusionSettings> on class "FBSSceneSettings"
2026-08-17 11:34:36.044 Df YourSofia[1177:323578] [com.apple.runningboard:general] Added observer for process assertions expiration warning: <_RBSExpirationWarningClient: 0x6000002188c0>
2026-08-17 11:34:36.044 Df YourSofia[1177:3235b6] [com.apple.FrontBoard:SceneExtension] Realizing settings extension <_UISceneInterfaceProtectionSettings> on FBSSceneSettings
2026-08-17 11:34:36.044 Db YourSofia[1177:3235b6] [com.apple.FrontBoard:SceneExtension] registering method "underAppProtection" from extension <_UISceneInterfaceProtectionSettings> on class "FBSSceneSettings"
2026-08-17 11:34:36.044 Db YourSofia[1177:3235b6] [com.apple.FrontBoard:SceneExtension] registering method "setUnderAppProtection:" from extension <_UISceneInterfaceProtectionSettings> on class "FBSSceneSettings"
2026-08-17 11:34:36.044 Db YourSofia[1177:3235b6] [com.apple.FrontBoard:SceneExtension] registering method "extensionShieldCurrentlyShown" from extension <_UISceneInterfaceProtectionSettings> on class "FBSSceneSettings"
2026-08-17 11:34:36.044 Db YourSofia[1177:3235b6] [com.apple.FrontBoard:SceneExtension] registering method "setExtensionShieldCurrentlyShown:" from extension <_UISceneInterfaceProtectionSettings> on class "FBSSceneSettings"
2026-08-17 11:34:36.045 Df YourSofia[1177:3235b6] [com.apple.FrontBoard:SceneExtension] Realizing settings extension _UISceneLayoutPreferencesHostSettingsExtension on FBSSceneSettings
2026-08-17 11:34:36.045 Db YourSofia[1177:3235b6] [com.apple.FrontBoard:SceneExtension] registering method "_hostObservesLayoutPreferenceChanges" from extension _UISceneLayoutPreferencesHostSettingsExtension on class "FBSSceneSettings"
2026-08-17 11:34:36.045 Db YourSofia[1177:3235b6] [com.apple.FrontBoard:SceneExtension] registering method "set_hostObservesLayoutPreferenceChanges:" from extension _UISceneLayoutPreferencesHostSettingsExtension on class "FBSSceneSettings"
2026-08-17 11:34:36.045 Db YourSofia[1177:3235b6] [com.apple.FrontBoard:SceneExtension] registering method "_hostSupportsSceneDoubleTap" from extension _UISceneLayoutPreferencesHostSettingsExtension on class "FBSSceneSettings"
2026-08-17 11:34:36.045 Db YourSofia[1177:3235b6] [com.apple.FrontBoard:SceneExtension] registering method "set_hostSupportsSceneDoubleTap:" from extension _UISceneLayoutPreferencesHostSettingsExtension on class "FBSSceneSettings"
2026-08-17 11:34:36.045 Df YourSofia[1177:3235b6] [com.apple.FrontBoard:SceneExtension] Realizing settings extension _UISceneSafeAreaSettingsExtension on FBSSceneSettings
2026-08-17 11:34:36.045 Db YourSofia[1177:3235b6] [com.apple.FrontBoard:SceneExtension] registering method "safeAreaCornerInsetResolver" from extension _UISceneSafeAreaSettingsExtension on class "FBSSceneSettings"
2026-08-17 11:34:36.045 Db YourSofia[1177:3235b6] [com.apple.FrontBoard:SceneExtension] registering method "setSafeAreaCornerInsetResolver:" from extension _UISceneSafeAreaSettingsExtension on class "FBSSceneSettings"
2026-08-17 11:34:36.045 Db YourSofia[1177:3235b6] [com.apple.FrontBoard:SceneExtension] registering method "safeAreaCornerInsets" from extension _UISceneSafeAreaSettingsExtension on class "FBSSceneSettings"
2026-08-17 11:34:36.045 Db YourSofia[1177:3235b6] [com.apple.FrontBoard:SceneExtension] registering method "setSafeAreaCornerInsets:" from extension _UISceneSafeAreaSettingsExtension on class "FBSSceneSettings"
2026-08-17 11:34:36.045 Db YourSofia[1177:3235b6] [com.apple.FrontBoard:SceneExtension] registering method "safeAreaEdgeInsetResolver" from extension _UISceneSafeAreaSettingsExtension on class "FBSSceneSettings"
2026-08-17 11:34:36.045 Db YourSofia[1177:3235b6] [com.apple.FrontBoard:SceneExtension] registering method "setSafeAreaEdgeInsetResolver:" from extension _UISceneSafeAreaSettingsExtension on class "FBSSceneSettings"
2026-08-17 11:34:36.045 Db YourSofia[1177:3235b6] [com.apple.FrontBoard:SceneExtension] registering method "safeAreaEdgeInsets" from extension _UISceneSafeAreaSettingsExtension on class "FBSSceneSettings"
2026-08-17 11:34:36.045 Db YourSofia[1177:3235b6] [com.apple.FrontBoard:SceneExtension] registering method "setSafeAreaEdgeInsets:" from extension _UISceneSafeAreaSettingsExtension on class "FBSSceneSettings"
2026-08-17 11:34:36.045 Df YourSofia[1177:3235b6] [com.apple.FrontBoard:SceneExtension] Realizing settings extension _UISceneLayoutPreferenceClientSettingsExtension on FBSSceneClientSettings
2026-08-17 11:34:36.046 Db YourSofia[1177:3235b6] [com.apple.FrontBoard:SceneExtension] registering method "preferredMaximumHeight" from extension _UISceneLayoutPreferenceClientSettingsExtension on class "FBSSceneClientSettings"
2026-08-17 11:34:36.046 Db YourSofia[1177:3235b6] [com.apple.FrontBoard:SceneExtension] registering method "setPreferredMaximumHeight:" from extension _UISceneLayoutPreferenceClientSettingsExtension on class "FBSSceneClientSettings"
2026-08-17 11:34:36.046 Db YourSofia[1177:3235b6] [com.apple.FrontBoard:SceneExtension] registering method "preferredMaximumWidth" from extension _UISceneLayoutPreferenceClientSettingsExtension on class "FBSSceneClientSettings"
2026-08-17 11:34:36.046 Db YourSofia[1177:3235b6] [com.apple.FrontBoard:SceneExtension] registering method "setPreferredMaximumWidth:" from extension _UISceneLayoutPreferenceClientSettingsExtension on class "FBSSceneClientSettings"
2026-08-17 11:34:36.046 Db YourSofia[1177:3235b6] [com.apple.FrontBoard:SceneExtension] registering method "preferredMaximumDepth" from extension _UISceneLayoutPreferenceClientSettingsExtension on class "FBSSceneClientSettings"
2026-08-17 11:34:36.046 Db YourSofia[1177:3235b6] [com.apple.FrontBoard:SceneExtension] registering method "setPreferredMaximumDepth:" from extension _UISceneLayoutPreferenceClientSettingsExtension on class "FBSSceneClientSettings"
2026-08-17 11:34:36.046 Db YourSofia[1177:3235b6] [com.apple.FrontBoard:SceneExtension] registering method "preferredMinimumWidth" from extension _UISceneLayoutPreferenceClientSettingsExtension on class "FBSSceneClientSettings"
2026-08-17 11:34:36.046 Db YourSofia[1177:3235b6] [com.apple.FrontBoard:SceneExtension] registering method "setPreferredMinimumWidth:" from extension _UISceneLayoutPreferenceClientSettingsExtension on class "FBSSceneClientSettings"
2026-08-17 11:34:36.046 Db YourSofia[1177:3235b6] [com.apple.FrontBoard:SceneExtension] registering method "preferredMinimumHeight" from extension _UISceneLayoutPreferenceClientSettingsExtension on class "FBSSceneClientSettings"
2026-08-17 11:34:36.046 Db YourSofia[1177:3235b6] [com.apple.FrontBoard:SceneExtension] registering method "setPreferredMinimumHeight:" from extension _UISceneLayoutPreferenceClientSettingsExtension on class "FBSSceneClientSettings"
2026-08-17 11:34:36.046 Db YourSofia[1177:3235b6] [com.apple.FrontBoard:SceneExtension] registering method "preferredMinimumDepth" from extension _UISceneLayoutPreferenceClientSettingsExtension on class "FBSSceneClientSettings"
2026-08-17 11:34:36.046 Db YourSofia[1177:3235b6] [com.apple.FrontBoard:SceneExtension] registering method "setPreferredMinimumDepth:" from extension _UISceneLayoutPreferenceClientSettingsExtension on class "FBSSceneClientSettings"
2026-08-17 11:34:36.046 Db YourSofia[1177:323578] [com.apple.defaults:User Defaults] found no value for key LogUIScreen in CFPrefsSearchListSource<0x600002c05c00> (Domain: com.apple.UIKit, Container: (null) Non-launch persona: 0)
2026-08-17 11:34:36.046 Df YourSofia[1177:323578] [com.apple.UIKit:UIScreen] Evaluated capturing state as 0 on <UIScreen: 0x105407660> for initial
2026-08-17 11:34:36.046 Df YourSofia[1177:3235b6] [com.apple.FrontBoard:SceneExtension] Realizing settings extension <_UIHomeAffordanceHostSceneSettings> on FBSSceneSettings
2026-08-17 11:34:36.046 Db YourSofia[1177:3235b6] [com.apple.FrontBoard:SceneExtension] registering method "homeAffordanceSceneReferenceFrame" from extension <_UIHomeAffordanceHostSceneSettings> on class "FBSSceneSettings"
2026-08-17 11:34:36.046 Df YourSofia[1177:323578] [com.apple.UIKit:UIScreen] Evaluated capturing state as 0 on <UIScreen: 0x105407660> for CADisplay KVO
2026-08-17 11:34:36.046 Db YourSofia[1177:3235b6] [com.apple.FrontBoard:SceneExtension] registering method "setHomeAffordanceSceneReferenceFrame:" from extension <_UIHomeAffordanceHostSceneSettings> on class "FBSSceneSettings"
2026-08-17 11:34:36.046 Df YourSofia[1177:3235b6] [com.apple.FrontBoard:SceneExtension] Realizing settings extension _UISystemShellSceneHostingEnvironmentSettings on FBSSceneSettings
2026-08-17 11:34:36.046 Db YourSofia[1177:3235b6] [com.apple.FrontBoard:SceneExtension] registering method "systemShellHostingSpaceIdentifier" from extension _UISystemShellSceneHostingEnvironmentSettings on class "FBSSceneSettings"
2026-08-17 11:34:36.046 Db YourSofia[1177:3235b6] [com.apple.FrontBoard:SceneExtension] registering method "setSystemShellHostingSpaceIdentifier:" from extension _UISystemShellSceneHostingEnvironmentSettings on class "FBSSceneSettings"
2026-08-17 11:34:36.046 Df YourSofia[1177:3235b6] [com.apple.FrontBoard:SceneExtension] Realizing settings extension _UISceneRenderingEnvironmentSettings on FBSSceneSettings
2026-08-17 11:34:36.047 Db YourSofia[1177:3235b6] [com.apple.FrontBoard:SceneExtension] registering method "modern_isCapturingContentForAdditionalRenderingDestination" from extension _UISceneRenderingEnvironmentSettings on class "FBSSceneSettings"
2026-08-17 11:34:36.047 Db YourSofia[1177:3235b6] [com.apple.FrontBoard:SceneExtension] registering method "setModernIsCapturingContentForAdditionalRenderingDestinations:" from extension _UISceneRenderingEnvironmentSettings on class "FBSSceneSettings"
2026-08-17 11:34:36.047 Db YourSofia[1177:3235b6] [com.apple.FrontBoard:SceneExtension] registering method "systemDisplayIdentifier" from extension _UISceneRenderingEnvironmentSettings on class "FBSSceneSettings"
2026-08-17 11:34:36.047 Db YourSofia[1177:3235b6] [com.apple.FrontBoard:SceneExtension] registering method "setSystemDisplayIdentifier:" from extension _UISceneRenderingEnvironmentSettings on class "FBSSceneSettings"
2026-08-17 11:34:36.047 Db YourSofia[1177:3235b6] [com.apple.FrontBoard:SceneExtension] registering method "activeAppearance" from extension _UISceneRenderingEnvironmentSettings on class "FBSSceneSettings"
2026-08-17 11:34:36.047 Db YourSofia[1177:3235b6] [com.apple.FrontBoard:SceneExtension] registering method "setActiveAppearance:" from extension _UISceneRenderingEnvironmentSettings on class "FBSSceneSettings"
2026-08-17 11:34:36.047 Df YourSofia[1177:3235b6] [com.apple.FrontBoard:SceneExtension] Realizing settings extension <_UISceneRenderingEnvironmentClientSettings> on FBSSceneClientSettings
2026-08-17 11:34:36.047 Db YourSofia[1177:323578] [com.apple.CFBundle:resources] Resource lookup at CFBundle 0x600003b04540 </Users/valentinasenov/Library/Developer/CoreSimulator/Devices/4EC5F74C-5A9C-4D89-8E44-374310E684AE/data/Containers/Bundle/Application/F3147808-5ECA-491B-9ADC-3DA9921C01A2/YourSofia.app> (executable, loaded)
	Request       : InfoPlist type: strings
	Result        : None
2026-08-17 11:34:36.047 Db YourSofia[1177:323578] [com.apple.CFBundle:resources] Resource lookup at CFBundle 0x600003b04540 </Users/valentinasenov/Library/Developer/CoreSimulator/Devices/4EC5F74C-5A9C-4D89-8E44-374310E684AE/data/Containers/Bundle/Application/F3147808-5ECA-491B-9ADC-3DA9921C01A2/YourSofia.app> (executable, loaded)
	Request       : InfoPlist type: stringsdict
	Result        : None
2026-08-17 11:34:36.047 Db YourSofia[1177:3235b6] [com.apple.FrontBoard:SceneExtension] registering method "prefersContentProtection" from extension <_UISceneRenderingEnvironmentClientSettings> on class "FBSSceneClientSettings"
2026-08-17 11:34:36.047 Db YourSofia[1177:3235b6] [com.apple.FrontBoard:SceneExtension] registering method "setPrefersContentProtection:" from extension <_UISceneRenderingEnvironmentClientSettings> on class "FBSSceneClientSettings"
2026-08-17 11:34:36.047 Db YourSofia[1177:323578] [com.apple.defaults:User Defaults] found no value for key _UIEnableLegacyRTL in CFPrefsSearchListSource<0x600002c05c00> (Domain: com.apple.UIKit, Container: (null) Non-launch persona: 0)
2026-08-17 11:34:36.047 Db YourSofia[1177:323578] [com.apple.defaults:User Defaults] found no value for key NSTighteningFactorForTruncation in CFPrefsSearchListSource<0x600002c04180> (Domain: bg.sofia.yoursofia, Container: (null) Non-launch persona: 0)
2026-08-17 11:34:36.047 Df YourSofia[1177:3235b6] [com.apple.FrontBoard:SceneExtension] Realizing settings extension <_UISceneTransitioningHostSettings> on FBSSceneSettings
2026-08-17 11:34:36.047 Db YourSofia[1177:323578] [com.apple.defaults:User Defaults] found no value for key NSTighteningFactorForTruncation in CFPrefsSearchListSource<0x600002c04180> (Domain: bg.sofia.yoursofia, Container: (null) Non-launch persona: 0)
2026-08-17 11:34:36.047 Db YourSofia[1177:323578] [com.apple.defaults:User Defaults] found no value for key NSAllowsDefaultTighteningForTruncation in CFPrefsSearchListSource<0x600002c04180> (Domain: bg.sofia.yoursofia, Container: (null) Non-launch persona: 0)
2026-08-17 11:34:36.047 Db YourSofia[1177:323578] [com.apple.defaults:User Defaults] found no value for key NSUsesDefaultHyphenation in CFPrefsSearchListSource<0x600002c04180> (Domain: bg.sofia.yoursofia, Container: (null) Non-launch persona: 0)
2026-08-17 11:34:36.047 Db YourSofia[1177:323578] [com.apple.defaults:User Defaults] found no value for key NSDefaultHyphenationFactor in CFPrefsSearchListSource<0x600002c04180> (Domain: bg.sofia.yoursofia, Container: (null) Non-launch persona: 0)
2026-08-17 11:34:36.047 Db YourSofia[1177:323578] [com.apple.defaults:User Defaults] found no value for key NSUsesOptimalLineBreaking in CFPrefsSearchListSource<0x600002c04180> (Domain: bg.sofia.yoursofia, Container: (null) Non-launch persona: 0)
2026-08-17 11:34:36.047 Db YourSofia[1177:3235b6] [com.apple.FrontBoard:SceneExtension] registering method "allowedAsMorphTransitionSource" from extension <_UISceneTransitioningHostSettings> on class "FBSSceneSettings"
2026-08-17 11:34:36.047 Db YourSofia[1177:323578] [com.apple.defaults:User Defaults] found no value for key NSUsesOptimalLineBreakingForNonJustifiedAlignments in CFPrefsSearchListSource<0x600002c04180> (Domain: bg.sofia.yoursofia, Container: (null) Non-launch persona: 0)
2026-08-17 11:34:36.047 Db YourSofia[1177:3235b6] [com.apple.FrontBoard:SceneExtension] registering method "setAllowedAsMorphTransitionSource:" from extension <_UISceneTransitioningHostSettings> on class "FBSSceneSettings"
2026-08-17 11:34:36.047 Db YourSofia[1177:323578] [com.apple.defaults:User Defaults] found no value for key NSForceRightToLeftWritingDirection in CFPrefsSearchListSource<0x600002c04180> (Domain: bg.sofia.yoursofia, Container: (null) Non-launch persona: 0)
2026-08-17 11:34:36.047 Df YourSofia[1177:3235b6] [com.apple.FrontBoard:SceneExtension] Realizing settings extension <_UISceneFocusSystemSettings> on FBSSceneSettings
2026-08-17 11:34:36.047 Db YourSofia[1177:323578] [com.apple.defaults:User Defaults] found no value for key UIPreferredContentSizeCategoryName in CFPrefsSearchListSource<0x600002c04180> (Domain: bg.sofia.yoursofia, Container: (null) Non-launch persona: 0)
2026-08-17 11:34:36.047 Db YourSofia[1177:3235b6] [com.apple.FrontBoard:SceneExtension] registering method "isHostAssertingActiveFocusSystem" from extension <_UISceneFocusSystemSettings> on class "FBSSceneSettings"
2026-08-17 11:34:36.047 Db YourSofia[1177:323578] [com.apple.Accessibility:AXSupportCommon] CF Read Category Name: domain = bg.sofia.yoursofia, appID = bg.sofia.yoursofia value = (null)
2026-08-17 11:34:36.047 Df YourSofia[1177:323578] [com.apple.Accessibility:AXSupportCommon] Read CategoryName: per-app = 1, category name = (null)
2026-08-17 11:34:36.047 Db YourSofia[1177:3235b6] [com.apple.FrontBoard:SceneExtension] registering method "setHostAssertingActiveFocusSystem:" from extension <_UISceneFocusSystemSettings> on class "FBSSceneSettings"
2026-08-17 11:34:36.047 Df YourSofia[1177:3235b6] [com.apple.FrontBoard:SceneExtension] Realizing settings extension _UISceneOrientationSettingsExtension on FBSSceneSettings
2026-08-17 11:34:36.047 Db YourSofia[1177:3235b6] [com.apple.FrontBoard:SceneExtension] registering method "interfaceOrientationLockState" from extension _UISceneOrientationSettingsExtension on class "FBSSceneSettings"
2026-08-17 11:34:36.047 Db YourSofia[1177:3235b6] [com.apple.FrontBoard:SceneExtension] registering method "setInterfaceOrientationLockState:" from extension _UISceneOrientationSettingsExtension on class "FBSSceneSettings"
2026-08-17 11:34:36.047 Db YourSofia[1177:323578] [com.apple.defaults:User Defaults] found no value for key UIPreferredContentSizeCategoryName in CFPrefsSearchListSource<0x600002c25100> (Domain: com.apple.UIKit, Container: /Users/valentinasenov/Library/Developer/CoreSimulator/Devices/4EC5F74C-5A9C-4D89-8E44-374310E684AE/data Non-launch persona: 0)
2026-08-17 11:34:36.047 Df YourSofia[1177:3235b6] [com.apple.FrontBoard:SceneExtension] Realizing settings extension _UISceneOrientationClientSettingsExtension on FBSSceneClientSettings
2026-08-17 11:34:36.047 Db YourSofia[1177:323578] [com.apple.Accessibility:AXSupportCommon] CF Read Category Name: domain = /Users/valentinasenov/Library/Developer/CoreSimulator/Devices/4EC5F74C-5A9C-4D89-8E44-374310E684AE/data/Library/Preferences/com.apple.UIKit, appID = (null) value = (null)
2026-08-17 11:34:36.047 Df YourSofia[1177:323578] [com.apple.Accessibility:AXSupportCommon] Read CategoryName: per-app = 0, category name = (null)
2026-08-17 11:34:36.047 Db YourSofia[1177:3235b6] [com.apple.FrontBoard:SceneExtension] registering method "interfaceOrientationLockPreference" from extension _UISceneOrientationClientSettingsExtension on class "FBSSceneClientSettings"
2026-08-17 11:34:36.047 Db YourSofia[1177:323578] [com.apple.defaults:User Defaults] found no value for key UICarPlayPreferredContentSizeCategoryName in CFPrefsSearchListSource<0x600002c05c00> (Domain: com.apple.UIKit, Container: (null) Non-launch persona: 0)
2026-08-17 11:34:36.048 Db YourSofia[1177:3235b6] [com.apple.FrontBoard:SceneExtension] registering method "setInterfaceOrientationLockPreference:" from extension _UISceneOrientationClientSettingsExtension on class "FBSSceneClientSettings"
2026-08-17 11:34:36.048 Df YourSofia[1177:3235b6] [com.apple.FrontBoard:SceneExtension] Realizing settings extension _UISceneWindowingControlClientSettings on FBSSceneClientSettings
2026-08-17 11:34:36.048 Db YourSofia[1177:323578] [com.apple.defaults:User Defaults] found no value for key EnhancedTextLegibilityEnabled in CFPrefsSearchListSource<0x600002c08c00> (Domain: com.apple.Accessibility, Container: (null) Non-launch persona: 0)
2026-08-17 11:34:36.048 Db YourSofia[1177:3235b6] [com.apple.FrontBoard:SceneExtension] registering method "preferredWindowingControlStyleType" from extension _UISceneWindowingControlClientSettings on class "FBSSceneClientSettings"
2026-08-17 11:34:36.048 Db YourSofia[1177:323578] [com.apple.Accessibility:AXSupportCommon] CF Read: domain = com.apple.Accessibility, preference = EnhancedTextLegibilityEnabled, appID = (null) result = (null) (-1 - empty, 0 - false, 1 - true)
2026-08-17 11:34:36.048 Db YourSofia[1177:3235b6] [com.apple.FrontBoard:SceneExtension] registering method "setPreferredWindowingControlStyleType:" from extension _UISceneWindowingControlClientSettings on class "FBSSceneClientSettings"
2026-08-17 11:34:36.048 Db YourSofia[1177:323578] [com.apple.defaults:User Defaults] found no value for key EnhancedTextLegibilityEnabled in CFPrefsPlistSource<0x600002c08f00> (Domain: com.apple.Accessibility, User: kCFPreferencesCurrentUser, ByHost: No, Container: /Users/valentinasenov/Library/Developer/CoreSimulator/Devices/4EC5F74C-5A9C-4D89-8E44-374310E684AE/data, Contents Need Refresh: No)
2026-08-17 11:34:36.048 Db YourSofia[1177:323578] [com.apple.defaults:User Defaults] found no value for key DarkenSystemColors in CFPrefsSearchListSource<0x600002c08c00> (Domain: com.apple.Accessibility, Container: (null) Non-launch persona: 0)
2026-08-17 11:34:36.048 Df YourSofia[1177:3235b6] [com.apple.FrontBoard:SceneExtension] Realizing settings extension <_UISceneHostingContentSizePreferenceClientSettings> on FBSSceneClientSettings
2026-08-17 11:34:36.048 Db YourSofia[1177:323578] [com.apple.Accessibility:AXSupportCommon] CF Read: domain = com.apple.Accessibility, preference = DarkenSystemColors, appID = (null) result = (null) (-1 - empty, 0 - false, 1 - true)
2026-08-17 11:34:36.048 Db YourSofia[1177:3235b6] [com.apple.FrontBoard:SceneExtension] registering method "preferredContentSize" from extension <_UISceneHostingContentSizePreferenceClientSettings> on class "FBSSceneClientSettings"
2026-08-17 11:34:36.048 Db YourSofia[1177:323578] [com.apple.defaults:User Defaults] found no value for key DarkenSystemColors in CFPrefsPlistSource<0x600002c08f00> (Domain: com.apple.Accessibility, User: kCFPreferencesCurrentUser, ByHost: No, Container: /Users/valentinasenov/Library/Developer/CoreSimulator/Devices/4EC5F74C-5A9C-4D89-8E44-374310E684AE/data, Contents Need Refresh: No)
2026-08-17 11:34:36.048 Db YourSofia[1177:3235b6] [com.apple.FrontBoard:SceneExtension] registering method "setPreferredContentSize:" from extension <_UISceneHostingContentSizePreferenceClientSettings> on class "FBSSceneClientSettings"
2026-08-17 11:34:36.048 Df YourSofia[1177:3235b6] [com.apple.FrontBoard:SceneExtension] Realizing settings extension _UISceneHostingTraitCollectionPropagationSettings on FBSSceneSettings
2026-08-17 11:34:36.048 Db YourSofia[1177:3235b6] [com.apple.FrontBoard:SceneExtension] registering method "traitCollection" from extension _UISceneHostingTraitCollectionPropagationSettings on class "FBSSceneSettings"
2026-08-17 11:34:36.048 Db YourSofia[1177:3235b6] [com.apple.FrontBoard:SceneExtension] registering method "setTraitCollection:" from extension _UISceneHostingTraitCollectionPropagationSettings on class "FBSSceneSettings"
2026-08-17 11:34:36.048 Db YourSofia[1177:3235b6] [com.apple.FrontBoard:SceneExtension] registering method "tintColor" from extension _UISceneHostingTraitCollectionPropagationSettings on class "FBSSceneSettings"
2026-08-17 11:34:36.048 Db YourSofia[1177:3235b6] [com.apple.FrontBoard:SceneExtension] registering method "setTintColor:" from extension _UISceneHostingTraitCollectionPropagationSettings on class "FBSSceneSettings"
2026-08-17 11:34:36.048 Df YourSofia[1177:3235b6] [com.apple.FrontBoard:SceneExtension] Realizing settings extension <_UISceneHostingSheetPresentationSettings> on FBSSceneSettings
2026-08-17 11:34:36.048 Db YourSofia[1177:3235b6] [com.apple.FrontBoard:SceneExtension] registering method "sheetConfiguration" from extension <_UISceneHostingSheetPresentationSettings> on class "FBSSceneSettings"
2026-08-17 11:34:36.048 Db YourSofia[1177:3235b6] [com.apple.FrontBoard:SceneExtension] registering method "setSheetConfiguration:" from extension <_UISceneHostingSheetPresentationSettings> on class "FBSSceneSettings"
2026-08-17 11:34:36.049 Df YourSofia[1177:3235b6] [com.apple.FrontBoard:SceneExtension] Realizing settings extension <_UISceneHostingSheetPresentationClientSettings> on FBSSceneClientSettings
2026-08-17 11:34:36.049 Db YourSofia[1177:3235b6] [com.apple.FrontBoard:SceneExtension] registering method "sheetClientConfiguration" from extension <_UISceneHostingSheetPresentationClientSettings> on class "FBSSceneClientSettings"
2026-08-17 11:34:36.049 Db YourSofia[1177:3235b6] [com.apple.FrontBoard:SceneExtension] registering method "setSheetClientConfiguration:" from extension <_UISceneHostingSheetPresentationClientSettings> on class "FBSSceneClientSettings"
2026-08-17 11:34:36.049 Df YourSofia[1177:3235b6] [com.apple.FrontBoard:SceneExtension] Realizing settings extension <_UISceneHostingEventDeferringSettings> on FBSSceneSettings
2026-08-17 11:34:36.049 Db YourSofia[1177:3235b6] [com.apple.BaseBoard:Common] [rdar://100354962] Fixing incorrect property returned by protocol_copyPropertyList2() for "maintainHostFirstResponderWhenClientWantsKeyboard": required --> optional
2026-08-17 11:34:36.049 Db YourSofia[1177:3235b6] [com.apple.FrontBoard:SceneExtension] registering method "requestEventDeferralForAllFirstResponderChanges" from extension <_UISceneHostingEventDeferringSettings> on class "FBSSceneSettings"
2026-08-17 11:34:36.049 Db YourSofia[1177:3235b6] [com.apple.FrontBoard:SceneExtension] registering method "setRequestEventDeferralForAllFirstResponderChanges:" from extension <_UISceneHostingEventDeferringSettings> on class "FBSSceneSettings"
2026-08-17 11:34:36.049 Db YourSofia[1177:3235b6] [com.apple.FrontBoard:SceneExtension] registering method "maintainHostFirstResponderWhenClientWantsKeyboard" from extension <_UISceneHostingEventDeferringSettings> on class "FBSSceneSettings"
2026-08-17 11:34:36.049 Db YourSofia[1177:3235b6] [com.apple.FrontBoard:SceneExtension] registering method "setMaintainHostFirstResponderWhenClientWantsKeyboard:" from extension <_UISceneHostingEventDeferringSettings> on class "FBSSceneSettings"
2026-08-17 11:34:36.049 Df YourSofia[1177:3235b6] [com.apple.FrontBoard:SceneExtension] Realizing settings extension <UIKit__UITypedKeyValueSceneSettings> on FBSSceneSettings
2026-08-17 11:34:36.049 Db YourSofia[1177:3235b6] [com.apple.FrontBoard:SceneExtension] registering method "_uiTypedKeyStorage" from extension <UIKit__UITypedKeyValueSceneSettings> on class "FBSSceneSettings"
2026-08-17 11:34:36.049 Db YourSofia[1177:3235b6] [com.apple.FrontBoard:SceneExtension] registering method "set_uiTypedKeyStorage:" from extension <UIKit__UITypedKeyValueSceneSettings> on class "FBSSceneSettings"
2026-08-17 11:34:36.049 Df YourSofia[1177:3235b6] [com.apple.FrontBoard:SceneExtension] Realizing settings extension <UIKit__UITypedKeyValueSceneSettings> on FBSSceneClientSettings
2026-08-17 11:34:36.049 Db YourSofia[1177:3235b6] [com.apple.FrontBoard:SceneExtension] registering method "_uiTypedKeyStorage" from extension <UIKit__UITypedKeyValueSceneSettings> on class "FBSSceneClientSettings"
2026-08-17 11:34:36.049 Db YourSofia[1177:3235b6] [com.apple.FrontBoard:SceneExtension] registering method "set_uiTypedKeyStorage:" from extension <UIKit__UITypedKeyValueSceneSettings> on class "FBSSceneClientSettings"
2026-08-17 11:34:36.049 Df YourSofia[1177:3235b6] [com.apple.FrontBoard:SceneExtension] Realizing settings extension <_UISceneHostingViewControllerPreferencePropagationClientSettings> on FBSSceneClientSettings
2026-08-17 11:34:36.049 Db YourSofia[1177:3235b6] [com.apple.FrontBoard:SceneExtension] registering method "preferredStatusBarVisibility" from extension <_UISceneHostingViewControllerPreferencePropagationClientSettings> on class "FBSSceneClientSettings"
2026-08-17 11:34:36.049 Db YourSofia[1177:3235b6] [com.apple.FrontBoard:SceneExtension] registering method "setPreferredStatusBarVisibility:" from extension <_UISceneHostingViewControllerPreferencePropagationClientSettings> on class "FBSSceneClientSettings"
2026-08-17 11:34:36.049 Df YourSofia[1177:3235b6] [com.apple.FrontBoard:SceneExtension] Realizing settings extension <_UISceneZoomTransitionSettings> on FBSSceneSettings
2026-08-17 11:34:36.049 Db YourSofia[1177:3235b6] [com.apple.FrontBoard:SceneExtension] registering method "wantsDismissInteraction" from extension <_UISceneZoomTransitionSettings> on class "FBSSceneSettings"
2026-08-17 11:34:36.049 Db YourSofia[1177:3235b6] [com.apple.FrontBoard:SceneExtension] registering method "setWantsDismissInteraction:" from extension <_UISceneZoomTransitionSettings> on class "FBSSceneSettings"
2026-08-17 11:34:36.049 Db YourSofia[1177:323578] [com.apple.defaults:User Defaults] found no value for key UITraitCollectionChangeLoggingEnabled in CFPrefsSearchListSource<0x600002c04180> (Domain: bg.sofia.yoursofia, Container: (null) Non-launch persona: 0)
2026-08-17 11:34:36.049 Db YourSofia[1177:3235b6] [com.apple.CFBundle:loading] dyld image path for pointer 0x19ca68238 is /Library/Developer/CoreSimulator/Volumes/iOS_23D8133/Library/Developer/CoreSimulator/Profiles/Runtimes/iOS 26.3.simruntime/Contents/Resources/RuntimeRoot/System/Library/PrivateFrameworks/CoreMaterial.framework/CoreMaterial
2026-08-17 11:34:36.050 Db YourSofia[1177:323578] [com.apple.defaults:User Defaults] found no value for key UIStateRestorationDebugLogging in CFPrefsSearchListSource<0x600002c04180> (Domain: bg.sofia.yoursofia, Container: (null) Non-launch persona: 0)
2026-08-17 11:34:36.050 I  YourSofia[1177:323578] [com.wix.DetoxSync:DTXSyncReactNativeSupport] Found modern class RCTJSThreadManager, method runRunLoop
2026-08-17 11:34:36.050 Db YourSofia[1177:3235b6] [com.apple.CFBundle:loading] dlfcn check load bundle CFBundle 0x600003b0c700 </Library/Developer/CoreSimulator/Volumes/iOS_23D8133/Library/Developer/CoreSimulator/Profiles/Runtimes/iOS 26.3.simruntime/Contents/Resources/RuntimeRoot/System/Library/PrivateFrameworks/CoreMaterial.framework> (not loaded), dlopen of /Library/Developer/CoreSimulator/Volumes/iOS_23D8133/Library/Developer/CoreSimulator/Profiles/Runtimes/iOS 26.3.simruntime/Contents/Resources/RuntimeRoot/System/Library/PrivateFrameworks/CoreMaterial.framework/CoreMaterial mode 0x115 getting handle 0x378d21
2026-08-17 11:34:36.050 Db YourSofia[1177:323578] [com.apple.defaults:User Defaults] looked up value 1 for key AccessibilityEnabled in CFPrefsPlistSource<0x600002c08c80> (Domain: com.apple.Accessibility, User: kCFPreferencesCurrentUser, ByHost: No, Container: (null), Contents Need Refresh: No) via CFPrefsSearchListSource<0x600002c08c00> (Domain: com.apple.Accessibility, Container: (null) Non-launch persona: 0)
2026-08-17 11:34:36.050 Db YourSofia[1177:323578] [com.apple.Accessibility:AXSupportCommon] CF Read: domain = com.apple.Accessibility, preference = AccessibilityEnabled, appID = (null) result = 1 (-1 - empty, 0 - false, 1 - true)
2026-08-17 11:34:36.050 Db YourSofia[1177:323578] [com.apple.defaults:User Defaults] looked up value 0 for key InvertColorsEnabled in CFPrefsPlistSource<0x600002c08c80> (Domain: com.apple.Accessibility, User: kCFPreferencesCurrentUser, ByHost: No, Container: (null), Contents Need Refresh: No) via CFPrefsSearchListSource<0x600002c08c00> (Domain: com.apple.Accessibility, Container: (null) Non-launch persona: 0)
2026-08-17 11:34:36.050 Db YourSofia[1177:323578] [com.apple.Accessibility:AXSupportCommon] CF Read: domain = com.apple.Accessibility, preference = InvertColorsEnabled, appID = (null) result = 0 (-1 - empty, 0 - false, 1 - true)
2026-08-17 11:34:36.050 Db YourSofia[1177:323578] [com.apple.Accessibility:AXSupportCommon] Read Global: preference = InvertColorsEnabled, result = 0
2026-08-17 11:34:36.050 Db YourSofia[1177:323578] [com.apple.Accessibility:AXSupportCommon] Updated cache: preference = InvertColorsEnabled, result = 0
2026-08-17 11:34:36.050 Db YourSofia[1177:3235b6] [com.apple.CFBundle:resources] Language lookup at CFBundle 0x600003b0c700 </Library/Developer/CoreSimulator/Volumes/iOS_23D8133/Library/Developer/CoreSimulator/Profiles/Runtimes/iOS 26.3.simruntime/Contents/Resources/RuntimeRoot/System/Library/PrivateFrameworks/CoreMaterial.framework> (framework, loaded)
	Localizations : [English]
	Dev language  : English
	User prefs    : [en-US, bg-US]
	Main bundle   : [en]
	Allow mixed   : 0 
	Result        : [English]
2026-08-17 11:34:36.051 Db YourSofia[1177:3235b6] [com.apple.CFBundle:resources] Resource lookup at CFBundle 0x600003b0c700 </Library/Developer/CoreSimulator/Volumes/iOS_23D8133/Library/Developer/CoreSimulator/Profiles/Runtimes/iOS 26.3.simruntime/Contents/Resources/RuntimeRoot/System/Library/PrivateFrameworks/CoreMaterial.framework> (framework, loaded)
	Request       :  type: materialrecipe
	Result        : platformContentThickLight~appletv.materialrecipe -- file:///Library/Developer/CoreSimulator/Volumes/iOS_23D8133/Library/Developer/CoreSimulator/Profiles/Runtimes/iOS%2026.3.simruntime/Contents/Resources/RuntimeRoot/System/Library/PrivateFrameworks/CoreMaterial.framework/, knowledgePlattersSheerDark.materialrecipe -- file:///Library/Developer/CoreSimulator/Volumes/iOS_23D8133/Library/Developer/CoreSimulator/Profiles/Runtimes/iOS%2026.3.simruntime/Contents/Resources/RuntimeRoot/System/Library/PrivateFrameworks/CoreMaterial.framework/, platformContentUltraThinLight.materialrecipe -- file:///Library/Developer/CoreSimulator/Volumes/iOS_23D8133/Library/Developer/CoreSimulator/Profiles/Runtimes/iOS%2026.3.simruntime/Conten<…>
2026-08-17 11:34:36.051 Db YourSofia[1177:3235b6] [com.apple.CFBundle:resources] Resource lookup at CFBundle 0x600003b0c700 </Library/Developer/CoreSimulator/Volumes/iOS_23D8133/Library/Developer/CoreSimulator/Profiles/Runtimes/iOS 26.3.simruntime/Contents/Resources/RuntimeRoot/System/Library/PrivateFrameworks/CoreMaterial.framework> (framework, loaded)
	Request       :  type: descendantrecipe
	Result        : platformContentThickLightShadowed.descendantrecipe -- file:///Library/Developer/CoreSimulator/Volumes/iOS_23D8133/Library/Developer/CoreSimulator/Profiles/Runtimes/iOS%2026.3.simruntime/Contents/Resources/RuntimeRoot/System/Library/PrivateFrameworks/CoreMaterial.framework/, modulesSheer.descendantrecipe -- file:///Library/Developer/CoreSimulator/Volumes/iOS_23D8133/Library/Developer/CoreSimulator/Profiles/Runtimes/iOS%2026.3.simruntime/Contents/Resources/RuntimeRoot/System/Library/PrivateFrameworks/CoreMaterial.framework/, modulesBackgroundSheer.descendantrecipe -- file:///Library/Developer/CoreSimulator/Volumes/iOS_23D8133/Library/Developer/CoreSimulator/Profiles/Runtimes/iOS%2026.3.simruntime/Contents/Resources/<…>
2026-08-17 11:34:36.051 Db YourSofia[1177:3235b6] [com.apple.CFBundle:resources] Resource lookup at CFBundle 0x600003b0c700 </Library/Developer/CoreSimulator/Volumes/iOS_23D8133/Library/Developer/CoreSimulator/Profiles/Runtimes/iOS 26.3.simruntime/Contents/Resources/RuntimeRoot/System/Library/PrivateFrameworks/CoreMaterial.framework> (framework, loaded)
	Request       : platters type: descendantrecipe
	Result        : None
2026-08-17 11:34:36.051 Db YourSofia[1177:323578] [com.apple.CFBundle:loading] dlfcn check load bundle CFBundle 0x600003b088c0 </Library/Developer/CoreSimulator/Volumes/iOS_23D8133/Library/Developer/CoreSimulator/Profiles/Runtimes/iOS 26.3.simruntime/Contents/Resources/RuntimeRoot/System/Library/AccessibilityBundles/AccessibilitySettingsLoader.bundle> (not loaded), dlopen of /Library/Developer/CoreSimulator/Volumes/iOS_23D8133/Library/Developer/CoreSimulator/Profiles/Runtimes/iOS 26.3.simruntime/Contents/Resources/RuntimeRoot/System/Library/AccessibilityBundles/AccessibilitySettingsLoader.bundle/AccessibilitySettingsLoader mode 0x115 no handle
2026-08-17 11:34:36.051 Db YourSofia[1177:3235b6] [com.apple.CFBundle:resources] Resource lookup at CFBundle 0x600003b0c700 </Library/Developer/CoreSimulator/Volumes/iOS_23D8133/Library/Developer/CoreSimulator/Profiles/Runtimes/iOS 26.3.simruntime/Contents/Resources/RuntimeRoot/System/Library/PrivateFrameworks/CoreMaterial.framework> (framework, loaded)
	Request       : platters type: materialrecipe
	Result        : file:///Library/Developer/CoreSimulator/Volumes/iOS_23D8133/Library/Developer/CoreSimulator/Profiles/Runtimes/iOS%2026.3.simruntime/Contents/Resources/RuntimeRoot/System/Library/PrivateFrameworks/CoreMaterial.framework/platters.materialrecipe
2026-08-17 11:34:36.051 Db YourSofia[1177:3235b6] [com.apple.CFBundle:resources] Resource lookup at CFBundle 0x600003b0c700 </Library/Developer/CoreSimulator/Volumes/iOS_23D8133/Library/Developer/CoreSimulator/Profiles/Runtimes/iOS 26.3.simruntime/Contents/Resources/RuntimeRoot/System/Library/PrivateFrameworks/CoreMaterial.framework> (framework, loaded)
	Request       : platterFillLight type: descendantstyleset
	Result        : None
2026-08-17 11:34:36.060 Df YourSofia[1177:32358e] [com.apple.FrontBoard:SceneExtension] Realizing settings extension FBSSceneSettingsCore on FBSSceneSettings
2026-08-17 11:34:36.060 Db YourSofia[1177:3235b6] [com.apple.CFBundle:resources] Resource lookup at CFBundle 0x600003b0c700 </Library/Developer/CoreSimulator/Volumes/iOS_23D8133/Library/Developer/CoreSimulator/Profiles/Runtimes/iOS 26.3.simruntime/Contents/Resources/RuntimeRoot/System/Library/PrivateFrameworks/CoreMaterial.framework> (framework, loaded)
	Request       : platterFillLight type: visualstyleset
	Result        : file:///Library/Developer/CoreSimulator/Volumes/iOS_23D8133/Library/Developer/CoreSimulator/Profiles/Runtimes/iOS%2026.3.simruntime/Contents/Resources/RuntimeRoot/System/Library/PrivateFrameworks/CoreMaterial.framework/platterFillLight.visualstyleset
2026-08-17 11:34:36.060 Db YourSofia[1177:32358e] [com.apple.BaseBoard:Common] [rdar://100354962] Fixing incorrect property returned by protocol_copyPropertyList2() for "activityMode": required --> optional
2026-08-17 11:34:36.060 Db YourSofia[1177:32358e] [com.apple.BaseBoard:Common] [rdar://100354962] Fixing incorrect property returned by protocol_copyPropertyList2() for "prefersProcessTaskSuspensionWhileSceneForeground": required --> optional
2026-08-17 11:34:36.060 Db YourSofia[1177:32358e] [com.apple.BaseBoard:Common] [rdar://100354962] Fixing incorrect property returned by protocol_copyPropertyList2() for "propagatedSettings": required --> optional
2026-08-17 11:34:36.060 Db YourSofia[1177:32358e] [com.apple.BaseBoard:Common] [rdar://100354962] Fixing incorrect property returned by protocol_copyPropertyList2() for "clientProcess": required --> optional
2026-08-17 11:34:36.060 Db YourSofia[1177:32358e] [com.apple.FrontBoard:SceneExtension] registering method "interruptionPolicy" from extension FBSSceneSettingsCore on class "FBSSceneSettings"
2026-08-17 11:34:36.060 Db YourSofia[1177:32358e] [com.apple.FrontBoard:SceneExtension] registering method "setInterruptionPolicy:" from extension FBSSceneSettingsCore on class "FBSSceneSettings"
2026-08-17 11:34:36.060 Db YourSofia[1177:32358e] [com.apple.FrontBoard:SceneExtension] registering method "prefersProcessTaskSuspensionWhileSceneForeground" from extension FBSSceneSettingsCore on class "FBSSceneSettings"
2026-08-17 11:34:36.060 Db YourSofia[1177:32358e] [com.apple.FrontBoard:SceneExtension] registering method "setPrefersProcessTaskSuspensionWhileSceneForeground:" from extension FBSSceneSettingsCore on class "FBSSceneSettings"
2026-08-17 11:34:36.060 Db YourSofia[1177:32358e] [com.apple.FrontBoard:SceneExtension] registering method "frame" from extension FBSSceneSettingsCore on class "FBSSceneSettings"
2026-08-17 11:34:36.060 Db YourSofia[1177:32358e] [com.apple.FrontBoard:SceneExtension] registering method "setFrame:" from extension FBSSceneSettingsCore on class "FBSSceneSettings"
2026-08-17 11:34:36.060 Db YourSofia[1177:32358e] [com.apple.FrontBoard:SceneExtension] registering method "propagatedSettings" from extension FBSSceneSettingsCore on class "FBSSceneSettings"
2026-08-17 11:34:36.060 Db YourSofia[1177:32358e] [com.apple.FrontBoard:SceneExtension] registering method "setPropagatedSettings:" from extension FBSSceneSettingsCore on class "FBSSceneSettings"
2026-08-17 11:34:36.060 Db YourSofia[1177:32358e] [com.apple.FrontBoard:SceneExtension] registering method "clientProcess" from extension FBSSceneSettingsCore on class "FBSSceneSettings"
2026-08-17 11:34:36.060 Db YourSofia[1177:32358e] [com.apple.FrontBoard:SceneExtension] registering method "setClientProcess:" from extension FBSSceneSettingsCore on class "FBSSceneSettings"
2026-08-17 11:34:36.060 Db YourSofia[1177:32358e] [com.apple.FrontBoard:SceneExtension] registering method "isForeground" from extension FBSSceneSettingsCore on class "FBSSceneSettings"
2026-08-17 11:34:36.061 Db YourSofia[1177:32358e] [com.apple.FrontBoard:SceneExtension] registering method "setForeground:" from extension FBSSceneSettingsCore on class "FBSSceneSettings"
2026-08-17 11:34:36.061 Db YourSofia[1177:32358e] [com.apple.FrontBoard:SceneExtension] registering method "displayConfiguration" from extension FBSSceneSettingsCore on class "FBSSceneSettings"
2026-08-17 11:34:36.061 Db YourSofia[1177:32358e] [com.apple.FrontBoard:SceneExtension] registering method "setDisplayConfiguration:" from extension FBSSceneSettingsCore on class "FBSSceneSettings"
2026-08-17 11:34:36.061 Db YourSofia[1177:32358e] [com.apple.FrontBoard:SceneExtension] registering method "level" from extension FBSSceneSettingsCore on class "FBSSceneSettings"
2026-08-17 11:34:36.061 Db YourSofia[1177:32358e] [com.apple.FrontBoard:SceneExtension] registering method "setLevel:" from extension FBSSceneSettingsCore on class "FBSSceneSettings"
2026-08-17 11:34:36.061 Db YourSofia[1177:32358e] [com.apple.FrontBoard:SceneExtension] registering method "isClientFuture" from extension FBSSceneSettingsCore on class "FBSSceneSettings"
2026-08-17 11:34:36.061 Db YourSofia[1177:32358e] [com.apple.FrontBoard:SceneExtension] registering method "setClientFuture:" from extension FBSSceneSettingsCore on class "FBSSceneSettings"
2026-08-17 11:34:36.061 Db YourSofia[1177:32358e] [com.apple.FrontBoard:SceneExtension] registering method "jetsamPriority" from extension FBSSceneSettingsCore on class "FBSSceneSettings"
2026-08-17 11:34:36.061 Db YourSofia[1177:32358e] [com.apple.FrontBoard:SceneExtension] registering method "setJetsamPriority:" from extension FBSSceneSettingsCore on class "FBSSceneSettings"
2026-08-17 11:34:36.061 Db YourSofia[1177:32358e] [com.apple.FrontBoard:SceneExtension] registering method "interfaceOrientation" from extension FBSSceneSettingsCore on class "FBSSceneSettings"
2026-08-17 11:34:36.061 Db YourSofia[1177:32358e] [com.apple.FrontBoard:SceneExtension] registering method "setInterfaceOrientation:" from extension FBSSceneSettingsCore on class "FBSSceneSettings"
2026-08-17 11:34:36.061 Db YourSofia[1177:32358e] [com.apple.FrontBoard:SceneExtension] registering method "activityMode" from extension FBSSceneSettingsCore on class "FBSSceneSettings"
2026-08-17 11:34:36.061 Db YourSofia[1177:32358e] [com.apple.FrontBoard:SceneExtension] registering method "setActivityMode:" from extension FBSSceneSettingsCore on class "FBSSceneSettings"
2026-08-17 11:34:36.061 Db YourSofia[1177:32358e] [com.apple.FrontBoard:SceneExtension] registering method "isOccluded" from extension FBSSceneSettingsCore on class "FBSSceneSettings"
2026-08-17 11:34:36.061 Db YourSofia[1177:32358e] [com.apple.FrontBoard:SceneExtension] registering method "setOccluded:" from extension FBSSceneSettingsCore on class "FBSSceneSettings"
2026-08-17 11:34:36.061 Df YourSofia[1177:32358e] [com.apple.FrontBoard:SceneExtension] Realizing settings extension FBSSceneClientSettingsCore on FBSSceneClientSettings
2026-08-17 11:34:36.061 Db YourSofia[1177:32358e] [com.apple.FrontBoard:SceneExtension] registering method "layers" from extension FBSSceneClientSettingsCore on class "FBSSceneClientSettings"
2026-08-17 11:34:36.061 Db YourSofia[1177:32358e] [com.apple.FrontBoard:SceneExtension] registering method "setLayers:" from extension FBSSceneClientSettingsCore on class "FBSSceneClientSettings"
2026-08-17 11:34:36.061 Db YourSofia[1177:32358e] [com.apple.FrontBoard:SceneExtension] registering method "preferredLevel" from extension FBSSceneClientSettingsCore on class "FBSSceneClientSettings"
2026-08-17 11:34:36.061 Db YourSofia[1177:32358e] [com.apple.FrontBoard:SceneExtension] registering method "setPreferredLevel:" from extension FBSSceneClientSettingsCore on class "FBSSceneClientSettings"
2026-08-17 11:34:36.061 Db YourSofia[1177:32358e] [com.apple.FrontBoard:SceneExtension] registering method "preferredSceneHostIdentity" from extension FBSSceneClientSettingsCore on class "FBSSceneClientSettings"
2026-08-17 11:34:36.061 Db YourSofia[1177:32358e] [com.apple.FrontBoard:SceneExtension] registering method "setPreferredSceneHostIdentity:" from extension FBSSceneClientSettingsCore on class "FBSSceneClientSettings"
2026-08-17 11:34:36.062 Db YourSofia[1177:32358e] [com.apple.FrontBoard:SceneExtension] registering method "preferredSceneHostIdentifier" from extension FBSSceneClientSettingsCore on class "FBSSceneClientSettings"
2026-08-17 11:34:36.062 Db YourSofia[1177:32358e] [com.apple.FrontBoard:SceneExtension] registering method "setPreferredSceneHostIdentifier:" from extension FBSSceneClientSettingsCore on class "FBSSceneClientSettings"
2026-08-17 11:34:36.062 Db YourSofia[1177:32358e] [com.apple.FrontBoard:SceneExtension] registering method "preferredInterfaceOrientation" from extension FBSSceneClientSettingsCore on class "FBSSceneClientSettings"
2026-08-17 11:34:36.062 Db YourSofia[1177:32358e] [com.apple.FrontBoard:SceneExtension] registering method "setPreferredInterfaceOrientation:" from extension FBSSceneClientSettingsCore on class "FBSSceneClientSettings"
2026-08-17 11:34:36.062 Db YourSofia[1177:323578] [com.apple.CFBundle:loading] dlfcn load framework CFBundle 0x600003b088c0 </Library/Developer/CoreSimulator/Volumes/iOS_23D8133/Library/Developer/CoreSimulator/Profiles/Runtimes/iOS 26.3.simruntime/Contents/Resources/RuntimeRoot/System/Library/AccessibilityBundles/AccessibilitySettingsLoader.bundle> (framework, not loaded), dlopen of /Library/Developer/CoreSimulator/Volumes/iOS_23D8133/Library/Developer/CoreSimulator/Profiles/Runtimes/iOS 26.3.simruntime/Contents/Resources/RuntimeRoot/System/Library/AccessibilityBundles/AccessibilitySettingsLoader.bundle/AccessibilitySettingsLoader mode 0x109 returns handle 0xf984e1
2026-08-17 11:34:36.063 Db YourSofia[1177:3235b6] [com.apple.CFBundle:resources] Language lookup at CFBundle 0x600003b080e0 </Library/Developer/CoreSimulator/Volumes/iOS_23D8133/Library/Developer/CoreSimulator/Profiles/Runtimes/iOS 26.3.simruntime/Contents/Resources/RuntimeRoot/System/Library/PrivateFrameworks/CoreEmoji.framework> (not loaded)
	Localizations : [de, ur, he, en_AU, ar, el, ja, mr, sq, en, uk, es_419, gu, zh_CN, kn, pa, es, is, sl, or, pt_BR, da, et, it, bg, sk, kk, pt_PT, ms, ta, ml, sv, te, cs, km, en_IN, ko, yue_CN, fil, hy, mn, my, no, hu, zh_HK, ka, tr, pl, zh_TW, es_US, en_GB, vi, lv, lo, lt, ru, fr_CA, uz, fr, fi, id, nl, th, az, bn, ro, hr, hi, ca, hi_Latn]
	Dev language  : en
	User prefs    : [en-US, bg-US]
	Main bundle   : [en]
	Allow mixed   : 0 
	Result        : [en]
2026-08-17 11:34:36.063 Db YourSofia[1177:3235b6] [com.apple.CFBundle:resources] Resource lookup at CFBundle 0x600003b080e0 </Library/Developer/CoreSimulator/Volumes/iOS_23D8133/Library/Developer/CoreSimulator/Profiles/Runtimes/iOS 26.3.simruntime/Contents/Resources/RuntimeRoot/System/Library/PrivateFrameworks/CoreEmoji.framework> (not loaded)
	Request       : emoji type: bitmap
	Result        : file:///Library/Developer/CoreSimulator/Volumes/iOS_23D8133/Library/Developer/CoreSimulator/Profiles/Runtimes/iOS%2026.3.simruntime/Contents/Resources/RuntimeRoot/System/Library/PrivateFrameworks/CoreEmoji.framework/emoji.bitmap
2026-08-17 11:34:36.064 Db YourSofia[1177:323578] [com.apple.defaults:User Defaults] found no value for key VoiceOverTouchEnabled in CFPrefsSearchListSource<0x600002c08c00> (Domain: com.apple.Accessibility, Container: (null) Non-launch persona: 0)
2026-08-17 11:34:36.064 Db YourSofia[1177:323578] [com.apple.Accessibility:AXSupportCommon] CF Read: domain = com.apple.Accessibility, preference = VoiceOverTouchEnabled, appID = (null) result = (null) (-1 - empty, 0 - false, 1 - true)
2026-08-17 11:34:36.064 Db YourSofia[1177:323578] [com.apple.defaults:User Defaults] found no value for key VoiceOverTouchEnabled in CFPrefsPlistSource<0x600002c08f00> (Domain: com.apple.Accessibility, User: kCFPreferencesCurrentUser, ByHost: No, Container: /Users/valentinasenov/Library/Developer/CoreSimulator/Devices/4EC5F74C-5A9C-4D89-8E44-374310E684AE/data, Contents Need Refresh: No)
2026-08-17 11:34:36.064 Db YourSofia[1177:323578] [com.apple.defaults:User Defaults] looked up value 1 for key ApplicationAccessibilityEnabled in CFPrefsPlistSource<0x600002c08c80> (Domain: com.apple.Accessibility, User: kCFPreferencesCurrentUser, ByHost: No, Container: (null), Contents Need Refresh: No) via CFPrefsSearchListSource<0x600002c08c00> (Domain: com.apple.Accessibility, Container: (null) Non-launch persona: 0)
2026-08-17 11:34:36.064 Db YourSofia[1177:323578] [com.apple.Accessibility:AXSupportCommon] CF Read: domain = com.apple.Accessibility, preference = ApplicationAccessibilityEnabled, appID = (null) result = 1 (-1 - empty, 0 - false, 1 - true)
2026-08-17 11:34:36.065 Db YourSofia[1177:323578] [com.apple.CFBundle:loading] dlfcn check load bundle CFBundle 0x600003b009a0 </Library/Developer/CoreSimulator/Volumes/iOS_23D8133/Library/Developer/CoreSimulator/Profiles/Runtimes/iOS 26.3.simruntime/Contents/Resources/RuntimeRoot/System/Library/AccessibilityBundles/UIKit.axbundle> (not loaded), dlopen of /Library/Developer/CoreSimulator/Volumes/iOS_23D8133/Library/Developer/CoreSimulator/Profiles/Runtimes/iOS 26.3.simruntime/Contents/Resources/RuntimeRoot/System/Library/AccessibilityBundles/UIKit.axbundle/UIKit mode 0x115 no handle
2026-08-17 11:34:36.066 Db YourSofia[1177:32358e] [com.apple.BaseBoard:Common] BSCanonicalOrientationMapResolver will auto-code: <BSObjCIvar: 0x600000c312f0; "_currentOrientation" (<long long>)>, <BSObjCIvar: 0x600000c31350; "_fallbackOrientations" (<NSArray<NSNumber *> *>)>, <BSObjCIvar: 0x600000c31290; "_targetOrientation" (<long long>)>
2026-08-17 11:34:36.074 Db YourSofia[1177:32358e] [com.apple.BaseBoard:Common] BSCornerRadiusConfiguration will auto-code: <BSObjCIvar: 0x600000c31440; "_topRight" (<double>)>, <BSObjCIvar: 0x600000c31470; "_bottomRight" (<double>)>, <BSObjCIvar: 0x600000c31170; "_topLeft" (<double>)>, <BSObjCIvar: 0x600000c313e0; "_bottomLeft" (<double>)>
2026-08-17 11:34:36.074 Df YourSofia[1177:32358e] [com.apple.FrontBoard:SceneExtension] UIMutableApplicationSceneSettings setting counterpart class: UIApplicationSceneSettings
2026-08-17 11:34:36.075 Df YourSofia[1177:32358e] [com.apple.FrontBoard:SceneExtension] UIMutableApplicationSceneClientSettings setting counterpart class: UIApplicationSceneClientSettings
2026-08-17 11:34:36.075 Df YourSofia[1177:32358e] [com.apple.FrontBoard:SceneExtension] Realizing settings extension FBSSceneTransitionContextCore on FBSSceneTransitionContext
2026-08-17 11:34:36.075 Db YourSofia[1177:32358e] [com.apple.BaseBoard:Common] [rdar://100354962] Fixing incorrect property returned by protocol_copyPropertyList2() for "parentUpdate": required --> optional
2026-08-17 11:34:36.075 Db YourSofia[1177:32358e] [com.apple.BaseBoard:Common] [rdar://100354962] Fixing incorrect property returned by protocol_copyPropertyList2() for "executionContext": required --> optional
2026-08-17 11:34:36.075 Db YourSofia[1177:32358e] [com.apple.BaseBoard:Common] [rdar://100354962] Fixing incorrect property returned by protocol_copyPropertyList2() for "clientProcessHandle": required --> optional
2026-08-17 11:34:36.075 Db YourSofia[1177:32358e] [com.apple.BaseBoard:Common] [rdar://100354962] Fixing incorrect property returned by protocol_copyPropertyList2() for "updateContext": required --> optional
2026-08-17 11:34:36.075 Db YourSofia[1177:32358e] [com.apple.BaseBoard:Common] [rdar://100354962] Fixing incorrect property returned by protocol_copyPropertyList2() for "watchdogTransitionContext": required --> optional
2026-08-17 11:34:36.075 Db YourSofia[1177:32358e] [com.apple.BaseBoard:Common] [rdar://100354962] Fixing incorrect property returned by protocol_copyPropertyList2() for "allowCPUThrottling": required --> optional
2026-08-17 11:34:36.075 Db YourSofia[1177:32358e] [com.apple.BaseBoard:Common] [rdar://100354962] Fixing incorrect property returned by protocol_copyPropertyList2() for "runningBoardAssertionDisabled": required --> optional
2026-08-17 11:34:36.075 Db YourSofia[1177:32358e] [com.apple.BaseBoard:Common] [rdar://100354962] Fixing incorrect property returned by protocol_copyPropertyList2() for "error": required --> optional
2026-08-17 11:34:36.075 Db YourSofia[1177:32358e] [com.apple.BaseBoard:Common] [rdar://100354962] Fixing incorrect property returned by protocol_copyPropertyList2() for "updateCompletions": required --> optional
2026-08-17 11:34:36.075 Db YourSofia[1177:32358e] [com.apple.FrontBoard:SceneExtension] registering method "allowCPUThrottling" from extension FBSSceneTransitionContextCore on class "FBSSceneTransitionContext"
2026-08-17 11:34:36.075 Db YourSofia[1177:32358e] [com.apple.FrontBoard:SceneExtension] registering method "setAllowCPUThrottling:" from extension FBSSceneTransitionContextCore on class "FBSSceneTransitionContext"
2026-08-17 11:34:36.075 Db YourSofia[1177:32358e] [com.apple.FrontBoard:SceneExtension] registering method "executionContext" from extension FBSSceneTransitionContextCore on class "FBSSceneTransitionContext"
2026-08-17 11:34:36.076 Db YourSofia[1177:32358e] [com.apple.FrontBoard:SceneExtension] registering method "setExecutionContext:" from extension FBSSceneTransitionContextCore on class "FBSSceneTransitionContext"
2026-08-17 11:34:36.076 Db YourSofia[1177:32358e] [com.apple.FrontBoard:SceneExtension] registering method "actions" from extension FBSSceneTransitionContextCore on class "FBSSceneTransitionContext"
2026-08-17 11:34:36.076 Db YourSofia[1177:32358e] [com.apple.FrontBoard:SceneExtension] registering method "setActions:" from extension FBSSceneTransitionContextCore on class "FBSSceneTransitionContext"
2026-08-17 11:34:36.076 Db YourSofia[1177:32358e] [com.apple.FrontBoard:SceneExtension] registering method "animationFence" from extension FBSSceneTransitionContextCore on class "FBSSceneTransitionContext"
2026-08-17 11:34:36.076 Db YourSofia[1177:32358e] [com.apple.FrontBoard:SceneExtension] registering method "setAnimationFence:" from extension FBSSceneTransitionContextCore on class "FBSSceneTransitionContext"
2026-08-17 11:34:36.076 Db YourSofia[1177:32358e] [com.apple.FrontBoard:SceneExtension] registering method "isRunningBoardAssertionDisabled" from extension FBSSceneTransitionContextCore on class "FBSSceneTransitionContext"
2026-08-17 11:34:36.076 Db YourSofia[1177:32358e] [com.apple.FrontBoard:SceneExtension] registering method "setRunningBoardAssertionDisabled:" from extension FBSSceneTransitionContextCore on class "FBSSceneTransitionContext"
2026-08-17 11:34:36.076 Db YourSofia[1177:32358e] [com.apple.FrontBoard:SceneExtension] registering method "watchdogTransitionContext" from extension FBSSceneTransitionContextCore on class "FBSSceneTransitionContext"
2026-08-17 11:34:36.076 Db YourSofia[1177:32358e] [com.apple.FrontBoard:SceneExtension] registering method "setWatchdogTransitionContext:" from extension FBSSceneTransitionContextCore on class "FBSSceneTransitionContext"
2026-08-17 11:34:36.076 Db YourSofia[1177:32358e] [com.apple.FrontBoard:SceneExtension] registering method "error" from extension FBSSceneTransitionContextCore on class "FBSSceneTransitionContext"
2026-08-17 11:34:36.076 Db YourSofia[1177:32358e] [com.apple.FrontBoard:SceneExtension] registering method "setError:" from extension FBSSceneTransitionContextCore on class "FBSSceneTransitionContext"
2026-08-17 11:34:36.076 Db YourSofia[1177:32358e] [com.apple.FrontBoard:SceneExtension] registering method "clientProcessHandle" from extension FBSSceneTransitionContextCore on class "FBSSceneTransitionContext"
2026-08-17 11:34:36.076 Db YourSofia[1177:32358e] [com.apple.FrontBoard:SceneExtension] registering method "setClientProcessHandle:" from extension FBSSceneTransitionContextCore on class "FBSSceneTransitionContext"
2026-08-17 11:34:36.076 Db YourSofia[1177:32358e] [com.apple.FrontBoard:SceneExtension] registering method "updateCompletions" from extension FBSSceneTransitionContextCore on class "FBSSceneTransitionContext"
2026-08-17 11:34:36.076 Db YourSofia[1177:32358e] [com.apple.FrontBoard:SceneExtension] registering method "setUpdateCompletions:" from extension FBSSceneTransitionContextCore on class "FBSSceneTransitionContext"
2026-08-17 11:34:36.076 Db YourSofia[1177:32358e] [com.apple.FrontBoard:SceneExtension] registering method "animationSettings" from extension FBSSceneTransitionContextCore on class "FBSSceneTransitionContext"
2026-08-17 11:34:36.076 Db YourSofia[1177:32358e] [com.apple.FrontBoard:SceneExtension] registering method "setAnimationSettings:" from extension FBSSceneTransitionContextCore on class "FBSSceneTransitionContext"
2026-08-17 11:34:36.076 Db YourSofia[1177:32358e] [com.apple.FrontBoard:SceneExtension] registering method "parentUpdate" from extension FBSSceneTransitionContextCore on class "FBSSceneTransitionContext"
2026-08-17 11:34:36.076 Db YourSofia[1177:32358e] [com.apple.FrontBoard:SceneExtension] registering method "setParentUpdate:" from extension FBSSceneTransitionContextCore on class "FBSSceneTransitionContext"
2026-08-17 11:34:36.076 Db YourSofia[1177:32358e] [com.apple.FrontBoard:SceneExtension] registering method "isBarrier" from extension FBSSceneTransitionContextCore on class "FBSSceneTransitionContext"
2026-08-17 11:34:36.077 Db YourSofia[1177:32358e] [com.apple.FrontBoard:SceneExtension] registering method "setBarrier:" from extension FBSSceneTransitionContextCore on class "FBSSceneTransitionContext"
2026-08-17 11:34:36.077 Db YourSofia[1177:32358e] [com.apple.FrontBoard:SceneExtension] registering method "updateContext" from extension FBSSceneTransitionContextCore on class "FBSSceneTransitionContext"
2026-08-17 11:34:36.077 Db YourSofia[1177:32358e] [com.apple.FrontBoard:SceneExtension] registering method "setUpdateContext:" from extension FBSSceneTransitionContextCore on class "FBSSceneTransitionContext"
2026-08-17 11:34:36.077 Db YourSofia[1177:32358e] [com.apple.FrontBoard:SceneExtension] registering method "originatingProcess" from extension FBSSceneTransitionContextCore on class "FBSSceneTransitionContext"
2026-08-17 11:34:36.077 Db YourSofia[1177:32358e] [com.apple.FrontBoard:SceneExtension] registering method "setOriginatingProcess:" from extension FBSSceneTransitionContextCore on class "FBSSceneTransitionContext"
2026-08-17 11:34:36.077 Db YourSofia[1177:323578] [com.apple.CFBundle:loading] dlfcn load framework CFBundle 0x600003b009a0 </Library/Developer/CoreSimulator/Volumes/iOS_23D8133/Library/Developer/CoreSimulator/Profiles/Runtimes/iOS 26.3.simruntime/Contents/Resources/RuntimeRoot/System/Library/AccessibilityBundles/UIKit.axbundle> (framework, not loaded), dlopen of /Library/Developer/CoreSimulator/Volumes/iOS_23D8133/Library/Developer/CoreSimulator/Profiles/Runtimes/iOS 26.3.simruntime/Contents/Resources/RuntimeRoot/System/Library/AccessibilityBundles/UIKit.axbundle/UIKit mode 0x109 returns handle 0xf992d1
2026-08-17 11:34:36.078 I  YourSofia[1177:32358e] [com.apple.FrontBoard:Common] [FBSScene] [(FBSceneManager):sceneID:bg.sofia.yoursofia-default] Created client agent: <UIApplicationSceneClientAgent: 0x600000008d30>
2026-08-17 11:34:36.080 I  YourSofia[1177:323578] [com.apple.Accessibility:AXCommon] AX Start server
2026-08-17 11:34:36.080 I  YourSofia[1177:323578] [com.apple.Accessibility:AXCommon] AX Begin loading server
2026-08-17 11:34:36.080 Db YourSofia[1177:323578] [com.apple.Accessibility:AXLoading] Accessibility Started (Mini-Server)
2026-08-17 11:34:36.080 Db YourSofia[1177:323578] [com.apple.Accessibility:AXLoading] Accessibility Initialize Runtime Overrides
2026-08-17 11:34:36.080 Db YourSofia[1177:323578] [com.apple.defaults:User Defaults] found no value for key ReportValidationErrors in CFPrefsSearchListSource<0x600002c08c00> (Domain: com.apple.Accessibility, Container: (null) Non-launch persona: 0)
2026-08-17 11:34:36.080 Db YourSofia[1177:323578] [com.apple.Accessibility:AXSupportCommon] CF Read: domain = com.apple.Accessibility, preference = ReportValidationErrors, appID = (null) result = (null) (-1 - empty, 0 - false, 1 - true)
2026-08-17 11:34:36.080 Db YourSofia[1177:323578] [com.apple.defaults:User Defaults] found no value for key ReportValidationErrors in CFPrefsPlistSource<0x600002c08f00> (Domain: com.apple.Accessibility, User: kCFPreferencesCurrentUser, ByHost: No, Container: /Users/valentinasenov/Library/Developer/CoreSimulator/Devices/4EC5F74C-5A9C-4D89-8E44-374310E684AE/data, Contents Need Refresh: No)
2026-08-17 11:34:36.082 Db YourSofia[1177:323578] [com.apple.defaults:User Defaults] found no value for key AXSAppValidatingTestingPreference in CFPrefsSearchListSource<0x600002c29300> (Domain: com.apple.Accessibility, Container: /Users/valentinasenov/Library/Developer/CoreSimulator/Devices/4EC5F74C-5A9C-4D89-8E44-374310E684AE/data Non-launch persona: 0)
2026-08-17 11:34:36.082 Db YourSofia[1177:323578] [com.apple.defaults:User Defaults] found no value for key AXSAppValidatingTestingPreference in CFPrefsSearchListSource<0x600002c08c00> (Domain: com.apple.Accessibility, Container: (null) Non-launch persona: 0)
2026-08-17 11:34:36.082 Db YourSofia[1177:323578] [com.apple.defaults:User Defaults] found no value for key shouldPerformValidationsAtRuntime in CFPrefsSearchListSource<0x600002c29300> (Domain: com.apple.Accessibility, Container: /Users/valentinasenov/Library/Developer/CoreSimulator/Devices/4EC5F74C-5A9C-4D89-8E44-374310E684AE/data Non-launch persona: 0)
2026-08-17 11:34:36.082 Db YourSofia[1177:323578] [com.apple.defaults:User Defaults] found no value for key shouldPerformValidationsAtRuntime in CFPrefsSearchListSource<0x600002c08c00> (Domain: com.apple.Accessibility, Container: (null) Non-launch persona: 0)
2026-08-17 11:34:36.083 A  YourSofia[1177:32358e] (CoreFoundation) Updating Key-Value Observers Of Preferences
2026-08-17 11:34:36.083 Db YourSofia[1177:323578] [com.apple.defaults:User Defaults] found no value for key IsAXValidationRunnerCollectingValidations in CFPrefsSearchListSource<0x600002c29300> (Domain: com.apple.Accessibility, Container: /Users/valentinasenov/Library/Developer/CoreSimulator/Devices/4EC5F74C-5A9C-4D89-8E44-374310E684AE/data Non-launch persona: 0)
2026-08-17 11:34:36.083 Db YourSofia[1177:323578] [com.apple.defaults:User Defaults] found no value for key IsAXValidationRunnerCollectingValidations in CFPrefsSearchListSource<0x600002c08c00> (Domain: com.apple.Accessibility, Container: (null) Non-launch persona: 0)
2026-08-17 11:34:36.085 Db YourSofia[1177:323578] [com.apple.defaults:User Defaults] looked up value 0 for key LocalizedStringLookupInfoEnabled in CFPrefsPlistSource<0x600002c08c80> (Domain: com.apple.Accessibility, User: kCFPreferencesCurrentUser, ByHost: No, Container: (null), Contents Need Refresh: No) via CFPrefsSearchListSource<0x600002c08c00> (Domain: com.apple.Accessibility, Container: (null) Non-launch persona: 0)
2026-08-17 11:34:36.085 Db YourSofia[1177:323578] [com.apple.Accessibility:AXSupportCommon] CF Read: domain = com.apple.Accessibility, preference = LocalizedStringLookupInfoEnabled, appID = (null) result = 0 (-1 - empty, 0 - false, 1 - true)
2026-08-17 11:34:36.085 Db YourSofia[1177:323578] [com.apple.defaults:User Defaults] found no value for key AutomationPreferredLanguage in CFPrefsSearchListSource<0x600002c08c00> (Domain: com.apple.Accessibility, Container: (null) Non-launch persona: 0)
2026-08-17 11:34:36.085 Db YourSofia[1177:323578] [com.apple.Accessibility:AXSupportCommon] CF Read: domain = com.apple.Accessibility, preference = AutomationPreferredLanguage, appID = (null) result = (null) (-1 - empty, 0 - false, 1 - true)
2026-08-17 11:34:36.085 Db YourSofia[1177:323578] [com.apple.defaults:User Defaults] found no value for key AutomationPreferredLanguage in CFPrefsPlistSource<0x600002c08f00> (Domain: com.apple.Accessibility, User: kCFPreferencesCurrentUser, ByHost: No, Container: /Users/valentinasenov/Library/Developer/CoreSimulator/Devices/4EC5F74C-5A9C-4D89-8E44-374310E684AE/data, Contents Need Refresh: No)
2026-08-17 11:34:36.085 Db YourSofia[1177:323578] [com.apple.defaults:User Defaults] looked up value (
    "en-US",
    "bg-US"
) for key AppleLanguages in CFPrefsPlistSource<0x600002c08780> (Domain: kCFPreferencesAnyApplication, User: kCFPreferencesCurrentUser, ByHost: No, Container: /Users/valentinasenov/Library/Developer/CoreSimulator/Devices/4EC5F74C-5A9C-4D89-8E44-374310E684AE/data, Contents Need Refresh: No) via CFPrefsSearchListSource<0x600002c04180> (Domain: bg.sofia.yoursofia, Container: (null) Non-launch persona: 0)
2026-08-17 11:34:36.085 Db YourSofia[1177:323578] [com.apple.Accessibility:AXLoading] Accessibility Initialize Subclass Runtime Overrides (UIKit)
2026-08-17 11:34:36.092 Db YourSofia[1177:323578] [com.apple.Accessibility:AXRuntimeCommon] Successfully created AX server
2026-08-17 11:34:36.092 Db YourSofia[1177:323578] [com.apple.defaults:User Defaults] found no value for key AXAutomationIgnoreLogging in CFPrefsSearchListSource<0x600002c29300> (Domain: com.apple.Accessibility, Container: /Users/valentinasenov/Library/Developer/CoreSimulator/Devices/4EC5F74C-5A9C-4D89-8E44-374310E684AE/data Non-launch persona: 0)
2026-08-17 11:34:36.092 I  YourSofia[1177:323578] [com.apple.Accessibility:AXAppAccessibility] Started AXRuntime server. SystemApp=0
2026-08-17 11:34:36.092 Db YourSofia[1177:323578] [com.apple.defaults:User Defaults] found no value for key UseNewAXBundleLoader in CFPrefsSearchListSource<0x600002c29300> (Domain: com.apple.Accessibility, Container: /Users/valentinasenov/Library/Developer/CoreSimulator/Devices/4EC5F74C-5A9C-4D89-8E44-374310E684AE/data Non-launch persona: 0)
2026-08-17 11:34:36.092 Db YourSofia[1177:323578] [com.apple.defaults:User Defaults] found no value for key UseNewAXBundleLoader in CFPrefsSearchListSource<0x600002c08c00> (Domain: com.apple.Accessibility, Container: (null) Non-launch persona: 0)
2026-08-17 11:34:36.092 Df YourSofia[1177:323578] [com.apple.dt.xctest:Default] Registering for test daemon availability notify post.
2026-08-17 11:34:36.092 Df YourSofia[1177:323578] [com.apple.dt.xctest:Default] notify_get_state check indicated test daemon not ready.
2026-08-17 11:34:36.092 Df YourSofia[1177:323578] [com.apple.dt.xctest:Default] notify_get_state check indicated test daemon not ready.
2026-08-17 11:34:36.092 Df YourSofia[1177:323578] [com.apple.dt.xctest:Default] notify_get_state check indicated test daemon not ready.
2026-08-17 11:34:36.092 Db YourSofia[1177:323578] [com.apple.defaults:User Defaults] found no value for key UIRequireCrimsonLifecycle in CFPrefsSearchListSource<0x600002c05c00> (Domain: com.apple.UIKit, Container: (null) Non-launch persona: 0)
2026-08-17 11:34:36.093 Db YourSofia[1177:323578] [com.apple.defaults:User Defaults] found no value for key LogUpdateScheduler in CFPrefsSearchListSource<0x600002c05c00> (Domain: com.apple.UIKit, Container: (null) Non-launch persona: 0)
2026-08-17 11:34:36.093 Df YourSofia[1177:323578] [com.apple.UIKit:UpdateScheduler] Selected display: name=LCD (PurpleMain), id=1
2026-08-17 11:34:36.093 Db YourSofia[1177:323578] [com.apple.FrontBoard:SceneClient] [(FBSceneManager):sceneID:bg.sofia.yoursofia-default] Adding extension: "_UISceneRelationshipManagementExtension"
2026-08-17 11:34:36.093 Db YourSofia[1177:323578] [com.apple.FrontBoard:SceneClient] [(FBSceneManager):sceneID:bg.sofia.yoursofia-default] Adding extension: "_UIApplicationSceneKeyboardExtension"
2026-08-17 11:34:36.093 Db YourSofia[1177:323578] [com.apple.FrontBoard:SceneClient] [(FBSceneManager):sceneID:bg.sofia.yoursofia-default] Instantiated component: "<_UIApplicationSceneKeyboardClientComponent: 0x60000023cf00>"
2026-08-17 11:34:36.093 Db YourSofia[1177:323578] [com.apple.FrontBoard:SceneClient] [(FBSceneManager):sceneID:bg.sofia.yoursofia-default] Adding extension: "_UISceneOcclusionExtension"
2026-08-17 11:34:36.093 Db YourSofia[1177:323578] [com.apple.FrontBoard:SceneClient] [(FBSceneManager):sceneID:bg.sofia.yoursofia-default] Adding extension: "_UISceneInterfaceProtectionExtension"
2026-08-17 11:34:36.093 Db YourSofia[1177:323578] [com.apple.FrontBoard:SceneClient] [(FBSceneManager):sceneID:bg.sofia.yoursofia-default] Instantiated component: "<_UISceneInterfaceProtectionClientComponent: 0x6000017514c0>"
2026-08-17 11:34:36.093 Db YourSofia[1177:323578] [com.apple.FrontBoard:SceneClient] [(FBSceneManager):sceneID:bg.sofia.yoursofia-default] Adding extension: "_UISceneGeometryExtension"
2026-08-17 11:34:36.093 Db YourSofia[1177:323578] [com.apple.FrontBoard:SceneClient] [(FBSceneManager):sceneID:bg.sofia.yoursofia-default] Instantiated component: "<_UISceneLayoutPreferencesController: 0x600000c4c870>"
2026-08-17 11:34:36.093 Db YourSofia[1177:323578] [com.apple.FrontBoard:SceneClient] [(FBSceneManager):sceneID:bg.sofia.yoursofia-default] Instantiated component: "<_UISceneSafeAreaClientComponent: 0x60000023d1e0>"
2026-08-17 11:34:36.093 Db YourSofia[1177:323578] [com.apple.FrontBoard:SceneClient] [(FBSceneManager):sceneID:bg.sofia.yoursofia-default] Adding extension: "_UISceneMaskingExtension"
2026-08-17 11:34:36.093 Db YourSofia[1177:323578] [com.apple.FrontBoard:SceneClient] [(FBSceneManager):sceneID:bg.sofia.yoursofia-default] Instantiated component: "<_UISceneMaskingClientComponent: 0x60000023d280>"
2026-08-17 11:34:36.093 Db YourSofia[1177:323578] [com.apple.FrontBoard:SceneClient] [(FBSceneManager):sceneID:bg.sofia.yoursofia-default] Adding extension: "_UISystemChromeSceneExtension"
2026-08-17 11:34:36.093 Db YourSofia[1177:323578] [com.apple.FrontBoard:SceneClient] [(FBSceneManager):sceneID:bg.sofia.yoursofia-default] Instantiated component: "<_UIHomeAffordanceClientSceneComponent: 0x60000024fbe0>"
2026-08-17 11:34:36.093 Db YourSofia[1177:323578] [com.apple.FrontBoard:SceneClient] [(FBSceneManager):sceneID:bg.sofia.yoursofia-default] Adding extension: "_UISystemShellSceneHostingEnvironmentExtension"
2026-08-17 11:34:36.093 Db YourSofia[1177:323578] [com.apple.FrontBoard:SceneClient] [(FBSceneManager):sceneID:bg.sofia.yoursofia-default] Instantiated component: "<_UISystemShellSceneHostingEnvironmentClientComponent: 0x60000024fcc0>"
2026-08-17 11:34:36.093 Db YourSofia[1177:323578] [com.apple.FrontBoard:SceneClient] [(FBSceneManager):sceneID:bg.sofia.yoursofia-default] Adding extension: "_UISceneRenderingEnvironmentExtension"
2026-08-17 11:34:36.093 Db YourSofia[1177:323578] [com.apple.FrontBoard:SceneClient] [(FBSceneManager):sceneID:bg.sofia.yoursofia-default] Instantiated component: "<_UISceneRenderingEnvironmentClientComponent: 0x600000c45500>"
2026-08-17 11:34:36.093 Db YourSofia[1177:323578] [com.apple.FrontBoard:SceneClient] [(FBSceneManager):sceneID:bg.sofia.yoursofia-default] Adding extension: "_UISceneTransitioningExtension"
2026-08-17 11:34:36.093 Db YourSofia[1177:323578] [com.apple.FrontBoard:SceneClient] [(FBSceneManager):sceneID:bg.sofia.yoursofia-default] Instantiated component: "<_UISceneTransitioningClientComponent: 0x60000024fe20>"
2026-08-17 11:34:36.093 Db YourSofia[1177:323578] [com.apple.FrontBoard:SceneClient] [(FBSceneManager):sceneID:bg.sofia.yoursofia-default] Adding extension: "_UISceneFocusSystemExtension"
2026-08-17 11:34:36.093 Db YourSofia[1177:323578] [com.apple.FrontBoard:SceneClient] [(FBSceneManager):sceneID:bg.sofia.yoursofia-default] Instantiated component: "<_UISceneFocusSystemClientComponent: 0x60000024fee0>"
2026-08-17 11:34:36.093 Db YourSofia[1177:323578] [com.apple.FrontBoard:SceneClient] [(FBSceneManager):sceneID:bg.sofia.yoursofia-default] Adding extension: "_UISceneOrientationExtension"
2026-08-17 11:34:36.093 Db YourSofia[1177:323578] [com.apple.FrontBoard:SceneClient] [(FBSceneManager):sceneID:bg.sofia.yoursofia-default] Instantiated component: "<_UISceneOrientationClientComponent: 0x600000234920>"
2026-08-17 11:34:36.093 Db YourSofia[1177:323578] [com.apple.FrontBoard:SceneClient] [(FBSceneManager):sceneID:bg.sofia.yoursofia-default] Adding extension: "_UISceneWindowingControlExtension"
2026-08-17 11:34:36.093 Db YourSofia[1177:323578] [com.apple.FrontBoard:SceneClient] [(FBSceneManager):sceneID:bg.sofia.yoursofia-default] Instantiated component: "<_UISceneWindowingControlClientComponent: 0x600000234b80>"
2026-08-17 11:34:36.094 Df YourSofia[1177:323578] [com.apple.UIKit:BackgroundTask] Will add backgroundTask with taskName: Persistent SceneSession Map Update, expirationHandler: <__NSGlobalBlock__: 0x1e6b788b0>
2026-08-17 11:34:36.094 Df YourSofia[1177:323578] [com.apple.UIKit:BackgroundTask] Reusing background assertion <BKSProcessAssertion: 0x600002116030>
2026-08-17 11:34:36.094 Df YourSofia[1177:323578] [com.apple.UIKit:BackgroundTask] Incrementing reference count for background assertion <BKSProcessAssertion: 0x600002116030>
2026-08-17 11:34:36.094 Df YourSofia[1177:323578] [com.apple.UIKit:BackgroundTask] Created background task <_UIBackgroundTaskInfo: 0x600001744bc0>: taskID = 2, taskName = Persistent SceneSession Map Update, creationTime = 184954 (elapsed = 0).
2026-08-17 11:34:36.094 Df YourSofia[1177:323578] [com.apple.UIKit:Application] Deactivation reason added: 5; deactivation reasons: 1024 -> 1056; animating application lifecycle event: 1
2026-08-17 11:34:36.094 Db YourSofia[1177:323578] [com.apple.defaults:User Defaults] found no value for key LogWindow in CFPrefsSearchListSource<0x600002c05c00> (Domain: com.apple.UIKit, Container: (null) Non-launch persona: 0)
2026-08-17 11:34:36.094 Db YourSofia[1177:323578] [com.apple.defaults:User Defaults] found no value for key LogInterfaceStyle in CFPrefsSearchListSource<0x600002c05c00> (Domain: com.apple.UIKit, Container: (null) Non-launch persona: 0)
2026-08-17 11:34:36.094 Df YourSofia[1177:323578] [com.apple.UIKit:InterfaceStyle] Not push traits update to screen for new style 1, <UIWindowScene: 0x105406e20> (8FA49A39-7661-46FB-8F2C-0158321648A4)
2026-08-17 11:34:36.094 Df YourSofia[1177:323578] [com.apple.UIKit:InterfaceStyle] Should send trait collection or coordinate space update, interface style 1 -> 1, <UIWindowScene: 0x105406e20> (8FA49A39-7661-46FB-8F2C-0158321648A4)
2026-08-17 11:34:36.094 Db YourSofia[1177:323578] [com.apple.defaults:User Defaults] found no value for key FullKeyboardAccessEnabled in CFPrefsSearchListSource<0x600002c08c00> (Domain: com.apple.Accessibility, Container: (null) Non-launch persona: 0)
2026-08-17 11:34:36.094 Db YourSofia[1177:323578] [com.apple.Accessibility:AXSupportCommon] CF Read: domain = com.apple.Accessibility, preference = FullKeyboardAccessEnabled, appID = (null) result = (null) (-1 - empty, 0 - false, 1 - true)
2026-08-17 11:34:36.095 Db YourSofia[1177:323578] [com.apple.defaults:User Defaults] found no value for key FullKeyboardAccessEnabled in CFPrefsPlistSource<0x600002c08f00> (Domain: com.apple.Accessibility, User: kCFPreferencesCurrentUser, ByHost: No, Container: /Users/valentinasenov/Library/Developer/CoreSimulator/Devices/4EC5F74C-5A9C-4D89-8E44-374310E684AE/data, Contents Need Refresh: No)
2026-08-17 11:34:36.095 Df YourSofia[1177:323578] [com.apple.UIKit:InterfaceStyle] Not push traits update to screen for new style 1, <UIWindowScene: 0x105406e20> (8FA49A39-7661-46FB-8F2C-0158321648A4)
2026-08-17 11:34:36.125 Db YourSofia[1177:323578] [com.apple.BacklightServices:scenes] create BLSBacklightFBSSceneEnvironment (BacklightUIServices) for scene:<UIWindowScene: 0x105406e20; role: UIWindowSceneSessionRoleApplication; activationState: UISceneActivationStateUnattached> {
    session = <UISceneSession: 0x60000210d540; persistentIdentifier: 8FA49A39-7661-46FB-8F2C-0158321648A4> {
        configuration = <UISceneConfiguration: 0x60000210d4f0; name: 0x0>;
    };
    delegate = (nil);
    effectiveGeometry = <UIWindowSceneGeometry: 0x60000210d590; coordinateSpace.bounds: {{0, 0}, {390, 844}}; interfaceOrientation: portrait (1); isInteractivelyResizing: NO>;
    screen = <UIScreen: 0x105407660; bounds: {{0, 0}, {390, 844}}; mode: <UIScreenMode: 0x600000236e20; size = 1170.000000 x 2532.000000>>;
}
2026-08-17 11:34:36.134 Db YourSofia[1177:323578] [com.apple.BacklightServices:scenes] 0x600000c39650 create environment:<BLSBacklightFBSSceneEnvironment: 0x600000c39650; identifier: 0x0; active: NO; liveUpdating: NO; unrestrictedFramerate: NO; aoSupport: NO; aoContentIs1hz: NO; visualState: 0x0; presentationDate: 0x0> for scene:<FBSScene: 0x6000033005a0; (FBSceneManager):sceneID:bg.sofia.yoursofia-default; valid: YES> {
    settings = <UIApplicationSceneSettings: 0x60000211efd0> {
        settings = <BSKeyedSettings: 0x600000c316b0> {
            displayConfiguration = <FBSDisplayConfiguration: 0x600003d040f0; Main; mode: "390x844@3x 60Hz p3 SDR">;
            foreground = Yes;
            frame = NSRect: {{0, 0}, {390, 844}};
            interfaceOrientation = portrait (1);
            interruptionPolicy = reconnect (2);
            level = 1;
            <SBSUIHomeScreenIconStyleSceneSettings> = <BSKeyedSettings: 0x600000c31740> {
                iconStyleConfiguration = <SBSHomeScreenIconStyleConfiguration: 0x600000217940>;
            };
            <_UISceneTransitioningHostSettings> = <BSKeyedSettings: 0x6<…>
2026-08-17 11:34:36.134 Db YourSofia[1177:323578] [com.apple.BacklightServices:scenes] BLSBacklightFBSSceneEnvironment (BacklightUIServices) _settingsDiffActionsForScene
2026-08-17 11:34:36.134 Db YourSofia[1177:323578] [com.apple.BacklightServices:scenes] create BLSBacklightUISceneEnvironmentDiffAction:<_UIBacklightUISceneEnvironmentDiffAction: 0x600000010970>
2026-08-17 11:34:36.134 Db YourSofia[1177:323578] [com.apple.BacklightServices:scenes] BLSBacklightFBSSceneEnvironment (BacklightUIServices) _actionRespondersForScene
2026-08-17 11:34:36.134 Db YourSofia[1177:323578] [com.apple.BacklightServices:scenes] create BLSBacklightUISceneEnvironmentActionHandler:<_UIBacklightUISceneEnvironmentActionHandler: 0x600000010bc0>
2026-08-17 11:34:36.134 Db YourSofia[1177:323578] [com.apple.defaults:User Defaults] found no value for key LogHomeAffordanceObservation in CFPrefsSearchListSource<0x600002c05c00> (Domain: com.apple.UIKit, Container: (null) Non-launch persona: 0)
2026-08-17 11:34:36.134 Df YourSofia[1177:323578] [com.apple.UIKit:HomeAffordanceObservation] Initializing: <_UIHomeAffordanceSceneNotifier: 0x600002925730>; with scene: <UIWindowScene: 0x105406e20>
2026-08-17 11:34:36.134 Db YourSofia[1177:323578] [com.apple.BacklightServices:scenes] BLSBacklightFBSSceneEnvironment (BacklightUIServices) _settingsDiffActionsForScene
2026-08-17 11:34:36.134 Db YourSofia[1177:323578] [com.apple.BacklightServices:scenes] create BLSBacklightUISceneEnvironmentDiffAction:<_UIBacklightUISceneEnvironmentDiffAction: 0x600000010900>
2026-08-17 11:34:36.134 Db YourSofia[1177:323578] [com.apple.BacklightServices:scenes] BLSBacklightFBSSceneEnvironment (BacklightUIServices) _actionRespondersForScene
2026-08-17 11:34:36.134 Db YourSofia[1177:323578] [com.apple.BacklightServices:scenes] create BLSBacklightUISceneEnvironmentActionHandler:<_UIBacklightUISceneEnvironmentActionHandler: 0x600000010980>
2026-08-17 11:34:36.134 Df YourSofia[1177:323578] [com.apple.BacklightServices:scenes] 0x600000c39650 setDelegate:<0x600000c397a0 _UIBacklightEnvironment> hasDelegate:YES for environment:sceneID:bg.sofia.yoursofia-default
2026-08-17 11:34:36.135 Db YourSofia[1177:323578] [com.apple.BacklightServices:scenes] 0x600000c39650 setSupportsAlwaysOn:NO for environment:sceneID:bg.sofia.yoursofia-default
2026-08-17 11:34:36.135 Db YourSofia[1177:323578] [com.apple.BacklightServices:scenes] BLSBacklightFBSSceneEnvironment (BacklightUIServices) _settingsDiffActionsForScene
2026-08-17 11:34:36.135 Db YourSofia[1177:323578] [com.apple.BacklightServices:scenes] create BLSBacklightUISceneEnvironmentDiffAction:<_UIBacklightUISceneEnvironmentDiffAction: 0x6000000109a0>
2026-08-17 11:34:36.135 Db YourSofia[1177:323578] [com.apple.BacklightServices:scenes] BLSBacklightFBSSceneEnvironment (BacklightUIServices) _actionRespondersForScene
2026-08-17 11:34:36.135 Db YourSofia[1177:323578] [com.apple.BacklightServices:scenes] create BLSBacklightUISceneEnvironmentActionHandler:<_UIBacklightUISceneEnvironmentActionHandler: 0x60000000c9b0>
2026-08-17 11:34:36.135 Df YourSofia[1177:323578] [com.apple.UIKit:InterfaceStyle] Not push traits update to screen for new style 1, <UIWindowScene: 0x105406e20> (8FA49A39-7661-46FB-8F2C-0158321648A4)
2026-08-17 11:34:36.135 Db YourSofia[1177:323578] [com.apple.defaults:User Defaults] found no value for key LogEventDeferring in CFPrefsSearchListSource<0x600002c05c00> (Domain: com.apple.UIKit, Container: (null) Non-launch persona: 0)
2026-08-17 11:34:36.135 Df YourSofia[1177:323578] [com.apple.UIKit:EventDeferring] [0x60000294ca10] Initialized with scene: <UIWindowScene: 0x105406e20>; behavior: <_UIEventDeferringBehavior_iOS: 0x60000023a6c0>; availableForProcess: 1, systemShellManagesKeyboardFocus: 1
2026-08-17 11:34:36.135 Db YourSofia[1177:323578] [com.apple.BacklightServices:scenes] BLSBacklightFBSSceneEnvironment (BacklightUIServices) _settingsDiffActionsForScene
2026-08-17 11:34:36.135 Db YourSofia[1177:323578] [com.apple.BacklightServices:scenes] create BLSBacklightUISceneEnvironmentDiffAction:<_UIBacklightUISceneEnvironmentDiffAction: 0x60000000cf40>
2026-08-17 11:34:36.135 Db YourSofia[1177:323578] [com.apple.BacklightServices:scenes] BLSBacklightFBSSceneEnvironment (BacklightUIServices) _actionRespondersForScene
2026-08-17 11:34:36.135 Db YourSofia[1177:323578] [com.apple.BacklightServices:scenes] create BLSBacklightUISceneEnvironmentActionHandler:<_UIBacklightUISceneEnvironmentActionHandler: 0x60000000c720>
2026-08-17 11:34:36.135 Db YourSofia[1177:323578] [com.apple.defaults:User Defaults] found no value for key LogKeyWindow in CFPrefsSearchListSource<0x600002c05c00> (Domain: com.apple.UIKit, Container: (null) Non-launch persona: 0)
2026-08-17 11:34:36.135 Df YourSofia[1177:323578] [com.apple.BoardServices:XPCErrors] [C:2] Alloc com.apple.backboard.hid-services.xpc
2026-08-17 11:34:36.135 Df YourSofia[1177:323578] [com.apple.xpc:connection] [0x105312ce0] activating connection: mach=false listener=false peer=false name=(anonymous)
2026-08-17 11:34:36.136 Db YourSofia[1177:3235b6] [com.apple.BaseBoard:MachPort]  *|machport|* <BSMachPortTaskNameRight: 0x6000017521c0; usable: YES; (1177:5a13:send task_name_for_pid:backboardd.99900)> -> (<NSThread: 0x600001715140>{number = 3, name = (null)}) (
	0   BaseBoard                           0x00000001840447e0 -[BSMachPortRight _initWithPort:type:owner:trace:] + 192
	1   BaseBoard                           0x0000000184046754 -[BSMachPortTaskNameRight initWithPID:] + 260
	2   BaseBoard                           0x00000001840465f4 +[BSMachPortTaskNameRight taskNameForPID:] + 56
	3   BaseBoard                           0x000000018405971c +[BSProcessHandle processHandleForXPCConnection:] + 176
	4   BoardServices                       0x000000018812e73c +[BSXPCServiceConnectionPeer peerOfConnection:] + 312
	5   BoardServices                       0x0000000188163cb4 __55-[BSXPCServiceConnection _lock_activateNowOrWhenReady:]_block_invoke_2 + 136
	6   BoardServices                       0x000000018815a2fc __55-[BSXPCServiceConnectionMessage _actuallySendWithMode:]_block_invoke + 14
2026-08-17 11:34:36.136 Df YourSofia[1177:3235b6] [com.apple.BackBoard:EventDelivery] BKSHIDEventObserver - connection activation
2026-08-17 11:34:36.136 Df YourSofia[1177:323578] [com.apple.BackBoard:EventDelivery] policyStatus:<BKSHIDEventDeliveryPolicyObserver: 0x600002609f80; process scope; status: target> was:none
2026-08-17 11:34:36.136 Db YourSofia[1177:323578] [com.apple.BackBoard:EventDelivery] observerPolicyDidChange: 0x600002609f80 -> <_UIKeyWindowSceneObserver: 0x600000c6b0c0>
2026-08-17 11:34:36.136 Df YourSofia[1177:323578] [com.apple.UIKit:KeyWindow] Setting default evaluation strategy for UIUserInterfaceIdiomPhone to LastOneWins
2026-08-17 11:34:36.136 Df YourSofia[1177:323578] [com.apple.UIKit:KeyWindow] Scene target of keyboard event deferring environment did change: 1; scene: UIWindowScene: 0x105406e20; scene identity: com.apple.frontboard.systemappservices/FBSceneManager:sceneID%3Abg.sofia.yoursofia-default
2026-08-17 11:34:36.136 Df YourSofia[1177:323578] [com.apple.UIKit:EventDeferring] [0x60000294ca10] Scene target of event deferring environments did update: scene: 0x105406e20; current systemShellManagesKeyboardFocus: 1; systemShellManagesKeyboardFocusForScene: 1; eligibleForRecordRemoval: 1;
2026-08-17 11:34:36.136 Df YourSofia[1177:323578] [com.apple.UIKit:KeyWindow] Scene became target of keyboard event deferring environment: UIWindowScene: 0x105406e20; scene identity: com.apple.frontboard.systemappservices/FBSceneManager:sceneID%3Abg.sofia.yoursofia-default
2026-08-17 11:34:36.136 Df YourSofia[1177:323578] [com.apple.UIKit:KeyWindow] Stack[KeyWindow] 0x600000c39a70: Taking no further action for migration from LastOneWins -> SystemShellManaged as there are no scenes
2026-08-17 11:34:36.136 Df YourSofia[1177:323578] [com.apple.UIKit:KeyWindow] Setting default evaluation strategy for UIUserInterfaceIdiomPhone to SystemShellManaged
2026-08-17 11:34:36.136 Df YourSofia[1177:323578] [com.apple.UIKit:KeyWindow] Key window needs update: 0; currentKeyWindowScene: 0x0; evaluatedKeyWindowScene: 0x105406e20; currentApplicationKeyWindow: 0x0; evaluatedApplicationKeyWindow: 0x0; reason: UIWindowScene: 0x105406e20: Window scene became target of keyboard environment
2026-08-17 11:34:36.136 Db YourSofia[1177:323578] [com.apple.BacklightServices:scenes] BLSBacklightFBSSceneEnvironment (BacklightUIServices) _settingsDiffActionsForScene
2026-08-17 11:34:36.136 Db YourSofia[1177:323578] [com.apple.BacklightServices:scenes] create BLSBacklightUISceneEnvironmentDiffAction:<_UIBacklightUISceneEnvironmentDiffAction: 0x6000000055a0>
2026-08-17 11:34:36.136 Db YourSofia[1177:323578] [com.apple.BacklightServices:scenes] BLSBacklightFBSSceneEnvironment (BacklightUIServices) _actionRespondersForScene
2026-08-17 11:34:36.136 Db YourSofia[1177:323578] [com.apple.BacklightServices:scenes] create BLSBacklightUISceneEnvironmentActionHandler:<_UIBacklightUISceneEnvironmentActionHandler: 0x6000000056a0>
2026-08-17 11:34:36.136 Db YourSofia[1177:323578] [com.apple.BacklightServices:scenes] BLSBacklightFBSSceneEnvironment (BacklightUIServices) _settingsDiffActionsForScene
2026-08-17 11:34:36.136 Db YourSofia[1177:323578] [com.apple.BacklightServices:scenes] create BLSBacklightUISceneEnvironmentDiffAction:<_UIBacklightUISceneEnvironmentDiffAction: 0x600000005090>
2026-08-17 11:34:36.136 Db YourSofia[1177:323578] [com.apple.BacklightServices:scenes] BLSBacklightFBSSceneEnvironment (BacklightUIServices) _actionRespondersForScene
2026-08-17 11:34:36.136 Db YourSofia[1177:323578] [com.apple.BacklightServices:scenes] create BLSBacklightUISceneEnvironmentActionHandler:<_UIBacklightUISceneEnvironmentActionHandler: 0x600000005240>
2026-08-17 11:34:36.136 Df YourSofia[1177:323578] [com.apple.UIKit:InterfaceStyle] Not push traits update to screen for new style 1, <UIWindowScene: 0x105406e20> (8FA49A39-7661-46FB-8F2C-0158321648A4)
2026-08-17 11:34:36.136 Db YourSofia[1177:323578] [com.apple.BacklightServices:scenes] BLSBacklightFBSSceneEnvironment (BacklightUIServices) _settingsDiffActionsForScene
2026-08-17 11:34:36.136 Db YourSofia[1177:323578] [com.apple.BacklightServices:scenes] create BLSBacklightUISceneEnvironmentDiffAction:<_UIBacklightUISceneEnvironmentDiffAction: 0x600000005770>
2026-08-17 11:34:36.136 Db YourSofia[1177:323578] [com.apple.BacklightServices:scenes] BLSBacklightFBSSceneEnvironment (BacklightUIServices) _actionRespondersForScene
2026-08-17 11:34:36.136 Db YourSofia[1177:323578] [com.apple.BacklightServices:scenes] create BLSBacklightUISceneEnvironmentActionHandler:<_UIBacklightUISceneEnvironmentActionHandler: 0x600000005690>
2026-08-17 11:34:36.136 Db YourSofia[1177:323578] [com.apple.BacklightServices:scenes] BLSBacklightFBSSceneEnvironment (BacklightUIServices) _settingsDiffActionsForScene
2026-08-17 11:34:36.136 Db YourSofia[1177:323578] [com.apple.BacklightServices:scenes] create BLSBacklightUISceneEnvironmentDiffAction:<_UIBacklightUISceneEnvironmentDiffAction: 0x6000000057e0>
2026-08-17 11:34:36.136 Db YourSofia[1177:323578] [com.apple.BacklightServices:scenes] BLSBacklightFBSSceneEnvironment (BacklightUIServices) _actionRespondersForScene
2026-08-17 11:34:36.136 Db YourSofia[1177:323578] [com.apple.BacklightServices:scenes] create BLSBacklightUISceneEnvironmentActionHandler:<_UIBacklightUISceneEnvironmentActionHandler: 0x6000000109b0>
2026-08-17 11:34:36.137 Db YourSofia[1177:323578] [com.apple.BacklightServices:scenes] BLSBacklightFBSSceneEnvironment (BacklightUIServices) _settingsDiffActionsForScene
2026-08-17 11:34:36.137 Db YourSofia[1177:323578] [com.apple.BacklightServices:scenes] create BLSBacklightUISceneEnvironmentDiffAction:<_UIBacklightUISceneEnvironmentDiffAction: 0x600000010c00>
2026-08-17 11:34:36.137 Db YourSofia[1177:323578] [com.apple.BacklightServices:scenes] BLSBacklightFBSSceneEnvironment (BacklightUIServices) _actionRespondersForScene
2026-08-17 11:34:36.137 Db YourSofia[1177:323578] [com.apple.BacklightServices:scenes] create BLSBacklightUISceneEnvironmentActionHandler:<_UIBacklightUISceneEnvironmentActionHandler: 0x600000010c40>
2026-08-17 11:34:36.137 Df YourSofia[1177:323578] [com.apple.UIKit:InterfaceStyle] Not push traits update to screen for new style 1, <UIWindowScene: 0x105406e20> (8FA49A39-7661-46FB-8F2C-0158321648A4)
2026-08-17 11:34:36.137 Db YourSofia[1177:323578] [com.apple.BacklightServices:scenes] BLSBacklightFBSSceneEnvironment (BacklightUIServices) _settingsDiffActionsForScene
2026-08-17 11:34:36.137 Db YourSofia[1177:323578] [com.apple.BacklightServices:scenes] create BLSBacklightUISceneEnvironmentDiffAction:<_UIBacklightUISceneEnvironmentDiffAction: 0x600000010c60>
2026-08-17 11:34:36.137 Db YourSofia[1177:323578] [com.apple.BacklightServices:scenes] BLSBacklightFBSSceneEnvironment (BacklightUIServices) _actionRespondersForScene
2026-08-17 11:34:36.137 Db YourSofia[1177:323578] [com.apple.BacklightServices:scenes] create BLSBacklightUISceneEnvironmentActionHandler:<_UIBacklightUISceneEnvironmentActionHandler: 0x600000010950>
2026-08-17 11:34:36.137 Db YourSofia[1177:323578] [com.apple.BacklightServices:scenes] BLSBacklightFBSSceneEnvironment (BacklightUIServices) _settingsDiffActionsForScene
2026-08-17 11:34:36.137 Db YourSofia[1177:323578] [com.apple.BacklightServices:scenes] create BLSBacklightUISceneEnvironmentDiffAction:<_UIBacklightUISceneEnvironmentDiffAction: 0x600000010c70>
2026-08-17 11:34:36.137 Db YourSofia[1177:323578] [com.apple.BacklightServices:scenes] BLSBacklightFBSSceneEnvironment (BacklightUIServices) _actionRespondersForScene
2026-08-17 11:34:36.137 Db YourSofia[1177:323578] [com.apple.BacklightServices:scenes] create BLSBacklightUISceneEnvironmentActionHandler:<_UIBacklightUISceneEnvironmentActionHandler: 0x6000000057e0>
2026-08-17 11:34:36.137 Db YourSofia[1177:323578] [com.apple.BacklightServices:scenes] BLSBacklightFBSSceneEnvironment (BacklightUIServices) _settingsDiffActionsForScene
2026-08-17 11:34:36.137 Db YourSofia[1177:323578] [com.apple.BacklightServices:scenes] create BLSBacklightUISceneEnvironmentDiffAction:<_UIBacklightUISceneEnvironmentDiffAction: 0x600000005680>
2026-08-17 11:34:36.137 Db YourSofia[1177:323578] [com.apple.BacklightServices:scenes] BLSBacklightFBSSceneEnvironment (BacklightUIServices) _actionRespondersForScene
2026-08-17 11:34:36.137 Db YourSofia[1177:323578] [com.apple.BacklightServices:scenes] create BLSBacklightUISceneEnvironmentActionHandler:<_UIBacklightUISceneEnvironmentActionHandler: 0x6000000058a0>
2026-08-17 11:34:36.137 Db YourSofia[1177:323578] [com.apple.BacklightServices:scenes] BLSBacklightFBSSceneEnvironment (BacklightUIServices) _settingsDiffActionsForScene
2026-08-17 11:34:36.137 Db YourSofia[1177:323578] [com.apple.BacklightServices:scenes] create BLSBacklightUISceneEnvironmentDiffAction:<_UIBacklightUISceneEnvironmentDiffAction: 0x600000005690>
2026-08-17 11:34:36.137 Db YourSofia[1177:323578] [com.apple.BacklightServices:scenes] BLSBacklightFBSSceneEnvironment (BacklightUIServices) _actionRespondersForScene
2026-08-17 11:34:36.137 Db YourSofia[1177:323578] [com.apple.BacklightServices:scenes] create BLSBacklightUISceneEnvironmentActionHandler:<_UIBacklightUISceneEnvironmentActionHandler: 0x600000005520>
2026-08-17 11:34:36.137 Db YourSofia[1177:323578] [com.apple.BacklightServices:scenes] BLSBacklightFBSSceneEnvironment (BacklightUIServices) _settingsDiffActionsForScene
2026-08-17 11:34:36.137 Db YourSofia[1177:323578] [com.apple.BacklightServices:scenes] create BLSBacklightUISceneEnvironmentDiffAction:<_UIBacklightUISceneEnvironmentDiffAction: 0x6000000052b0>
2026-08-17 11:34:36.137 Db YourSofia[1177:323578] [com.apple.BacklightServices:scenes] BLSBacklightFBSSceneEnvironment (BacklightUIServices) _actionRespondersForScene
2026-08-17 11:34:36.137 Db YourSofia[1177:323578] [com.apple.BacklightServices:scenes] create BLSBacklightUISceneEnvironmentActionHandler:<_UIBacklightUISceneEnvironmentActionHandler: 0x600000005090>
2026-08-17 11:34:36.137 Df YourSofia[1177:323578] [com.apple.UIKit:InterfaceStyle] Not push traits update to screen for new style 1, <UIWindowScene: 0x105406e20> (8FA49A39-7661-46FB-8F2C-0158321648A4)
2026-08-17 11:34:36.137 A  YourSofia[1177:323578] (libsystem_trace.dylib) Activity for state dumps
2026-08-17 11:34:36.137 F  YourSofia[1177:323578] [com.apple.runtime-issues:UIKit App Config] `UIScene` lifecycle will soon be required. Failure to adopt will result in an assert in the future.
2026-08-17 11:34:36.138 Df YourSofia[1177:323578] [com.apple.UIKit:InterfaceStyle] Not push traits update to screen for new style 1, <UIWindowScene: 0x105406e20> (8FA49A39-7661-46FB-8F2C-0158321648A4)
2026-08-17 11:34:36.138 Db YourSofia[1177:323578] [com.apple.defaults:User Defaults] found no value for key LogAppLifecycle in CFPrefsSearchListSource<0x600002c05c00> (Domain: com.apple.UIKit, Container: (null) Non-launch persona: 0)
2026-08-17 11:34:36.138 Df YourSofia[1177:323578] [com.apple.UIKit:AppLifecycle] sceneOfRecord: sceneID: sceneID:bg.sofia.yoursofia-default  persistentID: 8FA49A39-7661-46FB-8F2C-0158321648A4
2026-08-17 11:34:36.138 Df YourSofia[1177:323578] [com.apple.UIKit:Application] Ignoring already applied deactivation reason: 5; deactivation reasons: 1056
2026-08-17 11:34:36.138 Df YourSofia[1177:323578] [com.apple.UIKit:Application] Deactivation reason added: 11; deactivation reasons: 1056 -> 3104; animating application lifecycle event: 1
2026-08-17 11:34:36.138 Df YourSofia[1177:323578] [com.apple.KeyboardArbiter:Client] startConnection
2026-08-17 11:34:36.138 Df YourSofia[1177:323578] [com.apple.xpc:connection] [0x105117060] activating connection: mach=true listener=false peer=false name=com.apple.UIKit.KeyboardManagement.hosted
2026-08-17 11:34:36.138 Df YourSofia[1177:323578] (UIKitCore) You've implemented -[<UIApplicationDelegate> application:performFetchWithCompletionHandler:], but you still need to add "fetch" to the list of your supported UIBackgroundModes in your Info.plist.
2026-08-17 11:34:36.138 Df YourSofia[1177:323578] (UIKitCore) You've implemented -[<UIApplicationDelegate> application:didReceiveRemoteNotification:fetchCompletionHandler:], but you still need to add "remote-notification" to the list of your supported UIBackgroundModes in your Info.plist.
2026-08-17 11:34:36.138 Db YourSofia[1177:323578] [com.apple.defaults:User Defaults] found no value for key detoxURLOverride in CFPrefsSearchListSource<0x600002c04180> (Domain: bg.sofia.yoursofia, Container: (null) Non-launch persona: 0)
2026-08-17 11:34:36.138 Db YourSofia[1177:323578] [com.apple.defaults:User Defaults] found no value for key detoxSourceAppOverride in CFPrefsSearchListSource<0x600002c04180> (Domain: bg.sofia.yoursofia, Container: (null) Non-launch persona: 0)
2026-08-17 11:34:36.138 Db YourSofia[1177:323578] [com.apple.defaults:User Defaults] found no value for key LogStatusBar in CFPrefsSearchListSource<0x600002c05c00> (Domain: com.apple.UIKit, Container: (null) Non-launch persona: 0)
2026-08-17 11:34:36.138 Db YourSofia[1177:323578] [com.apple.defaults:User Defaults] found no value for key detoxURLOverride in CFPrefsSearchListSource<0x600002c04180> (Domain: bg.sofia.yoursofia, Container: (null) Non-launch persona: 0)
2026-08-17 11:34:36.139 Db YourSofia[1177:323578] [com.apple.defaults:User Defaults] found no value for key detoxSourceAppOverride in CFPrefsSearchListSource<0x600002c04180> (Domain: bg.sofia.yoursofia, Container: (null) Non-launch persona: 0)
2026-08-17 11:34:36.139 Db YourSofia[1177:323578] [com.apple.CFBundle:resources] Resource lookup at CFBundle 0x600003b04540 </Users/valentinasenov/Library/Developer/CoreSimulator/Devices/4EC5F74C-5A9C-4D89-8E44-374310E684AE/data/Containers/Bundle/Application/F3147808-5ECA-491B-9ADC-3DA9921C01A2/YourSofia.app> (executable, loaded)
	Request       : InfoPlist type: strings
	Result        : None
2026-08-17 11:34:36.139 Db YourSofia[1177:323578] [com.apple.CFBundle:resources] Resource lookup at CFBundle 0x600003b04540 </Users/valentinasenov/Library/Developer/CoreSimulator/Devices/4EC5F74C-5A9C-4D89-8E44-374310E684AE/data/Containers/Bundle/Application/F3147808-5ECA-491B-9ADC-3DA9921C01A2/YourSofia.app> (executable, loaded)
	Request       : InfoPlist type: stringsdict
	Result        : None
2026-08-17 11:34:36.139 Df YourSofia[1177:323578] (React) _setUpFeatureFlags called with release level 2
2026-08-17 11:34:36.139 Db YourSofia[1177:323578] [com.apple.CFBundle:resources] Resource lookup at CFBundle 0x600003b04540 </Users/valentinasenov/Library/Developer/CoreSimulator/Devices/4EC5F74C-5A9C-4D89-8E44-374310E684AE/data/Containers/Bundle/Application/F3147808-5ECA-491B-9ADC-3DA9921C01A2/YourSofia.app> (executable, loaded)
	Request       : InfoPlist type: strings
	Result        : None
2026-08-17 11:34:36.139 Db YourSofia[1177:323578] [com.apple.CFBundle:resources] Resource lookup at CFBundle 0x600003b04540 </Users/valentinasenov/Library/Developer/CoreSimulator/Devices/4EC5F74C-5A9C-4D89-8E44-374310E684AE/data/Containers/Bundle/Application/F3147808-5ECA-491B-9ADC-3DA9921C01A2/YourSofia.app> (executable, loaded)
	Request       : InfoPlist type: stringsdict
	Result        : None
2026-08-17 11:34:36.139 Db YourSofia[1177:323578] [com.apple.CFBundle:resources] Resource lookup at CFBundle 0x600003b04540 </Users/valentinasenov/Library/Developer/CoreSimulator/Devices/4EC5F74C-5A9C-4D89-8E44-374310E684AE/data/Containers/Bundle/Application/F3147808-5ECA-491B-9ADC-3DA9921C01A2/YourSofia.app> (executable, loaded)
	Request       : InfoPlist type: strings
	Result        : None
2026-08-17 11:34:36.139 Db YourSofia[1177:323578] [com.apple.CFBundle:resources] Resource lookup at CFBundle 0x600003b04540 </Users/valentinasenov/Library/Developer/CoreSimulator/Devices/4EC5F74C-5A9C-4D89-8E44-374310E684AE/data/Containers/Bundle/Application/F3147808-5ECA-491B-9ADC-3DA9921C01A2/YourSofia.app> (executable, loaded)
	Request       : InfoPlist type: stringsdict
	Result        : None
2026-08-17 11:34:36.139 Db YourSofia[1177:323578] [com.apple.CFBundle:resources] Resource lookup at CFBundle 0x600003b04540 </Users/valentinasenov/Library/Developer/CoreSimulator/Devices/4EC5F74C-5A9C-4D89-8E44-374310E684AE/data/Containers/Bundle/Application/F3147808-5ECA-491B-9ADC-3DA9921C01A2/YourSofia.app> (executable, loaded)
	Request       : InfoPlist type: strings
	Result        : None
2026-08-17 11:34:36.139 Db YourSofia[1177:323578] [com.apple.CFBundle:resources] Resource lookup at CFBundle 0x600003b04540 </Users/valentinasenov/Library/Developer/CoreSimulator/Devices/4EC5F74C-5A9C-4D89-8E44-374310E684AE/data/Containers/Bundle/Application/F3147808-5ECA-491B-9ADC-3DA9921C01A2/YourSofia.app> (executable, loaded)
	Request       : InfoPlist type: stringsdict
	Result        : None
2026-08-17 11:34:36.139 Db YourSofia[1177:323578] [com.apple.CFBundle:resources] Resource lookup at CFBundle 0x600003b04540 </Users/valentinasenov/Library/Developer/CoreSimulator/Devices/4EC5F74C-5A9C-4D89-8E44-374310E684AE/data/Containers/Bundle/Application/F3147808-5ECA-491B-9ADC-3DA9921C01A2/YourSofia.app> (executable, loaded)
	Request       : InfoPlist type: strings
	Result        : None
2026-08-17 11:34:36.139 Db YourSofia[1177:323578] [com.apple.CFBundle:resources] Resource lookup at CFBundle 0x600003b04540 </Users/valentinasenov/Library/Developer/CoreSimulator/Devices/4EC5F74C-5A9C-4D89-8E44-374310E684AE/data/Containers/Bundle/Application/F3147808-5ECA-491B-9ADC-3DA9921C01A2/YourSofia.app> (executable, loaded)
	Request       : InfoPlist type: stringsdict
	Result        : None
2026-08-17 11:34:36.139 Db YourSofia[1177:323578] [com.apple.CFBundle:resources] Resource lookup at CFBundle 0x600003b04540 </Users/valentinasenov/Library/Developer/CoreSimulator/Devices/4EC5F74C-5A9C-4D89-8E44-374310E684AE/data/Containers/Bundle/Application/F3147808-5ECA-491B-9ADC-3DA9921C01A2/YourSofia.app> (executable, loaded)
	Request       : InfoPlist type: strings
	Result        : None
2026-08-17 11:34:36.139 Db YourSofia[1177:323578] [com.apple.CFBundle:resources] Resource lookup at CFBundle 0x600003b04540 </Users/valentinasenov/Library/Developer/CoreSimulator/Devices/4EC5F74C-5A9C-4D89-8E44-374310E684AE/data/Containers/Bundle/Application/F3147808-5ECA-491B-9ADC-3DA9921C01A2/YourSofia.app> (executable, loaded)
	Request       : InfoPlist type: stringsdict
	Result        : None
2026-08-17 11:34:36.141 Db YourSofia[1177:323578] [com.apple.defaults:User Defaults] found no value for key UIViewLayoutFeedbackLoopDebuggingThreshold in CFPrefsSearchListSource<0x600002c04180> (Domain: bg.sofia.yoursofia, Container: (null) Non-launch persona: 0)
2026-08-17 11:34:36.141 Db YourSofia[1177:323578] [com.apple.defaults:User Defaults] found no value for key UIEngineHostingViewsShouldGuardWantsAutolayoutFlagPropagation in CFPrefsSearchListSource<0x600002c04180> (Domain: bg.sofia.yoursofia, Container: (null) Non-launch persona: 0)
2026-08-17 11:34:36.141 Db YourSofia[1177:323578] [com.apple.defaults:User Defaults] found no value for key UIViewUseStaleDelegateContentInsets in CFPrefsSearchListSource<0x600002c04180> (Domain: bg.sofia.yoursofia, Container: (null) Non-launch persona: 0)
2026-08-17 11:34:36.142 Db YourSofia[1177:323578] [com.apple.defaults:User Defaults] found no value for key _UIConstraintBasedLayoutEngageNonLazily in CFPrefsSearchListSource<0x600002c04180> (Domain: bg.sofia.yoursofia, Container: (null) Non-launch persona: 0)
2026-08-17 11:34:36.143 Db YourSofia[1177:323578] [com.apple.defaults:User Defaults] found no value for key com.apple.SwiftUI.IgnoreSolariumOptOut in CFPrefsSearchListSource<0x600002c04180> (Domain: bg.sofia.yoursofia, Container: (null) Non-launch persona: 0)
2026-08-17 11:34:36.146 Db YourSofia[1177:323578] [com.apple.defaults:User Defaults] found no value for key dev.expo.updates.updatesConfigOverride in CFPrefsSearchListSource<0x600002c04180> (Domain: bg.sofia.yoursofia, Container: (null) Non-launch persona: 0)
2026-08-17 11:34:36.146 Db YourSofia[1177:323578] [com.apple.CFBundle:resources] Resource lookup at CFBundle 0x600003b04540 </Users/valentinasenov/Library/Developer/CoreSimulator/Devices/4EC5F74C-5A9C-4D89-8E44-374310E684AE/data/Containers/Bundle/Application/F3147808-5ECA-491B-9ADC-3DA9921C01A2/YourSofia.app> (executable, loaded)
	Request       : Expo type: plist
	Result        : file:///Users/valentinasenov/Library/Developer/CoreSimulator/Devices/4EC5F74C-5A9C-4D89-8E44-374310E684AE/data/Containers/Bundle/Application/F3147808-5ECA-491B-9ADC-3DA9921C01A2/YourSofia.app/Expo.plist
2026-08-17 11:34:36.146 Db YourSofia[1177:323578] [com.apple.CFBundle:resources] Resource lookup at CFBundle 0x600003b04540 </Users/valentinasenov/Library/Developer/CoreSimulator/Devices/4EC5F74C-5A9C-4D89-8E44-374310E684AE/data/Containers/Bundle/Application/F3147808-5ECA-491B-9ADC-3DA9921C01A2/YourSofia.app> (executable, loaded)
	Request       : Expo type: plist
	Result        : file:///Users/valentinasenov/Library/Developer/CoreSimulator/Devices/4EC5F74C-5A9C-4D89-8E44-374310E684AE/data/Containers/Bundle/Application/F3147808-5ECA-491B-9ADC-3DA9921C01A2/YourSofia.app/Expo.plist
2026-08-17 11:34:36.146 Db YourSofia[1177:323578] [com.apple.CFBundle:resources] Resource lookup at CFBundle 0x600003b04540 </Users/valentinasenov/Library/Developer/CoreSimulator/Devices/4EC5F74C-5A9C-4D89-8E44-374310E684AE/data/Containers/Bundle/Application/F3147808-5ECA-491B-9ADC-3DA9921C01A2/YourSofia.app> (executable, loaded)
	Request       : Expo type: plist
	Result        : file:///Users/valentinasenov/Library/Developer/CoreSimulator/Devices/4EC5F74C-5A9C-4D89-8E44-374310E684AE/data/Containers/Bundle/Application/F3147808-5ECA-491B-9ADC-3DA9921C01A2/YourSofia.app/Expo.plist
2026-08-17 11:34:36.146 Db YourSofia[1177:323578] [com.apple.defaults:User Defaults] found no value for key dev.expo.updates.updatesConfigOverride in CFPrefsSearchListSource<0x600002c04180> (Domain: bg.sofia.yoursofia, Container: (null) Non-launch persona: 0)
2026-08-17 11:34:36.155 I  YourSofia[1177:323578] [dev.expo.modules:expo-updates] 🟢 {"message":"AppController sharedInstance created","level":"info","timestamp":1786955676000,"code":"None"}
2026-08-17 11:34:36.163 I  YourSofia[1177:323578] [dev.expo.modules:expo-updates] 🟢 {"code":"None","message":"Updates state change: state = idle, event = startStartup, context = UpdatesStateContext(isStartupProcedureRunning: true, isUpdateAvailable: false, isUpdatePending: false, isChecking: false, isDownloading: false, isRestarting: false, restartCount: 0, latestManifest: nil, downloadedManifest: nil, rollback: nil, checkError: nil, downloadError: nil, downloadProgress: 0.0, lastCheckForUpdateTime: nil, sequenceNumber: 1)","level":"info","timestamp":1786955676000}
2026-08-17 11:34:36.164 Db YourSofia[1177:323578] [com.apple.CFBundle:resources] Resource lookup at CFBundle 0x600003b04540 </Users/valentinasenov/Library/Developer/CoreSimulator/Devices/4EC5F74C-5A9C-4D89-8E44-374310E684AE/data/Containers/Bundle/Application/F3147808-5ECA-491B-9ADC-3DA9921C01A2/YourSofia.app> (executable, loaded)
	Request       : InfoPlist type: strings
	Result        : None
2026-08-17 11:34:36.164 Db YourSofia[1177:323578] [com.apple.CFBundle:resources] Resource lookup at CFBundle 0x600003b04540 </Users/valentinasenov/Library/Developer/CoreSimulator/Devices/4EC5F74C-5A9C-4D89-8E44-374310E684AE/data/Containers/Bundle/Application/F3147808-5ECA-491B-9ADC-3DA9921C01A2/YourSofia.app> (executable, loaded)
	Request       : InfoPlist type: stringsdict
	Result        : None
2026-08-17 11:34:36.164 Db YourSofia[1177:323578] [com.apple.CFBundle:resources] Resource lookup at CFBundle 0x600003b04540 </Users/valentinasenov/Library/Developer/CoreSimulator/Devices/4EC5F74C-5A9C-4D89-8E44-374310E684AE/data/Containers/Bundle/Application/F3147808-5ECA-491B-9ADC-3DA9921C01A2/YourSofia.app> (executable, loaded)
	Request       : SplashScreen type: storyboard
	Result        : None
2026-08-17 11:34:36.164 Db YourSofia[1177:323578] [com.apple.CFBundle:resources] Resource lookup at CFBundle 0x600003b04540 </Users/valentinasenov/Library/Developer/CoreSimulator/Devices/4EC5F74C-5A9C-4D89-8E44-374310E684AE/data/Containers/Bundle/Application/F3147808-5ECA-491B-9ADC-3DA9921C01A2/YourSofia.app> (executable, loaded)
	Request       : SplashScreen type: storyboardc
	Result        : file:///Users/valentinasenov/Library/Developer/CoreSimulator/Devices/4EC5F74C-5A9C-4D89-8E44-374310E684AE/data/Containers/Bundle/Application/F3147808-5ECA-491B-9ADC-3DA9921C01A2/YourSofia.app/SplashScreen.storyboardc/
2026-08-17 11:34:36.164 Db YourSofia[1177:323578] [com.apple.CFBundle:resources] Resource lookup at CFBundle 0x600003b04540 </Users/valentinasenov/Library/Developer/CoreSimulator/Devices/4EC5F74C-5A9C-4D89-8E44-374310E684AE/data/Containers/Bundle/Application/F3147808-5ECA-491B-9ADC-3DA9921C01A2/YourSofia.app> (executable, loaded)
	Request       : SplashScreen type: storyboardc
	Result        : file:///Users/valentinasenov/Library/Developer/CoreSimulator/Devices/4EC5F74C-5A9C-4D89-8E44-374310E684AE/data/Containers/Bundle/Application/F3147808-5ECA-491B-9ADC-3DA9921C01A2/YourSofia.app/SplashScreen.storyboardc/
2026-08-17 11:34:36.164 Db YourSofia[1177:323578] [com.apple.CFBundle:resources] Resource lookup at CFBundle 0x600003b04540 </Users/valentinasenov/Library/Developer/CoreSimulator/Devices/4EC5F74C-5A9C-4D89-8E44-374310E684AE/data/Containers/Bundle/Application/F3147808-5ECA-491B-9ADC-3DA9921C01A2/YourSofia.app> (executable, loaded)
	Request       : SplashScreen type: storyboardc
	Result        : file:///Users/valentinasenov/Library/Developer/CoreSimulator/Devices/4EC5F74C-5A9C-4D89-8E44-374310E684AE/data/Containers/Bundle/Application/F3147808-5ECA-491B-9ADC-3DA9921C01A2/YourSofia.app/SplashScreen.storyboardc/
2026-08-17 11:34:36.164 Db YourSofia[1177:323578] [com.apple.CFBundle:resources] Resource lookup at CFBundle 0x600003b04540 </Users/valentinasenov/Library/Developer/CoreSimulator/Devices/4EC5F74C-5A9C-4D89-8E44-374310E684AE/data/Containers/Bundle/Application/F3147808-5ECA-491B-9ADC-3DA9921C01A2/YourSofia.app> (executable, loaded)
	Request       : SplashScreenViewController type: nib path: SplashScreen.storyboardc
	Result        : file:///Users/valentinasenov/Library/Developer/CoreSimulator/Devices/4EC5F74C-5A9C-4D89-8E44-374310E684AE/data/Containers/Bundle/Application/F3147808-5ECA-491B-9ADC-3DA9921C01A2/YourSofia.app/SplashScreen.storyboardc/SplashScreenViewController.nib
2026-08-17 11:34:36.164 Db YourSofia[1177:3235bc] [com.apple.CFBundle:resources] Language lookup at CFBundle 0x600003b08ee0 </Users/valentinasenov/Library/Developer/CoreSimulator/Devices/4EC5F74C-5A9C-4D89-8E44-374310E684AE/data/Containers/Bundle/Application/F3147808-5ECA-491B-9ADC-3DA9921C01A2/YourSofia.app/EXUpdates.bundle> (not loaded)
	Localizations : [en]
	Dev language  : en
	User prefs    : [en-US, bg-US]
	Main bundle   : [en]
	Allow mixed   : 0 
	Result        : [en]
2026-08-17 11:34:36.164 Db YourSofia[1177:323578] [com.apple.CFBundle:resources] Resource lookup at CFBundle 0x600003b04540 </Users/valentinasenov/Library/Developer/CoreSimulator/Devices/4EC5F74C-5A9C-4D89-8E44-374310E684AE/data/Containers/Bundle/Application/F3147808-5ECA-491B-9ADC-3DA9921C01A2/YourSofia.app> (executable, loaded)
	Request       : EXPO-VIEWCONTROLLER-1-view-EXPO-ContainerView type: nib path: SplashScreen.storyboardc
	Result        : file:///Users/valentinasenov/Library/Developer/CoreSimulator/Devices/4EC5F74C-5A9C-4D89-8E44-374310E684AE/data/Containers/Bundle/Application/F3147808-5ECA-491B-9ADC-3DA9921C01A2/YourSofia.app/SplashScreen.storyboardc/EXPO-VIEWCONTROLLER-1-view-EXPO-ContainerView.nib
2026-08-17 11:34:36.164 Db YourSofia[1177:323578] [com.apple.CFBundle:resources] Resource lookup at CFBundle 0x600003b04540 </Users/valentinasenov/Library/Developer/CoreSimulator/Devices/4EC5F74C-5A9C-4D89-8E44-374310E684AE/data/Containers/Bundle/Application/F3147808-5ECA-491B-9ADC-3DA9921C01A2/YourSofia.app> (executable, loaded)
	Request       : SplashScreen type: storyboardc
	Result        : file:///Users/valentinasenov/Library/Developer/CoreSimulator/Devices/4EC5F74C-5A9C-4D89-8E44-374310E684AE/data/Containers/Bundle/Application/F3147808-5ECA-491B-9ADC-3DA9921C01A2/YourSofia.app/SplashScreen.storyboardc/
2026-08-17 11:34:36.164 Db YourSofia[1177:323578] [com.apple.CFBundle:resources] Resource lookup at CFBundle 0x600003b04540 </Users/valentinasenov/Library/Developer/CoreSimulator/Devices/4EC5F74C-5A9C-4D89-8E44-374310E684AE/data/Containers/Bundle/Application/F3147808-5ECA-491B-9ADC-3DA9921C01A2/YourSofia.app> (executable, loaded)
	Request       : EXPO-VIEWCONTROLLER-1-view-EXPO-ContainerView type: nib path: SplashScreen.storyboardc
	Result        : file:///Users/valentinasenov/Library/Developer/CoreSimulator/Devices/4EC5F74C-5A9C-4D89-8E44-374310E684AE/data/Containers/Bundle/Application/F3147808-5ECA-491B-9ADC-3DA9921C01A2/YourSofia.app/SplashScreen.storyboardc/EXPO-VIEWCONTROLLER-1-view-EXPO-ContainerView.nib
2026-08-17 11:34:36.164 Db YourSofia[1177:3235bc] [com.apple.CFBundle:resources] Resource lookup at CFBundle 0x600003b08ee0 </Users/valentinasenov/Library/Developer/CoreSimulator/Devices/4EC5F74C-5A9C-4D89-8E44-374310E684AE/data/Containers/Bundle/Application/F3147808-5ECA-491B-9ADC-3DA9921C01A2/YourSofia.app/EXUpdates.bundle> (not loaded)
	Request       : app type: manifest
	Result        : file:///Users/valentinasenov/Library/Developer/CoreSimulator/Devices/4EC5F74C-5A9C-4D89-8E44-374310E684AE/data/Containers/Bundle/Application/F3147808-5ECA-491B-9ADC-3DA9921C01A2/YourSofia.app/EXUpdates.bundle/app.manifest
2026-08-17 11:34:36.164 Db YourSofia[1177:323578] [com.apple.defaults:User Defaults] found no value for key _UIConstraintBasedLayout in CFPrefsSearchListSource<0x600002c04180> (Domain: bg.sofia.yoursofia, Container: (null) Non-launch persona: 0)
2026-08-17 11:34:36.165 Db YourSofia[1177:323578] [com.apple.CFBundle:resources] Resource lookup at CFBundle 0x600003b04540 </Users/valentinasenov/Library/Developer/CoreSimulator/Devices/4EC5F74C-5A9C-4D89-8E44-374310E684AE/data/Containers/Bundle/Application/F3147808-5ECA-491B-9ADC-3DA9921C01A2/YourSofia.app> (executable, loaded)
	Request       : Assets type: car
	Result        : file:///Users/valentinasenov/Library/Developer/CoreSimulator/Devices/4EC5F74C-5A9C-4D89-8E44-374310E684AE/data/Containers/Bundle/Application/F3147808-5ECA-491B-9ADC-3DA9921C01A2/YourSofia.app/Assets.car
2026-08-17 11:34:36.165 Db YourSofia[1177:323578] [com.apple.defaults:User Defaults] found no value for key CUIShowDebugLogs in CFPrefsSearchListSource<0x600002c04180> (Domain: bg.sofia.yoursofia, Container: (null) Non-launch persona: 0)
2026-08-17 11:34:36.165 Db YourSofia[1177:323578] [com.apple.CFBundle:resources] Resource lookup at CFBundle 0x600003b04540 </Users/valentinasenov/Library/Developer/CoreSimulator/Devices/4EC5F74C-5A9C-4D89-8E44-374310E684AE/data/Containers/Bundle/Application/F3147808-5ECA-491B-9ADC-3DA9921C01A2/YourSofia.app> (executable, loaded)
	Request       : SplashScreen@3x type: png
	Result        : None
2026-08-17 11:34:36.165 Db YourSofia[1177:323578] [com.apple.CFBundle:resources] Resource lookup at CFBundle 0x600003b04540 </Users/valentinasenov/Library/Developer/CoreSimulator/Devices/4EC5F74C-5A9C-4D89-8E44-374310E684AE/data/Containers/Bundle/Application/F3147808-5ECA-491B-9ADC-3DA9921C01A2/YourSofia.app> (executable, loaded)
	Request       : SplashScreen@2x type: png
	Result        : None
2026-08-17 11:34:36.165 Db YourSofia[1177:323578] [com.apple.CFBundle:resources] Resource lookup at CFBundle 0x600003b04540 </Users/valentinasenov/Library/Developer/CoreSimulator/Devices/4EC5F74C-5A9C-4D89-8E44-374310E684AE/data/Containers/Bundle/Application/F3147808-5ECA-491B-9ADC-3DA9921C01A2/YourSofia.app> (executable, loaded)
	Request       : SplashScreen type: png
	Result        : None
2026-08-17 11:34:36.165 Db YourSofia[1177:323578] [com.apple.CFBundle:resources] Resource lookup at CFBundle 0x600003b04540 </Users/valentinasenov/Library/Developer/CoreSimulator/Devices/4EC5F74C-5A9C-4D89-8E44-374310E684AE/data/Containers/Bundle/Application/F3147808-5ECA-491B-9ADC-3DA9921C01A2/YourSofia.app> (executable, loaded)
	Request       : SplashScreen@1x type: png
	Result        : None
2026-08-17 11:34:36.165 Df YourSofia[1177:323578] (UIKitCore) Could not load the "SplashScreen" image referenced from a nib in the bundle with identifier "bg.sofia.yoursofia"
2026-08-17 11:34:36.165 Db YourSofia[1177:323578] [com.apple.defaults:User Defaults] found no value for key CGAllowDebuggingDefaults in CFPrefsPlistSource<0x600002c08680> (Domain: kCFPreferencesAnyApplication, User: kCFPreferencesCurrentUser, ByHost: No, Container: (null), Contents Need Refresh: No)
2026-08-17 11:34:36.165 Db YourSofia[1177:323578] [com.apple.defaults:User Defaults] found no value for key UIViewShowAlignmentRects in CFPrefsSearchListSource<0x600002c04180> (Domain: bg.sofia.yoursofia, Container: (null) Non-launch persona: 0)
2026-08-17 11:34:36.167 Db YourSofia[1177:323578] [com.apple.defaults:User Defaults] found no value for key UITraitUsageTrackingLoggingEnabled in CFPrefsSearchListSource<0x600002c04180> (Domain: bg.sofia.yoursofia, Container: (null) Non-launch persona: 0)
2026-08-17 11:34:36.167 Db YourSofia[1177:323578] [com.apple.defaults:User Defaults] found no value for key UIStateTrackingLoggingEnabled in CFPrefsSearchListSource<0x600002c04180> (Domain: bg.sofia.yoursofia, Container: (null) Non-launch persona: 0)
2026-08-17 11:34:36.167 Db YourSofia[1177:323578] [com.apple.defaults:User Defaults] found no value for key UILayoutAnchorsDeferTrippingWantsAutolayoutFlagUntilUsed in CFPrefsSearchListSource<0x600002c04180> (Domain: bg.sofia.yoursofia, Container: (null) Non-launch persona: 0)
2026-08-17 11:34:36.167 Db YourSofia[1177:323578] [com.apple.defaults:User Defaults] found no value for key NSConstraintBasedLayoutTrackAllocation in CFPrefsSearchListSource<0x600002c04180> (Domain: bg.sofia.yoursofia, Container: (null) Non-launch persona: 0)
2026-08-17 11:34:36.167 Db YourSofia[1177:323578] [com.apple.defaults:User Defaults] found no value for key NSConstraintBasedLayoutAriadneTracepoints in CFPrefsSearchListSource<0x600002c04180> (Domain: bg.sofia.yoursofia, Container: (null) Non-launch persona: 0)
2026-08-17 11:34:36.167 Db YourSofia[1177:323578] [com.apple.defaults:User Defaults] found no value for key SheetAG in CFPrefsSearchListSource<0x600002c05c00> (Domain: com.apple.UIKit, Container: (null) Non-launch persona: 0)
2026-08-17 11:34:36.167 Db YourSofia[1177:323578] [com.apple.defaults:User Defaults] looked up value 0 for key ReduceMotionEnabled in CFPrefsPlistSource<0x600002c08c80> (Domain: com.apple.Accessibility, User: kCFPreferencesCurrentUser, ByHost: No, Container: (null), Contents Need Refresh: No) via CFPrefsSearchListSource<0x600002c08c00> (Domain: com.apple.Accessibility, Container: (null) Non-launch persona: 0)
2026-08-17 11:34:36.167 Db YourSofia[1177:323578] [com.apple.Accessibility:AXSupportCommon] CF Read: domain = com.apple.Accessibility, preference = ReduceMotionEnabled, appID = (null) result = 0 (-1 - empty, 0 - false, 1 - true)
2026-08-17 11:34:36.168 Db YourSofia[1177:3235b5] [com.apple.CFBundle:resources] Resource lookup at CFBundle 0x600003b04540 </Users/valentinasenov/Library/Developer/CoreSimulator/Devices/4EC5F74C-5A9C-4D89-8E44-374310E684AE/data/Containers/Bundle/Application/F3147808-5ECA-491B-9ADC-3DA9921C01A2/YourSofia.app> (executable, loaded)
	Request       : main type: jsbundle
	Result        : file:///Users/valentinasenov/Library/Developer/CoreSimulator/Devices/4EC5F74C-5A9C-4D89-8E44-374310E684AE/data/Containers/Bundle/Application/F3147808-5ECA-491B-9ADC-3DA9921C01A2/YourSofia.app/main.jsbundle
2026-08-17 11:34:36.168 Db YourSofia[1177:323578] [com.apple.defaults:User Defaults] found no value for key LogUIPresentationController in CFPrefsSearchListSource<0x600002c05c00> (Domain: com.apple.UIKit, Container: (null) Non-launch persona: 0)
2026-08-17 11:34:36.168 I  YourSofia[1177:323578] [com.apple.Accessibility:AXAppAccessibility] Presentation controller doesn't modalize: <_UIRootPresentationController: 0x105118750>
2026-08-17 11:34:36.169 Db YourSofia[1177:323578] [com.apple.defaults:User Defaults] found no value for key UseSingleSystemColor in CFPrefsSearchListSource<0x600002c08c00> (Domain: com.apple.Accessibility, Container: (null) Non-launch persona: 0)
2026-08-17 11:34:36.169 Db YourSofia[1177:323578] [com.apple.Accessibility:AXSupportCommon] CF Read: domain = com.apple.Accessibility, preference = UseSingleSystemColor, appID = (null) result = (null) (-1 - empty, 0 - false, 1 - true)
2026-08-17 11:34:36.169 Db YourSofia[1177:323578] [com.apple.defaults:User Defaults] found no value for key UseSingleSystemColor in CFPrefsPlistSource<0x600002c08f00> (Domain: com.apple.Accessibility, User: kCFPreferencesCurrentUser, ByHost: No, Container: /Users/valentinasenov/Library/Developer/CoreSimulator/Devices/4EC5F74C-5A9C-4D89-8E44-374310E684AE/data, Contents Need Refresh: No)
2026-08-17 11:34:36.169 Db YourSofia[1177:323578] [com.apple.defaults:User Defaults] found no value for key UIViewLocalizeOverrideLayoutEngine in CFPrefsSearchListSource<0x600002c04180> (Domain: bg.sofia.yoursofia, Container: (null) Non-launch persona: 0)
2026-08-17 11:34:36.169 Db YourSofia[1177:323578] [com.apple.CFBundle:resources] Language lookup at CFBundle 0x600003b31500 </Library/Developer/CoreSimulator/Volumes/iOS_23D8133/Library/Developer/CoreSimulator/Profiles/Runtimes/iOS 26.3.simruntime/Contents/Resources/RuntimeRoot/System/Library/PrivateFrameworks/UIKitCore.framework/BoundingPathData.bundle> (not loaded)
	Localizations : [en]
	Dev language  : en
	User prefs    : [en-US, bg-US]
	Main bundle   : [en]
	Allow mixed   : 0 
	Result        : [en]
2026-08-17 11:34:36.169 Db YourSofia[1177:323578] [com.apple.CFBundle:resources] Resource lookup at CFBundle 0x600003b31500 </Library/Developer/CoreSimulator/Volumes/iOS_23D8133/Library/Developer/CoreSimulator/Profiles/Runtimes/iOS 26.3.simruntime/Contents/Resources/RuntimeRoot/System/Library/PrivateFrameworks/UIKitCore.framework/BoundingPathData.bundle> (not loaded)
	Request       : Assets type: car
	Result        : file:///Library/Developer/CoreSimulator/Volumes/iOS_23D8133/Library/Developer/CoreSimulator/Profiles/Runtimes/iOS%2026.3.simruntime/Contents/Resources/RuntimeRoot/System/Library/PrivateFrameworks/UIKitCore.framework/BoundingPathData.bundle/Assets.car
2026-08-17 11:34:36.173 Db YourSofia[1177:323578] [com.apple.defaults:User Defaults] found no value for key NSConstraintBasedLayoutDebug in CFPrefsSearchListSource<0x600002c04180> (Domain: bg.sofia.yoursofia, Container: (null) Non-launch persona: 0)
2026-08-17 11:34:36.173 Db YourSofia[1177:323578] [com.apple.defaults:User Defaults] found no value for key NSConstraintBasedLayoutAllowUnoptimizedReads in CFPrefsSearchListSource<0x600002c04180> (Domain: bg.sofia.yoursofia, Container: (null) Non-launch persona: 0)
2026-08-17 11:34:36.173 Db YourSofia[1177:323578] [com.apple.defaults:User Defaults] found no value for key _UIConstraintBasedLayoutPlaySoundWhenEngaged in CFPrefsSearchListSource<0x600002c04180> (Domain: bg.sofia.yoursofia, Container: (null) Non-launch persona: 0)
2026-08-17 11:34:36.173 Db YourSofia[1177:323578] [com.apple.defaults:User Defaults] found no value for key NSConstraintBasedLayoutDebugEngineConsistency in CFPrefsSearchListSource<0x600002c04180> (Domain: bg.sofia.yoursofia, Container: (null) Non-launch persona: 0)
2026-08-17 11:34:36.173 Db YourSofia[1177:323578] [com.apple.defaults:User Defaults] found no value for key NSConstraintBasedLayoutVariableChangeTransactions in CFPrefsSearchListSource<0x600002c04180> (Domain: bg.sofia.yoursofia, Container: (null) Non-launch persona: 0)
2026-08-17 11:34:36.173 Db YourSofia[1177:323578] [com.apple.defaults:User Defaults] found no value for key NSConstraintBasedLayoutDeferOptimization in CFPrefsSearchListSource<0x600002c04180> (Domain: bg.sofia.yoursofia, Container: (null) Non-launch persona: 0)
2026-08-17 11:34:36.174 Db YourSofia[1177:323578] [com.apple.defaults:User Defaults] found no value for key UIViewControllerDetachedInheritsContentOverlayInsetsFromSuperview in CFPrefsSearchListSource<0x600002c04180> (Domain: bg.sofia.yoursofia, Container: (null) Non-launch persona: 0)
2026-08-17 11:34:36.174 Db YourSofia[1177:323578] [com.apple.defaults:User Defaults] found no value for key ModernContentOverlayInsetsPropagation in CFPrefsSearchListSource<0x600002c04180> (Domain: bg.sofia.yoursofia, Container: (null) Non-launch persona: 0)
2026-08-17 11:34:36.174 Db YourSofia[1177:323578] [com.apple.defaults:User Defaults] found no value for key LogOrientation in CFPrefsSearchListSource<0x600002c05c00> (Domain: com.apple.UIKit, Container: (null) Non-launch persona: 0)
2026-08-17 11:34:36.174 Df YourSofia[1177:323578] [com.apple.UIKit:Orientation] <UIWindowScene: 0x105406e20> (8FA49A39-7661-46FB-8F2C-0158321648A4) Scene updated orientation preferences: none -> ( Pu )
2026-08-17 11:34:36.176 Df YourSofia[1177:323578] [com.apple.UIKit:KeyWindow] Key window API is scene-level: YES
2026-08-17 11:34:36.176 Df YourSofia[1177:323578] [com.apple.UIKit:KeyWindow] UIWindowScene: 0x105406e20: Window became key in scene: UIWindow: 0x105117930; contextId: 0x2949D35D: reason: UIWindowScene: 0x105406e20: Window requested to become key in scene: 0x105117930
2026-08-17 11:34:36.176 Df YourSofia[1177:323578] [com.apple.UIKit:KeyWindow] Key window needs update: 1; currentKeyWindowScene: 0x0; evaluatedKeyWindowScene: 0x105406e20; currentApplicationKeyWindow: 0x0; evaluatedApplicationKeyWindow: 0x105117930; reason: UIWindowScene: 0x105406e20: Window requested to become key in scene: 0x105117930
2026-08-17 11:34:36.176 Df YourSofia[1177:323578] [com.apple.UIKit:KeyWindow] Window did become application key: UIWindow: 0x105117930; contextId: 0x2949D35D; scene identity: com.apple.frontboard.systemappservices/FBSceneManager:sceneID%3Abg.sofia.yoursofia-default
2026-08-17 11:34:36.176 Df YourSofia[1177:323578] [com.apple.UIKit:EventDeferring] [0x60000294ca10] Begin local event deferring requested for token: 0x6000026066a0; environments: 1; reason: UIWindowScene: 0x105406e20: Begin event deferring in keyboardFocus for window: 0x105117930
2026-08-17 11:34:36.176 Db YourSofia[1177:323578] [com.apple.BackBoard:EventDelivery] aborting flush, not connected to server
2026-08-17 11:34:36.176 Db YourSofia[1177:323578] [com.apple.defaults:User Defaults] found no value for key LogKeyboardFocus in CFPrefsSearchListSource<0x600002c05c00> (Domain: com.apple.UIKit, Container: (null) Non-launch persona: 0)
2026-08-17 11:34:36.176 Df YourSofia[1177:3235b7] [com.apple.BackBoard:EventDelivery] BKSHIDEventDeliveryManager - connection activation
2026-08-17 11:34:36.176 Db YourSofia[1177:3235b7] [com.apple.BackBoard:EventDelivery] flushing changes: {
    contentsMask: 0x2; deferringRules: [[1177-1]];
}
2026-08-17 11:34:36.177 Db YourSofia[1177:323578] [com.apple.defaults:User Defaults] found no value for key detoxURLOverride in CFPrefsSearchListSource<0x600002c04180> (Domain: bg.sofia.yoursofia, Container: (null) Non-launch persona: 0)
2026-08-17 11:34:36.177 Db YourSofia[1177:323578] [com.apple.BackgroundTasks:Framework] Application finished launching
2026-08-17 11:34:36.178 Df YourSofia[1177:323578] [com.apple.UIKit:Application] Deactivation reason removed: 10; deactivation reasons: 3104 -> 2080; animating application lifecycle event: 1
2026-08-17 11:34:36.178 Db YourSofia[1177:323578] [com.apple.UIKit:UIDevice.orientation] Setting device orientation to 1 and sending notification.
2026-08-17 11:34:36.178 Df YourSofia[1177:3235b7] [com.apple.BackBoard:EventDelivery] policyStatus:<BKSHIDEventDeliveryPolicyObserver: 0x600002609f80; token: com.apple.frontboard.systemappservices/FBSceneManager:sceneID%3Abg.sofia.yoursofia-default; status: ancestor> was:target
2026-08-17 11:34:36.178 Db YourSofia[1177:3235b7] [com.apple.BackBoard:EventDelivery] observerPolicyDidChange: 0x600002609f80 -> <_UIKeyWindowSceneObserver: 0x600000c6b0c0>
2026-08-17 11:34:36.178 Db YourSofia[1177:323578] [com.apple.UIKit:UIDevice.orientation] Setting device orientation to 0 and sending notification.
2026-08-17 11:34:36.178 Df YourSofia[1177:323578] [com.apple.UIKit:Application] Deactivation reason added: 12; deactivation reasons: 2080 -> 6176; animating application lifecycle event: 1
2026-08-17 11:34:36.178 Df YourSofia[1177:323578] [com.apple.UIKit:Application] Deactivation reason removed: 11; deactivation reasons: 6176 -> 4128; animating application lifecycle event: 1
2026-08-17 11:34:36.178 Df YourSofia[1177:323578] [com.apple.FrontBoard:SceneExtension] Realizing settings extension <_UISceneIntelligenceSupportSettings> on FBSSceneSettings
2026-08-17 11:34:36.178 Db YourSofia[1177:323578] [com.apple.FrontBoard:SceneExtension] registering method "collectAsRemoteElement" from extension <_UISceneIntelligenceSupportSettings> on class "FBSSceneSettings"
2026-08-17 11:34:36.178 Db YourSofia[1177:323578] [com.apple.FrontBoard:SceneExtension] registering method "setCollectAsRemoteElement:" from extension <_UISceneIntelligenceSupportSettings> on class "FBSSceneSettings"
2026-08-17 11:34:36.178 Db YourSofia[1177:323578] [com.apple.BacklightServices:scenes] 0x600000c39650 environment updated:sceneID:bg.sofia.yoursofia-default
  delta:{ visualState:0 date:0 active:0 seed:0 }
  diff:(null)
  new:(null) (null)
  old:(null) (null)
  new:(null)
2026-08-17 11:34:36.178 Df YourSofia[1177:3235bc] [com.apple.UIIntelligenceSupport:xpc] establishing connection to agent
2026-08-17 11:34:36.179 Db YourSofia[1177:323578] [com.apple.BacklightServices:scenes] BLSBacklightFBSSceneEnvironment (BacklightUIServices) _settingsDiffActionsForScene
2026-08-17 11:34:36.179 Db YourSofia[1177:323578] [com.apple.BacklightServices:scenes] create BLSBacklightUISceneEnvironmentDiffAction:<_UIBacklightUISceneEnvironmentDiffAction: 0x600000009990>
2026-08-17 11:34:36.179 Df YourSofia[1177:3235bc] [com.apple.xpc:session] [0x600002115c20] Session created.
2026-08-17 11:34:36.179 Db YourSofia[1177:323578] [com.apple.BacklightServices:scenes] BLSBacklightFBSSceneEnvironment (BacklightUIServices) _actionRespondersForScene
2026-08-17 11:34:36.179 Db YourSofia[1177:323578] [com.apple.BacklightServices:scenes] create BLSBacklightUISceneEnvironmentActionHandler:<_UIBacklightUISceneEnvironmentActionHandler: 0x600000009950>
2026-08-17 11:34:36.179 Df YourSofia[1177:3235bc] [com.apple.xpc:session] [0x600002115c20] Session created from connection [0x105207400]
2026-08-17 11:34:36.179 Df YourSofia[1177:3235bc] [com.apple.xpc:connection] [0x105207400] activating connection: mach=true listener=false peer=false name=com.apple.uiintelligencesupport.agent
2026-08-17 11:34:36.179 Df YourSofia[1177:323578] [com.apple.UIKit:InterfaceStyle] Not push traits update to screen for new style 1, <UIWindowScene: 0x105406e20> (8FA49A39-7661-46FB-8F2C-0158321648A4)
2026-08-17 11:34:36.179 Df YourSofia[1177:3235bc] [com.apple.xpc:session] [0x600002115c20] Session activated
2026-08-17 11:34:36.180 Db YourSofia[1177:323578] [com.apple.defaults:User Defaults] found no value for key NSConstraintBasedLayoutLogPivotCounts in CFPrefsSearchListSource<0x600002c04180> (Domain: bg.sofia.yoursofia, Container: (null) Non-launch persona: 0)
2026-08-17 11:34:36.180 Db YourSofia[1177:323578] [com.apple.defaults:User Defaults] found no value for key NSConstraintBasedLayoutTrackDirtyObservables in CFPrefsSearchListSource<0x600002c04180> (Domain: bg.sofia.yoursofia, Container: (null) Non-launch persona: 0)
2026-08-17 11:34:36.186 Db YourSofia[1177:323578] [com.apple.defaults:User Defaults] found no value for key CGContextHighlight2xScaledImages in CFPrefsPlistSource<0x600002c08400> (Domain: bg.sofia.yoursofia, User: kCFPreferencesCurrentUser, ByHost: No, Container: (null), Contents Need Refresh: No)
2026-08-17 11:34:36.186 Db YourSofia[1177:323578] [com.apple.defaults:User Defaults] found no value for key CGContextHighlight2xScaledImages in CFPrefsPlistSource<0x600002c08400> (Domain: bg.sofia.yoursofia, User: kCFPreferencesCurrentUser, ByHost: No, Container: (null), Contents Need Refresh: No)
2026-08-17 11:34:36.186 Db YourSofia[1177:323578] [com.apple.defaults:User Defaults] found no value for key CGContextHighlight2xScaledImages in CFPrefsPlistSource<0x600002c08680> (Domain: kCFPreferencesAnyApplication, User: kCFPreferencesCurrentUser, ByHost: No, Container: (null), Contents Need Refresh: No)
2026-08-17 11:34:36.186 Db YourSofia[1177:323578] [com.apple.defaults:User Defaults] found no value for key CGContextHighlight2xScaledImages in CFPrefsPlistSource<0x600002c08680> (Domain: kCFPreferencesAnyApplication, User: kCFPreferencesCurrentUser, ByHost: No, Container: (null), Contents Need Refresh: No)
2026-08-17 11:34:36.186 Db YourSofia[1177:323578] [com.apple.defaults:User Defaults] found no value for key CGContextTrackImageDrawing in CFPrefsPlistSource<0x600002c08400> (Domain: bg.sofia.yoursofia, User: kCFPreferencesCurrentUser, ByHost: No, Container: (null), Contents Need Refresh: No)
2026-08-17 11:34:36.186 Db YourSofia[1177:323578] [com.apple.defaults:User Defaults] found no value for key CGContextTrackImageDrawing in CFPrefsPlistSource<0x600002c08400> (Domain: bg.sofia.yoursofia, User: kCFPreferencesCurrentUser, ByHost: No, Container: (null), Contents Need Refresh: No)
2026-08-17 11:34:36.186 Db YourSofia[1177:323578] [com.apple.defaults:User Defaults] found no value for key CGContextTrackImageDrawing in CFPrefsPlistSource<0x600002c08680> (Domain: kCFPreferencesAnyApplication, User: kCFPreferencesCurrentUser, ByHost: No, Container: (null), Contents Need Refresh: No)
2026-08-17 11:34:36.186 Db YourSofia[1177:323578] [com.apple.defaults:User Defaults] found no value for key CGContextTrackImageDrawing in CFPrefsPlistSource<0x600002c08680> (Domain: kCFPreferencesAnyApplication, User: kCFPreferencesCurrentUser, ByHost: No, Container: (null), Contents Need Refresh: No)
2026-08-17 11:34:36.186 Db YourSofia[1177:323578] [com.apple.defaults:User Defaults] found no value for key CAEnableDeepFramebuffer in CFPrefsSearchListSource<0x600002c04180> (Domain: bg.sofia.yoursofia, Container: (null) Non-launch persona: 0)
2026-08-17 11:34:36.186 Db YourSofia[1177:3235b7] [com.apple.BaseBoard:Common] [BSBlockSentinel:FBSWorkspaceScenesClient] signaled! 1 of 1
2026-08-17 11:34:36.186 Db YourSofia[1177:3235b7] [com.apple.BaseBoard:Common] [BSBlockSentinel:FBSWorkspaceScenesClient] dealloc
2026-08-17 11:34:36.187 Db YourSofia[1177:3235b5] [com.apple.CFBundle:resources] Resource lookup at CFBundle 0x600003b04540 </Users/valentinasenov/Library/Developer/CoreSimulator/Devices/4EC5F74C-5A9C-4D89-8E44-374310E684AE/data/Containers/Bundle/Application/F3147808-5ECA-491B-9ADC-3DA9921C01A2/YourSofia.app> (executable, loaded)
	Request       : back-icon type: png path: assets/node_modules/.pnpm/@react-navigation+elements@2.6.4_@react-navigation+native@7.1.17_react-native@0.81.5_@b_28a2c3a7af745b08fd3e3ec803bf51ba/node_modules/@react-navigation/elements/lib/module/assets
	Result        : file:///Users/valentinasenov/Library/Developer/CoreSimulator/Devices/4EC5F74C-5A9C-4D89-8E44-374310E684AE/data/Containers/Bundle/Application/F3147808-5ECA-491B-9ADC-3DA9921C01A2/YourSofia.app/assets/node_modules/.pnpm/@react-navigation+elements@2.6.4_@react-navigation+native@7.1.17_react-native@0.81.5_@b_28a2c3a7af745b08fd3e3ec803bf51ba/node_modules/@react-navigation/elements/lib/module/assets/back-icon.png
2026-08-17 11:34:36.187 Db YourSofia[1177:323578] [com.apple.launchservices:db] LS DB needs to be mapped into process 1177 for session LSSessionKey(system: 0 uid: 501) (existing DB @ 0x0).
2026-08-17 11:34:36.187 Db YourSofia[1177:3235b5] [com.apple.CFBundle:resources] Resource lookup at CFBundle 0x600003b04540 </Users/valentinasenov/Library/Developer/CoreSimulator/Devices/4EC5F74C-5A9C-4D89-8E44-374310E684AE/data/Containers/Bundle/Application/F3147808-5ECA-491B-9ADC-3DA9921C01A2/YourSofia.app> (executable, loaded)
	Request       : back-icon@2x type: png path: assets/node_modules/.pnpm/@react-navigation+elements@2.6.4_@react-navigation+native@7.1.17_react-native@0.81.5_@b_28a2c3a7af745b08fd3e3ec803bf51ba/node_modules/@react-navigation/elements/lib/module/assets
	Result        : file:///Users/valentinasenov/Library/Developer/CoreSimulator/Devices/4EC5F74C-5A9C-4D89-8E44-374310E684AE/data/Containers/Bundle/Application/F3147808-5ECA-491B-9ADC-3DA9921C01A2/YourSofia.app/assets/node_modules/.pnpm/@react-navigation+elements@2.6.4_@react-navigation+native@7.1.17_react-native@0.81.5_@b_28a2c3a7af745b08fd3e3ec803bf51ba/node_modules/@react-navigation/elements/lib/module/assets/back-icon@2x.png
2026-08-17 11:34:36.187 Db YourSofia[1177:3235b5] [com.apple.CFBundle:resources] Resource lookup at CFBundle 0x600003b04540 </Users/valentinasenov/Library/Developer/CoreSimulator/Devices/4EC5F74C-5A9C-4D89-8E44-374310E684AE/data/Containers/Bundle/Application/F3147808-5ECA-491B-9ADC-3DA9921C01A2/YourSofia.app> (executable, loaded)
	Request       : back-icon@3x type: png path: assets/node_modules/.pnpm/@react-navigation+elements@2.6.4_@react-navigation+native@7.1.17_react-native@0.81.5_@b_28a2c3a7af745b08fd3e3ec803bf51ba/node_modules/@react-navigation/elements/lib/module/assets
	Result        : file:///Users/valentinasenov/Library/Developer/CoreSimulator/Devices/4EC5F74C-5A9C-4D89-8E44-374310E684AE/data/Containers/Bundle/Application/F3147808-5ECA-491B-9ADC-3DA9921C01A2/YourSofia.app/assets/node_modules/.pnpm/@react-navigation+elements@2.6.4_@react-navigation+native@7.1.17_react-native@0.81.5_@b_28a2c3a7af745b08fd3e3ec803bf51ba/node_modules/@react-navigation/elements/lib/module/assets/back-icon@3x.png
2026-08-17 11:34:36.187 Df YourSofia[1177:323578] [com.apple.xpc:connection] [0x105318950] activating connection: mach=true listener=false peer=false name=com.apple.lsd.mapdb
2026-08-17 11:34:36.188 Db YourSofia[1177:3235b5] [com.apple.CFBundle:resources] Resource lookup at CFBundle 0x600003b04540 </Users/valentinasenov/Library/Developer/CoreSimulator/Devices/4EC5F74C-5A9C-4D89-8E44-374310E684AE/data/Containers/Bundle/Application/F3147808-5ECA-491B-9ADC-3DA9921C01A2/YourSofia.app> (executable, loaded)
	Request       : back-icon-mask type: png path: assets/node_modules/.pnpm/@react-navigation+elements@2.6.4_@react-navigation+native@7.1.17_react-native@0.81.5_@b_28a2c3a7af745b08fd3e3ec803bf51ba/node_modules/@react-navigation/elements/lib/module/assets
	Result        : file:///Users/valentinasenov/Library/Developer/CoreSimulator/Devices/4EC5F74C-5A9C-4D89-8E44-374310E684AE/data/Containers/Bundle/Application/F3147808-5ECA-491B-9ADC-3DA9921C01A2/YourSofia.app/assets/node_modules/.pnpm/@react-navigation+elements@2.6.4_@react-navigation+native@7.1.17_react-native@0.81.5_@b_28a2c3a7af745b08fd3e3ec803bf51ba/node_modules/@react-navigation/elements/lib/module/assets/back-icon-mask.png
2026-08-17 11:34:36.188 Db YourSofia[1177:323578] [com.apple.coreservicesstore:default] Creating CSStore from XPC coder with length 8273920
2026-08-17 11:34:36.188 Db YourSofia[1177:323578] [com.apple.coreservicesstore:default] Checked CSStore data with lengths 8273920/8145872/8260504
2026-08-17 11:34:36.188 I  YourSofia[1177:323578] [com.apple.launchservices:db] LaunchServices database schema version: 20971543
2026-08-17 11:34:36.188 Db YourSofia[1177:3235b5] [com.apple.CFBundle:resources] Resource lookup at CFBundle 0x600003b04540 </Users/valentinasenov/Library/Developer/CoreSimulator/Devices/4EC5F74C-5A9C-4D89-8E44-374310E684AE/data/Containers/Bundle/Application/F3147808-5ECA-491B-9ADC-3DA9921C01A2/YourSofia.app> (executable, loaded)
	Request       : clear-icon type: png path: assets/node_modules/.pnpm/@react-navigation+elements@2.6.4_@react-navigation+native@7.1.17_react-native@0.81.5_@b_28a2c3a7af745b08fd3e3ec803bf51ba/node_modules/@react-navigation/elements/lib/module/assets
	Result        : file:///Users/valentinasenov/Library/Developer/CoreSimulator/Devices/4EC5F74C-5A9C-4D89-8E44-374310E684AE/data/Containers/Bundle/Application/F3147808-5ECA-491B-9ADC-3DA9921C01A2/YourSofia.app/assets/node_modules/.pnpm/@react-navigation+elements@2.6.4_@react-navigation+native@7.1.17_react-native@0.81.5_@b_28a2c3a7af745b08fd3e3ec803bf51ba/node_modules/@react-navigation/elements/lib/module/assets/clear-icon.png
2026-08-17 11:34:36.188 Db YourSofia[1177:323578] [com.apple.launchservices:db] Loaded LS database with sequence number 944
2026-08-17 11:34:36.188 Db YourSofia[1177:323578] [com.apple.launchservices:db] Client database updated - seq#: 944
2026-08-17 11:34:36.188 I  YourSofia[1177:323578] [com.apple.launchservices:datasep] application record search init. Node: <FSNode 0x60000025ed00> { isDir = y, path = '/Users/valentinasenov/Library/Developer/CoreSimulator/Devices/4EC5F74C-5A9C-4D89-8E44-374310E684AE/data/Containers/Bundle/Application/F3147808-5ECA-491B-9ADC-3DA9921C01A2/YourSofia.app' } bundleID: (null) itemID: 0
2026-08-17 11:34:36.188 Db YourSofia[1177:323578] [com.apple.launchservices:binding] BindingEvaluator::CreateWithBundleInfo(ID=(null), name=YourSofia.app, CC=????, vers=(null))
2026-08-17 11:34:36.188 Db YourSofia[1177:323578] [com.apple.launchservices:binding] Skipping strong binding binding due to options
2026-08-17 11:34:36.188 Db YourSofia[1177:323578] [com.apple.launchservices:binding] Truncating a list of bindings to max 1 known-good ones.
2026-08-17 11:34:36.188 Db YourSofia[1177:323578] [com.apple.launchservices:binding] Truncating a list of bindings to max 1 known-good ones.
2026-08-17 11:34:36.188 Db YourSofia[1177:3235b5] [com.apple.CFBundle:resources] Resource lookup at CFBundle 0x600003b04540 </Users/valentinasenov/Library/Developer/CoreSimulator/Devices/4EC5F74C-5A9C-4D89-8E44-374310E684AE/data/Containers/Bundle/Application/F3147808-5ECA-491B-9ADC-3DA9921C01A2/YourSofia.app> (executable, loaded)
	Request       : clear-icon type: png path: assets/node_modules/.pnpm/@react-navigation+elements@2.6.4_@react-navigation+native@7.1.17_react-native@0.81.5_@b_28a2c3a7af745b08fd3e3ec803bf51ba/node_modules/@react-navigation/elements/lib/module/assets
	Result        : file:///Users/valentinasenov/Library/Developer/CoreSimulator/Devices/4EC5F74C-5A9C-4D89-8E44-374310E684AE/data/Containers/Bundle/Application/F3147808-5ECA-491B-9ADC-3DA9921C01A2/YourSofia.app/assets/node_modules/.pnpm/@react-navigation+elements@2.6.4_@react-navigation+native@7.1.17_react-native@0.81.5_@b_28a2c3a7af745b08fd3e3ec803bf51ba/node_modules/@react-navigation/elements/lib/module/assets/clear-icon.png
2026-08-17 11:34:36.188 Db YourSofia[1177:323578] [com.apple.CFBundle:resources] Language lookup at CFBundle 0x600003b00620 </Library/Developer/CoreSimulator/Volumes/iOS_23D8133/Library/Developer/CoreSimulator/Profiles/Runtimes/iOS 26.3.simruntime/Contents/Resources/RuntimeRoot/System/Library/PrivateFrameworks/UIKitCore.framework> (not loaded)
	Localizations : [de, ur, he, en_AU, ar, el, ja, mr, en, uk, es_419, gu, zh_CN, kn, pa, es, sl, or, da, it, bg, sk, kk, pt_PT, ms, ta, ml, sv, te, cs, ko, no, hu, zh_HK, tr, pl, zh_TW, en_GB, vi, lt, ru, fr_CA, fr, fi, id, nl, th, pt, bn, ro, hr, hi, ca]
	Dev language  : en
	User prefs    : [en-US, bg-US]
	Main bundle   : [en]
	Allow mixed   : 0 
	Result        : [en]
2026-08-17 11:34:36.188 Db YourSofia[1177:3235b5] [com.apple.CFBundle:resources] Resource lookup at CFBundle 0x600003b04540 </Users/valentinasenov/Library/Developer/CoreSimulator/Devices/4EC5F74C-5A9C-4D89-8E44-374310E684AE/data/Containers/Bundle/Application/F3147808-5ECA-491B-9ADC-3DA9921C01A2/YourSofia.app> (executable, loaded)
	Request       : clear-icon@2x type: png path: assets/node_modules/.pnpm/@react-navigation+elements@2.6.4_@react-navigation+native@7.1.17_react-native@0.81.5_@b_28a2c3a7af745b08fd3e3ec803bf51ba/node_modules/@react-navigation/elements/lib/module/assets
	Result        : file:///Users/valentinasenov/Library/Developer/CoreSimulator/Devices/4EC5F74C-5A9C-4D89-8E44-374310E684AE/data/Containers/Bundle/Application/F3147808-5ECA-491B-9ADC-3DA9921C01A2/YourSofia.app/assets/node_modules/.pnpm/@react-navigation+elements@2.6.4_@react-navigation+native@7.1.17_react-native@0.81.5_@b_28a2c3a7af745b08fd3e3ec803bf51ba/node_modules/@react-navigation/elements/lib/module/assets/clear-icon@2x.png
2026-08-17 11:34:36.188 Db YourSofia[1177:323578] [com.apple.CFBundle:resources] Resource lookup at CFBundle 0x600003b00620 </Library/Developer/CoreSimulator/Volumes/iOS_23D8133/Library/Developer/CoreSimulator/Profiles/Runtimes/iOS 26.3.simruntime/Contents/Resources/RuntimeRoot/System/Library/PrivateFrameworks/UIKitCore.framework> (not loaded)
	Request       : Localizable type: loctable
	Result        : None
2026-08-17 11:34:36.188 Db YourSofia[1177:323578] [com.apple.CFBundle:resources] Resource lookup at CFBundle 0x600003b00620 </Library/Developer/CoreSimulator/Volumes/iOS_23D8133/Library/Developer/CoreSimulator/Profiles/Runtimes/iOS 26.3.simruntime/Contents/Resources/RuntimeRoot/System/Library/PrivateFrameworks/UIKitCore.framework> (not loaded)
	Request       : Localizable type: strings
	Result        : file:///Library/Developer/CoreSimulator/Volumes/iOS_23D8133/Library/Developer/CoreSimulator/Profiles/Runtimes/iOS%2026.3.simruntime/Contents/Resources/RuntimeRoot/System/Library/PrivateFrameworks/UIKitCore.framework/en.lproj/Localizable.strings
2026-08-17 11:34:36.188 Db YourSofia[1177:323578] [com.apple.CFBundle:resources] Resource lookup at CFBundle 0x600003b00620 </Library/Developer/CoreSimulator/Volumes/iOS_23D8133/Library/Developer/CoreSimulator/Profiles/Runtimes/iOS 26.3.simruntime/Contents/Resources/RuntimeRoot/System/Library/PrivateFrameworks/UIKitCore.framework> (not loaded)
	Request       : Localizable type: stringsdict
	Result        : file:///Library/Developer/CoreSimulator/Volumes/iOS_23D8133/Library/Developer/CoreSimulator/Profiles/Runtimes/iOS%2026.3.simruntime/Contents/Resources/RuntimeRoot/System/Library/PrivateFrameworks/UIKitCore.framework/en.lproj/Localizable.stringsdict
2026-08-17 11:34:36.188 Db YourSofia[1177:3235b5] [com.apple.CFBundle:resources] Resource lookup at CFBundle 0x600003b04540 </Users/valentinasenov/Library/Developer/CoreSimulator/Devices/4EC5F74C-5A9C-4D89-8E44-374310E684AE/data/Containers/Bundle/Application/F3147808-5ECA-491B-9ADC-3DA9921C01A2/YourSofia.app> (executable, loaded)
	Request       : clear-icon@3x type: png path: assets/node_modules/.pnpm/@react-navigation+elements@2.6.4_@react-navigation+native@7.1.17_react-native@0.81.5_@b_28a2c3a7af745b08fd3e3ec803bf51ba/node_modules/@react-navigation/elements/lib/module/assets
	Result        : file:///Users/valentinasenov/Library/Developer/CoreSimulator/Devices/4EC5F74C-5A9C-4D89-8E44-374310E684AE/data/Containers/Bundle/Application/F3147808-5ECA-491B-9ADC-3DA9921C01A2/YourSofia.app/assets/node_modules/.pnpm/@react-navigation+elements@2.6.4_@react-navigation+native@7.1.17_react-native@0.81.5_@b_28a2c3a7af745b08fd3e3ec803bf51ba/node_modules/@react-navigation/elements/lib/module/assets/clear-icon@3x.png
2026-08-17 11:34:36.189 Db YourSofia[1177:323578] [com.apple.defaults:User Defaults] found no value for key NSDoubleLocalizedStrings in CFPrefsSearchListSource<0x600002c04180> (Domain: bg.sofia.yoursofia, Container: (null) Non-launch persona: 0)
2026-08-17 11:34:36.189 Db YourSofia[1177:323578] [com.apple.defaults:User Defaults] found no value for key NSForceRightToLeftLocalizedStrings in CFPrefsSearchListSource<0x600002c04180> (Domain: bg.sofia.yoursofia, Container: (null) Non-launch persona: 0)
2026-08-17 11:34:36.189 Db YourSofia[1177:323578] [com.apple.defaults:User Defaults] found no value for key NSAccentuateLocalizedStrings in CFPrefsSearchListSource<0x600002c04180> (Domain: bg.sofia.yoursofia, Container: (null) Non-launch persona: 0)
2026-08-17 11:34:36.189 Db YourSofia[1177:323578] [com.apple.defaults:User Defaults] found no value for key NSSurroundLocalizedStrings in CFPrefsSearchListSource<0x600002c04180> (Domain: bg.sofia.yoursofia, Container: (null) Non-launch persona: 0)
2026-08-17 11:34:36.189 Db YourSofia[1177:323578] [com.apple.defaults:User Defaults] found no value for key NSTallLocalizedStrings in CFPrefsSearchListSource<0x600002c04180> (Domain: bg.sofia.yoursofia, Container: (null) Non-launch persona: 0)
2026-08-17 11:34:36.189 Db YourSofia[1177:323578] [com.apple.CFBundle:strings] Bundle: CFBundle 0x600003b00620 </Library/Developer/CoreSimulator/Volumes/iOS_23D8133/Library/Developer/CoreSimulator/Profiles/Runtimes/iOS 26.3.simruntime/Contents/Resources/RuntimeRoot/System/Library/PrivateFrameworks/UIKitCore.framework> (not loaded), key: Duplicate, value: Duplicate, table: Localizable, localizationNames: (null), result: Duplicate
2026-08-17 11:34:36.189 Db YourSofia[1177:323578] [com.apple.CFBundle:strings] Bundle: CFBundle 0x600003b00620 </Library/Developer/CoreSimulator/Volumes/iOS_23D8133/Library/Developer/CoreSimulator/Profiles/Runtimes/iOS 26.3.simruntime/Contents/Resources/RuntimeRoot/System/Library/PrivateFrameworks/UIKitCore.framework> (not loaded), key: Move, value: Move, table: Localizable, localizationNames: (null), result: Move
2026-08-17 11:34:36.189 Db YourSofia[1177:323578] [com.apple.CFBundle:strings] Bundle: CFBundle 0x600003b00620 </Library/Developer/CoreSimulator/Volumes/iOS_23D8133/Library/Developer/CoreSimulator/Profiles/Runtimes/iOS 26.3.simruntime/Contents/Resources/RuntimeRoot/System/Library/PrivateFrameworks/UIKitCore.framework> (not loaded), key: Rename, value: Rename, table: Localizable, localizationNames: (null), result: Rename
2026-08-17 11:34:36.189 Db YourSofia[1177:323578] [com.apple.CFBundle:strings] Bundle: CFBundle 0x600003b00620 </Library/Developer/CoreSimulator/Volumes/iOS_23D8133/Library/Developer/CoreSimulator/Profiles/Runtimes/iOS 26.3.simruntime/Contents/Resources/RuntimeRoot/System/Library/PrivateFrameworks/UIKitCore.framework> (not loaded), key: Export, value: Export, table: Localizable, localizationNames: (null), result: Export
2026-08-17 11:34:36.189 Db YourSofia[1177:323578] [com.apple.CFBundle:strings] Bundle: CFBundle 0x600003b00620 </Library/Developer/CoreSimulator/Volumes/iOS_23D8133/Library/Developer/CoreSimulator/Profiles/Runtimes/iOS 26.3.simruntime/Contents/Resources/RuntimeRoot/System/Library/PrivateFrameworks/UIKitCore.framework> (not loaded), key: Dictation, value: Dictation, table: Localizable, localizationNames: (null), result: Dictation
2026-08-17 11:34:36.189 Db YourSofia[1177:3235b5] [com.apple.CFBundle:resources] Resource lookup at CFBundle 0x600003b04540 </Users/valentinasenov/Library/Developer/CoreSimulator/Devices/4EC5F74C-5A9C-4D89-8E44-374310E684AE/data/Containers/Bundle/Application/F3147808-5ECA-491B-9ADC-3DA9921C01A2/YourSofia.app> (executable, loaded)
	Request       : close-icon type: png path: assets/node_modules/.pnpm/@react-navigation+elements@2.6.4_@react-navigation+native@7.1.17_react-native@0.81.5_@b_28a2c3a7af745b08fd3e3ec803bf51ba/node_modules/@react-navigation/elements/lib/module/assets
	Result        : file:///Users/valentinasenov/Library/Developer/CoreSimulator/Devices/4EC5F74C-5A9C-4D89-8E44-374310E684AE/data/Containers/Bundle/Application/F3147808-5ECA-491B-9ADC-3DA9921C01A2/YourSofia.app/assets/node_modules/.pnpm/@react-navigation+elements@2.6.4_@react-navigation+native@7.1.17_react-native@0.81.5_@b_28a2c3a7af745b08fd3e3ec803bf51ba/node_modules/@react-navigation/elements/lib/module/assets/close-icon.png
2026-08-17 11:34:36.189 Db YourSofia[1177:323578] [com.apple.CFBundle:strings] Bundle: CFBundle 0x600003b00620 </Library/Developer/CoreSimulator/Volumes/iOS_23D8133/Library/Developer/CoreSimulator/Profiles/Runtimes/iOS 26.3.simruntime/Contents/Resources/RuntimeRoot/System/Library/PrivateFrameworks/UIKitCore.framework> (not loaded), key: Emoji, value: Emoji, table: Localizable, localizationNames: (null), result: Emoji
2026-08-17 11:34:36.189 Db YourSofia[1177:323578] [com.apple.CFBundle:strings] Bundle: CFBundle 0x600003b00620 </Library/Developer/CoreSimulator/Volumes/iOS_23D8133/Library/Developer/CoreSimulator/Profiles/Runtimes/iOS 26.3.simruntime/Contents/Resources/RuntimeRoot/System/Library/PrivateFrameworks/UIKitCore.framework> (not loaded), key: KEYSHORTCUTHUDITEM_FILE_NEW_WINDOW, value: New Window, table: Localizable, localizationNames: (null), result: New Window
2026-08-17 11:34:36.189 Db YourSofia[1177:323578] [com.apple.CFBundle:strings] Bundle: CFBundle 0x600003b00620 </Library/Developer/CoreSimulator/Volumes/iOS_23D8133/Library/Developer/CoreSimulator/Profiles/Runtimes/iOS 26.3.simruntime/Contents/Resources/RuntimeRoot/System/Library/PrivateFrameworks/UIKitCore.framework> (not loaded), key: Copy[Menu], value: Copy, table: Localizable, localizationNames: (null), result: Copy
2026-08-17 11:34:36.189 Db YourSofia[1177:323578] [com.apple.CFBundle:strings] Bundle: CFBundle 0x600003b00620 </Library/Developer/CoreSimulator/Volumes/iOS_23D8133/Library/Developer/CoreSimulator/Profiles/Runtimes/iOS 26.3.simruntime/Contents/Resources/RuntimeRoot/System/Library/PrivateFrameworks/UIKitCore.framework> (not loaded), key: Cut, value: Cut, table: Localizable, localizationNames: (null), result: Cut
2026-08-17 11:34:36.189 Db YourSofia[1177:323578] [com.apple.CFBundle:strings] Bundle: CFBundle 0x600003b00620 </Library/Developer/CoreSimulator/Volumes/iOS_23D8133/Library/Developer/CoreSimulator/Profiles/Runtimes/iOS 26.3.simruntime/Contents/Resources/RuntimeRoot/System/Library/PrivateFrameworks/UIKitCore.framework> (not loaded), key: Smaller, value: Smaller, table: Localizable, localizationNames: (null), result: Smaller
2026-08-17 11:34:36.189 Db YourSofia[1177:323578] [com.apple.CFBundle:strings] Bundle: CFBundle 0x600003b00620 </Library/Developer/CoreSimulator/Volumes/iOS_23D8133/Library/Developer/CoreSimulator/Profiles/Runtimes/iOS 26.3.simruntime/Contents/Resources/RuntimeRoot/System/Library/PrivateFrameworks/UIKitCore.framework> (not loaded), key: Delete[Menu], value: Delete, table: Localizable, localizationNames: (null), result: Delete
2026-08-17 11:34:36.189 Db YourSofia[1177:323578] [com.apple.CFBundle:strings] Bundle: CFBundle 0x600003b00620 </Library/Developer/CoreSimulator/Volumes/iOS_23D8133/Library/Developer/CoreSimulator/Profiles/Runtimes/iOS 26.3.simruntime/Contents/Resources/RuntimeRoot/System/Library/PrivateFrameworks/UIKitCore.framework> (not loaded), key: Bigger, value: Bigger, table: Localizable, localizationNames: (null), result: Bigger
2026-08-17 11:34:36.189 Db YourSofia[1177:323578] [com.apple.CFBundle:strings] Bundle: CFBundle 0x600003b00620 </Library/Developer/CoreSimulator/Volumes/iOS_23D8133/Library/Developer/CoreSimulator/Profiles/Runtimes/iOS 26.3.simruntime/Contents/Resources/RuntimeRoot/System/Library/PrivateFrameworks/UIKitCore.framework> (not loaded), key: Default, value: Default, table: Localizable, localizationNames: (null), result: Default
2026-08-17 11:34:36.189 Db YourSofia[1177:323578] [com.apple.CFBundle:strings] Bundle: CFBundle 0x600003b00620 </Library/Developer/CoreSimulator/Volumes/iOS_23D8133/Library/Developer/CoreSimulator/Profiles/Runtimes/iOS 26.3.simruntime/Contents/Resources/RuntimeRoot/System/Library/PrivateFrameworks/UIKitCore.framework> (not loaded), key: Left to Right, value: Left to Right, table: Localizable, localizationNames: (null), result: Left to Right
2026-08-17 11:34:36.189 Db YourSofia[1177:323578] [com.apple.CFBundle:strings] Bundle: CFBundle 0x600003b00620 </Library/Developer/CoreSimulator/Volumes/iOS_23D8133/Library/Developer/CoreSimulator/Profiles/Runtimes/iOS 26.3.simruntime/Contents/Resources/RuntimeRoot/System/Library/PrivateFrameworks/UIKitCore.framework> (not loaded), key: Right to Left, value: Right to Left, table: Localizable, localizationNames: (null), result: Right to Left
2026-08-17 11:34:36.189 Db YourSofia[1177:323578] [com.apple.CFBundle:strings] Bundle: CFBundle 0x600003b00620 </Library/Developer/CoreSimulator/Volumes/iOS_23D8133/Library/Developer/CoreSimulator/Profiles/Runtimes/iOS 26.3.simruntime/Contents/Resources/RuntimeRoot/System/Library/PrivateFrameworks/UIKitCore.framework> (not loaded), key: Paste, value: Paste, table: Localizable, localizationNames: (null), result: Paste
2026-08-17 11:34:36.189 Db YourSofia[1177:323578] [com.apple.CFBundle:strings] Bundle: CFBundle 0x600003b00620 </Library/Developer/CoreSimulator/Volumes/iOS_23D8133/Library/Developer/CoreSimulator/Profiles/Runtimes/iOS 26.3.simruntime/Contents/Resources/RuntimeRoot/System/Library/PrivateFrameworks/UIKitCore.framework> (not loaded), key: Paste and Match Style, value: Paste and Match Style, table: Localizable, localizationNames: (null), result: Paste and Match Style
2026-08-17 11:34:36.189 Db YourSofia[1177:323578] [com.apple.CFBundle:strings] Bundle: CFBundle 0x600003b00620 </Library/Developer/CoreSimulator/Volumes/iOS_23D8133/Library/Developer/CoreSimulator/Profiles/Runtimes/iOS 26.3.simruntime/Contents/Resources/RuntimeRoot/System/Library/PrivateFrameworks/UIKitCore.framework> (not loaded), key: Redo, value: Redo, table: Localizable, localizationNames: (null), result: Redo
2026-08-17 11:34:36.189 Db YourSofia[1177:323578] [com.apple.CFBundle:strings] Bundle: CFBundle 0x600003b00620 </Library/Developer/CoreSimulator/Volumes/iOS_23D8133/Library/Developer/CoreSimulator/Profiles/Runtimes/iOS 26.3.simruntime/Contents/Resources/RuntimeRoot/System/Library/PrivateFrameworks/UIKitCore.framework> (not loaded), key: Select, value: Select, table: Localizable, localizationNames: (null), result: Select
2026-08-17 11:34:36.189 Db YourSofia[1177:323578] [com.apple.CFBundle:strings] Bundle: CFBundle 0x600003b00620 </Library/Developer/CoreSimulator/Volumes/iOS_23D8133/Library/Developer/CoreSimulator/Profiles/Runtimes/iOS 26.3.simruntime/Contents/Resources/RuntimeRoot/System/Library/PrivateFrameworks/UIKitCore.framework> (not loaded), key: Select All, value: Select All, table: Localizable, localizationNames: (null), result: Select All
2026-08-17 11:34:36.189 Db YourSofia[1177:323578] [com.apple.CFBundle:strings] Bundle: CFBundle 0x600003b00620 </Library/Developer/CoreSimulator/Volumes/iOS_23D8133/Library/Developer/CoreSimulator/Profiles/Runtimes/iOS 26.3.simruntime/Contents/Resources/RuntimeRoot/System/Library/PrivateFrameworks/UIKitCore.framework> (not loaded), key: TEXT_FORMATTING_MORE, value: More…, table: Localizable, localizationNames: (null), result: More…
2026-08-17 11:34:36.189 Db YourSofia[1177:323578] [com.apple.CFBundle:strings] Bundle: CFBundle 0x600003b00620 </Library/Developer/CoreSimulator/Volumes/iOS_23D8133/Library/Developer/CoreSimulator/Profiles/Runtimes/iOS 26.3.simruntime/Contents/Resources/RuntimeRoot/System/Library/PrivateFrameworks/UIKitCore.framework> (not loaded), key: Bold, value: Bold, table: Localizable, localizationNames: (null), result: Bold
2026-08-17 11:34:36.189 Db YourSofia[1177:3235b5] [com.apple.CFBundle:resources] Resource lookup at CFBundle 0x600003b04540 </Users/valentinasenov/Library/Developer/CoreSimulator/Devices/4EC5F74C-5A9C-4D89-8E44-374310E684AE/data/Containers/Bundle/Application/F3147808-5ECA-491B-9ADC-3DA9921C01A2/YourSofia.app> (executable, loaded)
	Request       : close-icon type: png path: assets/node_modules/.pnpm/@react-navigation+elements@2.6.4_@react-navigation+native@7.1.17_react-native@0.81.5_@b_28a2c3a7af745b08fd3e3ec803bf51ba/node_modules/@react-navigation/elements/lib/module/assets
	Result        : file:///Users/valentinasenov/Library/Developer/CoreSimulator/Devices/4EC5F74C-5A9C-4D89-8E44-374310E684AE/data/Containers/Bundle/Application/F3147808-5ECA-491B-9ADC-3DA9921C01A2/YourSofia.app/assets/node_modules/.pnpm/@react-navigation+elements@2.6.4_@react-navigation+native@7.1.17_react-native@0.81.5_@b_28a2c3a7af745b08fd3e3ec803bf51ba/node_modules/@react-navigation/elements/lib/module/assets/close-icon.png
2026-08-17 11:34:36.189 Db YourSofia[1177:323578] [com.apple.CFBundle:strings] Bundle: CFBundle 0x600003b00620 </Library/Developer/CoreSimulator/Volumes/iOS_23D8133/Library/Developer/CoreSimulator/Profiles/Runtimes/iOS 26.3.simruntime/Contents/Resources/RuntimeRoot/System/Library/PrivateFrameworks/UIKitCore.framework> (not loaded), key: Italic, value: Italic, table: Localizable, localizationNames: (null), result: Italic
2026-08-17 11:34:36.189 Db YourSofia[1177:323578] [com.apple.CFBundle:strings] Bundle: CFBundle 0x600003b00620 </Library/Developer/CoreSimulator/Volumes/iOS_23D8133/Library/Developer/CoreSimulator/Profiles/Runtimes/iOS 26.3.simruntime/Contents/Resources/RuntimeRoot/System/Library/PrivateFrameworks/UIKitCore.framework> (not loaded), key: Underline, value: Underline, table: Localizable, localizationNames: (null), result: Underline
2026-08-17 11:34:36.189 Db YourSofia[1177:323578] [com.apple.CFBundle:strings] Bundle: CFBundle 0x600003b00620 </Library/Developer/CoreSimulator/Volumes/iOS_23D8133/Library/Developer/CoreSimulator/Profiles/Runtimes/iOS 26.3.simruntime/Contents/Resources/RuntimeRoot/System/Library/PrivateFrameworks/UIKitCore.framework> (not loaded), key: Undo, value: Undo, table: Localizable, localizationNames: (null), result: Undo
2026-08-17 11:34:36.189 Db YourSofia[1177:323578] [com.apple.CFBundle:strings] Bundle: CFBundle 0x600003b00620 </Library/Developer/CoreSimulator/Volumes/iOS_23D8133/Library/Developer/CoreSimulator/Profiles/Runtimes/iOS 26.3.simruntime/Contents/Resources/RuntimeRoot/System/Library/PrivateFrameworks/UIKitCore.framework> (not loaded), key: Pause, value: Pause, table: Localizable, localizationNames: (null), result: Pause
2026-08-17 11:34:36.189 Db YourSofia[1177:323578] [com.apple.CFBundle:strings] Bundle: CFBundle 0x600003b00620 </Library/Developer/CoreSimulator/Volumes/iOS_23D8133/Library/Developer/CoreSimulator/Profiles/Runtimes/iOS 26.3.simruntime/Contents/Resources/RuntimeRoot/System/Library/PrivateFrameworks/UIKitCore.framework> (not loaded), key: Speak, value: Speak, table: Localizable, localizationNames: (null), result: Speak
2026-08-17 11:34:36.189 Db YourSofia[1177:323578] [com.apple.CFBundle:strings] Bundle: CFBundle 0x600003b00620 </Library/Developer/CoreSimulator/Volumes/iOS_23D8133/Library/Developer/CoreSimulator/Profiles/Runtimes/iOS 26.3.simruntime/Contents/Resources/RuntimeRoot/System/Library/PrivateFrameworks/UIKitCore.framework> (not loaded), key: Speak…, value: Speak…, table: Localizable, localizationNames: (null), result: Speak…
2026-08-17 11:34:36.189 Db YourSofia[1177:323578] [com.apple.CFBundle:strings] Bundle: CFBundle 0x600003b00620 </Library/Developer/CoreSimulator/Volumes/iOS_23D8133/Library/Developer/CoreSimulator/Profiles/Runtimes/iOS 26.3.simruntime/Contents/Resources/RuntimeRoot/System/Library/PrivateFrameworks/UIKitCore.framework> (not loaded), key: Learn…, value: Learn…, table: Localizable, localizationNames: (null), result: Learn…
2026-08-17 11:34:36.189 Db YourSofia[1177:323578] [com.apple.CFBundle:strings] Bundle: CFBundle 0x600003b00620 </Library/Developer/CoreSimulator/Volumes/iOS_23D8133/Library/Developer/CoreSimulator/Profiles/Runtimes/iOS 26.3.simruntime/Contents/Resources/RuntimeRoot/System/Library/PrivateFrameworks/UIKitCore.framework> (not loaded), key: Look Up, value: Look Up, table: Localizable, localizationNames: (null), result: Look Up
2026-08-17 11:34:36.189 Db YourSofia[1177:323578] [com.apple.CFBundle:strings] Bundle: CFBundle 0x600003b00620 </Library/Developer/CoreSimulator/Volumes/iOS_23D8133/Library/Developer/CoreSimulator/Profiles/Runtimes/iOS 26.3.simruntime/Contents/Resources/RuntimeRoot/System/Library/PrivateFrameworks/UIKitCore.framework> (not loaded), key: Insert Drawing, value: Insert Drawing, table: Localizable, localizationNames: (null), result: Insert Drawing
2026-08-17 11:34:36.189 Db YourSofia[1177:323578] [com.apple.CFBundle:strings] Bundle: CFBundle 0x600003b00620 </Library/Developer/CoreSimulator/Volumes/iOS_23D8133/Library/Developer/CoreSimulator/Profiles/Runtimes/iOS 26.3.simruntime/Contents/Resources/RuntimeRoot/System/Library/PrivateFrameworks/UIKitCore.framework> (not loaded), key: Look Up, value: Look Up, table: Localizable, localizationNames: (null), result: Look Up
2026-08-17 11:34:36.189 Db YourSofia[1177:323578] [com.apple.CFBundle:strings] Bundle: CFBundle 0x600003b00620 </Library/Developer/CoreSimulator/Volumes/iOS_23D8133/Library/Developer/CoreSimulator/Profiles/Runtimes/iOS 26.3.simruntime/Contents/Resources/RuntimeRoot/System/Library/PrivateFrameworks/UIKitCore.framework> (not loaded), key: Replace…, value: Replace…, table: Localizable, localizationNames: (null), result: Replace…
2026-08-17 11:34:36.189 Db YourSofia[1177:323578] [com.apple.CFBundle:strings] Bundle: CFBundle 0x600003b00620 </Library/Developer/CoreSimulator/Volumes/iOS_23D8133/Library/Developer/CoreSimulator/Profiles/Runtimes/iOS 26.3.simruntime/Contents/Resources/RuntimeRoot/System/Library/PrivateFrameworks/UIKitCore.framework> (not loaded), key: Share…, value: Share…, table: Localizable, localizationNames: (null), result: Share…
2026-08-17 11:34:36.189 Db YourSofia[1177:323578] [com.apple.CFBundle:strings] Bundle: CFBundle 0x600003b00620 </Library/Developer/CoreSimulator/Volumes/iOS_23D8133/Library/Developer/CoreSimulator/Profiles/Runtimes/iOS 26.3.simruntime/Contents/Resources/RuntimeRoot/System/Library/PrivateFrameworks/UIKitCore.framework> (not loaded), key: Find, value: Find, table: Localizable, localizationNames: (null), result: Find
2026-08-17 11:34:36.189 Db YourSofia[1177:323578] [com.apple.CFBundle:strings] Bundle: CFBundle 0x600003b00620 </Library/Developer/CoreSimulator/Volumes/iOS_23D8133/Library/Developer/CoreSimulator/Profiles/Runtimes/iOS 26.3.simruntime/Contents/Resources/RuntimeRoot/System/Library/PrivateFrameworks/UIKitCore.framework> (not loaded), key: Find & Replace, value: Find & Replace, table: Localizable, localizationNames: (null), result: Find & Replace
2026-08-17 11:34:36.189 Db YourSofia[1177:323578] [com.apple.CFBundle:strings] Bundle: CFBundle 0x600003b00620 </Library/Developer/CoreSimulator/Volumes/iOS_23D8133/Library/Developer/CoreSimulator/Profiles/Runtimes/iOS 26.3.simruntime/Contents/Resources/RuntimeRoot/System/Library/PrivateFrameworks/UIKitCore.framework> (not loaded), key: Find Next, value: Find Next, table: Localizable, localizationNames: (null), result: Find Next
2026-08-17 11:34:36.189 Db YourSofia[1177:323578] [com.apple.CFBundle:strings] Bundle: CFBundle 0x600003b00620 </Library/Developer/CoreSimulator/Volumes/iOS_23D8133/Library/Developer/CoreSimulator/Profiles/Runtimes/iOS 26.3.simruntime/Contents/Resources/RuntimeRoot/System/Library/PrivateFrameworks/UIKitCore.framework> (not loaded), key: Find Previous, value: Find Previous, table: Localizable, localizationNames: (null), result: Find Previous
2026-08-17 11:34:36.189 Db YourSofia[1177:323578] [com.apple.CFBundle:strings] Bundle: CFBundle 0x600003b00620 </Library/Developer/CoreSimulator/Volumes/iOS_23D8133/Library/Developer/CoreSimulator/Profiles/Runtimes/iOS 26.3.simruntime/Contents/Resources/RuntimeRoot/System/Library/PrivateFrameworks/UIKitCore.framework> (not loaded), key: Use Selection for Find, value: Use Selection for Find, table: Localizable, localizationNames: (null), result: Use Selection for Find
2026-08-17 11:34:36.189 Db YourSofia[1177:323578] [com.apple.CFBundle:strings] Bundle: CFBundle 0x600003b00620 </Library/Developer/CoreSimulator/Volumes/iOS_23D8133/Library/Developer/CoreSimulator/Profiles/Runtimes/iOS 26.3.simruntime/Contents/Resources/RuntimeRoot/System/Library/PrivateFrameworks/UIKitCore.framework> (not loaded), key: Find Selection, value: Find Selection, table: Localizable, localizationNames: (null), result: Find Selection
2026-08-17 11:34:36.189 Db YourSofia[1177:3235b5] [com.apple.CFBundle:resources] Resource lookup at CFBundle 0x600003b04540 </Users/valentinasenov/Library/Developer/CoreSimulator/Devices/4EC5F74C-5A9C-4D89-8E44-374310E684AE/data/Containers/Bundle/Application/F3147808-5ECA-491B-9ADC-3DA9921C01A2/YourSofia.app> (executable, loaded)
	Request       : close-icon@2x type: png path: assets/node_modules/.pnpm/@react-navigation+elements@2.6.4_@react-navigation+native@7.1.17_react-native@0.81.5_@b_28a2c3a7af745b08fd3e3ec803bf51ba/node_modules/@react-navigation/elements/lib/module/assets
	Result        : file:///Users/valentinasenov/Library/Developer/CoreSimulator/Devices/4EC5F74C-5A9C-4D89-8E44-374310E684AE/data/Containers/Bundle/Application/F3147808-5ECA-491B-9ADC-3DA9921C01A2/YourSofia.app/assets/node_modules/.pnpm/@react-navigation+elements@2.6.4_@react-navigation+native@7.1.17_react-native@0.81.5_@b_28a2c3a7af745b08fd3e3ec803bf51ba/node_modules/@react-navigation/elements/lib/module/assets/close-icon@2x.png
2026-08-17 11:34:36.189 Db YourSofia[1177:323578] [com.apple.CFBundle:strings] Bundle: CFBundle 0x600003b00620 </Library/Developer/CoreSimulator/Volumes/iOS_23D8133/Library/Developer/CoreSimulator/Profiles/Runtimes/iOS 26.3.simruntime/Contents/Resources/RuntimeRoot/System/Library/PrivateFrameworks/UIKitCore.framework> (not loaded), key: Open..., value: Open..., table: Localizable, localizationNames: (null), result: Open...
2026-08-17 11:34:36.189 Db YourSofia[1177:323578] [com.apple.CFBundle:strings] Bundle: CFBundle 0x600003b00620 </Library/Developer/CoreSimulator/Volumes/iOS_23D8133/Library/Developer/CoreSimulator/Profiles/Runtimes/iOS 26.3.simruntime/Contents/Resources/RuntimeRoot/System/Library/PrivateFrameworks/UIKitCore.framework> (not loaded), key: Open in New Window, value: Open in New Window, table: Localizable, localizationNames: (null), result: Open in New Window
2026-08-17 11:34:36.189 Db YourSofia[1177:323578] [com.apple.CFBundle:strings] Bundle: CFBundle 0x600003b00620 </Library/Developer/CoreSimulator/Volumes/iOS_23D8133/Library/Developer/CoreSimulator/Profiles/Runtimes/iOS 26.3.simruntime/Contents/Resources/RuntimeRoot/System/Library/PrivateFrameworks/UIKitCore.framework> (not loaded), key: KEYSHORTCUTHUDITEM_FORMAT_TEXTALIGN_LEFT, value: Align Left, table: Localizable, localizationNames: (null), result: Align Left
2026-08-17 11:34:36.189 Db YourSofia[1177:323578] [com.apple.CFBundle:strings] Bundle: CFBundle 0x600003b00620 </Library/Developer/CoreSimulator/Volumes/iOS_23D8133/Library/Developer/CoreSimulator/Profiles/Runtimes/iOS 26.3.simruntime/Contents/Resources/RuntimeRoot/System/Library/PrivateFrameworks/UIKitCore.framework> (not loaded), key: KEYSHORTCUTHUDITEM_FORMAT_TEXTALIGN_CENTER, value: Center, table: Localizable, localizationNames: (null), result: Center
2026-08-17 11:34:36.189 Db YourSofia[1177:323578] [com.apple.CFBundle:strings] Bundle: CFBundle 0x600003b00620 </Library/Developer/CoreSimulator/Volumes/iOS_23D8133/Library/Developer/CoreSimulator/Profiles/Runtimes/iOS 26.3.simruntime/Contents/Resources/RuntimeRoot/System/Library/PrivateFrameworks/UIKitCore.framework> (not loaded), key: KEYSHORTCUTHUDITEM_FORMAT_TEXTALIGN_JUSTIFY, value: Justify, table: Localizable, localizationNames: (null), result: Justify
2026-08-17 11:34:36.189 Db YourSofia[1177:323578] [com.apple.CFBundle:strings] Bundle: CFBundle 0x600003b00620 </Library/Developer/CoreSimulator/Volumes/iOS_23D8133/Library/Developer/CoreSimulator/Profiles/Runtimes/iOS 26.3.simruntime/Contents/Resources/RuntimeRoot/System/Library/PrivateFrameworks/UIKitCore.framework> (not loaded), key: KEYSHORTCUTHUDITEM_FORMAT_TEXTALIGN_RIGHT, value: Align Right, table: Localizable, localizationNames: (null), result: Align Right
2026-08-17 11:34:36.189 Db YourSofia[1177:323578] [com.apple.CFBundle:strings] Bundle: CFBundle 0x600003b00620 </Library/Developer/CoreSimulator/Volumes/iOS_23D8133/Library/Developer/CoreSimulator/Profiles/Runtimes/iOS 26.3.simruntime/Contents/Resources/RuntimeRoot/System/Library/PrivateFrameworks/UIKitCore.framework> (not loaded), key: KEYSHORTCUTHUDITEM_VIEW_CUSTOMIZE_TOOLBAR, value: Customize Toolbar…, table: Localizable, localizationNames: (null), result: Customize Toolbar…
2026-08-17 11:34:36.189 Db YourSofia[1177:323578] [com.apple.CFBundle:strings] Bundle: CFBundle 0x600003b00620 </Library/Developer/CoreSimulator/Volumes/iOS_23D8133/Library/Developer/CoreSimulator/Profiles/Runtimes/iOS 26.3.simruntime/Contents/Resources/RuntimeRoot/System/Library/PrivateFrameworks/UIKitCore.framework> (not loaded), key: Show Sidebar, value: Show Sidebar, table: Localizable, localizationNames: (null), result: Show Sidebar
2026-08-17 11:34:36.189 Db YourSofia[1177:323578] [com.apple.CFBundle:strings] Bundle: CFBundle 0x600003b00620 </Library/Developer/CoreSimulator/Volumes/iOS_23D8133/Library/Developer/CoreSimulator/Profiles/Runtimes/iOS 26.3.simruntime/Contents/Resources/RuntimeRoot/System/Library/PrivateFrameworks/UIKitCore.framework> (not loaded), key: Show Inspector, value: Show Inspector, table: Localizable, localizationNames: (null), result: Show Inspector
2026-08-17 11:34:36.189 Db YourSofia[1177:323578] [com.apple.CFBundle:strings] Bundle: CFBundle 0x600003b00620 </Library/Developer/CoreSimulator/Volumes/iOS_23D8133/Library/Developer/CoreSimulator/Profiles/Runtimes/iOS 26.3.simruntime/Contents/Resources/RuntimeRoot/System/Library/PrivateFrameworks/UIKitCore.framework> (not loaded), key: Show Keyboard, value: Show Keyboard, table: Localizable, localizationNames: (null), result: Show Keyboard
2026-08-17 11:34:36.190 Db YourSofia[1177:323578] [com.apple.CFBundle:strings] Bundle: CFBundle 0x600003b00620 </Library/Developer/CoreSimulator/Volumes/iOS_23D8133/Library/Developer/CoreSimulator/Profiles/Runtimes/iOS 26.3.simruntime/Contents/Resources/RuntimeRoot/System/Library/PrivateFrameworks/UIKitCore.framework> (not loaded), key: KEYSHORTCUTHUDITEM_FILE_CLOSE, value: Close, table: Localizable, localizationNames: (null), result: Close
2026-08-17 11:34:36.190 Db YourSofia[1177:323578] [com.apple.CFBundle:strings] Bundle: CFBundle 0x600003b00620 </Library/Developer/CoreSimulator/Volumes/iOS_23D8133/Library/Developer/CoreSimulator/Profiles/Runtimes/iOS 26.3.simruntime/Contents/Resources/RuntimeRoot/System/Library/PrivateFrameworks/UIKitCore.framework> (not loaded), key: KEYSHORTCUTHUDITEM_FILE_CLOSE_ALL, value: Close All, table: Localizable, localizationNames: (null), result: Close All
2026-08-17 11:34:36.190 Db YourSofia[1177:323578] [com.apple.CFBundle:strings] Bundle: CFBundle 0x600003b00620 </Library/Developer/CoreSimulator/Volumes/iOS_23D8133/Library/Developer/CoreSimulator/Profiles/Runtimes/iOS 26.3.simruntime/Contents/Resources/RuntimeRoot/System/Library/PrivateFrameworks/UIKitCore.framework> (not loaded), key: Print, value: Print, table: Localizable, localizationNames: (null), result: Print
2026-08-17 11:34:36.190 Db YourSofia[1177:323578] [com.apple.CFBundle:strings] Bundle: CFBundle 0x600003b00620 </Library/Developer/CoreSimulator/Volumes/iOS_23D8133/Library/Developer/CoreSimulator/Profiles/Runtimes/iOS 26.3.simruntime/Contents/Resources/RuntimeRoot/System/Library/PrivateFrameworks/UIKitCore.framework> (not loaded), key: Scan Text, value: Scan Text, table: Localizable, localizationNames: (null), result: Scan Text
2026-08-17 11:34:36.190 Db YourSofia[1177:323578] [com.apple.CFBundle:strings] Bundle: CFBundle 0x600003b00620 </Library/Developer/CoreSimulator/Volumes/iOS_23D8133/Library/Developer/CoreSimulator/Profiles/Runtimes/iOS 26.3.simruntime/Contents/Resources/RuntimeRoot/System/Library/PrivateFrameworks/UIKitCore.framework> (not loaded), key: Translate, value: Translate, table: Localizable, localizationNames: (null), result: Translate
2026-08-17 11:34:36.190 Db YourSofia[1177:323578] [com.apple.CFBundle:strings] Bundle: CFBundle 0x600003b00620 </Library/Developer/CoreSimulator/Volumes/iOS_23D8133/Library/Developer/CoreSimulator/Profiles/Runtimes/iOS 26.3.simruntime/Contents/Resources/RuntimeRoot/System/Library/PrivateFrameworks/UIKitCore.framework> (not loaded), key: Writing Tools, value: Writing Tools, table: Localizable, localizationNames: (null), result: Writing Tools
2026-08-17 11:34:36.190 Db YourSofia[1177:323578] [com.apple.CFBundle:strings] Bundle: CFBundle 0x600003b00620 </Library/Developer/CoreSimulator/Volumes/iOS_23D8133/Library/Developer/CoreSimulator/Profiles/Runtimes/iOS 26.3.simruntime/Contents/Resources/RuntimeRoot/System/Library/PrivateFrameworks/UIKitCore.framework> (not loaded), key: KEYSHORTCUTHUDITEM_APP_SERVICES, value: Services, table: Localizable, localizationNames: (null), result: Services
2026-08-17 11:34:36.190 Db YourSofia[1177:323578] [com.apple.CFBundle:strings] Bundle: CFBundle 0x600003b00620 </Library/Developer/CoreSimulator/Volumes/iOS_23D8133/Library/Developer/CoreSimulator/Profiles/Runtimes/iOS 26.3.simruntime/Contents/Resources/RuntimeRoot/System/Library/PrivateFrameworks/UIKitCore.framework> (not loaded), key: KEYSHORTCUTHUD_FILE, value: File, table: Localizable, localizationNames: (null), result: File
2026-08-17 11:34:36.190 Db YourSofia[1177:323578] [com.apple.CFBundle:strings] Bundle: CFBundle 0x600003b00620 </Library/Developer/CoreSimulator/Volumes/iOS_23D8133/Library/Developer/CoreSimulator/Profiles/Runtimes/iOS 26.3.simruntime/Contents/Resources/RuntimeRoot/System/Library/PrivateFrameworks/UIKitCore.framework> (not loaded), key: KEYSHORTCUTHUDITEM_FILE_OPEN_RECENT, value: Open Recent, table: Localizable, localizationNames: (null), result: Open Recent
2026-08-17 11:34:36.190 Db YourSofia[1177:323578] [com.apple.CFBundle:strings] Bundle: CFBundle 0x600003b00620 </Library/Developer/CoreSimulator/Volumes/iOS_23D8133/Library/Developer/CoreSimulator/Profiles/Runtimes/iOS 26.3.simruntime/Contents/Resources/RuntimeRoot/System/Library/PrivateFrameworks/UIKitCore.framework> (not loaded), key: KEYSHORTCUTHUD_EDIT, value: Edit, table: Localizable, localizationNames: (null), result: Edit
2026-08-17 11:34:36.190 Db YourSofia[1177:323578] [com.apple.CFBundle:strings] Bundle: CFBundle 0x600003b00620 </Library/Developer/CoreSimulator/Volumes/iOS_23D8133/Library/Developer/CoreSimulator/Profiles/Runtimes/iOS 26.3.simruntime/Contents/Resources/RuntimeRoot/System/Library/PrivateFrameworks/UIKitCore.framework> (not loaded), key: KEYSHORTCUTHUDITEM_EDIT_FIND_MENU, value: Find, table: Localizable, localizationNames: (null), result: Find
2026-08-17 11:34:36.190 Db YourSofia[1177:323578] [com.apple.CFBundle:strings] Bundle: CFBundle 0x600003b00620 </Library/Developer/CoreSimulator/Volumes/iOS_23D8133/Library/Developer/CoreSimulator/Profiles/Runtimes/iOS 26.3.simruntime/Contents/Resources/RuntimeRoot/System/Library/PrivateFrameworks/UIKitCore.framework> (not loaded), key: KEYSHORTCUTHUDITEM_EDIT_SPELLING_AND_GRAMMAR, value: Spelling and Grammar, table: Localizable, localizationNames: (null), result: Spelling and Grammar
2026-08-17 11:34:36.190 Db YourSofia[1177:3235b5] [com.apple.CFBundle:resources] Resource lookup at CFBundle 0x600003b04540 </Users/valentinasenov/Library/Developer/CoreSimulator/Devices/4EC5F74C-5A9C-4D89-8E44-374310E684AE/data/Containers/Bundle/Application/F3147808-5ECA-491B-9ADC-3DA9921C01A2/YourSofia.app> (executable, loaded)
	Request       : close-icon@3x type: png path: assets/node_modules/.pnpm/@react-navigation+elements@2.6.4_@react-navigation+native@7.1.17_react-native@0.81.5_@b_28a2c3a7af745b08fd3e3ec803bf51ba/node_modules/@react-navigation/elements/lib/module/assets
	Result        : file:///Users/valentinasenov/Library/Developer/CoreSimulator/Devices/4EC5F74C-5A9C-4D89-8E44-374310E684AE/data/Containers/Bundle/Application/F3147808-5ECA-491B-9ADC-3DA9921C01A2/YourSofia.app/assets/node_modules/.pnpm/@react-navigation+elements@2.6.4_@react-navigation+native@7.1.17_react-native@0.81.5_@b_28a2c3a7af745b08fd3e3ec803bf51ba/node_modules/@react-navigation/elements/lib/module/assets/close-icon@3x.png
2026-08-17 11:34:36.190 Db YourSofia[1177:323578] [com.apple.CFBundle:strings] Bundle: CFBundle 0x600003b00620 </Library/Developer/CoreSimulator/Volumes/iOS_23D8133/Library/Developer/CoreSimulator/Profiles/Runtimes/iOS 26.3.simruntime/Contents/Resources/RuntimeRoot/System/Library/PrivateFrameworks/UIKitCore.framework> (not loaded), key: KEYSHORTCUTHUDITEM_EDIT_SUBSTITUTIONS, value: Substitutions, table: Localizable, localizationNames: (null), result: Substitutions
2026-08-17 11:34:36.190 Db YourSofia[1177:323578] [com.apple.CFBundle:strings] Bundle: CFBundle 0x600003b00620 </Library/Developer/CoreSimulator/Volumes/iOS_23D8133/Library/Developer/CoreSimulator/Profiles/Runtimes/iOS 26.3.simruntime/Contents/Resources/RuntimeRoot/System/Library/PrivateFrameworks/UIKitCore.framework> (not loaded), key: KEYSHORTCUTHUDITEM_EDIT_TRANSFORMATIONS, value: Transformations, table: Localizable, localizationNames: (null), result: Transformations
2026-08-17 11:34:36.190 Db YourSofia[1177:323578] [com.apple.CFBundle:strings] Bundle: CFBundle 0x600003b00620 </Library/Developer/CoreSimulator/Volumes/iOS_23D8133/Library/Developer/CoreSimulator/Profiles/Runtimes/iOS 26.3.simruntime/Contents/Resources/RuntimeRoot/System/Library/PrivateFrameworks/UIKitCore.framework> (not loaded), key: KEYSHORTCUTHUDITEM_EDIT_SPEECH, value: Speech, table: Localizable, localizationNames: (null), result: Speech
2026-08-17 11:34:36.190 Db YourSofia[1177:323578] [com.apple.CFBundle:strings] Bundle: CFBundle 0x600003b00620 </Library/Developer/CoreSimulator/Volumes/iOS_23D8133/Library/Developer/CoreSimulator/Profiles/Runtimes/iOS 26.3.simruntime/Contents/Resources/RuntimeRoot/System/Library/PrivateFrameworks/UIKitCore.framework> (not loaded), key: KEYSHORTCUTHUD_FORMAT, value: Format, table: Localizable, localizationNames: (null), result: Format
2026-08-17 11:34:36.190 Db YourSofia[1177:323578] [com.apple.CFBundle:strings] Bundle: CFBundle 0x600003b00620 </Library/Developer/CoreSimulator/Volumes/iOS_23D8133/Library/Developer/CoreSimulator/Profiles/Runtimes/iOS 26.3.simruntime/Contents/Resources/RuntimeRoot/System/Library/PrivateFrameworks/UIKitCore.framework> (not loaded), key: KEYSHORTCUTHUDITEM_FORMAT_FONT, value: Font, table: Localizable, localizationNames: (null), result: Font
2026-08-17 11:34:36.190 Db YourSofia[1177:323578] [com.apple.CFBundle:strings] Bundle: CFBundle 0x600003b00620 </Library/Developer/CoreSimulator/Volumes/iOS_23D8133/Library/Developer/CoreSimulator/Profiles/Runtimes/iOS 26.3.simruntime/Contents/Resources/RuntimeRoot/System/Library/PrivateFrameworks/UIKitCore.framework> (not loaded), key: KEYSHORTCUTHUDITEM_FORMAT_TEXT, value: Text, table: Localizable, localizationNames: (null), result: Text
2026-08-17 11:34:36.190 Db YourSofia[1177:323578] [com.apple.CFBundle:strings] Bundle: CFBundle 0x600003b00620 </Library/Developer/CoreSimulator/Volumes/iOS_23D8133/Library/Developer/CoreSimulator/Profiles/Runtimes/iOS 26.3.simruntime/Contents/Resources/RuntimeRoot/System/Library/PrivateFrameworks/UIKitCore.framework> (not loaded), key: KEYSHORTCUTHUDITEM_FORMAT_TEXT_WRITING_DIRECTION, value: Writing Direction, table: Localizable, localizationNames: (null), result: Writing Direction
2026-08-17 11:34:36.190 Db YourSofia[1177:323578] [com.apple.CFBundle:strings] Bundle: CFBundle 0x600003b00620 </Library/Developer/CoreSimulator/Volumes/iOS_23D8133/Library/Developer/CoreSimulator/Profiles/Runtimes/iOS 26.3.simruntime/Contents/Resources/RuntimeRoot/System/Library/PrivateFrameworks/UIKitCore.framework> (not loaded), key: KEYSHORTCUTHUD_VIEW, value: View, table: Localizable, localizationNames: (null), result: View
2026-08-17 11:34:36.190 Db YourSofia[1177:323578] [com.apple.CFBundle:strings] Bundle: CFBundle 0x600003b00620 </Library/Developer/CoreSimulator/Volumes/iOS_23D8133/Library/Developer/CoreSimulator/Profiles/Runtimes/iOS 26.3.simruntime/Contents/Resources/RuntimeRoot/System/Library/PrivateFrameworks/UIKitCore.framework> (not loaded), key: KEYSHORTCUTHUD_WINDOW, value: Window, table: Localizable, localizationNames: (null), result: Window
2026-08-17 11:34:36.190 Db YourSofia[1177:323578] [com.apple.CFBundle:strings] Bundle: CFBundle 0x600003b00620 </Library/Developer/CoreSimulator/Volumes/iOS_23D8133/Library/Developer/CoreSimulator/Profiles/Runtimes/iOS 26.3.simruntime/Contents/Resources/RuntimeRoot/System/Library/PrivateFrameworks/UIKitCore.framework> (not loaded), key: KEYSHORTCUTHUD_HELP, value: Help, table: Localizable, localizationNames: (null), result: Help
2026-08-17 11:34:36.190 Db YourSofia[1177:323578] [com.apple.CFBundle:strings] Bundle: CFBundle 0x600003b00620 </Library/Developer/CoreSimulator/Volumes/iOS_23D8133/Library/Developer/CoreSimulator/Profiles/Runtimes/iOS 26.3.simruntime/Contents/Resources/RuntimeRoot/System/Library/PrivateFrameworks/UIKitCore.framework> (not loaded), key: KEYSHORTCUTHUDITEM_FORMAT_TEXT_STYLE, value: Text Style, table: Localizable, localizationNames: (null), result: Text Style
2026-08-17 11:34:36.190 Db YourSofia[1177:323578] [com.apple.CFBundle:strings] Bundle: CFBundle 0x600003b00620 </Library/Developer/CoreSimulator/Volumes/iOS_23D8133/Library/Developer/CoreSimulator/Profiles/Runtimes/iOS 26.3.simruntime/Contents/Resources/RuntimeRoot/System/Library/PrivateFrameworks/UIKitCore.framework> (not loaded), key: KEYSHORTCUTHUD_AUTOFILL, value: AutoFill, table: Localizable, localizationNames: (null), result: AutoFill
2026-08-17 11:34:36.190 Db YourSofia[1177:323578] [com.apple.CFBundle:resources] Resource lookup at CFBundle 0x600003b04540 </Users/valentinasenov/Library/Developer/CoreSimulator/Devices/4EC5F74C-5A9C-4D89-8E44-374310E684AE/data/Containers/Bundle/Application/F3147808-5ECA-491B-9ADC-3DA9921C01A2/YourSofia.app> (executable, loaded)
	Request       : InfoPlist type: strings
	Result        : None
2026-08-17 11:34:36.190 Db YourSofia[1177:323578] [com.apple.CFBundle:resources] Resource lookup at CFBundle 0x600003b04540 </Users/valentinasenov/Library/Developer/CoreSimulator/Devices/4EC5F74C-5A9C-4D89-8E44-374310E684AE/data/Containers/Bundle/Application/F3147808-5ECA-491B-9ADC-3DA9921C01A2/YourSofia.app> (executable, loaded)
	Request       : InfoPlist type: stringsdict
	Result        : None
2026-08-17 11:34:36.190 Db YourSofia[1177:323578] [com.apple.CFBundle:strings] Bundle: CFBundle 0x600003b00620 </Library/Developer/CoreSimulator/Volumes/iOS_23D8133/Library/Developer/CoreSimulator/Profiles/Runtimes/iOS 26.3.simruntime/Contents/Resources/RuntimeRoot/System/Library/PrivateFrameworks/UIKitCore.framework> (not loaded), key: KEYSHORTCUTHUD_APP_SETTINGS_ELLIPSIS, value: %@ Settings…, table: Localizable, localizationNames: (null), result: %@ Settings…
2026-08-17 11:34:36.190 Db YourSofia[1177:3235b5] [com.apple.CFBundle:resources] Resource lookup at CFBundle 0x600003b04540 </Users/valentinasenov/Library/Developer/CoreSimulator/Devices/4EC5F74C-5A9C-4D89-8E44-374310E684AE/data/Containers/Bundle/Application/F3147808-5ECA-491B-9ADC-3DA9921C01A2/YourSofia.app> (executable, loaded)
	Request       : search-icon type: png path: assets/node_modules/.pnpm/@react-navigation+elements@2.6.4_@react-navigation+native@7.1.17_react-native@0.81.5_@b_28a2c3a7af745b08fd3e3ec803bf51ba/node_modules/@react-navigation/elements/lib/module/assets
	Result        : file:///Users/valentinasenov/Library/Developer/CoreSimulator/Devices/4EC5F74C-5A9C-4D89-8E44-374310E684AE/data/Containers/Bundle/Application/F3147808-5ECA-491B-9ADC-3DA9921C01A2/YourSofia.app/assets/node_modules/.pnpm/@react-navigation+elements@2.6.4_@react-navigation+native@7.1.17_react-native@0.81.5_@b_28a2c3a7af745b08fd3e3ec803bf51ba/node_modules/@react-navigation/elements/lib/module/assets/search-icon.png
2026-08-17 11:34:36.190 Db YourSofia[1177:3235b7] [com.apple.runningboard:message] PERF: [app<bg.sofia.yoursofia((null))>:1177] Received message from runningboardd: async_didChangeInheritances:completion:
2026-08-17 11:34:36.190 A  YourSofia[1177:3235b7] (RunningBoardServices) didChangeInheritances
2026-08-17 11:34:36.190 Db YourSofia[1177:3235b5] [com.apple.CFBundle:resources] Resource lookup at CFBundle 0x600003b04540 </Users/valentinasenov/Library/Developer/CoreSimulator/Devices/4EC5F74C-5A9C-4D89-8E44-374310E684AE/data/Containers/Bundle/Application/F3147808-5ECA-491B-9ADC-3DA9921C01A2/YourSofia.app> (executable, loaded)
	Request       : search-icon@2x type: png path: assets/node_modules/.pnpm/@react-navigation+elements@2.6.4_@react-navigation+native@7.1.17_react-native@0.81.5_@b_28a2c3a7af745b08fd3e3ec803bf51ba/node_modules/@react-navigation/elements/lib/module/assets
	Result        : file:///Users/valentinasenov/Library/Developer/CoreSimulator/Devices/4EC5F74C-5A9C-4D89-8E44-374310E684AE/data/Containers/Bundle/Application/F3147808-5ECA-491B-9ADC-3DA9921C01A2/YourSofia.app/assets/node_modules/.pnpm/@react-navigation+elements@2.6.4_@react-navigation+native@7.1.17_react-native@0.81.5_@b_28a2c3a7af745b08fd3e3ec803bf51ba/node_modules/@react-navigation/elements/lib/module/assets/search-icon@2x.png
2026-08-17 11:34:36.190 Db YourSofia[1177:3235b7] [com.apple.runningboard:connection] didChangeInheritances: <RBSInheritanceChangeSet| gained:{(
    <RBSInheritance| environment:UIScene:com.apple.frontboard.systemappservices/FBSceneManager:sceneID%3Abg.sofia.yoursofia-default name:com.apple.frontboard.visibility origID:99881-1155-935 payload 8719656185504109860>
)} lost:(null)>
2026-08-17 11:34:36.190 Db YourSofia[1177:3235b5] [com.apple.CFBundle:resources] Resource lookup at CFBundle 0x600003b04540 </Users/valentinasenov/Library/Developer/CoreSimulator/Devices/4EC5F74C-5A9C-4D89-8E44-374310E684AE/data/Containers/Bundle/Application/F3147808-5ECA-491B-9ADC-3DA9921C01A2/YourSofia.app> (executable, loaded)
	Request       : search-icon@3x type: png path: assets/node_modules/.pnpm/@react-navigation+elements@2.6.4_@react-navigation+native@7.1.17_react-native@0.81.5_@b_28a2c3a7af745b08fd3e3ec803bf51ba/node_modules/@react-navigation/elements/lib/module/assets
	Result        : file:///Users/valentinasenov/Library/Developer/CoreSimulator/Devices/4EC5F74C-5A9C-4D89-8E44-374310E684AE/data/Containers/Bundle/Application/F3147808-5ECA-491B-9ADC-3DA9921C01A2/YourSofia.app/assets/node_modules/.pnpm/@react-navigation+elements@2.6.4_@react-navigation+native@7.1.17_react-native@0.81.5_@b_28a2c3a7af745b08fd3e3ec803bf51ba/node_modules/@react-navigation/elements/lib/module/assets/search-icon@3x.png
2026-08-17 11:34:36.191 Db YourSofia[1177:3235b5] [com.apple.CFBundle:resources] Resource lookup at CFBundle 0x600003b04540 </Users/valentinasenov/Library/Developer/CoreSimulator/Devices/4EC5F74C-5A9C-4D89-8E44-374310E684AE/data/Containers/Bundle/Application/F3147808-5ECA-491B-9ADC-3DA9921C01A2/YourSofia.app> (executable, loaded)
	Request       : error type: png path: assets/node_modules/.pnpm/expo-router@6.0.22_df0c677153b00f82db80c956be709681/node_modules/expo-router/assets
	Result        : file:///Users/valentinasenov/Library/Developer/CoreSimulator/Devices/4EC5F74C-5A9C-4D89-8E44-374310E684AE/data/Containers/Bundle/Application/F3147808-5ECA-491B-9ADC-3DA9921C01A2/YourSofia.app/assets/node_modules/.pnpm/expo-router@6.0.22_df0c677153b00f82db80c956be709681/node_modules/expo-router/assets/error.png
2026-08-17 11:34:36.191 Db YourSofia[1177:3235b5] [com.apple.CFBundle:resources] Resource lookup at CFBundle 0x600003b04540 </Users/valentinasenov/Library/Developer/CoreSimulator/Devices/4EC5F74C-5A9C-4D89-8E44-374310E684AE/data/Containers/Bundle/Application/F3147808-5ECA-491B-9ADC-3DA9921C01A2/YourSofia.app> (executable, loaded)
	Request       : file type: png path: assets/node_modules/.pnpm/expo-router@6.0.22_df0c677153b00f82db80c956be709681/node_modules/expo-router/assets
	Result        : file:///Users/valentinasenov/Library/Developer/CoreSimulator/Devices/4EC5F74C-5A9C-4D89-8E44-374310E684AE/data/Containers/Bundle/Application/F3147808-5ECA-491B-9ADC-3DA9921C01A2/YourSofia.app/assets/node_modules/.pnpm/expo-router@6.0.22_df0c677153b00f82db80c956be709681/node_modules/expo-router/assets/file.png
2026-08-17 11:34:36.191 Db YourSofia[1177:3235b5] [com.apple.CFBundle:resources] Resource lookup at CFBundle 0x600003b04540 </Users/valentinasenov/Library/Developer/CoreSimulator/Devices/4EC5F74C-5A9C-4D89-8E44-374310E684AE/data/Containers/Bundle/Application/F3147808-5ECA-491B-9ADC-3DA9921C01A2/YourSofia.app> (executable, loaded)
	Request       : pkg type: png path: assets/node_modules/.pnpm/expo-router@6.0.22_df0c677153b00f82db80c956be709681/node_modules/expo-router/assets
	Result        : file:///Users/valentinasenov/Library/Developer/CoreSimulator/Devices/4EC5F74C-5A9C-4D89-8E44-374310E684AE/data/Containers/Bundle/Application/F3147808-5ECA-491B-9ADC-3DA9921C01A2/YourSofia.app/assets/node_modules/.pnpm/expo-router@6.0.22_df0c677153b00f82db80c956be709681/node_modules/expo-router/assets/pkg.png
2026-08-17 11:34:36.191 Db YourSofia[1177:3235b5] [com.apple.CFBundle:resources] Resource lookup at CFBundle 0x600003b04540 </Users/valentinasenov/Library/Developer/CoreSimulator/Devices/4EC5F74C-5A9C-4D89-8E44-374310E684AE/data/Containers/Bundle/Application/F3147808-5ECA-491B-9ADC-3DA9921C01A2/YourSofia.app> (executable, loaded)
	Request       : forward type: png path: assets/node_modules/.pnpm/expo-router@6.0.22_df0c677153b00f82db80c956be709681/node_modules/expo-router/assets
	Result        : file:///Users/valentinasenov/Library/Developer/CoreSimulator/Devices/4EC5F74C-5A9C-4D89-8E44-374310E684AE/data/Containers/Bundle/Application/F3147808-5ECA-491B-9ADC-3DA9921C01A2/YourSofia.app/assets/node_modules/.pnpm/expo-router@6.0.22_df0c677153b00f82db80c956be709681/node_modules/expo-router/assets/forward.png
2026-08-17 11:34:36.191 Db YourSofia[1177:3235b5] [com.apple.CFBundle:resources] Resource lookup at CFBundle 0x600003b04540 </Users/valentinasenov/Library/Developer/CoreSimulator/Devices/4EC5F74C-5A9C-4D89-8E44-374310E684AE/data/Containers/Bundle/Application/F3147808-5ECA-491B-9ADC-3DA9921C01A2/YourSofia.app> (executable, loaded)
	Request       : sitemap type: png path: assets/node_modules/.pnpm/expo-router@6.0.22_df0c677153b00f82db80c956be709681/node_modules/expo-router/assets
	Result        : file:///Users/valentinasenov/Library/Developer/CoreSimulator/Devices/4EC5F74C-5A9C-4D89-8E44-374310E684AE/data/Containers/Bundle/Application/F3147808-5ECA-491B-9ADC-3DA9921C01A2/YourSofia.app/assets/node_modules/.pnpm/expo-router@6.0.22_df0c677153b00f82db80c956be709681/node_modules/expo-router/assets/sitemap.png
2026-08-17 11:34:36.191 Db YourSofia[1177:3235b5] [com.apple.CFBundle:resources] Resource lookup at CFBundle 0x600003b04540 </Users/valentinasenov/Library/Developer/CoreSimulator/Devices/4EC5F74C-5A9C-4D89-8E44-374310E684AE/data/Containers/Bundle/Application/F3147808-5ECA-491B-9ADC-3DA9921C01A2/YourSofia.app> (executable, loaded)
	Request       : arrow_down type: png path: assets/node_modules/.pnpm/expo-router@6.0.22_df0c677153b00f82db80c956be709681/node_modules/expo-router/assets
	Result        : file:///Users/valentinasenov/Library/Developer/CoreSimulator/Devices/4EC5F74C-5A9C-4D89-8E44-374310E684AE/data/Containers/Bundle/Application/F3147808-5ECA-491B-9ADC-3DA9921C01A2/YourSofia.app/assets/node_modules/.pnpm/expo-router@6.0.22_df0c677153b00f82db80c956be709681/node_modules/expo-router/assets/arrow_down.png
2026-08-17 11:34:36.191 Db YourSofia[1177:3235b5] [com.apple.CFBundle:resources] Resource lookup at CFBundle 0x600003b04540 </Users/valentinasenov/Library/Developer/CoreSimulator/Devices/4EC5F74C-5A9C-4D89-8E44-374310E684AE/data/Containers/Bundle/Application/F3147808-5ECA-491B-9ADC-3DA9921C01A2/YourSofia.app> (executable, loaded)
	Request       : unmatched type: png path: assets/node_modules/.pnpm/expo-router@6.0.22_df0c677153b00f82db80c956be709681/node_modules/expo-router/assets
	Result        : file:///Users/valentinasenov/Library/Developer/CoreSimulator/Devices/4EC5F74C-5A9C-4D89-8E44-374310E684AE/data/Containers/Bundle/Application/F3147808-5ECA-491B-9ADC-3DA9921C01A2/YourSofia.app/assets/node_modules/.pnpm/expo-router@6.0.22_df0c677153b00f82db80c956be709681/node_modules/expo-router/assets/unmatched.png
2026-08-17 11:34:36.192 Db YourSofia[1177:3235b5] [com.apple.CFBundle:resources] Resource lookup at CFBundle 0x600003b04540 </Users/valentinasenov/Library/Developer/CoreSimulator/Devices/4EC5F74C-5A9C-4D89-8E44-374310E684AE/data/Containers/Bundle/Application/F3147808-5ECA-491B-9ADC-3DA9921C01A2/YourSofia.app> (executable, loaded)
	Request       : JetBrainsMono_500Medium type: ttf path: assets/node_modules/.pnpm/@expo-google-fonts+jetbrains-mono@0.4.1/node_modules/@expo-google-fonts/jetbrains-mono/500Medium
	Result        : file:///Users/valentinasenov/Library/Developer/CoreSimulator/Devices/4EC5F74C-5A9C-4D89-8E44-374310E684AE/data/Containers/Bundle/Application/F3147808-5ECA-491B-9ADC-3DA9921C01A2/YourSofia.app/assets/node_modules/.pnpm/@expo-google-fonts+jetbrains-mono@0.4.1/node_modules/@expo-google-fonts/jetbrains-mono/500Medium/JetBrainsMono_500Medium.ttf
2026-08-17 11:34:36.192 Db YourSofia[1177:3235b5] [com.apple.CFBundle:resources] Resource lookup at CFBundle 0x600003b04540 </Users/valentinasenov/Library/Developer/CoreSimulator/Devices/4EC5F74C-5A9C-4D89-8E44-374310E684AE/data/Containers/Bundle/Application/F3147808-5ECA-491B-9ADC-3DA9921C01A2/YourSofia.app> (executable, loaded)
	Request       : SofiaSans_100Thin type: ttf path: assets/node_modules/.pnpm/@expo-google-fonts+sofia-sans@0.4.3/node_modules/@expo-google-fonts/sofia-sans/100Thin
	Result        : file:///Users/valentinasenov/Library/Developer/CoreSimulator/Devices/4EC5F74C-5A9C-4D89-8E44-374310E684AE/data/Containers/Bundle/Application/F3147808-5ECA-491B-9ADC-3DA9921C01A2/YourSofia.app/assets/node_modules/.pnpm/@expo-google-fonts+sofia-sans@0.4.3/node_modules/@expo-google-fonts/sofia-sans/100Thin/SofiaSans_100Thin.ttf
2026-08-17 11:34:36.193 Db YourSofia[1177:3235b5] [com.apple.CFBundle:resources] Resource lookup at CFBundle 0x600003b04540 </Users/valentinasenov/Library/Developer/CoreSimulator/Devices/4EC5F74C-5A9C-4D89-8E44-374310E684AE/data/Containers/Bundle/Application/F3147808-5ECA-491B-9ADC-3DA9921C01A2/YourSofia.app> (executable, loaded)
	Request       : SofiaSans_200ExtraLight type: ttf path: assets/node_modules/.pnpm/@expo-google-fonts+sofia-sans@0.4.3/node_modules/@expo-google-fonts/sofia-sans/200ExtraLight
	Result        : file:///Users/valentinasenov/Library/Developer/CoreSimulator/Devices/4EC5F74C-5A9C-4D89-8E44-374310E684AE/data/Containers/Bundle/Application/F3147808-5ECA-491B-9ADC-3DA9921C01A2/YourSofia.app/assets/node_modules/.pnpm/@expo-google-fonts+sofia-sans@0.4.3/node_modules/@expo-google-fonts/sofia-sans/200ExtraLight/SofiaSans_200ExtraLight.ttf
2026-08-17 11:34:36.193 Db YourSofia[1177:3235b5] [com.apple.CFBundle:resources] Resource lookup at CFBundle 0x600003b04540 </Users/valentinasenov/Library/Developer/CoreSimulator/Devices/4EC5F74C-5A9C-4D89-8E44-374310E684AE/data/Containers/Bundle/Application/F3147808-5ECA-491B-9ADC-3DA9921C01A2/YourSofia.app> (executable, loaded)
	Request       : SofiaSans_300Light type: ttf path: assets/node_modules/.pnpm/@expo-google-fonts+sofia-sans@0.4.3/node_modules/@expo-google-fonts/sofia-sans/300Light
	Result        : file:///Users/valentinasenov/Library/Developer/CoreSimulator/Devices/4EC5F74C-5A9C-4D89-8E44-374310E684AE/data/Containers/Bundle/Application/F3147808-5ECA-491B-9ADC-3DA9921C01A2/YourSofia.app/assets/node_modules/.pnpm/@expo-google-fonts+sofia-sans@0.4.3/node_modules/@expo-google-fonts/sofia-sans/300Light/SofiaSans_300Light.ttf
2026-08-17 11:34:36.193 Db YourSofia[1177:323578] [com.apple.CFBundle:strings] Bundle: CFBundle 0x600003b00620 </Library/Developer/CoreSimulator/Volumes/iOS_23D8133/Library/Developer/CoreSimulator/Profiles/Runtimes/iOS 26.3.simruntime/Contents/Resources/RuntimeRoot/System/Library/PrivateFrameworks/UIKitCore.framework> (not loaded), key: CONTEXT_MENU_LOADING, value: Loading…, table: Localizable, localizationNames: (null), result: Loading…
2026-08-17 11:34:36.194 Db YourSofia[1177:3235b5] [com.apple.CFBundle:resources] Resource lookup at CFBundle 0x600003b04540 </Users/valentinasenov/Library/Developer/CoreSimulator/Devices/4EC5F74C-5A9C-4D89-8E44-374310E684AE/data/Containers/Bundle/Application/F3147808-5ECA-491B-9ADC-3DA9921C01A2/YourSofia.app> (executable, loaded)
	Request       : SofiaSans_400Regular type: ttf path: assets/node_modules/.pnpm/@expo-google-fonts+sofia-sans@0.4.3/node_modules/@expo-google-fonts/sofia-sans/400Regular
	Result        : file:///Users/valentinasenov/Library/Developer/CoreSimulator/Devices/4EC5F74C-5A9C-4D89-8E44-374310E684AE/data/Containers/Bundle/Application/F3147808-5ECA-491B-9ADC-3DA9921C01A2/YourSofia.app/assets/node_modules/.pnpm/@expo-google-fonts+sofia-sans@0.4.3/node_modules/@expo-google-fonts/sofia-sans/400Regular/SofiaSans_400Regular.ttf
2026-08-17 11:34:36.194 Db YourSofia[1177:3235b5] [com.apple.CFBundle:resources] Resource lookup at CFBundle 0x600003b04540 </Users/valentinasenov/Library/Developer/CoreSimulator/Devices/4EC5F74C-5A9C-4D89-8E44-374310E684AE/data/Containers/Bundle/Application/F3147808-5ECA-491B-9ADC-3DA9921C01A2/YourSofia.app> (executable, loaded)
	Request       : SofiaSans_500Medium type: ttf path: assets/node_modules/.pnpm/@expo-google-fonts+sofia-sans@0.4.3/node_modules/@expo-google-fonts/sofia-sans/500Medium
	Result        : file:///Users/valentinasenov/Library/Developer/CoreSimulator/Devices/4EC5F74C-5A9C-4D89-8E44-374310E684AE/data/Containers/Bundle/Application/F3147808-5ECA-491B-9ADC-3DA9921C01A2/YourSofia.app/assets/node_modules/.pnpm/@expo-google-fonts+sofia-sans@0.4.3/node_modules/@expo-google-fonts/sofia-sans/500Medium/SofiaSans_500Medium.ttf
2026-08-17 11:34:36.194 Db YourSofia[1177:323578] [com.apple.BackBoard:EventDelivery] flushing changes: {
    contentsMask: 0x8; keyCommandsRegistrations: [environment: keyboardFocus; token: 0x2949D35D; keyCommands: 34];
}
2026-08-17 11:34:36.194 Db YourSofia[1177:3235b5] [com.apple.CFBundle:resources] Resource lookup at CFBundle 0x600003b04540 </Users/valentinasenov/Library/Developer/CoreSimulator/Devices/4EC5F74C-5A9C-4D89-8E44-374310E684AE/data/Containers/Bundle/Application/F3147808-5ECA-491B-9ADC-3DA9921C01A2/YourSofia.app> (executable, loaded)
	Request       : SofiaSans_600SemiBold type: ttf path: assets/node_modules/.pnpm/@expo-google-fonts+sofia-sans@0.4.3/node_modules/@expo-google-fonts/sofia-sans/600SemiBold
	Result        : file:///Users/valentinasenov/Library/Developer/CoreSimulator/Devices/4EC5F74C-5A9C-4D89-8E44-374310E684AE/data/Containers/Bundle/Application/F3147808-5ECA-491B-9ADC-3DA9921C01A2/YourSofia.app/assets/node_modules/.pnpm/@expo-google-fonts+sofia-sans@0.4.3/node_modules/@expo-google-fonts/sofia-sans/600SemiBold/SofiaSans_600SemiBold.ttf
2026-08-17 11:34:36.195 Db YourSofia[1177:3235b5] [com.apple.CFBundle:resources] Resource lookup at CFBundle 0x600003b04540 </Users/valentinasenov/Library/Developer/CoreSimulator/Devices/4EC5F74C-5A9C-4D89-8E44-374310E684AE/data/Containers/Bundle/Application/F3147808-5ECA-491B-9ADC-3DA9921C01A2/YourSofia.app> (executable, loaded)
	Request       : SofiaSans_700Bold type: ttf path: assets/node_modules/.pnpm/@expo-google-fonts+sofia-sans@0.4.3/node_modules/@expo-google-fonts/sofia-sans/700Bold
	Result        : file:///Users/valentinasenov/Library/Developer/CoreSimulator/Devices/4EC5F74C-5A9C-4D89-8E44-374310E684AE/data/Containers/Bundle/Application/F3147808-5ECA-491B-9ADC-3DA9921C01A2/YourSofia.app/assets/node_modules/.pnpm/@expo-google-fonts+sofia-sans@0.4.3/node_modules/@expo-google-fonts/sofia-sans/700Bold/SofiaSans_700Bold.ttf
2026-08-17 11:34:36.196 Db YourSofia[1177:3235b5] [com.apple.CFBundle:resources] Resource lookup at CFBundle 0x600003b04540 </Users/valentinasenov/Library/Developer/CoreSimulator/Devices/4EC5F74C-5A9C-4D89-8E44-374310E684AE/data/Containers/Bundle/Application/F3147808-5ECA-491B-9ADC-3DA9921C01A2/YourSofia.app> (executable, loaded)
	Request       : SofiaSans_800ExtraBold type: ttf path: assets/node_modules/.pnpm/@expo-google-fonts+sofia-sans@0.4.3/node_modules/@expo-google-fonts/sofia-sans/800ExtraBold
	Result        : file:///Users/valentinasenov/Library/Developer/CoreSimulator/Devices/4EC5F74C-5A9C-4D89-8E44-374310E684AE/data/Containers/Bundle/Application/F3147808-5ECA-491B-9ADC-3DA9921C01A2/YourSofia.app/assets/node_modules/.pnpm/@expo-google-fonts+sofia-sans@0.4.3/node_modules/@expo-google-fonts/sofia-sans/800ExtraBold/SofiaSans_800ExtraBold.ttf
2026-08-17 11:34:36.196 Db YourSofia[1177:3235b5] [com.apple.CFBundle:resources] Resource lookup at CFBundle 0x600003b04540 </Users/valentinasenov/Library/Developer/CoreSimulator/Devices/4EC5F74C-5A9C-4D89-8E44-374310E684AE/data/Containers/Bundle/Application/F3147808-5ECA-491B-9ADC-3DA9921C01A2/YourSofia.app> (executable, loaded)
	Request       : SofiaSans_900Black type: ttf path: assets/node_modules/.pnpm/@expo-google-fonts+sofia-sans@0.4.3/node_modules/@expo-google-fonts/sofia-sans/900Black
	Result        : file:///Users/valentinasenov/Library/Developer/CoreSimulator/Devices/4EC5F74C-5A9C-4D89-8E44-374310E684AE/data/Containers/Bundle/Application/F3147808-5ECA-491B-9ADC-3DA9921C01A2/YourSofia.app/assets/node_modules/.pnpm/@expo-google-fonts+sofia-sans@0.4.3/node_modules/@expo-google-fonts/sofia-sans/900Black/SofiaSans_900Black.ttf
2026-08-17 11:34:36.196 Db YourSofia[1177:3235b5] [com.apple.CFBundle:resources] Resource lookup at CFBundle 0x600003b04540 </Users/valentinasenov/Library/Developer/CoreSimulator/Devices/4EC5F74C-5A9C-4D89-8E44-374310E684AE/data/Containers/Bundle/Application/F3147808-5ECA-491B-9ADC-3DA9921C01A2/YourSofia.app> (executable, loaded)
	Request       : SofiaSans_100Thin_Italic type: ttf path: assets/node_modules/.pnpm/@expo-google-fonts+sofia-sans@0.4.3/node_modules/@expo-google-fonts/sofia-sans/100Thin_Italic
	Result        : file:///Users/valentinasenov/Library/Developer/CoreSimulator/Devices/4EC5F74C-5A9C-4D89-8E44-374310E684AE/data/Containers/Bundle/Application/F3147808-5ECA-491B-9ADC-3DA9921C01A2/YourSofia.app/assets/node_modules/.pnpm/@expo-google-fonts+sofia-sans@0.4.3/node_modules/@expo-google-fonts/sofia-sans/100Thin_Italic/SofiaSans_100Thin_Italic.ttf
2026-08-17 11:34:36.197 Db YourSofia[1177:3235b5] [com.apple.CFBundle:resources] Resource lookup at CFBundle 0x600003b04540 </Users/valentinasenov/Library/Developer/CoreSimulator/Devices/4EC5F74C-5A9C-4D89-8E44-374310E684AE/data/Containers/Bundle/Application/F3147808-5ECA-491B-9ADC-3DA9921C01A2/YourSofia.app> (executable, loaded)
	Request       : SofiaSans_200ExtraLight_Italic type: ttf path: assets/node_modules/.pnpm/@expo-google-fonts+sofia-sans@0.4.3/node_modules/@expo-google-fonts/sofia-sans/200ExtraLight_Italic
	Result        : file:///Users/valentinasenov/Library/Developer/CoreSimulator/Devices/4EC5F74C-5A9C-4D89-8E44-374310E684AE/data/Containers/Bundle/Application/F3147808-5ECA-491B-9ADC-3DA9921C01A2/YourSofia.app/assets/node_modules/.pnpm/@expo-google-fonts+sofia-sans@0.4.3/node_modules/@expo-google-fonts/sofia-sans/200ExtraLight_Italic/SofiaSans_200ExtraLight_Italic.ttf
2026-08-17 11:34:36.197 Db YourSofia[1177:3235b5] [com.apple.CFBundle:resources] Resource lookup at CFBundle 0x600003b04540 </Users/valentinasenov/Library/Developer/CoreSimulator/Devices/4EC5F74C-5A9C-4D89-8E44-374310E684AE/data/Containers/Bundle/Application/F3147808-5ECA-491B-9ADC-3DA9921C01A2/YourSofia.app> (executable, loaded)
	Request       : SofiaSans_300Light_Italic type: ttf path: assets/node_modules/.pnpm/@expo-google-fonts+sofia-sans@0.4.3/node_modules/@expo-google-fonts/sofia-sans/300Light_Italic
	Result        : file:///Users/valentinasenov/Library/Developer/CoreSimulator/Devices/4EC5F74C-5A9C-4D89-8E44-374310E684AE/data/Containers/Bundle/Application/F3147808-5ECA-491B-9ADC-3DA9921C01A2/YourSofia.app/assets/node_modules/.pnpm/@expo-google-fonts+sofia-sans@0.4.3/node_modules/@expo-google-fonts/sofia-sans/300Light_Italic/SofiaSans_300Light_Italic.ttf
2026-08-17 11:34:36.198 Db YourSofia[1177:3235b5] [com.apple.CFBundle:resources] Resource lookup at CFBundle 0x600003b04540 </Users/valentinasenov/Library/Developer/CoreSimulator/Devices/4EC5F74C-5A9C-4D89-8E44-374310E684AE/data/Containers/Bundle/Application/F3147808-5ECA-491B-9ADC-3DA9921C01A2/YourSofia.app> (executable, loaded)
	Request       : SofiaSans_400Regular_Italic type: ttf path: assets/node_modules/.pnpm/@expo-google-fonts+sofia-sans@0.4.3/node_modules/@expo-google-fonts/sofia-sans/400Regular_Italic
	Result        : file:///Users/valentinasenov/Library/Developer/CoreSimulator/Devices/4EC5F74C-5A9C-4D89-8E44-374310E684AE/data/Containers/Bundle/Application/F3147808-5ECA-491B-9ADC-3DA9921C01A2/YourSofia.app/assets/node_modules/.pnpm/@expo-google-fonts+sofia-sans@0.4.3/node_modules/@expo-google-fonts/sofia-sans/400Regular_Italic/SofiaSans_400Regular_Italic.ttf
2026-08-17 11:34:36.198 Db YourSofia[1177:3235b5] [com.apple.CFBundle:resources] Resource lookup at CFBundle 0x600003b04540 </Users/valentinasenov/Library/Developer/CoreSimulator/Devices/4EC5F74C-5A9C-4D89-8E44-374310E684AE/data/Containers/Bundle/Application/F3147808-5ECA-491B-9ADC-3DA9921C01A2/YourSofia.app> (executable, loaded)
	Request       : SofiaSans_500Medium_Italic type: ttf path: assets/node_modules/.pnpm/@expo-google-fonts+sofia-sans@0.4.3/node_modules/@expo-google-fonts/sofia-sans/500Medium_Italic
	Result        : file:///Users/valentinasenov/Library/Developer/CoreSimulator/Devices/4EC5F74C-5A9C-4D89-8E44-374310E684AE/data/Containers/Bundle/Application/F3147808-5ECA-491B-9ADC-3DA9921C01A2/YourSofia.app/assets/node_modules/.pnpm/@expo-google-fonts+sofia-sans@0.4.3/node_modules/@expo-google-fonts/sofia-sans/500Medium_Italic/SofiaSans_500Medium_Italic.ttf
2026-08-17 11:34:36.199 Db YourSofia[1177:3235b5] [com.apple.CFBundle:resources] Resource lookup at CFBundle 0x600003b04540 </Users/valentinasenov/Library/Developer/CoreSimulator/Devices/4EC5F74C-5A9C-4D89-8E44-374310E684AE/data/Containers/Bundle/Application/F3147808-5ECA-491B-9ADC-3DA9921C01A2/YourSofia.app> (executable, loaded)
	Request       : SofiaSans_600SemiBold_Italic type: ttf path: assets/node_modules/.pnpm/@expo-google-fonts+sofia-sans@0.4.3/node_modules/@expo-google-fonts/sofia-sans/600SemiBold_Italic
	Result        : file:///Users/valentinasenov/Library/Developer/CoreSimulator/Devices/4EC5F74C-5A9C-4D89-8E44-374310E684AE/data/Containers/Bundle/Application/F3147808-5ECA-491B-9ADC-3DA9921C01A2/YourSofia.app/assets/node_modules/.pnpm/@expo-google-fonts+sofia-sans@0.4.3/node_modules/@expo-google-fonts/sofia-sans/600SemiBold_Italic/SofiaSans_600SemiBold_Italic.ttf
2026-08-17 11:34:36.199 Db YourSofia[1177:3235b5] [com.apple.CFBundle:resources] Resource lookup at CFBundle 0x600003b04540 </Users/valentinasenov/Library/Developer/CoreSimulator/Devices/4EC5F74C-5A9C-4D89-8E44-374310E684AE/data/Containers/Bundle/Application/F3147808-5ECA-491B-9ADC-3DA9921C01A2/YourSofia.app> (executable, loaded)
	Request       : SofiaSans_700Bold_Italic type: ttf path: assets/node_modules/.pnpm/@expo-google-fonts+sofia-sans@0.4.3/node_modules/@expo-google-fonts/sofia-sans/700Bold_Italic
	Result        : file:///Users/valentinasenov/Library/Developer/CoreSimulator/Devices/4EC5F74C-5A9C-4D89-8E44-374310E684AE/data/Containers/Bundle/Application/F3147808-5ECA-491B-9ADC-3DA9921C01A2/YourSofia.app/assets/node_modules/.pnpm/@expo-google-fonts+sofia-sans@0.4.3/node_modules/@expo-google-fonts/sofia-sans/700Bold_Italic/SofiaSans_700Bold_Italic.ttf
2026-08-17 11:34:36.200 Db YourSofia[1177:3235b5] [com.apple.CFBundle:resources] Resource lookup at CFBundle 0x600003b04540 </Users/valentinasenov/Library/Developer/CoreSimulator/Devices/4EC5F74C-5A9C-4D89-8E44-374310E684AE/data/Containers/Bundle/Application/F3147808-5ECA-491B-9ADC-3DA9921C01A2/YourSofia.app> (executable, loaded)
	Request       : SofiaSans_800ExtraBold_Italic type: ttf path: assets/node_modules/.pnpm/@expo-google-fonts+sofia-sans@0.4.3/node_modules/@expo-google-fonts/sofia-sans/800ExtraBold_Italic
	Result        : file:///Users/valentinasenov/Library/Developer/CoreSimulator/Devices/4EC5F74C-5A9C-4D89-8E44-374310E684AE/data/Containers/Bundle/Application/F3147808-5ECA-491B-9ADC-3DA9921C01A2/YourSofia.app/assets/node_modules/.pnpm/@expo-google-fonts+sofia-sans@0.4.3/node_modules/@expo-google-fonts/sofia-sans/800ExtraBold_Italic/SofiaSans_800ExtraBold_Italic.ttf
2026-08-17 11:34:36.200 Db YourSofia[1177:3235b5] [com.apple.CFBundle:resources] Resource lookup at CFBundle 0x600003b04540 </Users/valentinasenov/Library/Developer/CoreSimulator/Devices/4EC5F74C-5A9C-4D89-8E44-374310E684AE/data/Containers/Bundle/Application/F3147808-5ECA-491B-9ADC-3DA9921C01A2/YourSofia.app> (executable, loaded)
	Request       : SofiaSans_900Black_Italic type: ttf path: assets/node_modules/.pnpm/@expo-google-fonts+sofia-sans@0.4.3/node_modules/@expo-google-fonts/sofia-sans/900Black_Italic
	Result        : file:///Users/valentinasenov/Library/Developer/CoreSimulator/Devices/4EC5F74C-5A9C-4D89-8E44-374310E684AE/data/Containers/Bundle/Application/F3147808-5ECA-491B-9ADC-3DA9921C01A2/YourSofia.app/assets/node_modules/.pnpm/@expo-google-fonts+sofia-sans@0.4.3/node_modules/@expo-google-fonts/sofia-sans/900Black_Italic/SofiaSans_900Black_Italic.ttf
2026-08-17 11:34:36.201 Db YourSofia[1177:3235b5] [com.apple.CFBundle:resources] Resource lookup at CFBundle 0x600003b04540 </Users/valentinasenov/Library/Developer/CoreSimulator/Devices/4EC5F74C-5A9C-4D89-8E44-374310E684AE/data/Containers/Bundle/Application/F3147808-5ECA-491B-9ADC-3DA9921C01A2/YourSofia.app> (executable, loaded)
	Request       : JetBrainsMono_100Thin type: ttf path: assets/node_modules/.pnpm/@expo-google-fonts+jetbrains-mono@0.4.1/node_modules/@expo-google-fonts/jetbrains-mono/100Thin
	Result        : file:///Users/valentinasenov/Library/Developer/CoreSimulator/Devices/4EC5F74C-5A9C-4D89-8E44-374310E684AE/data/Containers/Bundle/Application/F3147808-5ECA-491B-9ADC-3DA9921C01A2/YourSofia.app/assets/node_modules/.pnpm/@expo-google-fonts+jetbrains-mono@0.4.1/node_modules/@expo-google-fonts/jetbrains-mono/100Thin/JetBrainsMono_100Thin.ttf
2026-08-17 11:34:36.202 Db YourSofia[1177:3235b5] [com.apple.CFBundle:resources] Resource lookup at CFBundle 0x600003b04540 </Users/valentinasenov/Library/Developer/CoreSimulator/Devices/4EC5F74C-5A9C-4D89-8E44-374310E684AE/data/Containers/Bundle/Application/F3147808-5ECA-491B-9ADC-3DA9921C01A2/YourSofia.app> (executable, loaded)
	Request       : JetBrainsMono_200ExtraLight type: ttf path: assets/node_modules/.pnpm/@expo-google-fonts+jetbrains-mono@0.4.1/node_modules/@expo-google-fonts/jetbrains-mono/200ExtraLight
	Result        : file:///Users/valentinasenov/Library/Developer/CoreSimulator/Devices/4EC5F74C-5A9C-4D89-8E44-374310E684AE/data/Containers/Bundle/Application/F3147808-5ECA-491B-9ADC-3DA9921C01A2/YourSofia.app/assets/node_modules/.pnpm/@expo-google-fonts+jetbrains-mono@0.4.1/node_modules/@expo-google-fonts/jetbrains-mono/200ExtraLight/JetBrainsMono_200ExtraLight.ttf
2026-08-17 11:34:36.202 Db YourSofia[1177:3235b5] [com.apple.CFBundle:resources] Resource lookup at CFBundle 0x600003b04540 </Users/valentinasenov/Library/Developer/CoreSimulator/Devices/4EC5F74C-5A9C-4D89-8E44-374310E684AE/data/Containers/Bundle/Application/F3147808-5ECA-491B-9ADC-3DA9921C01A2/YourSofia.app> (executable, loaded)
	Request       : JetBrainsMono_300Light type: ttf path: assets/node_modules/.pnpm/@expo-google-fonts+jetbrains-mono@0.4.1/node_modules/@expo-google-fonts/jetbrains-mono/300Light
	Result        : file:///Users/valentinasenov/Library/Developer/CoreSimulator/Devices/4EC5F74C-5A9C-4D89-8E44-374310E684AE/data/Containers/Bundle/Application/F3147808-5ECA-491B-9ADC-3DA9921C01A2/YourSofia.app/assets/node_modules/.pnpm/@expo-google-fonts+jetbrains-mono@0.4.1/node_modules/@expo-google-fonts/jetbrains-mono/300Light/JetBrainsMono_300Light.ttf
2026-08-17 11:34:36.203 Db YourSofia[1177:3235b5] [com.apple.CFBundle:resources] Resource lookup at CFBundle 0x600003b04540 </Users/valentinasenov/Library/Developer/CoreSimulator/Devices/4EC5F74C-5A9C-4D89-8E44-374310E684AE/data/Containers/Bundle/Application/F3147808-5ECA-491B-9ADC-3DA9921C01A2/YourSofia.app> (executable, loaded)
	Request       : JetBrainsMono_400Regular type: ttf path: assets/node_modules/.pnpm/@expo-google-fonts+jetbrains-mono@0.4.1/node_modules/@expo-google-fonts/jetbrains-mono/400Regular
	Result        : file:///Users/valentinasenov/Library/Developer/CoreSimulator/Devices/4EC5F74C-5A9C-4D89-8E44-374310E684AE/data/Containers/Bundle/Application/F3147808-5ECA-491B-9ADC-3DA9921C01A2/YourSofia.app/assets/node_modules/.pnpm/@expo-google-fonts+jetbrains-mono@0.4.1/node_modules/@expo-google-fonts/jetbrains-mono/400Regular/JetBrainsMono_400Regular.ttf
2026-08-17 11:34:36.203 Db YourSofia[1177:3235b5] [com.apple.CFBundle:resources] Resource lookup at CFBundle 0x600003b04540 </Users/valentinasenov/Library/Developer/CoreSimulator/Devices/4EC5F74C-5A9C-4D89-8E44-374310E684AE/data/Containers/Bundle/Application/F3147808-5ECA-491B-9ADC-3DA9921C01A2/YourSofia.app> (executable, loaded)
	Request       : JetBrainsMono_600SemiBold type: ttf path: assets/node_modules/.pnpm/@expo-google-fonts+jetbrains-mono@0.4.1/node_modules/@expo-google-fonts/jetbrains-mono/600SemiBold
	Result        : file:///Users/valentinasenov/Library/Developer/CoreSimulator/Devices/4EC5F74C-5A9C-4D89-8E44-374310E684AE/data/Containers/Bundle/Application/F3147808-5ECA-491B-9ADC-3DA9921C01A2/YourSofia.app/assets/node_modules/.pnpm/@expo-google-fonts+jetbrains-mono@0.4.1/node_modules/@expo-google-fonts/jetbrains-mono/600SemiBold/JetBrainsMono_600SemiBold.ttf
2026-08-17 11:34:36.204 Db YourSofia[1177:3235b5] [com.apple.CFBundle:resources] Resource lookup at CFBundle 0x600003b04540 </Users/valentinasenov/Library/Developer/CoreSimulator/Devices/4EC5F74C-5A9C-4D89-8E44-374310E684AE/data/Containers/Bundle/Application/F3147808-5ECA-491B-9ADC-3DA9921C01A2/YourSofia.app> (executable, loaded)
	Request       : JetBrainsMono_700Bold type: ttf path: assets/node_modules/.pnpm/@expo-google-fonts+jetbrains-mono@0.4.1/node_modules/@expo-google-fonts/jetbrains-mono/700Bold
	Result        : file:///Users/valentinasenov/Library/Developer/CoreSimulator/Devices/4EC5F74C-5A9C-4D89-8E44-374310E684AE/data/Containers/Bundle/Application/F3147808-5ECA-491B-9ADC-3DA9921C01A2/YourSofia.app/assets/node_modules/.pnpm/@expo-google-fonts+jetbrains-mono@0.4.1/node_modules/@expo-google-fonts/jetbrains-mono/700Bold/JetBrainsMono_700Bold.ttf
2026-08-17 11:34:36.204 Db YourSofia[1177:3235b5] [com.apple.CFBundle:resources] Resource lookup at CFBundle 0x600003b04540 </Users/valentinasenov/Library/Developer/CoreSimulator/Devices/4EC5F74C-5A9C-4D89-8E44-374310E684AE/data/Containers/Bundle/Application/F3147808-5ECA-491B-9ADC-3DA9921C01A2/YourSofia.app> (executable, loaded)
	Request       : JetBrainsMono_800ExtraBold type: ttf path: assets/node_modules/.pnpm/@expo-google-fonts+jetbrains-mono@0.4.1/node_modules/@expo-google-fonts/jetbrains-mono/800ExtraBold
	Result        : file:///Users/valentinasenov/Library/Developer/CoreSimulator/Devices/4EC5F74C-5A9C-4D89-8E44-374310E684AE/data/Containers/Bundle/Application/F3147808-5ECA-491B-9ADC-3DA9921C01A2/YourSofia.app/assets/node_modules/.pnpm/@expo-google-fonts+jetbrains-mono@0.4.1/node_modules/@expo-google-fonts/jetbrains-mono/800ExtraBold/JetBrainsMono_800ExtraBold.ttf
2026-08-17 11:34:36.205 Db YourSofia[1177:3235b5] [com.apple.CFBundle:resources] Resource lookup at CFBundle 0x600003b04540 </Users/valentinasenov/Library/Developer/CoreSimulator/Devices/4EC5F74C-5A9C-4D89-8E44-374310E684AE/data/Containers/Bundle/Application/F3147808-5ECA-491B-9ADC-3DA9921C01A2/YourSofia.app> (executable, loaded)
	Request       : JetBrainsMono_100Thin_Italic type: ttf path: assets/node_modules/.pnpm/@expo-google-fonts+jetbrains-mono@0.4.1/node_modules/@expo-google-fonts/jetbrains-mono/100Thin_Italic
	Result        : file:///Users/valentinasenov/Library/Developer/CoreSimulator/Devices/4EC5F74C-5A9C-4D89-8E44-374310E684AE/data/Containers/Bundle/Application/F3147808-5ECA-491B-9ADC-3DA9921C01A2/YourSofia.app/assets/node_modules/.pnpm/@expo-google-fonts+jetbrains-mono@0.4.1/node_modules/@expo-google-fonts/jetbrains-mono/100Thin_Italic/JetBrainsMono_100Thin_Italic.ttf
2026-08-17 11:34:36.205 Db YourSofia[1177:3235b5] [com.apple.CFBundle:resources] Resource lookup at CFBundle 0x600003b04540 </Users/valentinasenov/Library/Developer/CoreSimulator/Devices/4EC5F74C-5A9C-4D89-8E44-374310E684AE/data/Containers/Bundle/Application/F3147808-5ECA-491B-9ADC-3DA9921C01A2/YourSofia.app> (executable, loaded)
	Request       : JetBrainsMono_200ExtraLight_Italic type: ttf path: assets/node_modules/.pnpm/@expo-google-fonts+jetbrains-mono@0.4.1/node_modules/@expo-google-fonts/jetbrains-mono/200ExtraLight_Italic
	Result        : file:///Users/valentinasenov/Library/Developer/CoreSimulator/Devices/4EC5F74C-5A9C-4D89-8E44-374310E684AE/data/Containers/Bundle/Application/F3147808-5ECA-491B-9ADC-3DA9921C01A2/YourSofia.app/assets/node_modules/.pnpm/@expo-google-fonts+jetbrains-mono@0.4.1/node_modules/@expo-google-fonts/jetbrains-mono/200ExtraLight_Italic/JetBrainsMono_200ExtraLight_Italic.ttf
2026-08-17 11:34:36.205 Df YourSofia[1177:323578] [com.apple.network:activity] Create activity from XPC object <nw_activity 50:1 [4F78EBD9-8145-4D07-A3E2-BBE60DBCB9C7] (reporting strategy default)>
2026-08-17 11:34:36.205 Df YourSofia[1177:323578] [com.apple.network:activity] Create activity from XPC object <nw_activity 50:2 [44CFFF35-2CD4-4B57-8D6C-73661D8EEE8A] (reporting strategy default)>
2026-08-17 11:34:36.206 Df YourSofia[1177:323578] [com.apple.network:activity] Set activity <nw_activity 50:1 [4F78EBD9-8145-4D07-A3E2-BBE60DBCB9C7] (reporting strategy default)> as the global parent
2026-08-17 11:34:36.206 Df YourSofia[1177:323578] [com.apple.UIKit:BackgroundTask] Ending background task with UIBackgroundTaskIdentifier: 1
2026-08-17 11:34:36.206 Df YourSofia[1177:323578] [com.apple.UIKit:BackgroundTask] Ending task with identifier 1 and description: <_UIBackgroundTaskInfo: 0x60000172c440>: taskID = 1, taskName = Launch Background Task for Coalescing, creationTime = 184954 (elapsed = 0), _expireHandler: (null)
2026-08-17 11:34:36.206 Df YourSofia[1177:323578] [com.apple.UIKit:BackgroundTask] Decrementing reference count for assertion <BKSProcessAssertion: 0x600002116030> (used by background task with identifier 1: <_UIBackgroundTaskInfo: 0x60000172c440>: taskID = 1, taskName = Launch Background Task for Coalescing, creationTime = 184954 (elapsed = 0))
2026-08-17 11:34:36.206 Db YourSofia[1177:323578] [com.apple.defaults:User Defaults] found no value for key LogEventBus in CFPrefsSearchListSource<0x600002c05c00> (Domain: com.apple.UIKit, Container: (null) Non-launch persona: 0)
2026-08-17 11:34:36.206 Df YourSofia[1177:323578] [com.apple.UIKit:EventBus] Event Timing Profile for Touch: not found, path="/System/Library/EventTimingProfiles/Sim.Touch.plist"
2026-08-17 11:34:36.206 Df YourSofia[1177:323578] [com.apple.UIKit:EventBus] Event Timing Profile for Pencil: not found, path="/System/Library/EventTimingProfiles/Sim.Pencil.plist"
2026-08-17 11:34:36.206 Df YourSofia[1177:323578] [com.apple.UIKit:UpdateScheduler] Target list changed: <CADisplay:LCD PurpleMain>
2026-08-17 11:34:36.206 Db YourSofia[1177:323578] [com.apple.defaults:User Defaults] found no value for key LogUpdateCycle in CFPrefsSearchListSource<0x600002c05c00> (Domain: com.apple.UIKit, Container: (null) Non-launch persona: 0)
2026-08-17 11:34:36.206 Df YourSofia[1177:323578] [com.apple.UIKit:AppLifecycle] sceneOfRecord: sceneID: sceneID:bg.sofia.yoursofia-default  persistentID: 8FA49A39-7661-46FB-8F2C-0158321648A4
2026-08-17 11:34:36.206 Db YourSofia[1177:3235b5] [com.apple.CFBundle:resources] Resource lookup at CFBundle 0x600003b04540 </Users/valentinasenov/Library/Developer/CoreSimulator/Devices/4EC5F74C-5A9C-4D89-8E44-374310E684AE/data/Containers/Bundle/Application/F3147808-5ECA-491B-9ADC-3DA9921C01A2/YourSofia.app> (executable, loaded)
	Request       : JetBrainsMono_300Light_Italic type: ttf path: assets/node_modules/.pnpm/@expo-google-fonts+jetbrains-mono@0.4.1/node_modules/@expo-google-fonts/jetbrains-mono/300Light_Italic
	Result        : file:///Users/valentinasenov/Library/Developer/CoreSimulator/Devices/4EC5F74C-5A9C-4D89-8E44-374310E684AE/data/Containers/Bundle/Application/F3147808-5ECA-491B-9ADC-3DA9921C01A2/YourSofia.app/assets/node_modules/.pnpm/@expo-google-fonts+jetbrains-mono@0.4.1/node_modules/@expo-google-fonts/jetbrains-mono/300Light_Italic/JetBrainsMono_300Light_Italic.ttf
2026-08-17 11:34:36.206 Db YourSofia[1177:323578] [com.apple.BacklightServices:scenes] 0x600000c39650 environment updated:sceneID:bg.sofia.yoursofia-default
  delta:{ visualState:0 date:0 active:0 seed:0 }
  diff:<FBSSceneSettingsDiff: 0x600001729640; UIApplicationSceneSettings> {
    settings = <BSKeyedSettingsDiff: 0x600000c3d320> {
        _UISceneRenderingEnvironmentSettings = <BSKeyedSettingsDiff: 0x600000c3d440> {
            activeAppearance = 1;
        };
    };
}
  new:(null) (null)
  old:(null) (null)
  new:(null)
2026-08-17 11:34:36.206 Df YourSofia[1177:323578] [com.apple.UIKit:InterfaceStyle] Not push traits update to screen for new style 1, <UIWindowScene: 0x105406e20> (8FA49A39-7661-46FB-8F2C-0158321648A4)
2026-08-17 11:34:36.206 Db YourSofia[1177:323578] [com.apple.BaseBoard:Common] [BSBlockSentinel:FBSScene] signaled! 1 of 2
2026-08-17 11:34:36.206 Db YourSofia[1177:3235b5] [com.apple.CFBundle:resources] Resource lookup at CFBundle 0x600003b04540 </Users/valentinasenov/Library/Developer/CoreSimulator/Devices/4EC5F74C-5A9C-4D89-8E44-374310E684AE/data/Containers/Bundle/Application/F3147808-5ECA-491B-9ADC-3DA9921C01A2/YourSofia.app> (executable, loaded)
	Request       : JetBrainsMono_400Regular_Italic type: ttf path: assets/node_modules/.pnpm/@expo-google-fonts+jetbrains-mono@0.4.1/node_modules/@expo-google-fonts/jetbrains-mono/400Regular_Italic
	Result        : file:///Users/valentinasenov/Library/Developer/CoreSimulator/Devices/4EC5F74C-5A9C-4D89-8E44-374310E684AE/data/Containers/Bundle/Application/F3147808-5ECA-491B-9ADC-3DA9921C01A2/YourSofia.app/assets/node_modules/.pnpm/@expo-google-fonts+jetbrains-mono@0.4.1/node_modules/@expo-google-fonts/jetbrains-mono/400Regular_Italic/JetBrainsMono_400Regular_Italic.ttf
2026-08-17 11:34:36.207 I  YourSofia[1177:323578] [com.apple.Accessibility:AXAppAccessibility] Loading settings loader: (system: 0)
2026-08-17 11:34:36.207 Db YourSofia[1177:3235b5] [com.apple.CFBundle:resources] Resource lookup at CFBundle 0x600003b04540 </Users/valentinasenov/Library/Developer/CoreSimulator/Devices/4EC5F74C-5A9C-4D89-8E44-374310E684AE/data/Containers/Bundle/Application/F3147808-5ECA-491B-9ADC-3DA9921C01A2/YourSofia.app> (executable, loaded)
	Request       : JetBrainsMono_500Medium_Italic type: ttf path: assets/node_modules/.pnpm/@expo-google-fonts+jetbrains-mono@0.4.1/node_modules/@expo-google-fonts/jetbrains-mono/500Medium_Italic
	Result        : file:///Users/valentinasenov/Library/Developer/CoreSimulator/Devices/4EC5F74C-5A9C-4D89-8E44-374310E684AE/data/Containers/Bundle/Application/F3147808-5ECA-491B-9ADC-3DA9921C01A2/YourSofia.app/assets/node_modules/.pnpm/@expo-google-fonts+jetbrains-mono@0.4.1/node_modules/@expo-google-fonts/jetbrains-mono/500Medium_Italic/JetBrainsMono_500Medium_Italic.ttf
2026-08-17 11:34:36.207 Db YourSofia[1177:323578] [com.apple.defaults:User Defaults] found no value for key ZoomTouchEnabled in CFPrefsSearchListSource<0x600002c08c00> (Domain: com.apple.Accessibility, Container: (null) Non-launch persona: 0)
2026-08-17 11:34:36.207 Db YourSofia[1177:323578] [com.apple.Accessibility:AXSupportCommon] CF Read: domain = com.apple.Accessibility, preference = ZoomTouchEnabled, appID = (null) result = (null) (-1 - empty, 0 - false, 1 - true)
2026-08-17 11:34:36.207 Db YourSofia[1177:323578] [com.apple.defaults:User Defaults] found no value for key ZoomTouchEnabled in CFPrefsPlistSource<0x600002c08f00> (Domain: com.apple.Accessibility, User: kCFPreferencesCurrentUser, ByHost: No, Container: /Users/valentinasenov/Library/Developer/CoreSimulator/Devices/4EC5F74C-5A9C-4D89-8E44-374310E684AE/data, Contents Need Refresh: No)
2026-08-17 11:34:36.207 Db YourSofia[1177:323578] [com.apple.defaults:User Defaults] found no value for key SpeechSettingsDisabledByManagedConfiguration in CFPrefsSearchListSource<0x600002c08c00> (Domain: com.apple.Accessibility, Container: (null) Non-launch persona: 0)
2026-08-17 11:34:36.207 Db YourSofia[1177:323578] [com.apple.Accessibility:AXSupportCommon] CF Read: domain = com.apple.Accessibility, preference = SpeechSettingsDisabledByManagedConfiguration, appID = (null) result = (null) (-1 - empty, 0 - false, 1 - true)
2026-08-17 11:34:36.207 Db YourSofia[1177:323578] [com.apple.defaults:User Defaults] found no value for key SpeechSettingsDisabledByManagedConfiguration in CFPrefsPlistSource<0x600002c08f00> (Domain: com.apple.Accessibility, User: kCFPreferencesCurrentUser, ByHost: No, Container: /Users/valentinasenov/Library/Developer/CoreSimulator/Devices/4EC5F74C-5A9C-4D89-8E44-374310E684AE/data, Contents Need Refresh: No)
2026-08-17 11:34:36.207 Db YourSofia[1177:323578] [com.apple.defaults:User Defaults] found no value for key SpeakThisEnabled in CFPrefsSearchListSource<0x600002c08c00> (Domain: com.apple.Accessibility, Container: (null) Non-launch persona: 0)
2026-08-17 11:34:36.207 Db YourSofia[1177:323578] [com.apple.Accessibility:AXSupportCommon] CF Read: domain = com.apple.Accessibility, preference = SpeakThisEnabled, appID = (null) result = (null) (-1 - empty, 0 - false, 1 - true)
2026-08-17 11:34:36.207 Db YourSofia[1177:323578] [com.apple.defaults:User Defaults] found no value for key SpeakThisEnabled in CFPrefsPlistSource<0x600002c08f00> (Domain: com.apple.Accessibility, User: kCFPreferencesCurrentUser, ByHost: No, Container: /Users/valentinasenov/Library/Developer/CoreSimulator/Devices/4EC5F74C-5A9C-4D89-8E44-374310E684AE/data, Contents Need Refresh: No)
2026-08-17 11:34:36.207 Db YourSofia[1177:3235b5] [com.apple.CFBundle:resources] Resource lookup at CFBundle 0x600003b04540 </Users/valentinasenov/Library/Developer/CoreSimulator/Devices/4EC5F74C-5A9C-4D89-8E44-374310E684AE/data/Containers/Bundle/Application/F3147808-5ECA-491B-9ADC-3DA9921C01A2/YourSofia.app> (executable, loaded)
	Request       : JetBrainsMono_600SemiBold_Italic type: ttf path: assets/node_modules/.pnpm/@expo-google-fonts+jetbrains-mono@0.4.1/node_modules/@expo-google-fonts/jetbrains-mono/600SemiBold_Italic
	Result        : file:///Users/valentinasenov/Library/Developer/CoreSimulator/Devices/4EC5F74C-5A9C-4D89-8E44-374310E684AE/data/Containers/Bundle/Application/F3147808-5ECA-491B-9ADC-3DA9921C01A2/YourSofia.app/assets/node_modules/.pnpm/@expo-google-fonts+jetbrains-mono@0.4.1/node_modules/@expo-google-fonts/jetbrains-mono/600SemiBold_Italic/JetBrainsMono_600SemiBold_Italic.ttf
2026-08-17 11:34:36.208 Db YourSofia[1177:3235b5] [com.apple.CFBundle:resources] Resource lookup at CFBundle 0x600003b04540 </Users/valentinasenov/Library/Developer/CoreSimulator/Devices/4EC5F74C-5A9C-4D89-8E44-374310E684AE/data/Containers/Bundle/Application/F3147808-5ECA-491B-9ADC-3DA9921C01A2/YourSofia.app> (executable, loaded)
	Request       : JetBrainsMono_700Bold_Italic type: ttf path: assets/node_modules/.pnpm/@expo-google-fonts+jetbrains-mono@0.4.1/node_modules/@expo-google-fonts/jetbrains-mono/700Bold_Italic
	Result        : file:///Users/valentinasenov/Library/Developer/CoreSimulator/Devices/4EC5F74C-5A9C-4D89-8E44-374310E684AE/data/Containers/Bundle/Application/F3147808-5ECA-491B-9ADC-3DA9921C01A2/YourSofia.app/assets/node_modules/.pnpm/@expo-google-fonts+jetbrains-mono@0.4.1/node_modules/@expo-google-fonts/jetbrains-mono/700Bold_Italic/JetBrainsMono_700Bold_Italic.ttf
2026-08-17 11:34:36.208 Db YourSofia[1177:3235b5] [com.apple.CFBundle:resources] Resource lookup at CFBundle 0x600003b04540 </Users/valentinasenov/Library/Developer/CoreSimulator/Devices/4EC5F74C-5A9C-4D89-8E44-374310E684AE/data/Containers/Bundle/Application/F3147808-5ECA-491B-9ADC-3DA9921C01A2/YourSofia.app> (executable, loaded)
	Request       : JetBrainsMono_800ExtraBold_Italic type: ttf path: assets/node_modules/.pnpm/@expo-google-fonts+jetbrains-mono@0.4.1/node_modules/@expo-google-fonts/jetbrains-mono/800ExtraBold_Italic
	Result        : file:///Users/valentinasenov/Library/Developer/CoreSimulator/Devices/4EC5F74C-5A9C-4D89-8E44-374310E684AE/data/Containers/Bundle/Application/F3147808-5ECA-491B-9ADC-3DA9921C01A2/YourSofia.app/assets/node_modules/.pnpm/@expo-google-fonts+jetbrains-mono@0.4.1/node_modules/@expo-google-fonts/jetbrains-mono/800ExtraBold_Italic/JetBrainsMono_800ExtraBold_Italic.ttf
2026-08-17 11:34:36.208 Db YourSofia[1177:3235b5] [com.apple.CFBundle:resources] Resource lookup at CFBundle 0x600003b04540 </Users/valentinasenov/Library/Developer/CoreSimulator/Devices/4EC5F74C-5A9C-4D89-8E44-374310E684AE/data/Containers/Bundle/Application/F3147808-5ECA-491B-9ADC-3DA9921C01A2/YourSofia.app> (executable, loaded)
	Request       : sofia-gerb type: png path: assets/assets/images
	Result        : file:///Users/valentinasenov/Library/Developer/CoreSimulator/Devices/4EC5F74C-5A9C-4D89-8E44-374310E684AE/data/Containers/Bundle/Application/F3147808-5ECA-491B-9ADC-3DA9921C01A2/YourSofia.app/assets/assets/images/sofia-gerb.png
2026-08-17 11:34:36.210 Db YourSofia[1177:3235b7] [com.apple.runningboard:message] PERF: [app<bg.sofia.yoursofia((null))>:1177] Received message from runningboardd: async_didChangeInheritances:completion:
2026-08-17 11:34:36.210 A  YourSofia[1177:3235b7] (RunningBoardServices) didChangeInheritances
2026-08-17 11:34:36.210 Db YourSofia[1177:3235b7] [com.apple.runningboard:connection] didChangeInheritances: <RBSInheritanceChangeSet| gained:{(
    <RBSInheritance| environment:UIScene:com.apple.frontboard.systemappservices/FBSceneManager:sceneID%3Abg.sofia.yoursofia-default name:com.apple.frontboard.visibility origID:99881-1155-941 payload 8719656185504109860>
)} lost:(null)>
2026-08-17 11:34:36.212 Db YourSofia[1177:3235b5] [com.apple.CFBundle:resources] Resource lookup at CFBundle 0x600003b04540 </Users/valentinasenov/Library/Developer/CoreSimulator/Devices/4EC5F74C-5A9C-4D89-8E44-374310E684AE/data/Containers/Bundle/Application/F3147808-5ECA-491B-9ADC-3DA9921C01A2/YourSofia.app> (executable, loaded)
	Request       : back-icon type: png path: assets/node_modules/.pnpm/@react-navigation+elements@2.6.4_@react-navigation+native@7.1.17_react-native@0.81.5_@b_28a2c3a7af745b08fd3e3ec803bf51ba/node_modules/@react-navigation/elements/lib/module/assets
	Result        : file:///Users/valentinasenov/Library/Developer/CoreSimulator/Devices/4EC5F74C-5A9C-4D89-8E44-374310E684AE/data/Containers/Bundle/Application/F3147808-5ECA-491B-9ADC-3DA9921C01A2/YourSofia.app/assets/node_modules/.pnpm/@react-navigation+elements@2.6.4_@react-navigation+native@7.1.17_react-native@0.81.5_@b_28a2c3a7af745b08fd3e3ec803bf51ba/node_modules/@react-navigation/elements/lib/module/assets/back-icon.png
2026-08-17 11:34:36.212 Db YourSofia[1177:3235b5] [com.apple.CFBundle:resources] Resource lookup at CFBundle 0x600003b04540 </Users/valentinasenov/Library/Developer/CoreSimulator/Devices/4EC5F74C-5A9C-4D89-8E44-374310E684AE/data/Containers/Bundle/Application/F3147808-5ECA-491B-9ADC-3DA9921C01A2/YourSofia.app> (executable, loaded)
	Request       : back-icon@2x type: png path: assets/node_modules/.pnpm/@react-navigation+elements@2.6.4_@react-navigation+native@7.1.17_react-native@0.81.5_@b_28a2c3a7af745b08fd3e3ec803bf51ba/node_modules/@react-navigation/elements/lib/module/assets
	Result        : file:///Users/valentinasenov/Library/Developer/CoreSimulator/Devices/4EC5F74C-5A9C-4D89-8E44-374310E684AE/data/Containers/Bundle/Application/F3147808-5ECA-491B-9ADC-3DA9921C01A2/YourSofia.app/assets/node_modules/.pnpm/@react-navigation+elements@2.6.4_@react-navigation+native@7.1.17_react-native@0.81.5_@b_28a2c3a7af745b08fd3e3ec803bf51ba/node_modules/@react-navigation/elements/lib/module/assets/back-icon@2x.png
2026-08-17 11:34:36.212 Db YourSofia[1177:3235b5] [com.apple.CFBundle:resources] Resource lookup at CFBundle 0x600003b04540 </Users/valentinasenov/Library/Developer/CoreSimulator/Devices/4EC5F74C-5A9C-4D89-8E44-374310E684AE/data/Containers/Bundle/Application/F3147808-5ECA-491B-9ADC-3DA9921C01A2/YourSofia.app> (executable, loaded)
	Request       : back-icon@3x type: png path: assets/node_modules/.pnpm/@react-navigation+elements@2.6.4_@react-navigation+native@7.1.17_react-native@0.81.5_@b_28a2c3a7af745b08fd3e3ec803bf51ba/node_modules/@react-navigation/elements/lib/module/assets
	Result        : file:///Users/valentinasenov/Library/Developer/CoreSimulator/Devices/4EC5F74C-5A9C-4D89-8E44-374310E684AE/data/Containers/Bundle/Application/F3147808-5ECA-491B-9ADC-3DA9921C01A2/YourSofia.app/assets/node_modules/.pnpm/@react-navigation+elements@2.6.4_@react-navigation+native@7.1.17_react-native@0.81.5_@b_28a2c3a7af745b08fd3e3ec803bf51ba/node_modules/@react-navigation/elements/lib/module/assets/back-icon@3x.png
2026-08-17 11:34:36.212 Db YourSofia[1177:3235b5] [com.apple.CFBundle:resources] Resource lookup at CFBundle 0x600003b04540 </Users/valentinasenov/Library/Developer/CoreSimulator/Devices/4EC5F74C-5A9C-4D89-8E44-374310E684AE/data/Containers/Bundle/Application/F3147808-5ECA-491B-9ADC-3DA9921C01A2/YourSofia.app> (executable, loaded)
	Request       : back-icon-mask type: png path: assets/node_modules/.pnpm/@react-navigation+elements@2.6.4_@react-navigation+native@7.1.17_react-native@0.81.5_@b_28a2c3a7af745b08fd3e3ec803bf51ba/node_modules/@react-navigation/elements/lib/module/assets
	Result        : file:///Users/valentinasenov/Library/Developer/CoreSimulator/Devices/4EC5F74C-5A9C-4D89-8E44-374310E684AE/data/Containers/Bundle/Application/F3147808-5ECA-491B-9ADC-3DA9921C01A2/YourSofia.app/assets/node_modules/.pnpm/@react-navigation+elements@2.6.4_@react-navigation+native@7.1.17_react-native@0.81.5_@b_28a2c3a7af745b08fd3e3ec803bf51ba/node_modules/@react-navigation/elements/lib/module/assets/back-icon-mask.png
2026-08-17 11:34:36.212 Db YourSofia[1177:3235b5] [com.apple.CFBundle:resources] Resource lookup at CFBundle 0x600003b04540 </Users/valentinasenov/Library/Developer/CoreSimulator/Devices/4EC5F74C-5A9C-4D89-8E44-374310E684AE/data/Containers/Bundle/Application/F3147808-5ECA-491B-9ADC-3DA9921C01A2/YourSofia.app> (executable, loaded)
	Request       : clear-icon type: png path: assets/node_modules/.pnpm/@react-navigation+elements@2.6.4_@react-navigation+native@7.1.17_react-native@0.81.5_@b_28a2c3a7af745b08fd3e3ec803bf51ba/node_modules/@react-navigation/elements/lib/module/assets
	Result        : file:///Users/valentinasenov/Library/Developer/CoreSimulator/Devices/4EC5F74C-5A9C-4D89-8E44-374310E684AE/data/Containers/Bundle/Application/F3147808-5ECA-491B-9ADC-3DA9921C01A2/YourSofia.app/assets/node_modules/.pnpm/@react-navigation+elements@2.6.4_@react-navigation+native@7.1.17_react-native@0.81.5_@b_28a2c3a7af745b08fd3e3ec803bf51ba/node_modules/@react-navigation/elements/lib/module/assets/clear-icon.png
2026-08-17 11:34:36.212 Db YourSofia[1177:3235b5] [com.apple.CFBundle:resources] Resource lookup at CFBundle 0x600003b04540 </Users/valentinasenov/Library/Developer/CoreSimulator/Devices/4EC5F74C-5A9C-4D89-8E44-374310E684AE/data/Containers/Bundle/Application/F3147808-5ECA-491B-9ADC-3DA9921C01A2/YourSofia.app> (executable, loaded)
	Request       : clear-icon type: png path: assets/node_modules/.pnpm/@react-navigation+elements@2.6.4_@react-navigation+native@7.1.17_react-native@0.81.5_@b_28a2c3a7af745b08fd3e3ec803bf51ba/node_modules/@react-navigation/elements/lib/module/assets
	Result        : file:///Users/valentinasenov/Library/Developer/CoreSimulator/Devices/4EC5F74C-5A9C-4D89-8E44-374310E684AE/data/Containers/Bundle/Application/F3147808-5ECA-491B-9ADC-3DA9921C01A2/YourSofia.app/assets/node_modules/.pnpm/@react-navigation+elements@2.6.4_@react-navigation+native@7.1.17_react-native@0.81.5_@b_28a2c3a7af745b08fd3e3ec803bf51ba/node_modules/@react-navigation/elements/lib/module/assets/clear-icon.png
2026-08-17 11:34:36.212 Db YourSofia[1177:3235b5] [com.apple.CFBundle:resources] Resource lookup at CFBundle 0x600003b04540 </Users/valentinasenov/Library/Developer/CoreSimulator/Devices/4EC5F74C-5A9C-4D89-8E44-374310E684AE/data/Containers/Bundle/Application/F3147808-5ECA-491B-9ADC-3DA9921C01A2/YourSofia.app> (executable, loaded)
	Request       : clear-icon@2x type: png path: assets/node_modules/.pnpm/@react-navigation+elements@2.6.4_@react-navigation+native@7.1.17_react-native@0.81.5_@b_28a2c3a7af745b08fd3e3ec803bf51ba/node_modules/@react-navigation/elements/lib/module/assets
	Result        : file:///Users/valentinasenov/Library/Developer/CoreSimulator/Devices/4EC5F74C-5A9C-4D89-8E44-374310E684AE/data/Containers/Bundle/Application/F3147808-5ECA-491B-9ADC-3DA9921C01A2/YourSofia.app/assets/node_modules/.pnpm/@react-navigation+elements@2.6.4_@react-navigation+native@7.1.17_react-native@0.81.5_@b_28a2c3a7af745b08fd3e3ec803bf51ba/node_modules/@react-navigation/elements/lib/module/assets/clear-icon@2x.png
2026-08-17 11:34:36.213 Db YourSofia[1177:3235b5] [com.apple.CFBundle:resources] Resource lookup at CFBundle 0x600003b04540 </Users/valentinasenov/Library/Developer/CoreSimulator/Devices/4EC5F74C-5A9C-4D89-8E44-374310E684AE/data/Containers/Bundle/Application/F3147808-5ECA-491B-9ADC-3DA9921C01A2/YourSofia.app> (executable, loaded)
	Request       : clear-icon@3x type: png path: assets/node_modules/.pnpm/@react-navigation+elements@2.6.4_@react-navigation+native@7.1.17_react-native@0.81.5_@b_28a2c3a7af745b08fd3e3ec803bf51ba/node_modules/@react-navigation/elements/lib/module/assets
	Result        : file:///Users/valentinasenov/Library/Developer/CoreSimulator/Devices/4EC5F74C-5A9C-4D89-8E44-374310E684AE/data/Containers/Bundle/Application/F3147808-5ECA-491B-9ADC-3DA9921C01A2/YourSofia.app/assets/node_modules/.pnpm/@react-navigation+elements@2.6.4_@react-navigation+native@7.1.17_react-native@0.81.5_@b_28a2c3a7af745b08fd3e3ec803bf51ba/node_modules/@react-navigation/elements/lib/module/assets/clear-icon@3x.png
2026-08-17 11:34:36.213 Db YourSofia[1177:3235b5] [com.apple.CFBundle:resources] Resource lookup at CFBundle 0x600003b04540 </Users/valentinasenov/Library/Developer/CoreSimulator/Devices/4EC5F74C-5A9C-4D89-8E44-374310E684AE/data/Containers/Bundle/Application/F3147808-5ECA-491B-9ADC-3DA9921C01A2/YourSofia.app> (executable, loaded)
	Request       : close-icon type: png path: assets/node_modules/.pnpm/@react-navigation+elements@2.6.4_@react-navigation+native@7.1.17_react-native@0.81.5_@b_28a2c3a7af745b08fd3e3ec803bf51ba/node_modules/@react-navigation/elements/lib/module/assets
	Result        : file:///Users/valentinasenov/Library/Developer/CoreSimulator/Devices/4EC5F74C-5A9C-4D89-8E44-374310E684AE/data/Containers/Bundle/Application/F3147808-5ECA-491B-9ADC-3DA9921C01A2/YourSofia.app/assets/node_modules/.pnpm/@react-navigation+elements@2.6.4_@react-navigation+native@7.1.17_react-native@0.81.5_@b_28a2c3a7af745b08fd3e3ec803bf51ba/node_modules/@react-navigation/elements/lib/module/assets/close-icon.png
2026-08-17 11:34:36.213 Db YourSofia[1177:3235b5] [com.apple.CFBundle:resources] Resource lookup at CFBundle 0x600003b04540 </Users/valentinasenov/Library/Developer/CoreSimulator/Devices/4EC5F74C-5A9C-4D89-8E44-374310E684AE/data/Containers/Bundle/Application/F3147808-5ECA-491B-9ADC-3DA9921C01A2/YourSofia.app> (executable, loaded)
	Request       : close-icon type: png path: assets/node_modules/.pnpm/@react-navigation+elements@2.6.4_@react-navigation+native@7.1.17_react-native@0.81.5_@b_28a2c3a7af745b08fd3e3ec803bf51ba/node_modules/@react-navigation/elements/lib/module/assets
	Result        : file:///Users/valentinasenov/Library/Developer/CoreSimulator/Devices/4EC5F74C-5A9C-4D89-8E44-374310E684AE/data/Containers/Bundle/Application/F3147808-5ECA-491B-9ADC-3DA9921C01A2/YourSofia.app/assets/node_modules/.pnpm/@react-navigation+elements@2.6.4_@react-navigation+native@7.1.17_react-native@0.81.5_@b_28a2c3a7af745b08fd3e3ec803bf51ba/node_modules/@react-navigation/elements/lib/module/assets/close-icon.png
2026-08-17 11:34:36.213 Db YourSofia[1177:3235b5] [com.apple.CFBundle:resources] Resource lookup at CFBundle 0x600003b04540 </Users/valentinasenov/Library/Developer/CoreSimulator/Devices/4EC5F74C-5A9C-4D89-8E44-374310E684AE/data/Containers/Bundle/Application/F3147808-5ECA-491B-9ADC-3DA9921C01A2/YourSofia.app> (executable, loaded)
	Request       : close-icon@2x type: png path: assets/node_modules/.pnpm/@react-navigation+elements@2.6.4_@react-navigation+native@7.1.17_react-native@0.81.5_@b_28a2c3a7af745b08fd3e3ec803bf51ba/node_modules/@react-navigation/elements/lib/module/assets
	Result        : file:///Users/valentinasenov/Library/Developer/CoreSimulator/Devices/4EC5F74C-5A9C-4D89-8E44-374310E684AE/data/Containers/Bundle/Application/F3147808-5ECA-491B-9ADC-3DA9921C01A2/YourSofia.app/assets/node_modules/.pnpm/@react-navigation+elements@2.6.4_@react-navigation+native@7.1.17_react-native@0.81.5_@b_28a2c3a7af745b08fd3e3ec803bf51ba/node_modules/@react-navigation/elements/lib/module/assets/close-icon@2x.png
2026-08-17 11:34:36.214 Db YourSofia[1177:3235b5] [com.apple.CFBundle:resources] Resource lookup at CFBundle 0x600003b04540 </Users/valentinasenov/Library/Developer/CoreSimulator/Devices/4EC5F74C-5A9C-4D89-8E44-374310E684AE/data/Containers/Bundle/Application/F3147808-5ECA-491B-9ADC-3DA9921C01A2/YourSofia.app> (executable, loaded)
	Request       : close-icon@3x type: png path: assets/node_modules/.pnpm/@react-navigation+elements@2.6.4_@react-navigation+native@7.1.17_react-native@0.81.5_@b_28a2c3a7af745b08fd3e3ec803bf51ba/node_modules/@react-navigation/elements/lib/module/assets
	Result        : file:///Users/valentinasenov/Library/Developer/CoreSimulator/Devices/4EC5F74C-5A9C-4D89-8E44-374310E684AE/data/Containers/Bundle/Application/F3147808-5ECA-491B-9ADC-3DA9921C01A2/YourSofia.app/assets/node_modules/.pnpm/@react-navigation+elements@2.6.4_@react-navigation+native@7.1.17_react-native@0.81.5_@b_28a2c3a7af745b08fd3e3ec803bf51ba/node_modules/@react-navigation/elements/lib/module/assets/close-icon@3x.png
2026-08-17 11:34:36.214 Db YourSofia[1177:3235b5] [com.apple.CFBundle:resources] Resource lookup at CFBundle 0x600003b04540 </Users/valentinasenov/Library/Developer/CoreSimulator/Devices/4EC5F74C-5A9C-4D89-8E44-374310E684AE/data/Containers/Bundle/Application/F3147808-5ECA-491B-9ADC-3DA9921C01A2/YourSofia.app> (executable, loaded)
	Request       : search-icon type: png path: assets/node_modules/.pnpm/@react-navigation+elements@2.6.4_@react-navigation+native@7.1.17_react-native@0.81.5_@b_28a2c3a7af745b08fd3e3ec803bf51ba/node_modules/@react-navigation/elements/lib/module/assets
	Result        : file:///Users/valentinasenov/Library/Developer/CoreSimulator/Devices/4EC5F74C-5A9C-4D89-8E44-374310E684AE/data/Containers/Bundle/Application/F3147808-5ECA-491B-9ADC-3DA9921C01A2/YourSofia.app/assets/node_modules/.pnpm/@react-navigation+elements@2.6.4_@react-navigation+native@7.1.17_react-native@0.81.5_@b_28a2c3a7af745b08fd3e3ec803bf51ba/node_modules/@react-navigation/elements/lib/module/assets/search-icon.png
2026-08-17 11:34:36.214 Db YourSofia[1177:3235b5] [com.apple.CFBundle:resources] Resource lookup at CFBundle 0x600003b04540 </Users/valentinasenov/Library/Developer/CoreSimulator/Devices/4EC5F74C-5A9C-4D89-8E44-374310E684AE/data/Containers/Bundle/Application/F3147808-5ECA-491B-9ADC-3DA9921C01A2/YourSofia.app> (executable, loaded)
	Request       : search-icon@2x type: png path: assets/node_modules/.pnpm/@react-navigation+elements@2.6.4_@react-navigation+native@7.1.17_react-native@0.81.5_@b_28a2c3a7af745b08fd3e3ec803bf51ba/node_modules/@react-navigation/elements/lib/module/assets
	Result        : file:///Users/valentinasenov/Library/Developer/CoreSimulator/Devices/4EC5F74C-5A9C-4D89-8E44-374310E684AE/data/Containers/Bundle/Application/F3147808-5ECA-491B-9ADC-3DA9921C01A2/YourSofia.app/assets/node_modules/.pnpm/@react-navigation+elements@2.6.4_@react-navigation+native@7.1.17_react-native@0.81.5_@b_28a2c3a7af745b08fd3e3ec803bf51ba/node_modules/@react-navigation/elements/lib/module/assets/search-icon@2x.png
2026-08-17 11:34:36.214 Db YourSofia[1177:3235b5] [com.apple.CFBundle:resources] Resource lookup at CFBundle 0x600003b04540 </Users/valentinasenov/Library/Developer/CoreSimulator/Devices/4EC5F74C-5A9C-4D89-8E44-374310E684AE/data/Containers/Bundle/Application/F3147808-5ECA-491B-9ADC-3DA9921C01A2/YourSofia.app> (executable, loaded)
	Request       : search-icon@3x type: png path: assets/node_modules/.pnpm/@react-navigation+elements@2.6.4_@react-navigation+native@7.1.17_react-native@0.81.5_@b_28a2c3a7af745b08fd3e3ec803bf51ba/node_modules/@react-navigation/elements/lib/module/assets
	Result        : file:///Users/valentinasenov/Library/Developer/CoreSimulator/Devices/4EC5F74C-5A9C-4D89-8E44-374310E684AE/data/Containers/Bundle/Application/F3147808-5ECA-491B-9ADC-3DA9921C01A2/YourSofia.app/assets/node_modules/.pnpm/@react-navigation+elements@2.6.4_@react-navigation+native@7.1.17_react-native@0.81.5_@b_28a2c3a7af745b08fd3e3ec803bf51ba/node_modules/@react-navigation/elements/lib/module/assets/search-icon@3x.png
2026-08-17 11:34:36.214 Db YourSofia[1177:3235b5] [com.apple.CFBundle:resources] Resource lookup at CFBundle 0x600003b04540 </Users/valentinasenov/Library/Developer/CoreSimulator/Devices/4EC5F74C-5A9C-4D89-8E44-374310E684AE/data/Containers/Bundle/Application/F3147808-5ECA-491B-9ADC-3DA9921C01A2/YourSofia.app> (executable, loaded)
	Request       : error type: png path: assets/node_modules/.pnpm/expo-router@6.0.22_df0c677153b00f82db80c956be709681/node_modules/expo-router/assets
	Result        : file:///Users/valentinasenov/Library/Developer/CoreSimulator/Devices/4EC5F74C-5A9C-4D89-8E44-374310E684AE/data/Containers/Bundle/Application/F3147808-5ECA-491B-9ADC-3DA9921C01A2/YourSofia.app/assets/node_modules/.pnpm/expo-router@6.0.22_df0c677153b00f82db80c956be709681/node_modules/expo-router/assets/error.png
2026-08-17 11:34:36.214 Db YourSofia[1177:3235b5] [com.apple.CFBundle:resources] Resource lookup at CFBundle 0x600003b04540 </Users/valentinasenov/Library/Developer/CoreSimulator/Devices/4EC5F74C-5A9C-4D89-8E44-374310E684AE/data/Containers/Bundle/Application/F3147808-5ECA-491B-9ADC-3DA9921C01A2/YourSofia.app> (executable, loaded)
	Request       : file type: png path: assets/node_modules/.pnpm/expo-router@6.0.22_df0c677153b00f82db80c956be709681/node_modules/expo-router/assets
	Result        : file:///Users/valentinasenov/Library/Developer/CoreSimulator/Devices/4EC5F74C-5A9C-4D89-8E44-374310E684AE/data/Containers/Bundle/Application/F3147808-5ECA-491B-9ADC-3DA9921C01A2/YourSofia.app/assets/node_modules/.pnpm/expo-router@6.0.22_df0c677153b00f82db80c956be709681/node_modules/expo-router/assets/file.png
2026-08-17 11:34:36.214 Db YourSofia[1177:3235b5] [com.apple.CFBundle:resources] Resource lookup at CFBundle 0x600003b04540 </Users/valentinasenov/Library/Developer/CoreSimulator/Devices/4EC5F74C-5A9C-4D89-8E44-374310E684AE/data/Containers/Bundle/Application/F3147808-5ECA-491B-9ADC-3DA9921C01A2/YourSofia.app> (executable, loaded)
	Request       : pkg type: png path: assets/node_modules/.pnpm/expo-router@6.0.22_df0c677153b00f82db80c956be709681/node_modules/expo-router/assets
	Result        : file:///Users/valentinasenov/Library/Developer/CoreSimulator/Devices/4EC5F74C-5A9C-4D89-8E44-374310E684AE/data/Containers/Bundle/Application/F3147808-5ECA-491B-9ADC-3DA9921C01A2/YourSofia.app/assets/node_modules/.pnpm/expo-router@6.0.22_df0c677153b00f82db80c956be709681/node_modules/expo-router/assets/pkg.png
2026-08-17 11:34:36.214 Db YourSofia[1177:3235b5] [com.apple.CFBundle:resources] Resource lookup at CFBundle 0x600003b04540 </Users/valentinasenov/Library/Developer/CoreSimulator/Devices/4EC5F74C-5A9C-4D89-8E44-374310E684AE/data/Containers/Bundle/Application/F3147808-5ECA-491B-9ADC-3DA9921C01A2/YourSofia.app> (executable, loaded)
	Request       : forward type: png path: assets/node_modules/.pnpm/expo-router@6.0.22_df0c677153b00f82db80c956be709681/node_modules/expo-router/assets
	Result        : file:///Users/valentinasenov/Library/Developer/CoreSimulator/Devices/4EC5F74C-5A9C-4D89-8E44-374310E684AE/data/Containers/Bundle/Application/F3147808-5ECA-491B-9ADC-3DA9921C01A2/YourSofia.app/assets/node_modules/.pnpm/expo-router@6.0.22_df0c677153b00f82db80c956be709681/node_modules/expo-router/assets/forward.png
2026-08-17 11:34:36.214 Db YourSofia[1177:3235b5] [com.apple.CFBundle:resources] Resource lookup at CFBundle 0x600003b04540 </Users/valentinasenov/Library/Developer/CoreSimulator/Devices/4EC5F74C-5A9C-4D89-8E44-374310E684AE/data/Containers/Bundle/Application/F3147808-5ECA-491B-9ADC-3DA9921C01A2/YourSofia.app> (executable, loaded)
	Request       : sitemap type: png path: assets/node_modules/.pnpm/expo-router@6.0.22_df0c677153b00f82db80c956be709681/node_modules/expo-router/assets
	Result        : file:///Users/valentinasenov/Library/Developer/CoreSimulator/Devices/4EC5F74C-5A9C-4D89-8E44-374310E684AE/data/Containers/Bundle/Application/F3147808-5ECA-491B-9ADC-3DA9921C01A2/YourSofia.app/assets/node_modules/.pnpm/expo-router@6.0.22_df0c677153b00f82db80c956be709681/node_modules/expo-router/assets/sitemap.png
2026-08-17 11:34:36.214 Db YourSofia[1177:3235b5] [com.apple.CFBundle:resources] Resource lookup at CFBundle 0x600003b04540 </Users/valentinasenov/Library/Developer/CoreSimulator/Devices/4EC5F74C-5A9C-4D89-8E44-374310E684AE/data/Containers/Bundle/Application/F3147808-5ECA-491B-9ADC-3DA9921C01A2/YourSofia.app> (executable, loaded)
	Request       : arrow_down type: png path: assets/node_modules/.pnpm/expo-router@6.0.22_df0c677153b00f82db80c956be709681/node_modules/expo-router/assets
	Result        : file:///Users/valentinasenov/Library/Developer/CoreSimulator/Devices/4EC5F74C-5A9C-4D89-8E44-374310E684AE/data/Containers/Bundle/Application/F3147808-5ECA-491B-9ADC-3DA9921C01A2/YourSofia.app/assets/node_modules/.pnpm/expo-router@6.0.22_df0c677153b00f82db80c956be709681/node_modules/expo-router/assets/arrow_down.png
2026-08-17 11:34:36.214 Db YourSofia[1177:3235b5] [com.apple.CFBundle:resources] Resource lookup at CFBundle 0x600003b04540 </Users/valentinasenov/Library/Developer/CoreSimulator/Devices/4EC5F74C-5A9C-4D89-8E44-374310E684AE/data/Containers/Bundle/Application/F3147808-5ECA-491B-9ADC-3DA9921C01A2/YourSofia.app> (executable, loaded)
	Request       : unmatched type: png path: assets/node_modules/.pnpm/expo-router@6.0.22_df0c677153b00f82db80c956be709681/node_modules/expo-router/assets
	Result        : file:///Users/valentinasenov/Library/Developer/CoreSimulator/Devices/4EC5F74C-5A9C-4D89-8E44-374310E684AE/data/Containers/Bundle/Application/F3147808-5ECA-491B-9ADC-3DA9921C01A2/YourSofia.app/assets/node_modules/.pnpm/expo-router@6.0.22_df0c677153b00f82db80c956be709681/node_modules/expo-router/assets/unmatched.png
2026-08-17 11:34:36.214 Db YourSofia[1177:3235b5] [com.apple.CFBundle:resources] Resource lookup at CFBundle 0x600003b04540 </Users/valentinasenov/Library/Developer/CoreSimulator/Devices/4EC5F74C-5A9C-4D89-8E44-374310E684AE/data/Containers/Bundle/Application/F3147808-5ECA-491B-9ADC-3DA9921C01A2/YourSofia.app> (executable, loaded)
	Request       : JetBrainsMono_500Medium type: ttf path: assets/node_modules/.pnpm/@expo-google-fonts+jetbrains-mono@0.4.1/node_modules/@expo-google-fonts/jetbrains-mono/500Medium
	Result        : file:///Users/valentinasenov/Library/Developer/CoreSimulator/Devices/4EC5F74C-5A9C-4D89-8E44-374310E684AE/data/Containers/Bundle/Application/F3147808-5ECA-491B-9ADC-3DA9921C01A2/YourSofia.app/assets/node_modules/.pnpm/@expo-google-fonts+jetbrains-mono@0.4.1/node_modules/@expo-google-fonts/jetbrains-mono/500Medium/JetBrainsMono_500Medium.ttf
2026-08-17 11:34:36.214 Db YourSofia[1177:3235b5] [com.apple.CFBundle:resources] Resource lookup at CFBundle 0x600003b04540 </Users/valentinasenov/Library/Developer/CoreSimulator/Devices/4EC5F74C-5A9C-4D89-8E44-374310E684AE/data/Containers/Bundle/Application/F3147808-5ECA-491B-9ADC-3DA9921C01A2/YourSofia.app> (executable, loaded)
	Request       : SofiaSans_100Thin type: ttf path: assets/node_modules/.pnpm/@expo-google-fonts+sofia-sans@0.4.3/node_modules/@expo-google-fonts/sofia-sans/100Thin
	Result        : file:///Users/valentinasenov/Library/Developer/CoreSimulator/Devices/4EC5F74C-5A9C-4D89-8E44-374310E684AE/data/Containers/Bundle/Application/F3147808-5ECA-491B-9ADC-3DA9921C01A2/YourSofia.app/assets/node_modules/.pnpm/@expo-google-fonts+sofia-sans@0.4.3/node_modules/@expo-google-fonts/sofia-sans/100Thin/SofiaSans_100Thin.ttf
2026-08-17 11:34:36.214 Db YourSofia[1177:3235b5] [com.apple.CFBundle:resources] Resource lookup at CFBundle 0x600003b04540 </Users/valentinasenov/Library/Developer/CoreSimulator/Devices/4EC5F74C-5A9C-4D89-8E44-374310E684AE/data/Containers/Bundle/Application/F3147808-5ECA-491B-9ADC-3DA9921C01A2/YourSofia.app> (executable, loaded)
	Request       : SofiaSans_200ExtraLight type: ttf path: assets/node_modules/.pnpm/@expo-google-fonts+sofia-sans@0.4.3/node_modules/@expo-google-fonts/sofia-sans/200ExtraLight
	Result        : file:///Users/valentinasenov/Library/Developer/CoreSimulator/Devices/4EC5F74C-5A9C-4D89-8E44-374310E684AE/data/Containers/Bundle/Application/F3147808-5ECA-491B-9ADC-3DA9921C01A2/YourSofia.app/assets/node_modules/.pnpm/@expo-google-fonts+sofia-sans@0.4.3/node_modules/@expo-google-fonts/sofia-sans/200ExtraLight/SofiaSans_200ExtraLight.ttf
2026-08-17 11:34:36.214 Db YourSofia[1177:3235b5] [com.apple.CFBundle:resources] Resource lookup at CFBundle 0x600003b04540 </Users/valentinasenov/Library/Developer/CoreSimulator/Devices/4EC5F74C-5A9C-4D89-8E44-374310E684AE/data/Containers/Bundle/Application/F3147808-5ECA-491B-9ADC-3DA9921C01A2/YourSofia.app> (executable, loaded)
	Request       : SofiaSans_300Light type: ttf path: assets/node_modules/.pnpm/@expo-google-fonts+sofia-sans@0.4.3/node_modules/@expo-google-fonts/sofia-sans/300Light
	Result        : file:///Users/valentinasenov/Library/Developer/CoreSimulator/Devices/4EC5F74C-5A9C-4D89-8E44-374310E684AE/data/Containers/Bundle/Application/F3147808-5ECA-491B-9ADC-3DA9921C01A2/YourSofia.app/assets/node_modules/.pnpm/@expo-google-fonts+sofia-sans@0.4.3/node_modules/@expo-google-fonts/sofia-sans/300Light/SofiaSans_300Light.ttf
2026-08-17 11:34:36.214 Db YourSofia[1177:3235b5] [com.apple.CFBundle:resources] Resource lookup at CFBundle 0x600003b04540 </Users/valentinasenov/Library/Developer/CoreSimulator/Devices/4EC5F74C-5A9C-4D89-8E44-374310E684AE/data/Containers/Bundle/Application/F3147808-5ECA-491B-9ADC-3DA9921C01A2/YourSofia.app> (executable, loaded)
	Request       : SofiaSans_400Regular type: ttf path: assets/node_modules/.pnpm/@expo-google-fonts+sofia-sans@0.4.3/node_modules/@expo-google-fonts/sofia-sans/400Regular
	Result        : file:///Users/valentinasenov/Library/Developer/CoreSimulator/Devices/4EC5F74C-5A9C-4D89-8E44-374310E684AE/data/Containers/Bundle/Application/F3147808-5ECA-491B-9ADC-3DA9921C01A2/YourSofia.app/assets/node_modules/.pnpm/@expo-google-fonts+sofia-sans@0.4.3/node_modules/@expo-google-fonts/sofia-sans/400Regular/SofiaSans_400Regular.ttf
2026-08-17 11:34:36.214 Db YourSofia[1177:3235b5] [com.apple.CFBundle:resources] Resource lookup at CFBundle 0x600003b04540 </Users/valentinasenov/Library/Developer/CoreSimulator/Devices/4EC5F74C-5A9C-4D89-8E44-374310E684AE/data/Containers/Bundle/Application/F3147808-5ECA-491B-9ADC-3DA9921C01A2/YourSofia.app> (executable, loaded)
	Request       : SofiaSans_500Medium type: ttf path: assets/node_modules/.pnpm/@expo-google-fonts+sofia-sans@0.4.3/node_modules/@expo-google-fonts/sofia-sans/500Medium
	Result        : file:///Users/valentinasenov/Library/Developer/CoreSimulator/Devices/4EC5F74C-5A9C-4D89-8E44-374310E684AE/data/Containers/Bundle/Application/F3147808-5ECA-491B-9ADC-3DA9921C01A2/YourSofia.app/assets/node_modules/.pnpm/@expo-google-fonts+sofia-sans@0.4.3/node_modules/@expo-google-fonts/sofia-sans/500Medium/SofiaSans_500Medium.ttf
2026-08-17 11:34:36.214 Db YourSofia[1177:3235b5] [com.apple.CFBundle:resources] Resource lookup at CFBundle 0x600003b04540 </Users/valentinasenov/Library/Developer/CoreSimulator/Devices/4EC5F74C-5A9C-4D89-8E44-374310E684AE/data/Containers/Bundle/Application/F3147808-5ECA-491B-9ADC-3DA9921C01A2/YourSofia.app> (executable, loaded)
	Request       : SofiaSans_600SemiBold type: ttf path: assets/node_modules/.pnpm/@expo-google-fonts+sofia-sans@0.4.3/node_modules/@expo-google-fonts/sofia-sans/600SemiBold
	Result        : file:///Users/valentinasenov/Library/Developer/CoreSimulator/Devices/4EC5F74C-5A9C-4D89-8E44-374310E684AE/data/Containers/Bundle/Application/F3147808-5ECA-491B-9ADC-3DA9921C01A2/YourSofia.app/assets/node_modules/.pnpm/@expo-google-fonts+sofia-sans@0.4.3/node_modules/@expo-google-fonts/sofia-sans/600SemiBold/SofiaSans_600SemiBold.ttf
2026-08-17 11:34:36.214 Db YourSofia[1177:3235b5] [com.apple.CFBundle:resources] Resource lookup at CFBundle 0x600003b04540 </Users/valentinasenov/Library/Developer/CoreSimulator/Devices/4EC5F74C-5A9C-4D89-8E44-374310E684AE/data/Containers/Bundle/Application/F3147808-5ECA-491B-9ADC-3DA9921C01A2/YourSofia.app> (executable, loaded)
	Request       : SofiaSans_700Bold type: ttf path: assets/node_modules/.pnpm/@expo-google-fonts+sofia-sans@0.4.3/node_modules/@expo-google-fonts/sofia-sans/700Bold
	Result        : file:///Users/valentinasenov/Library/Developer/CoreSimulator/Devices/4EC5F74C-5A9C-4D89-8E44-374310E684AE/data/Containers/Bundle/Application/F3147808-5ECA-491B-9ADC-3DA9921C01A2/YourSofia.app/assets/node_modules/.pnpm/@expo-google-fonts+sofia-sans@0.4.3/node_modules/@expo-google-fonts/sofia-sans/700Bold/SofiaSans_700Bold.ttf
2026-08-17 11:34:36.214 Db YourSofia[1177:3235b5] [com.apple.CFBundle:resources] Resource lookup at CFBundle 0x600003b04540 </Users/valentinasenov/Library/Developer/CoreSimulator/Devices/4EC5F74C-5A9C-4D89-8E44-374310E684AE/data/Containers/Bundle/Application/F3147808-5ECA-491B-9ADC-3DA9921C01A2/YourSofia.app> (executable, loaded)
	Request       : SofiaSans_800ExtraBold type: ttf path: assets/node_modules/.pnpm/@expo-google-fonts+sofia-sans@0.4.3/node_modules/@expo-google-fonts/sofia-sans/800ExtraBold
	Result        : file:///Users/valentinasenov/Library/Developer/CoreSimulator/Devices/4EC5F74C-5A9C-4D89-8E44-374310E684AE/data/Containers/Bundle/Application/F3147808-5ECA-491B-9ADC-3DA9921C01A2/YourSofia.app/assets/node_modules/.pnpm/@expo-google-fonts+sofia-sans@0.4.3/node_modules/@expo-google-fonts/sofia-sans/800ExtraBold/SofiaSans_800ExtraBold.ttf
2026-08-17 11:34:36.214 Db YourSofia[1177:3235b5] [com.apple.CFBundle:resources] Resource lookup at CFBundle 0x600003b04540 </Users/valentinasenov/Library/Developer/CoreSimulator/Devices/4EC5F74C-5A9C-4D89-8E44-374310E684AE/data/Containers/Bundle/Application/F3147808-5ECA-491B-9ADC-3DA9921C01A2/YourSofia.app> (executable, loaded)
	Request       : SofiaSans_900Black type: ttf path: assets/node_modules/.pnpm/@expo-google-fonts+sofia-sans@0.4.3/node_modules/@expo-google-fonts/sofia-sans/900Black
	Result        : file:///Users/valentinasenov/Library/Developer/CoreSimulator/Devices/4EC5F74C-5A9C-4D89-8E44-374310E684AE/data/Containers/Bundle/Application/F3147808-5ECA-491B-9ADC-3DA9921C01A2/YourSofia.app/assets/node_modules/.pnpm/@expo-google-fonts+sofia-sans@0.4.3/node_modules/@expo-google-fonts/sofia-sans/900Black/SofiaSans_900Black.ttf
2026-08-17 11:34:36.214 Db YourSofia[1177:3235b5] [com.apple.CFBundle:resources] Resource lookup at CFBundle 0x600003b04540 </Users/valentinasenov/Library/Developer/CoreSimulator/Devices/4EC5F74C-5A9C-4D89-8E44-374310E684AE/data/Containers/Bundle/Application/F3147808-5ECA-491B-9ADC-3DA9921C01A2/YourSofia.app> (executable, loaded)
	Request       : SofiaSans_100Thin_Italic type: ttf path: assets/node_modules/.pnpm/@expo-google-fonts+sofia-sans@0.4.3/node_modules/@expo-google-fonts/sofia-sans/100Thin_Italic
	Result        : file:///Users/valentinasenov/Library/Developer/CoreSimulator/Devices/4EC5F74C-5A9C-4D89-8E44-374310E684AE/data/Containers/Bundle/Application/F3147808-5ECA-491B-9ADC-3DA9921C01A2/YourSofia.app/assets/node_modules/.pnpm/@expo-google-fonts+sofia-sans@0.4.3/node_modules/@expo-google-fonts/sofia-sans/100Thin_Italic/SofiaSans_100Thin_Italic.ttf
2026-08-17 11:34:36.214 Db YourSofia[1177:3235b5] [com.apple.CFBundle:resources] Resource lookup at CFBundle 0x600003b04540 </Users/valentinasenov/Library/Developer/CoreSimulator/Devices/4EC5F74C-5A9C-4D89-8E44-374310E684AE/data/Containers/Bundle/Application/F3147808-5ECA-491B-9ADC-3DA9921C01A2/YourSofia.app> (executable, loaded)
	Request       : SofiaSans_200ExtraLight_Italic type: ttf path: assets/node_modules/.pnpm/@expo-google-fonts+sofia-sans@0.4.3/node_modules/@expo-google-fonts/sofia-sans/200ExtraLight_Italic
	Result        : file:///Users/valentinasenov/Library/Developer/CoreSimulator/Devices/4EC5F74C-5A9C-4D89-8E44-374310E684AE/data/Containers/Bundle/Application/F3147808-5ECA-491B-9ADC-3DA9921C01A2/YourSofia.app/assets/node_modules/.pnpm/@expo-google-fonts+sofia-sans@0.4.3/node_modules/@expo-google-fonts/sofia-sans/200ExtraLight_Italic/SofiaSans_200ExtraLight_Italic.ttf
2026-08-17 11:34:36.214 Db YourSofia[1177:3235b5] [com.apple.CFBundle:resources] Resource lookup at CFBundle 0x600003b04540 </Users/valentinasenov/Library/Developer/CoreSimulator/Devices/4EC5F74C-5A9C-4D89-8E44-374310E684AE/data/Containers/Bundle/Application/F3147808-5ECA-491B-9ADC-3DA9921C01A2/YourSofia.app> (executable, loaded)
	Request       : SofiaSans_300Light_Italic type: ttf path: assets/node_modules/.pnpm/@expo-google-fonts+sofia-sans@0.4.3/node_modules/@expo-google-fonts/sofia-sans/300Light_Italic
	Result        : file:///Users/valentinasenov/Library/Developer/CoreSimulator/Devices/4EC5F74C-5A9C-4D89-8E44-374310E684AE/data/Containers/Bundle/Application/F3147808-5ECA-491B-9ADC-3DA9921C01A2/YourSofia.app/assets/node_modules/.pnpm/@expo-google-fonts+sofia-sans@0.4.3/node_modules/@expo-google-fonts/sofia-sans/300Light_Italic/SofiaSans_300Light_Italic.ttf
2026-08-17 11:34:36.214 Db YourSofia[1177:3235b5] [com.apple.CFBundle:resources] Resource lookup at CFBundle 0x600003b04540 </Users/valentinasenov/Library/Developer/CoreSimulator/Devices/4EC5F74C-5A9C-4D89-8E44-374310E684AE/data/Containers/Bundle/Application/F3147808-5ECA-491B-9ADC-3DA9921C01A2/YourSofia.app> (executable, loaded)
	Request       : SofiaSans_400Regular_Italic type: ttf path: assets/node_modules/.pnpm/@expo-google-fonts+sofia-sans@0.4.3/node_modules/@expo-google-fonts/sofia-sans/400Regular_Italic
	Result        : file:///Users/valentinasenov/Library/Developer/CoreSimulator/Devices/4EC5F74C-5A9C-4D89-8E44-374310E684AE/data/Containers/Bundle/Application/F3147808-5ECA-491B-9ADC-3DA9921C01A2/YourSofia.app/assets/node_modules/.pnpm/@expo-google-fonts+sofia-sans@0.4.3/node_modules/@expo-google-fonts/sofia-sans/400Regular_Italic/SofiaSans_400Regular_Italic.ttf
2026-08-17 11:34:36.215 Db YourSofia[1177:3235b5] [com.apple.CFBundle:resources] Resource lookup at CFBundle 0x600003b04540 </Users/valentinasenov/Library/Developer/CoreSimulator/Devices/4EC5F74C-5A9C-4D89-8E44-374310E684AE/data/Containers/Bundle/Application/F3147808-5ECA-491B-9ADC-3DA9921C01A2/YourSofia.app> (executable, loaded)
	Request       : SofiaSans_500Medium_Italic type: ttf path: assets/node_modules/.pnpm/@expo-google-fonts+sofia-sans@0.4.3/node_modules/@expo-google-fonts/sofia-sans/500Medium_Italic
	Result        : file:///Users/valentinasenov/Library/Developer/CoreSimulator/Devices/4EC5F74C-5A9C-4D89-8E44-374310E684AE/data/Containers/Bundle/Application/F3147808-5ECA-491B-9ADC-3DA9921C01A2/YourSofia.app/assets/node_modules/.pnpm/@expo-google-fonts+sofia-sans@0.4.3/node_modules/@expo-google-fonts/sofia-sans/500Medium_Italic/SofiaSans_500Medium_Italic.ttf
2026-08-17 11:34:36.215 Db YourSofia[1177:3235b5] [com.apple.CFBundle:resources] Resource lookup at CFBundle 0x600003b04540 </Users/valentinasenov/Library/Developer/CoreSimulator/Devices/4EC5F74C-5A9C-4D89-8E44-374310E684AE/data/Containers/Bundle/Application/F3147808-5ECA-491B-9ADC-3DA9921C01A2/YourSofia.app> (executable, loaded)
	Request       : SofiaSans_600SemiBold_Italic type: ttf path: assets/node_modules/.pnpm/@expo-google-fonts+sofia-sans@0.4.3/node_modules/@expo-google-fonts/sofia-sans/600SemiBold_Italic
	Result        : file:///Users/valentinasenov/Library/Developer/CoreSimulator/Devices/4EC5F74C-5A9C-4D89-8E44-374310E684AE/data/Containers/Bundle/Application/F3147808-5ECA-491B-9ADC-3DA9921C01A2/YourSofia.app/assets/node_modules/.pnpm/@expo-google-fonts+sofia-sans@0.4.3/node_modules/@expo-google-fonts/sofia-sans/600SemiBold_Italic/SofiaSans_600SemiBold_Italic.ttf
2026-08-17 11:34:36.215 Db YourSofia[1177:3235b5] [com.apple.CFBundle:resources] Resource lookup at CFBundle 0x600003b04540 </Users/valentinasenov/Library/Developer/CoreSimulator/Devices/4EC5F74C-5A9C-4D89-8E44-374310E684AE/data/Containers/Bundle/Application/F3147808-5ECA-491B-9ADC-3DA9921C01A2/YourSofia.app> (executable, loaded)
	Request       : SofiaSans_700Bold_Italic type: ttf path: assets/node_modules/.pnpm/@expo-google-fonts+sofia-sans@0.4.3/node_modules/@expo-google-fonts/sofia-sans/700Bold_Italic
	Result        : file:///Users/valentinasenov/Library/Developer/CoreSimulator/Devices/4EC5F74C-5A9C-4D89-8E44-374310E684AE/data/Containers/Bundle/Application/F3147808-5ECA-491B-9ADC-3DA9921C01A2/YourSofia.app/assets/node_modules/.pnpm/@expo-google-fonts+sofia-sans@0.4.3/node_modules/@expo-google-fonts/sofia-sans/700Bold_Italic/SofiaSans_700Bold_Italic.ttf
2026-08-17 11:34:36.215 Db YourSofia[1177:3235b5] [com.apple.CFBundle:resources] Resource lookup at CFBundle 0x600003b04540 </Users/valentinasenov/Library/Developer/CoreSimulator/Devices/4EC5F74C-5A9C-4D89-8E44-374310E684AE/data/Containers/Bundle/Application/F3147808-5ECA-491B-9ADC-3DA9921C01A2/YourSofia.app> (executable, loaded)
	Request       : SofiaSans_800ExtraBold_Italic type: ttf path: assets/node_modules/.pnpm/@expo-google-fonts+sofia-sans@0.4.3/node_modules/@expo-google-fonts/sofia-sans/800ExtraBold_Italic
	Result        : file:///Users/valentinasenov/Library/Developer/CoreSimulator/Devices/4EC5F74C-5A9C-4D89-8E44-374310E684AE/data/Containers/Bundle/Application/F3147808-5ECA-491B-9ADC-3DA9921C01A2/YourSofia.app/assets/node_modules/.pnpm/@expo-google-fonts+sofia-sans@0.4.3/node_modules/@expo-google-fonts/sofia-sans/800ExtraBold_Italic/SofiaSans_800ExtraBold_Italic.ttf
2026-08-17 11:34:36.215 Db YourSofia[1177:3235b5] [com.apple.CFBundle:resources] Resource lookup at CFBundle 0x600003b04540 </Users/valentinasenov/Library/Developer/CoreSimulator/Devices/4EC5F74C-5A9C-4D89-8E44-374310E684AE/data/Containers/Bundle/Application/F3147808-5ECA-491B-9ADC-3DA9921C01A2/YourSofia.app> (executable, loaded)
	Request       : SofiaSans_900Black_Italic type: ttf path: assets/node_modules/.pnpm/@expo-google-fonts+sofia-sans@0.4.3/node_modules/@expo-google-fonts/sofia-sans/900Black_Italic
	Result        : file:///Users/valentinasenov/Library/Developer/CoreSimulator/Devices/4EC5F74C-5A9C-4D89-8E44-374310E684AE/data/Containers/Bundle/Application/F3147808-5ECA-491B-9ADC-3DA9921C01A2/YourSofia.app/assets/node_modules/.pnpm/@expo-google-fonts+sofia-sans@0.4.3/node_modules/@expo-google-fonts/sofia-sans/900Black_Italic/SofiaSans_900Black_Italic.ttf
2026-08-17 11:34:36.215 Db YourSofia[1177:3235b5] [com.apple.CFBundle:resources] Resource lookup at CFBundle 0x600003b04540 </Users/valentinasenov/Library/Developer/CoreSimulator/Devices/4EC5F74C-5A9C-4D89-8E44-374310E684AE/data/Containers/Bundle/Application/F3147808-5ECA-491B-9ADC-3DA9921C01A2/YourSofia.app> (executable, loaded)
	Request       : JetBrainsMono_100Thin type: ttf path: assets/node_modules/.pnpm/@expo-google-fonts+jetbrains-mono@0.4.1/node_modules/@expo-google-fonts/jetbrains-mono/100Thin
	Result        : file:///Users/valentinasenov/Library/Developer/CoreSimulator/Devices/4EC5F74C-5A9C-4D89-8E44-374310E684AE/data/Containers/Bundle/Application/F3147808-5ECA-491B-9ADC-3DA9921C01A2/YourSofia.app/assets/node_modules/.pnpm/@expo-google-fonts+jetbrains-mono@0.4.1/node_modules/@expo-google-fonts/jetbrains-mono/100Thin/JetBrainsMono_100Thin.ttf
2026-08-17 11:34:36.215 Db YourSofia[1177:3235b5] [com.apple.CFBundle:resources] Resource lookup at CFBundle 0x600003b04540 </Users/valentinasenov/Library/Developer/CoreSimulator/Devices/4EC5F74C-5A9C-4D89-8E44-374310E684AE/data/Containers/Bundle/Application/F3147808-5ECA-491B-9ADC-3DA9921C01A2/YourSofia.app> (executable, loaded)
	Request       : JetBrainsMono_200ExtraLight type: ttf path: assets/node_modules/.pnpm/@expo-google-fonts+jetbrains-mono@0.4.1/node_modules/@expo-google-fonts/jetbrains-mono/200ExtraLight
	Result        : file:///Users/valentinasenov/Library/Developer/CoreSimulator/Devices/4EC5F74C-5A9C-4D89-8E44-374310E684AE/data/Containers/Bundle/Application/F3147808-5ECA-491B-9ADC-3DA9921C01A2/YourSofia.app/assets/node_modules/.pnpm/@expo-google-fonts+jetbrains-mono@0.4.1/node_modules/@expo-google-fonts/jetbrains-mono/200ExtraLight/JetBrainsMono_200ExtraLight.ttf
2026-08-17 11:34:36.215 Db YourSofia[1177:3235b5] [com.apple.CFBundle:resources] Resource lookup at CFBundle 0x600003b04540 </Users/valentinasenov/Library/Developer/CoreSimulator/Devices/4EC5F74C-5A9C-4D89-8E44-374310E684AE/data/Containers/Bundle/Application/F3147808-5ECA-491B-9ADC-3DA9921C01A2/YourSofia.app> (executable, loaded)
	Request       : JetBrainsMono_300Light type: ttf path: assets/node_modules/.pnpm/@expo-google-fonts+jetbrains-mono@0.4.1/node_modules/@expo-google-fonts/jetbrains-mono/300Light
	Result        : file:///Users/valentinasenov/Library/Developer/CoreSimulator/Devices/4EC5F74C-5A9C-4D89-8E44-374310E684AE/data/Containers/Bundle/Application/F3147808-5ECA-491B-9ADC-3DA9921C01A2/YourSofia.app/assets/node_modules/.pnpm/@expo-google-fonts+jetbrains-mono@0.4.1/node_modules/@expo-google-fonts/jetbrains-mono/300Light/JetBrainsMono_300Light.ttf
2026-08-17 11:34:36.215 Db YourSofia[1177:3235b5] [com.apple.CFBundle:resources] Resource lookup at CFBundle 0x600003b04540 </Users/valentinasenov/Library/Developer/CoreSimulator/Devices/4EC5F74C-5A9C-4D89-8E44-374310E684AE/data/Containers/Bundle/Application/F3147808-5ECA-491B-9ADC-3DA9921C01A2/YourSofia.app> (executable, loaded)
	Request       : JetBrainsMono_400Regular type: ttf path: assets/node_modules/.pnpm/@expo-google-fonts+jetbrains-mono@0.4.1/node_modules/@expo-google-fonts/jetbrains-mono/400Regular
	Result        : file:///Users/valentinasenov/Library/Developer/CoreSimulator/Devices/4EC5F74C-5A9C-4D89-8E44-374310E684AE/data/Containers/Bundle/Application/F3147808-5ECA-491B-9ADC-3DA9921C01A2/YourSofia.app/assets/node_modules/.pnpm/@expo-google-fonts+jetbrains-mono@0.4.1/node_modules/@expo-google-fonts/jetbrains-mono/400Regular/JetBrainsMono_400Regular.ttf
2026-08-17 11:34:36.215 Db YourSofia[1177:3235b5] [com.apple.CFBundle:resources] Resource lookup at CFBundle 0x600003b04540 </Users/valentinasenov/Library/Developer/CoreSimulator/Devices/4EC5F74C-5A9C-4D89-8E44-374310E684AE/data/Containers/Bundle/Application/F3147808-5ECA-491B-9ADC-3DA9921C01A2/YourSofia.app> (executable, loaded)
	Request       : JetBrainsMono_600SemiBold type: ttf path: assets/node_modules/.pnpm/@expo-google-fonts+jetbrains-mono@0.4.1/node_modules/@expo-google-fonts/jetbrains-mono/600SemiBold
	Result        : file:///Users/valentinasenov/Library/Developer/CoreSimulator/Devices/4EC5F74C-5A9C-4D89-8E44-374310E684AE/data/Containers/Bundle/Application/F3147808-5ECA-491B-9ADC-3DA9921C01A2/YourSofia.app/assets/node_modules/.pnpm/@expo-google-fonts+jetbrains-mono@0.4.1/node_modules/@expo-google-fonts/jetbrains-mono/600SemiBold/JetBrainsMono_600SemiBold.ttf
2026-08-17 11:34:36.215 Db YourSofia[1177:3235b5] [com.apple.CFBundle:resources] Resource lookup at CFBundle 0x600003b04540 </Users/valentinasenov/Library/Developer/CoreSimulator/Devices/4EC5F74C-5A9C-4D89-8E44-374310E684AE/data/Containers/Bundle/Application/F3147808-5ECA-491B-9ADC-3DA9921C01A2/YourSofia.app> (executable, loaded)
	Request       : JetBrainsMono_700Bold type: ttf path: assets/node_modules/.pnpm/@expo-google-fonts+jetbrains-mono@0.4.1/node_modules/@expo-google-fonts/jetbrains-mono/700Bold
	Result        : file:///Users/valentinasenov/Library/Developer/CoreSimulator/Devices/4EC5F74C-5A9C-4D89-8E44-374310E684AE/data/Containers/Bundle/Application/F3147808-5ECA-491B-9ADC-3DA9921C01A2/YourSofia.app/assets/node_modules/.pnpm/@expo-google-fonts+jetbrains-mono@0.4.1/node_modules/@expo-google-fonts/jetbrains-mono/700Bold/JetBrainsMono_700Bold.ttf
2026-08-17 11:34:36.216 Db YourSofia[1177:3235b5] [com.apple.CFBundle:resources] Resource lookup at CFBundle 0x600003b04540 </Users/valentinasenov/Library/Developer/CoreSimulator/Devices/4EC5F74C-5A9C-4D89-8E44-374310E684AE/data/Containers/Bundle/Application/F3147808-5ECA-491B-9ADC-3DA9921C01A2/YourSofia.app> (executable, loaded)
	Request       : JetBrainsMono_800ExtraBold type: ttf path: assets/node_modules/.pnpm/@expo-google-fonts+jetbrains-mono@0.4.1/node_modules/@expo-google-fonts/jetbrains-mono/800ExtraBold
	Result        : file:///Users/valentinasenov/Library/Developer/CoreSimulator/Devices/4EC5F74C-5A9C-4D89-8E44-374310E684AE/data/Containers/Bundle/Application/F3147808-5ECA-491B-9ADC-3DA9921C01A2/YourSofia.app/assets/node_modules/.pnpm/@expo-google-fonts+jetbrains-mono@0.4.1/node_modules/@expo-google-fonts/jetbrains-mono/800ExtraBold/JetBrainsMono_800ExtraBold.ttf
2026-08-17 11:34:36.216 Db YourSofia[1177:3235b5] [com.apple.CFBundle:resources] Resource lookup at CFBundle 0x600003b04540 </Users/valentinasenov/Library/Developer/CoreSimulator/Devices/4EC5F74C-5A9C-4D89-8E44-374310E684AE/data/Containers/Bundle/Application/F3147808-5ECA-491B-9ADC-3DA9921C01A2/YourSofia.app> (executable, loaded)
	Request       : JetBrainsMono_100Thin_Italic type: ttf path: assets/node_modules/.pnpm/@expo-google-fonts+jetbrains-mono@0.4.1/node_modules/@expo-google-fonts/jetbrains-mono/100Thin_Italic
	Result        : file:///Users/valentinasenov/Library/Developer/CoreSimulator/Devices/4EC5F74C-5A9C-4D89-8E44-374310E684AE/data/Containers/Bundle/Application/F3147808-5ECA-491B-9ADC-3DA9921C01A2/YourSofia.app/assets/node_modules/.pnpm/@expo-google-fonts+jetbrains-mono@0.4.1/node_modules/@expo-google-fonts/jetbrains-mono/100Thin_Italic/JetBrainsMono_100Thin_Italic.ttf
2026-08-17 11:34:36.216 Db YourSofia[1177:3235b5] [com.apple.CFBundle:resources] Resource lookup at CFBundle 0x600003b04540 </Users/valentinasenov/Library/Developer/CoreSimulator/Devices/4EC5F74C-5A9C-4D89-8E44-374310E684AE/data/Containers/Bundle/Application/F3147808-5ECA-491B-9ADC-3DA9921C01A2/YourSofia.app> (executable, loaded)
	Request       : JetBrainsMono_200ExtraLight_Italic type: ttf path: assets/node_modules/.pnpm/@expo-google-fonts+jetbrains-mono@0.4.1/node_modules/@expo-google-fonts/jetbrains-mono/200ExtraLight_Italic
	Result        : file:///Users/valentinasenov/Library/Developer/CoreSimulator/Devices/4EC5F74C-5A9C-4D89-8E44-374310E684AE/data/Containers/Bundle/Application/F3147808-5ECA-491B-9ADC-3DA9921C01A2/YourSofia.app/assets/node_modules/.pnpm/@expo-google-fonts+jetbrains-mono@0.4.1/node_modules/@expo-google-fonts/jetbrains-mono/200ExtraLight_Italic/JetBrainsMono_200ExtraLight_Italic.ttf
2026-08-17 11:34:36.216 Db YourSofia[1177:3235b5] [com.apple.CFBundle:resources] Resource lookup at CFBundle 0x600003b04540 </Users/valentinasenov/Library/Developer/CoreSimulator/Devices/4EC5F74C-5A9C-4D89-8E44-374310E684AE/data/Containers/Bundle/Application/F3147808-5ECA-491B-9ADC-3DA9921C01A2/YourSofia.app> (executable, loaded)
	Request       : JetBrainsMono_300Light_Italic type: ttf path: assets/node_modules/.pnpm/@expo-google-fonts+jetbrains-mono@0.4.1/node_modules/@expo-google-fonts/jetbrains-mono/300Light_Italic
	Result        : file:///Users/valentinasenov/Library/Developer/CoreSimulator/Devices/4EC5F74C-5A9C-4D89-8E44-374310E684AE/data/Containers/Bundle/Application/F3147808-5ECA-491B-9ADC-3DA9921C01A2/YourSofia.app/assets/node_modules/.pnpm/@expo-google-fonts+jetbrains-mono@0.4.1/node_modules/@expo-google-fonts/jetbrains-mono/300Light_Italic/JetBrainsMono_300Light_Italic.ttf
2026-08-17 11:34:36.216 Db YourSofia[1177:3235b5] [com.apple.CFBundle:resources] Resource lookup at CFBundle 0x600003b04540 </Users/valentinasenov/Library/Developer/CoreSimulator/Devices/4EC5F74C-5A9C-4D89-8E44-374310E684AE/data/Containers/Bundle/Application/F3147808-5ECA-491B-9ADC-3DA9921C01A2/YourSofia.app> (executable, loaded)
	Request       : JetBrainsMono_400Regular_Italic type: ttf path: assets/node_modules/.pnpm/@expo-google-fonts+jetbrains-mono@0.4.1/node_modules/@expo-google-fonts/jetbrains-mono/400Regular_Italic
	Result        : file:///Users/valentinasenov/Library/Developer/CoreSimulator/Devices/4EC5F74C-5A9C-4D89-8E44-374310E684AE/data/Containers/Bundle/Application/F3147808-5ECA-491B-9ADC-3DA9921C01A2/YourSofia.app/assets/node_modules/.pnpm/@expo-google-fonts+jetbrains-mono@0.4.1/node_modules/@expo-google-fonts/jetbrains-mono/400Regular_Italic/JetBrainsMono_400Regular_Italic.ttf
2026-08-17 11:34:36.216 Db YourSofia[1177:3235b5] [com.apple.CFBundle:resources] Resource lookup at CFBundle 0x600003b04540 </Users/valentinasenov/Library/Developer/CoreSimulator/Devices/4EC5F74C-5A9C-4D89-8E44-374310E684AE/data/Containers/Bundle/Application/F3147808-5ECA-491B-9ADC-3DA9921C01A2/YourSofia.app> (executable, loaded)
	Request       : JetBrainsMono_500Medium_Italic type: ttf path: assets/node_modules/.pnpm/@expo-google-fonts+jetbrains-mono@0.4.1/node_modules/@expo-google-fonts/jetbrains-mono/500Medium_Italic
	Result        : file:///Users/valentinasenov/Library/Developer/CoreSimulator/Devices/4EC5F74C-5A9C-4D89-8E44-374310E684AE/data/Containers/Bundle/Application/F3147808-5ECA-491B-9ADC-3DA9921C01A2/YourSofia.app/assets/node_modules/.pnpm/@expo-google-fonts+jetbrains-mono@0.4.1/node_modules/@expo-google-fonts/jetbrains-mono/500Medium_Italic/JetBrainsMono_500Medium_Italic.ttf
2026-08-17 11:34:36.216 Db YourSofia[1177:3235b5] [com.apple.CFBundle:resources] Resource lookup at CFBundle 0x600003b04540 </Users/valentinasenov/Library/Developer/CoreSimulator/Devices/4EC5F74C-5A9C-4D89-8E44-374310E684AE/data/Containers/Bundle/Application/F3147808-5ECA-491B-9ADC-3DA9921C01A2/YourSofia.app> (executable, loaded)
	Request       : JetBrainsMono_600SemiBold_Italic type: ttf path: assets/node_modules/.pnpm/@expo-google-fonts+jetbrains-mono@0.4.1/node_modules/@expo-google-fonts/jetbrains-mono/600SemiBold_Italic
	Result        : file:///Users/valentinasenov/Library/Developer/CoreSimulator/Devices/4EC5F74C-5A9C-4D89-8E44-374310E684AE/data/Containers/Bundle/Application/F3147808-5ECA-491B-9ADC-3DA9921C01A2/YourSofia.app/assets/node_modules/.pnpm/@expo-google-fonts+jetbrains-mono@0.4.1/node_modules/@expo-google-fonts/jetbrains-mono/600SemiBold_Italic/JetBrainsMono_600SemiBold_Italic.ttf
2026-08-17 11:34:36.216 Db YourSofia[1177:3235b5] [com.apple.CFBundle:resources] Resource lookup at CFBundle 0x600003b04540 </Users/valentinasenov/Library/Developer/CoreSimulator/Devices/4EC5F74C-5A9C-4D89-8E44-374310E684AE/data/Containers/Bundle/Application/F3147808-5ECA-491B-9ADC-3DA9921C01A2/YourSofia.app> (executable, loaded)
	Request       : JetBrainsMono_700Bold_Italic type: ttf path: assets/node_modules/.pnpm/@expo-google-fonts+jetbrains-mono@0.4.1/node_modules/@expo-google-fonts/jetbrains-mono/700Bold_Italic
	Result        : file:///Users/valentinasenov/Library/Developer/CoreSimulator/Devices/4EC5F74C-5A9C-4D89-8E44-374310E684AE/data/Containers/Bundle/Application/F3147808-5ECA-491B-9ADC-3DA9921C01A2/YourSofia.app/assets/node_modules/.pnpm/@expo-google-fonts+jetbrains-mono@0.4.1/node_modules/@expo-google-fonts/jetbrains-mono/700Bold_Italic/JetBrainsMono_700Bold_Italic.ttf
2026-08-17 11:34:36.216 Db YourSofia[1177:3235b5] [com.apple.CFBundle:resources] Resource lookup at CFBundle 0x600003b04540 </Users/valentinasenov/Library/Developer/CoreSimulator/Devices/4EC5F74C-5A9C-4D89-8E44-374310E684AE/data/Containers/Bundle/Application/F3147808-5ECA-491B-9ADC-3DA9921C01A2/YourSofia.app> (executable, loaded)
	Request       : JetBrainsMono_800ExtraBold_Italic type: ttf path: assets/node_modules/.pnpm/@expo-google-fonts+jetbrains-mono@0.4.1/node_modules/@expo-google-fonts/jetbrains-mono/800ExtraBold_Italic
	Result        : file:///Users/valentinasenov/Library/Developer/CoreSimulator/Devices/4EC5F74C-5A9C-4D89-8E44-374310E684AE/data/Containers/Bundle/Application/F3147808-5ECA-491B-9ADC-3DA9921C01A2/YourSofia.app/assets/node_modules/.pnpm/@expo-google-fonts+jetbrains-mono@0.4.1/node_modules/@expo-google-fonts/jetbrains-mono/800ExtraBold_Italic/JetBrainsMono_800ExtraBold_Italic.ttf
2026-08-17 11:34:36.216 Db YourSofia[1177:3235b5] [com.apple.CFBundle:resources] Resource lookup at CFBundle 0x600003b04540 </Users/valentinasenov/Library/Developer/CoreSimulator/Devices/4EC5F74C-5A9C-4D89-8E44-374310E684AE/data/Containers/Bundle/Application/F3147808-5ECA-491B-9ADC-3DA9921C01A2/YourSofia.app> (executable, loaded)
	Request       : sofia-gerb type: png path: assets/assets/images
	Result        : file:///Users/valentinasenov/Library/Developer/CoreSimulator/Devices/4EC5F74C-5A9C-4D89-8E44-374310E684AE/data/Containers/Bundle/Application/F3147808-5ECA-491B-9ADC-3DA9921C01A2/YourSofia.app/assets/assets/images/sofia-gerb.png
2026-08-17 11:34:36.217 Db YourSofia[1177:3235bc] [com.apple.CFBundle:resources] Resource lookup at CFBundle 0x600003b04540 </Users/valentinasenov/Library/Developer/CoreSimulator/Devices/4EC5F74C-5A9C-4D89-8E44-374310E684AE/data/Containers/Bundle/Application/F3147808-5ECA-491B-9ADC-3DA9921C01A2/YourSofia.app> (executable, loaded)
	Request       : main type: jsbundle
	Result        : file:///Users/valentinasenov/Library/Developer/CoreSimulator/Devices/4EC5F74C-5A9C-4D89-8E44-374310E684AE/data/Containers/Bundle/Application/F3147808-5ECA-491B-9ADC-3DA9921C01A2/YourSofia.app/main.jsbundle
2026-08-17 11:34:36.217 Db YourSofia[1177:3235bc] [com.apple.CFBundle:resources] Resource lookup at CFBundle 0x600003b04540 </Users/valentinasenov/Library/Developer/CoreSimulator/Devices/4EC5F74C-5A9C-4D89-8E44-374310E684AE/data/Containers/Bundle/Application/F3147808-5ECA-491B-9ADC-3DA9921C01A2/YourSofia.app> (executable, loaded)
	Request       : back-icon type: png path: assets/node_modules/.pnpm/@react-navigation+elements@2.6.4_@react-navigation+native@7.1.17_react-native@0.81.5_@b_28a2c3a7af745b08fd3e3ec803bf51ba/node_modules/@react-navigation/elements/lib/module/assets
	Result        : file:///Users/valentinasenov/Library/Developer/CoreSimulator/Devices/4EC5F74C-5A9C-4D89-8E44-374310E684AE/data/Containers/Bundle/Application/F3147808-5ECA-491B-9ADC-3DA9921C01A2/YourSofia.app/assets/node_modules/.pnpm/@react-navigation+elements@2.6.4_@react-navigation+native@7.1.17_react-native@0.81.5_@b_28a2c3a7af745b08fd3e3ec803bf51ba/node_modules/@react-navigation/elements/lib/module/assets/back-icon.png
2026-08-17 11:34:36.218 Db YourSofia[1177:3235bc] [com.apple.CFBundle:resources] Resource lookup at CFBundle 0x600003b04540 </Users/valentinasenov/Library/Developer/CoreSimulator/Devices/4EC5F74C-5A9C-4D89-8E44-374310E684AE/data/Containers/Bundle/Application/F3147808-5ECA-491B-9ADC-3DA9921C01A2/YourSofia.app> (executable, loaded)
	Request       : back-icon@2x type: png path: assets/node_modules/.pnpm/@react-navigation+elements@2.6.4_@react-navigation+native@7.1.17_react-native@0.81.5_@b_28a2c3a7af745b08fd3e3ec803bf51ba/node_modules/@react-navigation/elements/lib/module/assets
	Result        : file:///Users/valentinasenov/Library/Developer/CoreSimulator/Devices/4EC5F74C-5A9C-4D89-8E44-374310E684AE/data/Containers/Bundle/Application/F3147808-5ECA-491B-9ADC-3DA9921C01A2/YourSofia.app/assets/node_modules/.pnpm/@react-navigation+elements@2.6.4_@react-navigation+native@7.1.17_react-native@0.81.5_@b_28a2c3a7af745b08fd3e3ec803bf51ba/node_modules/@react-navigation/elements/lib/module/assets/back-icon@2x.png
2026-08-17 11:34:36.219 Db YourSofia[1177:3235bc] [com.apple.CFBundle:resources] Resource lookup at CFBundle 0x600003b04540 </Users/valentinasenov/Library/Developer/CoreSimulator/Devices/4EC5F74C-5A9C-4D89-8E44-374310E684AE/data/Containers/Bundle/Application/F3147808-5ECA-491B-9ADC-3DA9921C01A2/YourSofia.app> (executable, loaded)
	Request       : back-icon@3x type: png path: assets/node_modules/.pnpm/@react-navigation+elements@2.6.4_@react-navigation+native@7.1.17_react-native@0.81.5_@b_28a2c3a7af745b08fd3e3ec803bf51ba/node_modules/@react-navigation/elements/lib/module/assets
	Result        : file:///Users/valentinasenov/Library/Developer/CoreSimulator/Devices/4EC5F74C-5A9C-4D89-8E44-374310E684AE/data/Containers/Bundle/Application/F3147808-5ECA-491B-9ADC-3DA9921C01A2/YourSofia.app/assets/node_modules/.pnpm/@react-navigation+elements@2.6.4_@react-navigation+native@7.1.17_react-native@0.81.5_@b_28a2c3a7af745b08fd3e3ec803bf51ba/node_modules/@react-navigation/elements/lib/module/assets/back-icon@3x.png
2026-08-17 11:34:36.220 Db YourSofia[1177:3235bc] [com.apple.CFBundle:resources] Resource lookup at CFBundle 0x600003b04540 </Users/valentinasenov/Library/Developer/CoreSimulator/Devices/4EC5F74C-5A9C-4D89-8E44-374310E684AE/data/Containers/Bundle/Application/F3147808-5ECA-491B-9ADC-3DA9921C01A2/YourSofia.app> (executable, loaded)
	Request       : back-icon-mask type: png path: assets/node_modules/.pnpm/@react-navigation+elements@2.6.4_@react-navigation+native@7.1.17_react-native@0.81.5_@b_28a2c3a7af745b08fd3e3ec803bf51ba/node_modules/@react-navigation/elements/lib/module/assets
	Result        : file:///Users/valentinasenov/Library/Developer/CoreSimulator/Devices/4EC5F74C-5A9C-4D89-8E44-374310E684AE/data/Containers/Bundle/Application/F3147808-5ECA-491B-9ADC-3DA9921C01A2/YourSofia.app/assets/node_modules/.pnpm/@react-navigation+elements@2.6.4_@react-navigation+native@7.1.17_react-native@0.81.5_@b_28a2c3a7af745b08fd3e3ec803bf51ba/node_modules/@react-navigation/elements/lib/module/assets/back-icon-mask.png
2026-08-17 11:34:36.220 Db YourSofia[1177:3235bc] [com.apple.CFBundle:resources] Resource lookup at CFBundle 0x600003b04540 </Users/valentinasenov/Library/Developer/CoreSimulator/Devices/4EC5F74C-5A9C-4D89-8E44-374310E684AE/data/Containers/Bundle/Application/F3147808-5ECA-491B-9ADC-3DA9921C01A2/YourSofia.app> (executable, loaded)
	Request       : clear-icon type: png path: assets/node_modules/.pnpm/@react-navigation+elements@2.6.4_@react-navigation+native@7.1.17_react-native@0.81.5_@b_28a2c3a7af745b08fd3e3ec803bf51ba/node_modules/@react-navigation/elements/lib/module/assets
	Result        : file:///Users/valentinasenov/Library/Developer/CoreSimulator/Devices/4EC5F74C-5A9C-4D89-8E44-374310E684AE/data/Containers/Bundle/Application/F3147808-5ECA-491B-9ADC-3DA9921C01A2/YourSofia.app/assets/node_modules/.pnpm/@react-navigation+elements@2.6.4_@react-navigation+native@7.1.17_react-native@0.81.5_@b_28a2c3a7af745b08fd3e3ec803bf51ba/node_modules/@react-navigation/elements/lib/module/assets/clear-icon.png
2026-08-17 11:34:36.220 Db YourSofia[1177:3235bc] [com.apple.CFBundle:resources] Resource lookup at CFBundle 0x600003b04540 </Users/valentinasenov/Library/Developer/CoreSimulator/Devices/4EC5F74C-5A9C-4D89-8E44-374310E684AE/data/Containers/Bundle/Application/F3147808-5ECA-491B-9ADC-3DA9921C01A2/YourSofia.app> (executable, loaded)
	Request       : clear-icon type: png path: assets/node_modules/.pnpm/@react-navigation+elements@2.6.4_@react-navigation+native@7.1.17_react-native@0.81.5_@b_28a2c3a7af745b08fd3e3ec803bf51ba/node_modules/@react-navigation/elements/lib/module/assets
	Result        : file:///Users/valentinasenov/Library/Developer/CoreSimulator/Devices/4EC5F74C-5A9C-4D89-8E44-374310E684AE/data/Containers/Bundle/Application/F3147808-5ECA-491B-9ADC-3DA9921C01A2/YourSofia.app/assets/node_modules/.pnpm/@react-navigation+elements@2.6.4_@react-navigation+native@7.1.17_react-native@0.81.5_@b_28a2c3a7af745b08fd3e3ec803bf51ba/node_modules/@react-navigation/elements/lib/module/assets/clear-icon.png
2026-08-17 11:34:36.256 Db YourSofia[1177:3235bc] [com.apple.CFBundle:resources] Resource lookup at CFBundle 0x600003b04540 </Users/valentinasenov/Library/Developer/CoreSimulator/Devices/4EC5F74C-5A9C-4D89-8E44-374310E684AE/data/Containers/Bundle/Application/F3147808-5ECA-491B-9ADC-3DA9921C01A2/YourSofia.app> (executable, loaded)
	Request       : clear-icon@2x type: png path: assets/node_modules/.pnpm/@react-navigation+elements@2.6.4_@react-navigation+native@7.1.17_react-native@0.81.5_@b_28a2c3a7af745b08fd3e3ec803bf51ba/node_modules/@react-navigation/elements/lib/module/assets
	Result        : file:///Users/valentinasenov/Library/Developer/CoreSimulator/Devices/4EC5F74C-5A9C-4D89-8E44-374310E684AE/data/Containers/Bundle/Application/F3147808-5ECA-491B-9ADC-3DA9921C01A2/YourSofia.app/assets/node_modules/.pnpm/@react-navigation+elements@2.6.4_@react-navigation+native@7.1.17_react-native@0.81.5_@b_28a2c3a7af745b08fd3e3ec803bf51ba/node_modules/@react-navigation/elements/lib/module/assets/clear-icon@2x.png
2026-08-17 11:34:36.256 Db YourSofia[1177:3235bc] [com.apple.CFBundle:resources] Resource lookup at CFBundle 0x600003b04540 </Users/valentinasenov/Library/Developer/CoreSimulator/Devices/4EC5F74C-5A9C-4D89-8E44-374310E684AE/data/Containers/Bundle/Application/F3147808-5ECA-491B-9ADC-3DA9921C01A2/YourSofia.app> (executable, loaded)
	Request       : clear-icon@3x type: png path: assets/node_modules/.pnpm/@react-navigation+elements@2.6.4_@react-navigation+native@7.1.17_react-native@0.81.5_@b_28a2c3a7af745b08fd3e3ec803bf51ba/node_modules/@react-navigation/elements/lib/module/assets
	Result        : file:///Users/valentinasenov/Library/Developer/CoreSimulator/Devices/4EC5F74C-5A9C-4D89-8E44-374310E684AE/data/Containers/Bundle/Application/F3147808-5ECA-491B-9ADC-3DA9921C01A2/YourSofia.app/assets/node_modules/.pnpm/@react-navigation+elements@2.6.4_@react-navigation+native@7.1.17_react-native@0.81.5_@b_28a2c3a7af745b08fd3e3ec803bf51ba/node_modules/@react-navigation/elements/lib/module/assets/clear-icon@3x.png
2026-08-17 11:34:36.257 Db YourSofia[1177:323578] [com.apple.defaults:User Defaults] found no value for key __NSTextAttachmentAlwaysUsesAttachmentView in CFPrefsSearchListSource<0x600002c04180> (Domain: bg.sofia.yoursofia, Container: (null) Non-launch persona: 0)
2026-08-17 11:34:36.257 Db YourSofia[1177:3235bc] [com.apple.CFBundle:resources] Resource lookup at CFBundle 0x600003b04540 </Users/valentinasenov/Library/Developer/CoreSimulator/Devices/4EC5F74C-5A9C-4D89-8E44-374310E684AE/data/Containers/Bundle/Application/F3147808-5ECA-491B-9ADC-3DA9921C01A2/YourSofia.app> (executable, loaded)
	Request       : close-icon type: png path: assets/node_modules/.pnpm/@react-navigation+elements@2.6.4_@react-navigation+native@7.1.17_react-native@0.81.5_@b_28a2c3a7af745b08fd3e3ec803bf51ba/node_modules/@react-navigation/elements/lib/module/assets
	Result        : file:///Users/valentinasenov/Library/Developer/CoreSimulator/Devices/4EC5F74C-5A9C-4D89-8E44-374310E684AE/data/Containers/Bundle/Application/F3147808-5ECA-491B-9ADC-3DA9921C01A2/YourSofia.app/assets/node_modules/.pnpm/@react-navigation+elements@2.6.4_@react-navigation+native@7.1.17_react-native@0.81.5_@b_28a2c3a7af745b08fd3e3ec803bf51ba/node_modules/@react-navigation/elements/lib/module/assets/close-icon.png
2026-08-17 11:34:36.257 Db YourSofia[1177:3235bc] [com.apple.CFBundle:resources] Resource lookup at CFBundle 0x600003b04540 </Users/valentinasenov/Library/Developer/CoreSimulator/Devices/4EC5F74C-5A9C-4D89-8E44-374310E684AE/data/Containers/Bundle/Application/F3147808-5ECA-491B-9ADC-3DA9921C01A2/YourSofia.app> (executable, loaded)
	Request       : close-icon type: png path: assets/node_modules/.pnpm/@react-navigation+elements@2.6.4_@react-navigation+native@7.1.17_react-native@0.81.5_@b_28a2c3a7af745b08fd3e3ec803bf51ba/node_modules/@react-navigation/elements/lib/module/assets
	Result        : file:///Users/valentinasenov/Library/Developer/CoreSimulator/Devices/4EC5F74C-5A9C-4D89-8E44-374310E684AE/data/Containers/Bundle/Application/F3147808-5ECA-491B-9ADC-3DA9921C01A2/YourSofia.app/assets/node_modules/.pnpm/@react-navigation+elements@2.6.4_@react-navigation+native@7.1.17_react-native@0.81.5_@b_28a2c3a7af745b08fd3e3ec803bf51ba/node_modules/@react-navigation/elements/lib/module/assets/close-icon.png
2026-08-17 11:34:36.257 Db YourSofia[1177:3235bc] [com.apple.CFBundle:resources] Resource lookup at CFBundle 0x600003b04540 </Users/valentinasenov/Library/Developer/CoreSimulator/Devices/4EC5F74C-5A9C-4D89-8E44-374310E684AE/data/Containers/Bundle/Application/F3147808-5ECA-491B-9ADC-3DA9921C01A2/YourSofia.app> (executable, loaded)
	Request       : close-icon@2x type: png path: assets/node_modules/.pnpm/@react-navigation+elements@2.6.4_@react-navigation+native@7.1.17_react-native@0.81.5_@b_28a2c3a7af745b08fd3e3ec803bf51ba/node_modules/@react-navigation/elements/lib/module/assets
	Result        : file:///Users/valentinasenov/Library/Developer/CoreSimulator/Devices/4EC5F74C-5A9C-4D89-8E44-374310E684AE/data/Containers/Bundle/Application/F3147808-5ECA-491B-9ADC-3DA9921C01A2/YourSofia.app/assets/node_modules/.pnpm/@react-navigation+elements@2.6.4_@react-navigation+native@7.1.17_react-native@0.81.5_@b_28a2c3a7af745b08fd3e3ec803bf51ba/node_modules/@react-navigation/elements/lib/module/assets/close-icon@2x.png
2026-08-17 11:34:36.257 Db YourSofia[1177:3235bc] [com.apple.CFBundle:resources] Resource lookup at CFBundle 0x600003b04540 </Users/valentinasenov/Library/Developer/CoreSimulator/Devices/4EC5F74C-5A9C-4D89-8E44-374310E684AE/data/Containers/Bundle/Application/F3147808-5ECA-491B-9ADC-3DA9921C01A2/YourSofia.app> (executable, loaded)
	Request       : close-icon@3x type: png path: assets/node_modules/.pnpm/@react-navigation+elements@2.6.4_@react-navigation+native@7.1.17_react-native@0.81.5_@b_28a2c3a7af745b08fd3e3ec803bf51ba/node_modules/@react-navigation/elements/lib/module/assets
	Result        : file:///Users/valentinasenov/Library/Developer/CoreSimulator/Devices/4EC5F74C-5A9C-4D89-8E44-374310E684AE/data/Containers/Bundle/Application/F3147808-5ECA-491B-9ADC-3DA9921C01A2/YourSofia.app/assets/node_modules/.pnpm/@react-navigation+elements@2.6.4_@react-navigation+native@7.1.17_react-native@0.81.5_@b_28a2c3a7af745b08fd3e3ec803bf51ba/node_modules/@react-navigation/elements/lib/module/assets/close-icon@3x.png
2026-08-17 11:34:36.257 Db YourSofia[1177:3235bc] [com.apple.CFBundle:resources] Resource lookup at CFBundle 0x600003b04540 </Users/valentinasenov/Library/Developer/CoreSimulator/Devices/4EC5F74C-5A9C-4D89-8E44-374310E684AE/data/Containers/Bundle/Application/F3147808-5ECA-491B-9ADC-3DA9921C01A2/YourSofia.app> (executable, loaded)
	Request       : search-icon type: png path: assets/node_modules/.pnpm/@react-navigation+elements@2.6.4_@react-navigation+native@7.1.17_react-native@0.81.5_@b_28a2c3a7af745b08fd3e3ec803bf51ba/node_modules/@react-navigation/elements/lib/module/assets
	Result        : file:///Users/valentinasenov/Library/Developer/CoreSimulator/Devices/4EC5F74C-5A9C-4D89-8E44-374310E684AE/data/Containers/Bundle/Application/F3147808-5ECA-491B-9ADC-3DA9921C01A2/YourSofia.app/assets/node_modules/.pnpm/@react-navigation+elements@2.6.4_@react-navigation+native@7.1.17_react-native@0.81.5_@b_28a2c3a7af745b08fd3e3ec803bf51ba/node_modules/@react-navigation/elements/lib/module/assets/search-icon.png
2026-08-17 11:34:36.258 Db YourSofia[1177:3235bc] [com.apple.CFBundle:resources] Resource lookup at CFBundle 0x600003b04540 </Users/valentinasenov/Library/Developer/CoreSimulator/Devices/4EC5F74C-5A9C-4D89-8E44-374310E684AE/data/Containers/Bundle/Application/F3147808-5ECA-491B-9ADC-3DA9921C01A2/YourSofia.app> (executable, loaded)
	Request       : search-icon@2x type: png path: assets/node_modules/.pnpm/@react-navigation+elements@2.6.4_@react-navigation+native@7.1.17_react-native@0.81.5_@b_28a2c3a7af745b08fd3e3ec803bf51ba/node_modules/@react-navigation/elements/lib/module/assets
	Result        : file:///Users/valentinasenov/Library/Developer/CoreSimulator/Devices/4EC5F74C-5A9C-4D89-8E44-374310E684AE/data/Containers/Bundle/Application/F3147808-5ECA-491B-9ADC-3DA9921C01A2/YourSofia.app/assets/node_modules/.pnpm/@react-navigation+elements@2.6.4_@react-navigation+native@7.1.17_react-native@0.81.5_@b_28a2c3a7af745b08fd3e3ec803bf51ba/node_modules/@react-navigation/elements/lib/module/assets/search-icon@2x.png
2026-08-17 11:34:36.258 Db YourSofia[1177:3235bc] [com.apple.CFBundle:resources] Resource lookup at CFBundle 0x600003b04540 </Users/valentinasenov/Library/Developer/CoreSimulator/Devices/4EC5F74C-5A9C-4D89-8E44-374310E684AE/data/Containers/Bundle/Application/F3147808-5ECA-491B-9ADC-3DA9921C01A2/YourSofia.app> (executable, loaded)
	Request       : search-icon@3x type: png path: assets/node_modules/.pnpm/@react-navigation+elements@2.6.4_@react-navigation+native@7.1.17_react-native@0.81.5_@b_28a2c3a7af745b08fd3e3ec803bf51ba/node_modules/@react-navigation/elements/lib/module/assets
	Result        : file:///Users/valentinasenov/Library/Developer/CoreSimulator/Devices/4EC5F74C-5A9C-4D89-8E44-374310E684AE/data/Containers/Bundle/Application/F3147808-5ECA-491B-9ADC-3DA9921C01A2/YourSofia.app/assets/node_modules/.pnpm/@react-navigation+elements@2.6.4_@react-navigation+native@7.1.17_react-native@0.81.5_@b_28a2c3a7af745b08fd3e3ec803bf51ba/node_modules/@react-navigation/elements/lib/module/assets/search-icon@3x.png
2026-08-17 11:34:36.258 Db YourSofia[1177:3235bc] [com.apple.CFBundle:resources] Resource lookup at CFBundle 0x600003b04540 </Users/valentinasenov/Library/Developer/CoreSimulator/Devices/4EC5F74C-5A9C-4D89-8E44-374310E684AE/data/Containers/Bundle/Application/F3147808-5ECA-491B-9ADC-3DA9921C01A2/YourSofia.app> (executable, loaded)
	Request       : error type: png path: assets/node_modules/.pnpm/expo-router@6.0.22_df0c677153b00f82db80c956be709681/node_modules/expo-router/assets
	Result        : file:///Users/valentinasenov/Library/Developer/CoreSimulator/Devices/4EC5F74C-5A9C-4D89-8E44-374310E684AE/data/Containers/Bundle/Application/F3147808-5ECA-491B-9ADC-3DA9921C01A2/YourSofia.app/assets/node_modules/.pnpm/expo-router@6.0.22_df0c677153b00f82db80c956be709681/node_modules/expo-router/assets/error.png
2026-08-17 11:34:36.258 Db YourSofia[1177:3235bc] [com.apple.CFBundle:resources] Resource lookup at CFBundle 0x600003b04540 </Users/valentinasenov/Library/Developer/CoreSimulator/Devices/4EC5F74C-5A9C-4D89-8E44-374310E684AE/data/Containers/Bundle/Application/F3147808-5ECA-491B-9ADC-3DA9921C01A2/YourSofia.app> (executable, loaded)
	Request       : file type: png path: assets/node_modules/.pnpm/expo-router@6.0.22_df0c677153b00f82db80c956be709681/node_modules/expo-router/assets
	Result        : file:///Users/valentinasenov/Library/Developer/CoreSimulator/Devices/4EC5F74C-5A9C-4D89-8E44-374310E684AE/data/Containers/Bundle/Application/F3147808-5ECA-491B-9ADC-3DA9921C01A2/YourSofia.app/assets/node_modules/.pnpm/expo-router@6.0.22_df0c677153b00f82db80c956be709681/node_modules/expo-router/assets/file.png
2026-08-17 11:34:36.258 Db YourSofia[1177:3235bc] [com.apple.CFBundle:resources] Resource lookup at CFBundle 0x600003b04540 </Users/valentinasenov/Library/Developer/CoreSimulator/Devices/4EC5F74C-5A9C-4D89-8E44-374310E684AE/data/Containers/Bundle/Application/F3147808-5ECA-491B-9ADC-3DA9921C01A2/YourSofia.app> (executable, loaded)
	Request       : pkg type: png path: assets/node_modules/.pnpm/expo-router@6.0.22_df0c677153b00f82db80c956be709681/node_modules/expo-router/assets
	Result        : file:///Users/valentinasenov/Library/Developer/CoreSimulator/Devices/4EC5F74C-5A9C-4D89-8E44-374310E684AE/data/Containers/Bundle/Application/F3147808-5ECA-491B-9ADC-3DA9921C01A2/YourSofia.app/assets/node_modules/.pnpm/expo-router@6.0.22_df0c677153b00f82db80c956be709681/node_modules/expo-router/assets/pkg.png
2026-08-17 11:34:36.258 Db YourSofia[1177:3235bc] [com.apple.CFBundle:resources] Resource lookup at CFBundle 0x600003b04540 </Users/valentinasenov/Library/Developer/CoreSimulator/Devices/4EC5F74C-5A9C-4D89-8E44-374310E684AE/data/Containers/Bundle/Application/F3147808-5ECA-491B-9ADC-3DA9921C01A2/YourSofia.app> (executable, loaded)
	Request       : forward type: png path: assets/node_modules/.pnpm/expo-router@6.0.22_df0c677153b00f82db80c956be709681/node_modules/expo-router/assets
	Result        : file:///Users/valentinasenov/Library/Developer/CoreSimulator/Devices/4EC5F74C-5A9C-4D89-8E44-374310E684AE/data/Containers/Bundle/Application/F3147808-5ECA-491B-9ADC-3DA9921C01A2/YourSofia.app/assets/node_modules/.pnpm/expo-router@6.0.22_df0c677153b00f82db80c956be709681/node_modules/expo-router/assets/forward.png
2026-08-17 11:34:36.259 Db YourSofia[1177:3235bc] [com.apple.CFBundle:resources] Resource lookup at CFBundle 0x600003b04540 </Users/valentinasenov/Library/Developer/CoreSimulator/Devices/4EC5F74C-5A9C-4D89-8E44-374310E684AE/data/Containers/Bundle/Application/F3147808-5ECA-491B-9ADC-3DA9921C01A2/YourSofia.app> (executable, loaded)
	Request       : sitemap type: png path: assets/node_modules/.pnpm/expo-router@6.0.22_df0c677153b00f82db80c956be709681/node_modules/expo-router/assets
	Result        : file:///Users/valentinasenov/Library/Developer/CoreSimulator/Devices/4EC5F74C-5A9C-4D89-8E44-374310E684AE/data/Containers/Bundle/Application/F3147808-5ECA-491B-9ADC-3DA9921C01A2/YourSofia.app/assets/node_modules/.pnpm/expo-router@6.0.22_df0c677153b00f82db80c956be709681/node_modules/expo-router/assets/sitemap.png
2026-08-17 11:34:36.259 Df YourSofia[1177:323578] [com.apple.UIKit:EventDeferring] [0x60000294ca10] Scene target of event deferring environments did update: scene: 0x105406e20; current systemShellManagesKeyboardFocus: 1; systemShellManagesKeyboardFocusForScene: 1; eligibleForRecordRemoval: 1;
2026-08-17 11:34:36.259 Df YourSofia[1177:323578] [com.apple.UIKit:KeyWindow] Scene became target of keyboard event deferring environment: UIWindowScene: 0x105406e20; scene identity: com.apple.frontboard.systemappservices/FBSceneManager:sceneID%3Abg.sofia.yoursofia-default
2026-08-17 11:34:36.259 Db YourSofia[1177:323578] [com.apple.defaults:User Defaults] found no value for key LogFirstResponderRestoration in CFPrefsSearchListSource<0x600002c05c00> (Domain: com.apple.UIKit, Container: (null) Non-launch persona: 0)
2026-08-17 11:34:36.259 Db YourSofia[1177:3235bc] [com.apple.CFBundle:resources] Resource lookup at CFBundle 0x600003b04540 </Users/valentinasenov/Library/Developer/CoreSimulator/Devices/4EC5F74C-5A9C-4D89-8E44-374310E684AE/data/Containers/Bundle/Application/F3147808-5ECA-491B-9ADC-3DA9921C01A2/YourSofia.app> (executable, loaded)
	Request       : arrow_down type: png path: assets/node_modules/.pnpm/expo-router@6.0.22_df0c677153b00f82db80c956be709681/node_modules/expo-router/assets
	Result        : file:///Users/valentinasenov/Library/Developer/CoreSimulator/Devices/4EC5F74C-5A9C-4D89-8E44-374310E684AE/data/Containers/Bundle/Application/F3147808-5ECA-491B-9ADC-3DA9921C01A2/YourSofia.app/assets/node_modules/.pnpm/expo-router@6.0.22_df0c677153b00f82db80c956be709681/node_modules/expo-router/assets/arrow_down.png
2026-08-17 11:34:36.259 Db YourSofia[1177:323578] [com.apple.defaults:User Defaults] looked up value 0 for key AutomationEnabled in CFPrefsPlistSource<0x600002c08c80> (Domain: com.apple.Accessibility, User: kCFPreferencesCurrentUser, ByHost: No, Container: (null), Contents Need Refresh: No) via CFPrefsSearchListSource<0x600002c08c00> (Domain: com.apple.Accessibility, Container: (null) Non-launch persona: 0)
2026-08-17 11:34:36.259 Db YourSofia[1177:32358e] [com.apple.BaseBoard:Common] [BSBlockSentinel:FBSScene] signaled! 2 of 2
2026-08-17 11:34:36.259 Db YourSofia[1177:323578] [com.apple.Accessibility:AXSupportCommon] CF Read: domain = com.apple.Accessibility, preference = AutomationEnabled, appID = (null) result = 0 (-1 - empty, 0 - false, 1 - true)
2026-08-17 11:34:36.259 Db YourSofia[1177:32358e] [com.apple.BaseBoard:Common] [BSBlockSentinel:FBSScene] dealloc
2026-08-17 11:34:36.259 Db YourSofia[1177:3235bc] [com.apple.CFBundle:resources] Resource lookup at CFBundle 0x600003b04540 </Users/valentinasenov/Library/Developer/CoreSimulator/Devices/4EC5F74C-5A9C-4D89-8E44-374310E684AE/data/Containers/Bundle/Application/F3147808-5ECA-491B-9ADC-3DA9921C01A2/YourSofia.app> (executable, loaded)
	Request       : unmatched type: png path: assets/node_modules/.pnpm/expo-router@6.0.22_df0c677153b00f82db80c956be709681/node_modules/expo-router/assets
	Result        : file:///Users/valentinasenov/Library/Developer/CoreSimulator/Devices/4EC5F74C-5A9C-4D89-8E44-374310E684AE/data/Containers/Bundle/Application/F3147808-5ECA-491B-9ADC-3DA9921C01A2/YourSofia.app/assets/node_modules/.pnpm/expo-router@6.0.22_df0c677153b00f82db80c956be709681/node_modules/expo-router/assets/unmatched.png
2026-08-17 11:34:36.259 Df YourSofia[1177:323578] [com.apple.FrontBoard:SceneExtension] Realizing settings extension SBUISecureRenderingSettingsExtension on FBSSceneSettings
2026-08-17 11:34:36.259 Db YourSofia[1177:323578] [com.apple.FrontBoard:SceneExtension] registering method "isSecureRenderingEnabled" from extension SBUISecureRenderingSettingsExtension on class "FBSSceneSettings"
2026-08-17 11:34:36.259 Db YourSofia[1177:323578] [com.apple.FrontBoard:SceneExtension] registering method "setSecureRenderingEnabled:" from extension SBUISecureRenderingSettingsExtension on class "FBSSceneSettings"
2026-08-17 11:34:36.259 Db YourSofia[1177:323578] [com.apple.FrontBoard:SceneClient] [(FBSceneManager):sceneID:bg.sofia.yoursofia-default] Adding extension: "SBUISecureRenderingSceneExtension"
2026-08-17 11:34:36.259 Db YourSofia[1177:323578] [com.apple.FrontBoard:SceneClient] [(FBSceneManager):sceneID:bg.sofia.yoursofia-default] Instantiated component: "<SBUISecureRenderingClientComponent: 0x6000002669c0>"
2026-08-17 11:34:36.259 Db YourSofia[1177:3235bc] [com.apple.CFBundle:resources] Resource lookup at CFBundle 0x600003b04540 </Users/valentinasenov/Library/Developer/CoreSimulator/Devices/4EC5F74C-5A9C-4D89-8E44-374310E684AE/data/Containers/Bundle/Application/F3147808-5ECA-491B-9ADC-3DA9921C01A2/YourSofia.app> (executable, loaded)
	Request       : JetBrainsMono_500Medium type: ttf path: assets/node_modules/.pnpm/@expo-google-fonts+jetbrains-mono@0.4.1/node_modules/@expo-google-fonts/jetbrains-mono/500Medium
	Result        : file:///Users/valentinasenov/Library/Developer/CoreSimulator/Devices/4EC5F74C-5A9C-4D89-8E44-374310E684AE/data/Containers/Bundle/Application/F3147808-5ECA-491B-9ADC-3DA9921C01A2/YourSofia.app/assets/node_modules/.pnpm/@expo-google-fonts+jetbrains-mono@0.4.1/node_modules/@expo-google-fonts/jetbrains-mono/500Medium/JetBrainsMono_500Medium.ttf
2026-08-17 11:34:36.260 Df YourSofia[1177:323578] [com.apple.UIKit:InterfaceStyle] Not push traits update to screen for new style 1, <UIWindowScene: 0x105406e20> (8FA49A39-7661-46FB-8F2C-0158321648A4)
2026-08-17 11:34:36.260 Df YourSofia[1177:323578] [com.apple.UIKit:InterfaceStyle] Not push traits update to screen for new style 1, <UIWindowScene: 0x105406e20> (8FA49A39-7661-46FB-8F2C-0158321648A4)
2026-08-17 11:34:36.260 Df YourSofia[1177:323578] [com.apple.UIKit:AppLifecycle] sceneOfRecord: sceneID: sceneID:bg.sofia.yoursofia-default  persistentID: 8FA49A39-7661-46FB-8F2C-0158321648A4
2026-08-17 11:34:36.260 Df YourSofia[1177:323578] [com.apple.UIKit:Application] Deactivation reason removed: 12; deactivation reasons: 4128 -> 32; animating application lifecycle event: 1
2026-08-17 11:34:36.260 Df YourSofia[1177:323578] [com.apple.KeyboardArbiter:Client] Send setDeactivating: N (-DeactivationReason:SuspendedEventsOnly)
2026-08-17 11:34:36.260 Db YourSofia[1177:3235bc] [com.apple.CFBundle:resources] Resource lookup at CFBundle 0x600003b04540 </Users/valentinasenov/Library/Developer/CoreSimulator/Devices/4EC5F74C-5A9C-4D89-8E44-374310E684AE/data/Containers/Bundle/Application/F3147808-5ECA-491B-9ADC-3DA9921C01A2/YourSofia.app> (executable, loaded)
	Request       : SofiaSans_100Thin type: ttf path: assets/node_modules/.pnpm/@expo-google-fonts+sofia-sans@0.4.3/node_modules/@expo-google-fonts/sofia-sans/100Thin
	Result        : file:///Users/valentinasenov/Library/Developer/CoreSimulator/Devices/4EC5F74C-5A9C-4D89-8E44-374310E684AE/data/Containers/Bundle/Application/F3147808-5ECA-491B-9ADC-3DA9921C01A2/YourSofia.app/assets/node_modules/.pnpm/@expo-google-fonts+sofia-sans@0.4.3/node_modules/@expo-google-fonts/sofia-sans/100Thin/SofiaSans_100Thin.ttf
2026-08-17 11:34:36.260 Df YourSofia[1177:323578] [com.apple.UIKit:Application] Deactivation reason removed: 5; deactivation reasons: 32 -> 0; animating application lifecycle event: 0
2026-08-17 11:34:36.260 Db YourSofia[1177:3235bc] [com.apple.CFBundle:resources] Resource lookup at CFBundle 0x600003b04540 </Users/valentinasenov/Library/Developer/CoreSimulator/Devices/4EC5F74C-5A9C-4D89-8E44-374310E684AE/data/Containers/Bundle/Application/F3147808-5ECA-491B-9ADC-3DA9921C01A2/YourSofia.app> (executable, loaded)
	Request       : SofiaSans_200ExtraLight type: ttf path: assets/node_modules/.pnpm/@expo-google-fonts+sofia-sans@0.4.3/node_modules/@expo-google-fonts/sofia-sans/200ExtraLight
	Result        : file:///Users/valentinasenov/Library/Developer/CoreSimulator/Devices/4EC5F74C-5A9C-4D89-8E44-374310E684AE/data/Containers/Bundle/Application/F3147808-5ECA-491B-9ADC-3DA9921C01A2/YourSofia.app/assets/node_modules/.pnpm/@expo-google-fonts+sofia-sans@0.4.3/node_modules/@expo-google-fonts/sofia-sans/200ExtraLight/SofiaSans_200ExtraLight.ttf
2026-08-17 11:34:36.260 Db YourSofia[1177:323578] [com.apple.BacklightServices:scenes] 0x600000c39650 environment updated:sceneID:bg.sofia.yoursofia-default
  delta:{ visualState:0 date:0 active:0 seed:0 }
  diff:<FBSSceneSettingsDiff: 0x600001762600; UIApplicationSceneSettings> {
    settings = <BSKeyedSettingsDiff: 0x600000c6e7f0> {
        SBUISecureRenderingSettingsExtension = <BSKeyedSettingsDiff: 0x600000c6e610> {
            secureRenderingEnabled = 0;
        };
        _UISystemShellSceneHostingEnvironmentSettings = <BSKeyedSettingsDiff: 0x600000c6e6a0> {
            systemShellHostingSpaceIdentifier = SB-display-<embedded>;
        };
        FBSSceneExtensions = <BSKeyedSettingsDiff: 0x600000c6e760> {
            14 = SBUISecureRenderingSceneExtension;
        };
        <_UIHomeAffordanceHostSceneSettings> = <BSKeyedSettingsDiff: 0x600000c6e7c0> {
            homeAffordanceSceneReferenceFrame = NSRect: {{115.66666666666667, 805}, {159, 39}};
        };
        _UISceneRenderingEnvironmentSettings = <BSKeyedSettingsDiff: 0x600000c6e700> {
            systemDisplayIdentifier = BF448FDA-FA17-4598-8CAF-7E
  new:<decode: missing data>
  old:<decode: missing data>
  new:<decode: missing data>
2026-08-17 11:34:36.260 Db YourSofia[1177:3235bc] [com.apple.CFBundle:resources] Resource lookup at CFBundle 0x600003b04540 </Users/valentinasenov/Library/Developer/CoreSimulator/Devices/4EC5F74C-5A9C-4D89-8E44-374310E684AE/data/Containers/Bundle/Application/F3147808-5ECA-491B-9ADC-3DA9921C01A2/YourSofia.app> (executable, loaded)
	Request       : SofiaSans_300Light type: ttf path: assets/node_modules/.pnpm/@expo-google-fonts+sofia-sans@0.4.3/node_modules/@expo-google-fonts/sofia-sans/300Light
	Result        : file:///Users/valentinasenov/Library/Developer/CoreSimulator/Devices/4EC5F74C-5A9C-4D89-8E44-374310E684AE/data/Containers/Bundle/Application/F3147808-5ECA-491B-9ADC-3DA9921C01A2/YourSofia.app/assets/node_modules/.pnpm/@expo-google-fonts+sofia-sans@0.4.3/node_modules/@expo-google-fonts/sofia-sans/300Light/SofiaSans_300Light.ttf
2026-08-17 11:34:36.261 Db YourSofia[1177:323578] [com.apple.defaults:User Defaults] found no value for key LogHomeAffordanceGestureGate in CFPrefsSearchListSource<0x600002c05c00> (Domain: com.apple.UIKit, Container: (null) Non-launch persona: 0)
2026-08-17 11:34:36.261 Db YourSofia[1177:323578] [com.apple.BaseBoard:Common] [BSBlockSentinel:FBSScene] signaled! 1 of 2
2026-08-17 11:34:36.261 Db YourSofia[1177:323578] (TextInput) -[TIPreferencesController preferencesChangedCallback:]  preferencesChangedCallback: Triggering preferencesChangedCallback for domain <_TIPreferenceDomain: 0x600000c008d0> with notification AppleKeyboardsSettingsChangedNotification
2026-08-17 11:34:36.261 Db YourSofia[1177:3235bc] [com.apple.CFBundle:resources] Resource lookup at CFBundle 0x600003b04540 </Users/valentinasenov/Library/Developer/CoreSimulator/Devices/4EC5F74C-5A9C-4D89-8E44-374310E684AE/data/Containers/Bundle/Application/F3147808-5ECA-491B-9ADC-3DA9921C01A2/YourSofia.app> (executable, loaded)
	Request       : SofiaSans_400Regular type: ttf path: assets/node_modules/.pnpm/@expo-google-fonts+sofia-sans@0.4.3/node_modules/@expo-google-fonts/sofia-sans/400Regular
	Result        : file:///Users/valentinasenov/Library/Developer/CoreSimulator/Devices/4EC5F74C-5A9C-4D89-8E44-374310E684AE/data/Containers/Bundle/Application/F3147808-5ECA-491B-9ADC-3DA9921C01A2/YourSofia.app/assets/node_modules/.pnpm/@expo-google-fonts+sofia-sans@0.4.3/node_modules/@expo-google-fonts/sofia-sans/400Regular/SofiaSans_400Regular.ttf
2026-08-17 11:34:36.261 Db YourSofia[1177:3235bc] [com.apple.CFBundle:resources] Resource lookup at CFBundle 0x600003b04540 </Users/valentinasenov/Library/Developer/CoreSimulator/Devices/4EC5F74C-5A9C-4D89-8E44-374310E684AE/data/Containers/Bundle/Application/F3147808-5ECA-491B-9ADC-3DA9921C01A2/YourSofia.app> (executable, loaded)
	Request       : SofiaSans_500Medium type: ttf path: assets/node_modules/.pnpm/@expo-google-fonts+sofia-sans@0.4.3/node_modules/@expo-google-fonts/sofia-sans/500Medium
	Result        : file:///Users/valentinasenov/Library/Developer/CoreSimulator/Devices/4EC5F74C-5A9C-4D89-8E44-374310E684AE/data/Containers/Bundle/Application/F3147808-5ECA-491B-9ADC-3DA9921C01A2/YourSofia.app/assets/node_modules/.pnpm/@expo-google-fonts+sofia-sans@0.4.3/node_modules/@expo-google-fonts/sofia-sans/500Medium/SofiaSans_500Medium.ttf
2026-08-17 11:34:36.261 Db YourSofia[1177:3235bc] [com.apple.CFBundle:resources] Resource lookup at CFBundle 0x600003b04540 </Users/valentinasenov/Library/Developer/CoreSimulator/Devices/4EC5F74C-5A9C-4D89-8E44-374310E684AE/data/Containers/Bundle/Application/F3147808-5ECA-491B-9ADC-3DA9921C01A2/YourSofia.app> (executable, loaded)
	Request       : SofiaSans_600SemiBold type: ttf path: assets/node_modules/.pnpm/@expo-google-fonts+sofia-sans@0.4.3/node_modules/@expo-google-fonts/sofia-sans/600SemiBold
	Result        : file:///Users/valentinasenov/Library/Developer/CoreSimulator/Devices/4EC5F74C-5A9C-4D89-8E44-374310E684AE/data/Containers/Bundle/Application/F3147808-5ECA-491B-9ADC-3DA9921C01A2/YourSofia.app/assets/node_modules/.pnpm/@expo-google-fonts+sofia-sans@0.4.3/node_modules/@expo-google-fonts/sofia-sans/600SemiBold/SofiaSans_600SemiBold.ttf
2026-08-17 11:34:36.261 Db YourSofia[1177:3235bc] [com.apple.CFBundle:resources] Resource lookup at CFBundle 0x600003b04540 </Users/valentinasenov/Library/Developer/CoreSimulator/Devices/4EC5F74C-5A9C-4D89-8E44-374310E684AE/data/Containers/Bundle/Application/F3147808-5ECA-491B-9ADC-3DA9921C01A2/YourSofia.app> (executable, loaded)
	Request       : SofiaSans_700Bold type: ttf path: assets/node_modules/.pnpm/@expo-google-fonts+sofia-sans@0.4.3/node_modules/@expo-google-fonts/sofia-sans/700Bold
	Result        : file:///Users/valentinasenov/Library/Developer/CoreSimulator/Devices/4EC5F74C-5A9C-4D89-8E44-374310E684AE/data/Containers/Bundle/Application/F3147808-5ECA-491B-9ADC-3DA9921C01A2/YourSofia.app/assets/node_modules/.pnpm/@expo-google-fonts+sofia-sans@0.4.3/node_modules/@expo-google-fonts/sofia-sans/700Bold/SofiaSans_700Bold.ttf
2026-08-17 11:34:36.262 Db YourSofia[1177:3235bc] [com.apple.CFBundle:resources] Resource lookup at CFBundle 0x600003b04540 </Users/valentinasenov/Library/Developer/CoreSimulator/Devices/4EC5F74C-5A9C-4D89-8E44-374310E684AE/data/Containers/Bundle/Application/F3147808-5ECA-491B-9ADC-3DA9921C01A2/YourSofia.app> (executable, loaded)
	Request       : SofiaSans_800ExtraBold type: ttf path: assets/node_modules/.pnpm/@expo-google-fonts+sofia-sans@0.4.3/node_modules/@expo-google-fonts/sofia-sans/800ExtraBold
	Result        : file:///Users/valentinasenov/Library/Developer/CoreSimulator/Devices/4EC5F74C-5A9C-4D89-8E44-374310E684AE/data/Containers/Bundle/Application/F3147808-5ECA-491B-9ADC-3DA9921C01A2/YourSofia.app/assets/node_modules/.pnpm/@expo-google-fonts+sofia-sans@0.4.3/node_modules/@expo-google-fonts/sofia-sans/800ExtraBold/SofiaSans_800ExtraBold.ttf
2026-08-17 11:34:36.262 I  YourSofia[1177:323578] [com.wix.Detox:WebSocket] Action received: loginSuccess
2026-08-17 11:34:36.262 I  YourSofia[1177:323578] [com.wix.Detox:DetoxManager] Successfully logged in
2026-08-17 11:34:36.262 Db YourSofia[1177:3235bc] [com.apple.CFBundle:resources] Resource lookup at CFBundle 0x600003b04540 </Users/valentinasenov/Library/Developer/CoreSimulator/Devices/4EC5F74C-5A9C-4D89-8E44-374310E684AE/data/Containers/Bundle/Application/F3147808-5ECA-491B-9ADC-3DA9921C01A2/YourSofia.app> (executable, loaded)
	Request       : SofiaSans_900Black type: ttf path: assets/node_modules/.pnpm/@expo-google-fonts+sofia-sans@0.4.3/node_modules/@expo-google-fonts/sofia-sans/900Black
	Result        : file:///Users/valentinasenov/Library/Developer/CoreSimulator/Devices/4EC5F74C-5A9C-4D89-8E44-374310E684AE/data/Containers/Bundle/Application/F3147808-5ECA-491B-9ADC-3DA9921C01A2/YourSofia.app/assets/node_modules/.pnpm/@expo-google-fonts+sofia-sans@0.4.3/node_modules/@expo-google-fonts/sofia-sans/900Black/SofiaSans_900Black.ttf
2026-08-17 11:34:36.262 Db YourSofia[1177:3235bc] [com.apple.CFBundle:resources] Resource lookup at CFBundle 0x600003b04540 </Users/valentinasenov/Library/Developer/CoreSimulator/Devices/4EC5F74C-5A9C-4D89-8E44-374310E684AE/data/Containers/Bundle/Application/F3147808-5ECA-491B-9ADC-3DA9921C01A2/YourSofia.app> (executable, loaded)
	Request       : SofiaSans_100Thin_Italic type: ttf path: assets/node_modules/.pnpm/@expo-google-fonts+sofia-sans@0.4.3/node_modules/@expo-google-fonts/sofia-sans/100Thin_Italic
	Result        : file:///Users/valentinasenov/Library/Developer/CoreSimulator/Devices/4EC5F74C-5A9C-4D89-8E44-374310E684AE/data/Containers/Bundle/Application/F3147808-5ECA-491B-9ADC-3DA9921C01A2/YourSofia.app/assets/node_modules/.pnpm/@expo-google-fonts+sofia-sans@0.4.3/node_modules/@expo-google-fonts/sofia-sans/100Thin_Italic/SofiaSans_100Thin_Italic.ttf
2026-08-17 11:34:36.262 Db YourSofia[1177:3235bc] [com.apple.CFBundle:resources] Resource lookup at CFBundle 0x600003b04540 </Users/valentinasenov/Library/Developer/CoreSimulator/Devices/4EC5F74C-5A9C-4D89-8E44-374310E684AE/data/Containers/Bundle/Application/F3147808-5ECA-491B-9ADC-3DA9921C01A2/YourSofia.app> (executable, loaded)
	Request       : SofiaSans_200ExtraLight_Italic type: ttf path: assets/node_modules/.pnpm/@expo-google-fonts+sofia-sans@0.4.3/node_modules/@expo-google-fonts/sofia-sans/200ExtraLight_Italic
	Result        : file:///Users/valentinasenov/Library/Developer/CoreSimulator/Devices/4EC5F74C-5A9C-4D89-8E44-374310E684AE/data/Containers/Bundle/Application/F3147808-5ECA-491B-9ADC-3DA9921C01A2/YourSofia.app/assets/node_modules/.pnpm/@expo-google-fonts+sofia-sans@0.4.3/node_modules/@expo-google-fonts/sofia-sans/200ExtraLight_Italic/SofiaSans_200ExtraLight_Italic.ttf
2026-08-17 11:34:36.262 Df YourSofia[1177:323578] [com.apple.KeyboardArbiter:Client] startConnection
2026-08-17 11:34:36.262 Db YourSofia[1177:3235bc] [com.apple.CFBundle:resources] Resource lookup at CFBundle 0x600003b04540 </Users/valentinasenov/Library/Developer/CoreSimulator/Devices/4EC5F74C-5A9C-4D89-8E44-374310E684AE/data/Containers/Bundle/Application/F3147808-5ECA-491B-9ADC-3DA9921C01A2/YourSofia.app> (executable, loaded)
	Request       : SofiaSans_300Light_Italic type: ttf path: assets/node_modules/.pnpm/@expo-google-fonts+sofia-sans@0.4.3/node_modules/@expo-google-fonts/sofia-sans/300Light_Italic
	Result        : file:///Users/valentinasenov/Library/Developer/CoreSimulator/Devices/4EC5F74C-5A9C-4D89-8E44-374310E684AE/data/Containers/Bundle/Application/F3147808-5ECA-491B-9ADC-3DA9921C01A2/YourSofia.app/assets/node_modules/.pnpm/@expo-google-fonts+sofia-sans@0.4.3/node_modules/@expo-google-fonts/sofia-sans/300Light_Italic/SofiaSans_300Light_Italic.ttf
2026-08-17 11:34:36.262 I  YourSofia[1177:323578] [com.wix.Detox:WebSocket] Action received: isReady
2026-08-17 11:34:36.262 Df YourSofia[1177:323578] [com.apple.KeyboardArbiter:Client] handleKeyboardChange: set currentKeyboard:N (wasKeyboard:N)
2026-08-17 11:34:36.263 Db YourSofia[1177:3235bc] [com.apple.CFBundle:resources] Resource lookup at CFBundle 0x600003b04540 </Users/valentinasenov/Library/Developer/CoreSimulator/Devices/4EC5F74C-5A9C-4D89-8E44-374310E684AE/data/Containers/Bundle/Application/F3147808-5ECA-491B-9ADC-3DA9921C01A2/YourSofia.app> (executable, loaded)
	Request       : SofiaSans_400Regular_Italic type: ttf path: assets/node_modules/.pnpm/@expo-google-fonts+sofia-sans@0.4.3/node_modules/@expo-google-fonts/sofia-sans/400Regular_Italic
	Result        : file:///Users/valentinasenov/Library/Developer/CoreSimulator/Devices/4EC5F74C-5A9C-4D89-8E44-374310E684AE/data/Containers/Bundle/Application/F3147808-5ECA-491B-9ADC-3DA9921C01A2/YourSofia.app/assets/node_modules/.pnpm/@expo-google-fonts+sofia-sans@0.4.3/node_modules/@expo-google-fonts/sofia-sans/400Regular_Italic/SofiaSans_400Regular_Italic.ttf
2026-08-17 11:34:36.263 Db YourSofia[1177:3235bc] [com.apple.CFBundle:resources] Resource lookup at CFBundle 0x600003b04540 </Users/valentinasenov/Library/Developer/CoreSimulator/Devices/4EC5F74C-5A9C-4D89-8E44-374310E684AE/data/Containers/Bundle/Application/F3147808-5ECA-491B-9ADC-3DA9921C01A2/YourSofia.app> (executable, loaded)
	Request       : SofiaSans_500Medium_Italic type: ttf path: assets/node_modules/.pnpm/@expo-google-fonts+sofia-sans@0.4.3/node_modules/@expo-google-fonts/sofia-sans/500Medium_Italic
	Result        : file:///Users/valentinasenov/Library/Developer/CoreSimulator/Devices/4EC5F74C-5A9C-4D89-8E44-374310E684AE/data/Containers/Bundle/Application/F3147808-5ECA-491B-9ADC-3DA9921C01A2/YourSofia.app/assets/node_modules/.pnpm/@expo-google-fonts+sofia-sans@0.4.3/node_modules/@expo-google-fonts/sofia-sans/500Medium_Italic/SofiaSans_500Medium_Italic.ttf
2026-08-17 11:34:36.263 Db YourSofia[1177:323578] [com.apple.defaults:User Defaults] found no value for key AssistiveTouchEnabled in CFPrefsSearchListSource<0x600002c08c00> (Domain: com.apple.Accessibility, Container: (null) Non-launch persona: 0)
2026-08-17 11:34:36.263 Db YourSofia[1177:323578] [com.apple.Accessibility:AXSupportCommon] CF Read: domain = com.apple.Accessibility, preference = AssistiveTouchEnabled, appID = (null) result = (null) (-1 - empty, 0 - false, 1 - true)
2026-08-17 11:34:36.263 Db YourSofia[1177:323578] [com.apple.defaults:User Defaults] found no value for key AssistiveTouchEnabled in CFPrefsPlistSource<0x600002c08f00> (Domain: com.apple.Accessibility, User: kCFPreferencesCurrentUser, ByHost: No, Container: /Users/valentinasenov/Library/Developer/CoreSimulator/Devices/4EC5F74C-5A9C-4D89-8E44-374310E684AE/data, Contents Need Refresh: No)
2026-08-17 11:34:36.263 Db YourSofia[1177:323578] [com.apple.defaults:User Defaults] looked up value bg_BG@sw=Bulgarian-Standard;hw=Automatic for key KeyboardLastUsed in CFPrefsPlistSource<0x600002c02d80> (Domain: com.apple.keyboard.preferences, User: kCFPreferencesCurrentUser, ByHost: No, Container: /Users/valentinasenov/Library/Developer/CoreSimulator/Devices/4EC5F74C-5A9C-4D89-8E44-374310E684AE/data, Contents Need Refresh: No) via CFPrefsSearchListSource<0x600002c02b80> (Domain: com.apple.keyboard.preferences, Container: (null) Non-launch persona: 0)
2026-08-17 11:34:36.263 Db YourSofia[1177:3235bc] [com.apple.CFBundle:resources] Resource lookup at CFBundle 0x600003b04540 </Users/valentinasenov/Library/Developer/CoreSimulator/Devices/4EC5F74C-5A9C-4D89-8E44-374310E684AE/data/Containers/Bundle/Application/F3147808-5ECA-491B-9ADC-3DA9921C01A2/YourSofia.app> (executable, loaded)
	Request       : SofiaSans_600SemiBold_Italic type: ttf path: assets/node_modules/.pnpm/@expo-google-fonts+sofia-sans@0.4.3/node_modules/@expo-google-fonts/sofia-sans/600SemiBold_Italic
	Result        : file:///Users/valentinasenov/Library/Developer/CoreSimulator/Devices/4EC5F74C-5A9C-4D89-8E44-374310E684AE/data/Containers/Bundle/Application/F3147808-5ECA-491B-9ADC-3DA9921C01A2/YourSofia.app/assets/node_modules/.pnpm/@expo-google-fonts+sofia-sans@0.4.3/node_modules/@expo-google-fonts/sofia-sans/600SemiBold_Italic/SofiaSans_600SemiBold_Italic.ttf
2026-08-17 11:34:36.263 Db YourSofia[1177:323578] [com.apple.defaults:User Defaults] found no value for key AppleKeyboardsIncludeIntl in CFPrefsSearchListSource<0x600002c09280> (Domain: kCFPreferencesAnyApplication, Container: (null) Non-launch persona: 0)
2026-08-17 11:34:36.264 Db YourSofia[1177:3235bc] [com.apple.CFBundle:resources] Resource lookup at CFBundle 0x600003b04540 </Users/valentinasenov/Library/Developer/CoreSimulator/Devices/4EC5F74C-5A9C-4D89-8E44-374310E684AE/data/Containers/Bundle/Application/F3147808-5ECA-491B-9ADC-3DA9921C01A2/YourSofia.app> (executable, loaded)
	Request       : SofiaSans_700Bold_Italic type: ttf path: assets/node_modules/.pnpm/@expo-google-fonts+sofia-sans@0.4.3/node_modules/@expo-google-fonts/sofia-sans/700Bold_Italic
	Result        : file:///Users/valentinasenov/Library/Developer/CoreSimulator/Devices/4EC5F74C-5A9C-4D89-8E44-374310E684AE/data/Containers/Bundle/Application/F3147808-5ECA-491B-9ADC-3DA9921C01A2/YourSofia.app/assets/node_modules/.pnpm/@expo-google-fonts+sofia-sans@0.4.3/node_modules/@expo-google-fonts/sofia-sans/700Bold_Italic/SofiaSans_700Bold_Italic.ttf
2026-08-17 11:34:36.264 Db YourSofia[1177:3235bc] [com.apple.CFBundle:resources] Resource lookup at CFBundle 0x600003b04540 </Users/valentinasenov/Library/Developer/CoreSimulator/Devices/4EC5F74C-5A9C-4D89-8E44-374310E684AE/data/Containers/Bundle/Application/F3147808-5ECA-491B-9ADC-3DA9921C01A2/YourSofia.app> (executable, loaded)
	Request       : SofiaSans_800ExtraBold_Italic type: ttf path: assets/node_modules/.pnpm/@expo-google-fonts+sofia-sans@0.4.3/node_modules/@expo-google-fonts/sofia-sans/800ExtraBold_Italic
	Result        : file:///Users/valentinasenov/Library/Developer/CoreSimulator/Devices/4EC5F74C-5A9C-4D89-8E44-374310E684AE/data/Containers/Bundle/Application/F3147808-5ECA-491B-9ADC-3DA9921C01A2/YourSofia.app/assets/node_modules/.pnpm/@expo-google-fonts+sofia-sans@0.4.3/node_modules/@expo-google-fonts/sofia-sans/800ExtraBold_Italic/SofiaSans_800ExtraBold_Italic.ttf
2026-08-17 11:34:36.264 Df YourSofia[1177:323578] [com.apple.UIKit:KeyboardSceneDelegate] forceReloadInputViews
2026-08-17 11:34:36.264 Df YourSofia[1177:323578] [com.apple.UIKit:KeyboardSceneDelegate] Reloading input views for key-window scene responder: <(null): 0x0; > force:Y
2026-08-17 11:34:36.265 Db YourSofia[1177:3235bc] [com.apple.CFBundle:resources] Resource lookup at CFBundle 0x600003b04540 </Users/valentinasenov/Library/Developer/CoreSimulator/Devices/4EC5F74C-5A9C-4D89-8E44-374310E684AE/data/Containers/Bundle/Application/F3147808-5ECA-491B-9ADC-3DA9921C01A2/YourSofia.app> (executable, loaded)
	Request       : SofiaSans_900Black_Italic type: ttf path: assets/node_modules/.pnpm/@expo-google-fonts+sofia-sans@0.4.3/node_modules/@expo-google-fonts/sofia-sans/900Black_Italic
	Result        : file:///Users/valentinasenov/Library/Developer/CoreSimulator/Devices/4EC5F74C-5A9C-4D89-8E44-374310E684AE/data/Containers/Bundle/Application/F3147808-5ECA-491B-9ADC-3DA9921C01A2/YourSofia.app/assets/node_modules/.pnpm/@expo-google-fonts+sofia-sans@0.4.3/node_modules/@expo-google-fonts/sofia-sans/900Black_Italic/SofiaSans_900Black_Italic.ttf
2026-08-17 11:34:36.265 Df YourSofia[1177:323578] [com.apple.UIKit:KeyboardArbiterClientLog] isWritingToolsHandlingKeyboardTracking:Y (WT ready:Y, Arbiter ready:Y)
2026-08-17 11:34:36.265 Db YourSofia[1177:3235bc] [com.apple.CFBundle:resources] Resource lookup at CFBundle 0x600003b04540 </Users/valentinasenov/Library/Developer/CoreSimulator/Devices/4EC5F74C-5A9C-4D89-8E44-374310E684AE/data/Containers/Bundle/Application/F3147808-5ECA-491B-9ADC-3DA9921C01A2/YourSofia.app> (executable, loaded)
	Request       : JetBrainsMono_100Thin type: ttf path: assets/node_modules/.pnpm/@expo-google-fonts+jetbrains-mono@0.4.1/node_modules/@expo-google-fonts/jetbrains-mono/100Thin
	Result        : file:///Users/valentinasenov/Library/Developer/CoreSimulator/Devices/4EC5F74C-5A9C-4D89-8E44-374310E684AE/data/Containers/Bundle/Application/F3147808-5ECA-491B-9ADC-3DA9921C01A2/YourSofia.app/assets/node_modules/.pnpm/@expo-google-fonts+jetbrains-mono@0.4.1/node_modules/@expo-google-fonts/jetbrains-mono/100Thin/JetBrainsMono_100Thin.ttf
2026-08-17 11:34:36.265 Db YourSofia[1177:3235bc] [com.apple.CFBundle:resources] Resource lookup at CFBundle 0x600003b04540 </Users/valentinasenov/Library/Developer/CoreSimulator/Devices/4EC5F74C-5A9C-4D89-8E44-374310E684AE/data/Containers/Bundle/Application/F3147808-5ECA-491B-9ADC-3DA9921C01A2/YourSofia.app> (executable, loaded)
	Request       : JetBrainsMono_200ExtraLight type: ttf path: assets/node_modules/.pnpm/@expo-google-fonts+jetbrains-mono@0.4.1/node_modules/@expo-google-fonts/jetbrains-mono/200ExtraLight
	Result        : file:///Users/valentinasenov/Library/Developer/CoreSimulator/Devices/4EC5F74C-5A9C-4D89-8E44-374310E684AE/data/Containers/Bundle/Application/F3147808-5ECA-491B-9ADC-3DA9921C01A2/YourSofia.app/assets/node_modules/.pnpm/@expo-google-fonts+jetbrains-mono@0.4.1/node_modules/@expo-google-fonts/jetbrains-mono/200ExtraLight/JetBrainsMono_200ExtraLight.ttf
2026-08-17 11:34:36.266 Db YourSofia[1177:3235bc] [com.apple.CFBundle:resources] Resource lookup at CFBundle 0x600003b04540 </Users/valentinasenov/Library/Developer/CoreSimulator/Devices/4EC5F74C-5A9C-4D89-8E44-374310E684AE/data/Containers/Bundle/Application/F3147808-5ECA-491B-9ADC-3DA9921C01A2/YourSofia.app> (executable, loaded)
	Request       : JetBrainsMono_300Light type: ttf path: assets/node_modules/.pnpm/@expo-google-fonts+jetbrains-mono@0.4.1/node_modules/@expo-google-fonts/jetbrains-mono/300Light
	Result        : file:///Users/valentinasenov/Library/Developer/CoreSimulator/Devices/4EC5F74C-5A9C-4D89-8E44-374310E684AE/data/Containers/Bundle/Application/F3147808-5ECA-491B-9ADC-3DA9921C01A2/YourSofia.app/assets/node_modules/.pnpm/@expo-google-fonts+jetbrains-mono@0.4.1/node_modules/@expo-google-fonts/jetbrains-mono/300Light/JetBrainsMono_300Light.ttf
2026-08-17 11:34:36.266 Db YourSofia[1177:3235bc] [com.apple.CFBundle:resources] Resource lookup at CFBundle 0x600003b04540 </Users/valentinasenov/Library/Developer/CoreSimulator/Devices/4EC5F74C-5A9C-4D89-8E44-374310E684AE/data/Containers/Bundle/Application/F3147808-5ECA-491B-9ADC-3DA9921C01A2/YourSofia.app> (executable, loaded)
	Request       : JetBrainsMono_400Regular type: ttf path: assets/node_modules/.pnpm/@expo-google-fonts+jetbrains-mono@0.4.1/node_modules/@expo-google-fonts/jetbrains-mono/400Regular
	Result        : file:///Users/valentinasenov/Library/Developer/CoreSimulator/Devices/4EC5F74C-5A9C-4D89-8E44-374310E684AE/data/Containers/Bundle/Application/F3147808-5ECA-491B-9ADC-3DA9921C01A2/YourSofia.app/assets/node_modules/.pnpm/@expo-google-fonts+jetbrains-mono@0.4.1/node_modules/@expo-google-fonts/jetbrains-mono/400Regular/JetBrainsMono_400Regular.ttf
2026-08-17 11:34:36.266 Db YourSofia[1177:3235bc] [com.apple.CFBundle:resources] Resource lookup at CFBundle 0x600003b04540 </Users/valentinasenov/Library/Developer/CoreSimulator/Devices/4EC5F74C-5A9C-4D89-8E44-374310E684AE/data/Containers/Bundle/Application/F3147808-5ECA-491B-9ADC-3DA9921C01A2/YourSofia.app> (executable, loaded)
	Request       : JetBrainsMono_600SemiBold type: ttf path: assets/node_modules/.pnpm/@expo-google-fonts+jetbrains-mono@0.4.1/node_modules/@expo-google-fonts/jetbrains-mono/600SemiBold
	Result        : file:///Users/valentinasenov/Library/Developer/CoreSimulator/Devices/4EC5F74C-5A9C-4D89-8E44-374310E684AE/data/Containers/Bundle/Application/F3147808-5ECA-491B-9ADC-3DA9921C01A2/YourSofia.app/assets/node_modules/.pnpm/@expo-google-fonts+jetbrains-mono@0.4.1/node_modules/@expo-google-fonts/jetbrains-mono/600SemiBold/JetBrainsMono_600SemiBold.ttf
2026-08-17 11:34:36.266 Db YourSofia[1177:3235bc] [com.apple.CFBundle:resources] Resource lookup at CFBundle 0x600003b04540 </Users/valentinasenov/Library/Developer/CoreSimulator/Devices/4EC5F74C-5A9C-4D89-8E44-374310E684AE/data/Containers/Bundle/Application/F3147808-5ECA-491B-9ADC-3DA9921C01A2/YourSofia.app> (executable, loaded)
	Request       : JetBrainsMono_700Bold type: ttf path: assets/node_modules/.pnpm/@expo-google-fonts+jetbrains-mono@0.4.1/node_modules/@expo-google-fonts/jetbrains-mono/700Bold
	Result        : file:///Users/valentinasenov/Library/Developer/CoreSimulator/Devices/4EC5F74C-5A9C-4D89-8E44-374310E684AE/data/Containers/Bundle/Application/F3147808-5ECA-491B-9ADC-3DA9921C01A2/YourSofia.app/assets/node_modules/.pnpm/@expo-google-fonts+jetbrains-mono@0.4.1/node_modules/@expo-google-fonts/jetbrains-mono/700Bold/JetBrainsMono_700Bold.ttf
2026-08-17 11:34:36.267 Db YourSofia[1177:3235bc] [com.apple.CFBundle:resources] Resource lookup at CFBundle 0x600003b04540 </Users/valentinasenov/Library/Developer/CoreSimulator/Devices/4EC5F74C-5A9C-4D89-8E44-374310E684AE/data/Containers/Bundle/Application/F3147808-5ECA-491B-9ADC-3DA9921C01A2/YourSofia.app> (executable, loaded)
	Request       : JetBrainsMono_800ExtraBold type: ttf path: assets/node_modules/.pnpm/@expo-google-fonts+jetbrains-mono@0.4.1/node_modules/@expo-google-fonts/jetbrains-mono/800ExtraBold
	Result        : file:///Users/valentinasenov/Library/Developer/CoreSimulator/Devices/4EC5F74C-5A9C-4D89-8E44-374310E684AE/data/Containers/Bundle/Application/F3147808-5ECA-491B-9ADC-3DA9921C01A2/YourSofia.app/assets/node_modules/.pnpm/@expo-google-fonts+jetbrains-mono@0.4.1/node_modules/@expo-google-fonts/jetbrains-mono/800ExtraBold/JetBrainsMono_800ExtraBold.ttf
2026-08-17 11:34:36.267 Db YourSofia[1177:3235bc] [com.apple.CFBundle:resources] Resource lookup at CFBundle 0x600003b04540 </Users/valentinasenov/Library/Developer/CoreSimulator/Devices/4EC5F74C-5A9C-4D89-8E44-374310E684AE/data/Containers/Bundle/Application/F3147808-5ECA-491B-9ADC-3DA9921C01A2/YourSofia.app> (executable, loaded)
	Request       : JetBrainsMono_100Thin_Italic type: ttf path: assets/node_modules/.pnpm/@expo-google-fonts+jetbrains-mono@0.4.1/node_modules/@expo-google-fonts/jetbrains-mono/100Thin_Italic
	Result        : file:///Users/valentinasenov/Library/Developer/CoreSimulator/Devices/4EC5F74C-5A9C-4D89-8E44-374310E684AE/data/Containers/Bundle/Application/F3147808-5ECA-491B-9ADC-3DA9921C01A2/YourSofia.app/assets/node_modules/.pnpm/@expo-google-fonts+jetbrains-mono@0.4.1/node_modules/@expo-google-fonts/jetbrains-mono/100Thin_Italic/JetBrainsMono_100Thin_Italic.ttf
2026-08-17 11:34:36.267 Db YourSofia[1177:3235bc] [com.apple.CFBundle:resources] Resource lookup at CFBundle 0x600003b04540 </Users/valentinasenov/Library/Developer/CoreSimulator/Devices/4EC5F74C-5A9C-4D89-8E44-374310E684AE/data/Containers/Bundle/Application/F3147808-5ECA-491B-9ADC-3DA9921C01A2/YourSofia.app> (executable, loaded)
	Request       : JetBrainsMono_200ExtraLight_Italic type: ttf path: assets/node_modules/.pnpm/@expo-google-fonts+jetbrains-mono@0.4.1/node_modules/@expo-google-fonts/jetbrains-mono/200ExtraLight_Italic
	Result        : file:///Users/valentinasenov/Library/Developer/CoreSimulator/Devices/4EC5F74C-5A9C-4D89-8E44-374310E684AE/data/Containers/Bundle/Application/F3147808-5ECA-491B-9ADC-3DA9921C01A2/YourSofia.app/assets/node_modules/.pnpm/@expo-google-fonts+jetbrains-mono@0.4.1/node_modules/@expo-google-fonts/jetbrains-mono/200ExtraLight_Italic/JetBrainsMono_200ExtraLight_Italic.ttf
2026-08-17 11:34:36.267 Db YourSofia[1177:3235bc] [com.apple.CFBundle:resources] Resource lookup at CFBundle 0x600003b04540 </Users/valentinasenov/Library/Developer/CoreSimulator/Devices/4EC5F74C-5A9C-4D89-8E44-374310E684AE/data/Containers/Bundle/Application/F3147808-5ECA-491B-9ADC-3DA9921C01A2/YourSofia.app> (executable, loaded)
	Request       : JetBrainsMono_300Light_Italic type: ttf path: assets/node_modules/.pnpm/@expo-google-fonts+jetbrains-mono@0.4.1/node_modules/@expo-google-fonts/jetbrains-mono/300Light_Italic
	Result        : file:///Users/valentinasenov/Library/Developer/CoreSimulator/Devices/4EC5F74C-5A9C-4D89-8E44-374310E684AE/data/Containers/Bundle/Application/F3147808-5ECA-491B-9ADC-3DA9921C01A2/YourSofia.app/assets/node_modules/.pnpm/@expo-google-fonts+jetbrains-mono@0.4.1/node_modules/@expo-google-fonts/jetbrains-mono/300Light_Italic/JetBrainsMono_300Light_Italic.ttf
2026-08-17 11:34:36.267 Db YourSofia[1177:3235bc] [com.apple.CFBundle:resources] Resource lookup at CFBundle 0x600003b04540 </Users/valentinasenov/Library/Developer/CoreSimulator/Devices/4EC5F74C-5A9C-4D89-8E44-374310E684AE/data/Containers/Bundle/Application/F3147808-5ECA-491B-9ADC-3DA9921C01A2/YourSofia.app> (executable, loaded)
	Request       : JetBrainsMono_400Regular_Italic type: ttf path: assets/node_modules/.pnpm/@expo-google-fonts+jetbrains-mono@0.4.1/node_modules/@expo-google-fonts/jetbrains-mono/400Regular_Italic
	Result        : file:///Users/valentinasenov/Library/Developer/CoreSimulator/Devices/4EC5F74C-5A9C-4D89-8E44-374310E684AE/data/Containers/Bundle/Application/F3147808-5ECA-491B-9ADC-3DA9921C01A2/YourSofia.app/assets/node_modules/.pnpm/@expo-google-fonts+jetbrains-mono@0.4.1/node_modules/@expo-google-fonts/jetbrains-mono/400Regular_Italic/JetBrainsMono_400Regular_Italic.ttf
2026-08-17 11:34:36.267 Db YourSofia[1177:3235bc] [com.apple.CFBundle:resources] Resource lookup at CFBundle 0x600003b04540 </Users/valentinasenov/Library/Developer/CoreSimulator/Devices/4EC5F74C-5A9C-4D89-8E44-374310E684AE/data/Containers/Bundle/Application/F3147808-5ECA-491B-9ADC-3DA9921C01A2/YourSofia.app> (executable, loaded)
	Request       : JetBrainsMono_500Medium_Italic type: ttf path: assets/node_modules/.pnpm/@expo-google-fonts+jetbrains-mono@0.4.1/node_modules/@expo-google-fonts/jetbrains-mono/500Medium_Italic
	Result        : file:///Users/valentinasenov/Library/Developer/CoreSimulator/Devices/4EC5F74C-5A9C-4D89-8E44-374310E684AE/data/Containers/Bundle/Application/F3147808-5ECA-491B-9ADC-3DA9921C01A2/YourSofia.app/assets/node_modules/.pnpm/@expo-google-fonts+jetbrains-mono@0.4.1/node_modules/@expo-google-fonts/jetbrains-mono/500Medium_Italic/JetBrainsMono_500Medium_Italic.ttf
2026-08-17 11:34:36.268 Db YourSofia[1177:3235bc] [com.apple.CFBundle:resources] Resource lookup at CFBundle 0x600003b04540 </Users/valentinasenov/Library/Developer/CoreSimulator/Devices/4EC5F74C-5A9C-4D89-8E44-374310E684AE/data/Containers/Bundle/Application/F3147808-5ECA-491B-9ADC-3DA9921C01A2/YourSofia.app> (executable, loaded)
	Request       : JetBrainsMono_600SemiBold_Italic type: ttf path: assets/node_modules/.pnpm/@expo-google-fonts+jetbrains-mono@0.4.1/node_modules/@expo-google-fonts/jetbrains-mono/600SemiBold_Italic
	Result        : file:///Users/valentinasenov/Library/Developer/CoreSimulator/Devices/4EC5F74C-5A9C-4D89-8E44-374310E684AE/data/Containers/Bundle/Application/F3147808-5ECA-491B-9ADC-3DA9921C01A2/YourSofia.app/assets/node_modules/.pnpm/@expo-google-fonts+jetbrains-mono@0.4.1/node_modules/@expo-google-fonts/jetbrains-mono/600SemiBold_Italic/JetBrainsMono_600SemiBold_Italic.ttf
2026-08-17 11:34:36.268 Db YourSofia[1177:3235bc] [com.apple.CFBundle:resources] Resource lookup at CFBundle 0x600003b04540 </Users/valentinasenov/Library/Developer/CoreSimulator/Devices/4EC5F74C-5A9C-4D89-8E44-374310E684AE/data/Containers/Bundle/Application/F3147808-5ECA-491B-9ADC-3DA9921C01A2/YourSofia.app> (executable, loaded)
	Request       : JetBrainsMono_700Bold_Italic type: ttf path: assets/node_modules/.pnpm/@expo-google-fonts+jetbrains-mono@0.4.1/node_modules/@expo-google-fonts/jetbrains-mono/700Bold_Italic
	Result        : file:///Users/valentinasenov/Library/Developer/CoreSimulator/Devices/4EC5F74C-5A9C-4D89-8E44-374310E684AE/data/Containers/Bundle/Application/F3147808-5ECA-491B-9ADC-3DA9921C01A2/YourSofia.app/assets/node_modules/.pnpm/@expo-google-fonts+jetbrains-mono@0.4.1/node_modules/@expo-google-fonts/jetbrains-mono/700Bold_Italic/JetBrainsMono_700Bold_Italic.ttf
2026-08-17 11:34:36.268 Db YourSofia[1177:3235bc] [com.apple.CFBundle:resources] Resource lookup at CFBundle 0x600003b04540 </Users/valentinasenov/Library/Developer/CoreSimulator/Devices/4EC5F74C-5A9C-4D89-8E44-374310E684AE/data/Containers/Bundle/Application/F3147808-5ECA-491B-9ADC-3DA9921C01A2/YourSofia.app> (executable, loaded)
	Request       : JetBrainsMono_800ExtraBold_Italic type: ttf path: assets/node_modules/.pnpm/@expo-google-fonts+jetbrains-mono@0.4.1/node_modules/@expo-google-fonts/jetbrains-mono/800ExtraBold_Italic
	Result        : file:///Users/valentinasenov/Library/Developer/CoreSimulator/Devices/4EC5F74C-5A9C-4D89-8E44-374310E684AE/data/Containers/Bundle/Application/F3147808-5ECA-491B-9ADC-3DA9921C01A2/YourSofia.app/assets/node_modules/.pnpm/@expo-google-fonts+jetbrains-mono@0.4.1/node_modules/@expo-google-fonts/jetbrains-mono/800ExtraBold_Italic/JetBrainsMono_800ExtraBold_Italic.ttf
2026-08-17 11:34:36.268 Db YourSofia[1177:3235bc] [com.apple.CFBundle:resources] Resource lookup at CFBundle 0x600003b04540 </Users/valentinasenov/Library/Developer/CoreSimulator/Devices/4EC5F74C-5A9C-4D89-8E44-374310E684AE/data/Containers/Bundle/Application/F3147808-5ECA-491B-9ADC-3DA9921C01A2/YourSofia.app> (executable, loaded)
	Request       : sofia-gerb type: png path: assets/assets/images
	Result        : file:///Users/valentinasenov/Library/Developer/CoreSimulator/Devices/4EC5F74C-5A9C-4D89-8E44-374310E684AE/data/Containers/Bundle/Application/F3147808-5ECA-491B-9ADC-3DA9921C01A2/YourSofia.app/assets/assets/images/sofia-gerb.png
2026-08-17 11:34:36.268 I  YourSofia[1177:3235bd] [dev.expo.modules:expo-updates] 🟢 {"timestamp":1786955676000,"code":"None","level":"info","message":"AppController appLoaderTask didFinishWithLauncher, isUpToDate=0, remoteLoadStatus=0"}
2026-08-17 11:34:36.269 I  YourSofia[1177:3235bd] [dev.expo.modules:expo-updates] 🟢 {"timestamp":1786955676000,"code":"None","level":"info","message":"Updates state change: state = checking, event = check, context = UpdatesStateContext(isStartupProcedureRunning: true, isUpdateAvailable: false, isUpdatePending: false, isChecking: true, isDownloading: false, isRestarting: false, restartCount: 0, latestManifest: nil, downloadedManifest: nil, rollback: nil, checkError: nil, downloadError: nil, downloadProgress: 0.0, lastCheckForUpdateTime: nil, sequenceNumber: 2)"}
2026-08-17 11:34:36.269 Db YourSofia[1177:32358e] [com.apple.defaults:User Defaults] found no value for key expo.eas-client-id in CFPrefsSearchListSource<0x600002c04180> (Domain: bg.sofia.yoursofia, Container: (null) Non-launch persona: 0)
2026-08-17 11:34:36.269 Db YourSofia[1177:32358e] [com.apple.defaults:User Defaults] setting {
    "expo.eas-client-id" = "EB8E083C-29F1-4767-B0D4-B22534D32857";
} in CFPrefsPlistSource<0x600002c08400> (Domain: bg.sofia.yoursofia, User: kCFPreferencesCurrentUser, ByHost: No, Container: (null), Contents Need Refresh: No)
2026-08-17 11:34:36.270 Df YourSofia[1177:32358e] [com.apple.CFNetwork:Default] Task <E97B2EC3-049A-453C-A250-2EF1B14624A7>.<1> resuming, timeouts(60.0, 604800.0) qos(0x19) voucher(<OS_voucher: 0x6000021262b0>) activity(00000000-0000-0000-0000-000000000000)
2026-08-17 11:34:36.270 Db YourSofia[1177:32358e] [com.apple.network:activity] Returning should log: 0 for activity cfnetwork:foreground_task
2026-08-17 11:34:36.270 Db YourSofia[1177:32358e] [com.apple.network:activity] Activity <nw_activity 12:2 [No UUID] (parent is global) (reporting strategy default)> inheriting reporting strategy from parent <nw_activity 50:1 [4F78EBD9-8145-4D07-A3E2-BBE60DBCB9C7] (reporting strategy default)>
2026-08-17 11:34:36.270 Db YourSofia[1177:32358e] [com.apple.network:activity] Returning should log: 0 for activity cfnetwork:foreground_task
2026-08-17 11:34:36.270 Db YourSofia[1177:32358e] [com.apple.network:activity] Returning should log: 0 for activity cfnetwork:foreground_task
2026-08-17 11:34:36.270 Db YourSofia[1177:3235bc] [com.apple.BaseBoard:Common] [BSBlockSentinel:FBSScene] signaled! 2 of 2
2026-08-17 11:34:36.270 Db YourSofia[1177:32358e] [com.apple.CFNetwork:Default] [Telemetry]: Activity <nw_activity 12:2 [AA78414C-DBF3-4E98-897E-8F8F8458D299] (parent is global) (reporting strategy default)> on Task <E97B2EC3-049A-453C-A250-2EF1B14624A7>.<1> was not selected for reporting
2026-08-17 11:34:36.270 Db YourSofia[1177:3235bc] [com.apple.BaseBoard:Common] [BSBlockSentinel:FBSScene] dealloc
2026-08-17 11:34:36.270 Db YourSofia[1177:3235bd] [com.apple.defaults:User Defaults] CFPrefsPlistSource<0x600002c08600> (Domain: bg.sofia.yoursofia, User: kCFPreferencesCurrentUser, ByHost: No, Container: /Users/valentinasenov/Library/Developer/CoreSimulator/Devices/4EC5F74C-5A9C-4D89-8E44-374310E684AE/data, Contents Need Refresh: No) loaded: an empty base plist and no additional changes from the base plist
2026-08-17 11:34:36.270 Db YourSofia[1177:3235bd] [com.apple.defaults:User Defaults] CFPrefsPlistSource<0x600002c08800> (Domain: bg.sofia.yoursofia, User: kCFPreferencesCurrentUser, ByHost: Yes, Container: (null), Contents Need Refresh: No) loaded: an empty base plist and no additional changes from the base plist
2026-08-17 11:34:36.271 Db YourSofia[1177:3235bd] [com.apple.defaults:User Defaults] looked up value (
    "en-US",
    "bg-US"
) for key AppleLanguages in CFPrefsPlistSource<0x600002c08780> (Domain: kCFPreferencesAnyApplication, User: kCFPreferencesCurrentUser, ByHost: No, Container: /Users/valentinasenov/Library/Developer/CoreSimulator/Devices/4EC5F74C-5A9C-4D89-8E44-374310E684AE/data, Contents Need Refresh: No) via CFPrefsSearchListSource<0x600002c04180> (Domain: bg.sofia.yoursofia, Container: (null) Non-launch persona: 0)
2026-08-17 11:34:36.278 Db YourSofia[1177:32358e] [com.apple.runningboard:message] PERF: [app<bg.sofia.yoursofia((null))>:1177] Received message from runningboardd: async_didChangeInheritances:completion:
2026-08-17 11:34:36.278 A  YourSofia[1177:32358e] (RunningBoardServices) didChangeInheritances
2026-08-17 11:34:36.278 Db YourSofia[1177:32358e] [com.apple.runningboard:connection] didChangeInheritances: <RBSInheritanceChangeSet| gained:(null) lost:{(
    <RBSInheritance| environment:UIScene:com.apple.frontboard.systemappservices/FBSceneManager:sceneID%3Abg.sofia.yoursofia-default name:com.apple.frontboard.visibility origID:99881-1155-935 payload 8719656185504109860>
)}>
2026-08-17 11:34:36.284 Db YourSofia[1177:323578] [com.apple.CFBundle:resources] Resource lookup at CFBundle 0x600003b04540 </Users/valentinasenov/Library/Developer/CoreSimulator/Devices/4EC5F74C-5A9C-4D89-8E44-374310E684AE/data/Containers/Bundle/Application/F3147808-5ECA-491B-9ADC-3DA9921C01A2/YourSofia.app> (executable, loaded)
	Request       : InfoPlist type: strings
	Result        : None
2026-08-17 11:34:36.284 Db YourSofia[1177:323578] [com.apple.CFBundle:resources] Resource lookup at CFBundle 0x600003b04540 </Users/valentinasenov/Library/Developer/CoreSimulator/Devices/4EC5F74C-5A9C-4D89-8E44-374310E684AE/data/Containers/Bundle/Application/F3147808-5ECA-491B-9ADC-3DA9921C01A2/YourSofia.app> (executable, loaded)
	Request       : InfoPlist type: stringsdict
	Result        : None
2026-08-17 11:34:36.289 Db YourSofia[1177:3235bc] [com.apple.CFNetwork:ATS] Task <E97B2EC3-049A-453C-A250-2EF1B14624A7>.<1> {strength 1, tls 8, sub 0, sig 0, ciphers 1, bundle 0, builtin 0}
2026-08-17 11:34:36.290 Df YourSofia[1177:3235bc] [com.apple.CFNetwork:Default] Connection 0: creating secure tcp or quic connection
2026-08-17 11:34:36.290 I  YourSofia[1177:3235bc] [com.apple.network:connection] nw_connection_create_with_id [C2] create connection to Hostname#1fc45447:443
2026-08-17 11:34:36.290 I  YourSofia[1177:3235bc] [com.apple.network:connection] nw_connection_create_with_id_block_invoke [C2] has alternative UNKNOWN for quic
2026-08-17 11:34:36.290 Df YourSofia[1177:3235bc] [com.apple.CFNetwork:Default] Connection 2: enabling TLS
2026-08-17 11:34:36.290 Df YourSofia[1177:3235bc] [com.apple.CFNetwork:Default] Connection 2: starting, TC(0x0)
2026-08-17 11:34:36.290 Df YourSofia[1177:3235bc] [com.apple.network:connection] [C2 15875DE7-F78A-4692-9548-9EA4FA9529BA Hostname#1fc45447:443 quic-connection, url: https://u.expo.dev/8c71d3db-2519-4b4d-a33f-4a5e3b2c2661, definite, attribution: developer, context: com.apple.CFNetwork.NSURLSession.{78A0F3BF-6D88-441C-88D4-E35360195B02}{(null)}{Y}{2}{0x0} (private), proc: DDAE0ACD-06B9-3DE6-879D-DE3D6508ACC1, delegated upid: 0] start
2026-08-17 11:34:36.290 I  YourSofia[1177:3235bc] [com.apple.network:connection] nw_endpoint_handler_start [C2 Hostname#1fc45447:443 initial parent-flow ((null))]
2026-08-17 11:34:36.290 Df YourSofia[1177:3235bc] [com.apple.network:connection] [C2 Hostname#1fc45447:443 initial parent-flow ((null))] event: path:start @0.000s
2026-08-17 11:34:36.291 Db YourSofia[1177:3235bc] [com.apple.network:connection] nw_endpoint_handler_path_change [C2 Hostname#1fc45447:443 waiting parent-flow (satisfied (Path is satisfied), interface: en0[802.11], uses wifi, LQM: unknown)]
2026-08-17 11:34:36.291 Db YourSofia[1177:3235bc] [com.apple.networkextension:] ne_tracker_check_is_hostname_blocked() proceeding with the in_the_app check for hostname: u.expo.dev
2026-08-17 11:34:36.291 Db YourSofia[1177:3235bc] [com.apple.CFBundle:resources] Resource lookup at CFBundle 0x600003b04540 </Users/valentinasenov/Library/Developer/CoreSimulator/Devices/4EC5F74C-5A9C-4D89-8E44-374310E684AE/data/Containers/Bundle/Application/F3147808-5ECA-491B-9ADC-3DA9921C01A2/YourSofia.app> (executable, loaded)
	Request       : InfoPlist type: strings
	Result        : None
2026-08-17 11:34:36.291 Db YourSofia[1177:3235bc] [com.apple.CFBundle:resources] Resource lookup at CFBundle 0x600003b04540 </Users/valentinasenov/Library/Developer/CoreSimulator/Devices/4EC5F74C-5A9C-4D89-8E44-374310E684AE/data/Containers/Bundle/Application/F3147808-5ECA-491B-9ADC-3DA9921C01A2/YourSofia.app> (executable, loaded)
	Request       : InfoPlist type: stringsdict
	Result        : None
2026-08-17 11:34:36.291 Db YourSofia[1177:3235bc] [com.apple.networkextension:] ne_tracker_check_is_hostname_blocked(): hostname u.expo.dev is not a tracker. Returning: ne_tracker_status_none
2026-08-17 11:34:36.291 Df YourSofia[1177:3235bc] [com.apple.network:connection] [C2 Hostname#1fc45447:443 waiting parent-flow (satisfied (Path is satisfied), interface: en0[802.11], uses wifi, LQM: unknown)] event: path:satisfied @0.000s, uuid: F8715446-260C-4773-BEA5-FC9F5D38ADD1
2026-08-17 11:34:36.291 I  YourSofia[1177:3235bc] [com.apple.network:connection] nw_connection_endpoint_report_on_nw_queue_block_invoke [C2 Hostname#1fc45447:443 waiting parent-flow (satisfied (Path is satisfied), interface: en0[802.11], uses wifi, LQM: unknown)] skipping state update
2026-08-17 11:34:36.291 Db YourSofia[1177:3235bc] [com.apple.network:connection] nw_endpoint_flow_attach_protocols [C2 Hostname#1fc45447:443 in_progress parent-flow (satisfied (Path is satisfied), interface: en0[802.11], uses wifi, LQM: unknown)]
2026-08-17 11:34:36.291 Db YourSofia[1177:3235bc] [com.apple.network:connection] nw_endpoint_flow_attach_protocols [C2 Hostname#1fc45447:443 in_progress parent-flow (satisfied (Path is satisfied), interface: en0[802.11], uses wifi, LQM: unknown)] stopping after adding persistent application protocols
2026-08-17 11:34:36.291 Db YourSofia[1177:3235bc] [com.apple.network:connection] nw_endpoint_flow_setup_protocols [C2 Hostname#1fc45447:443 in_progress parent-flow (satisfied (Path is satisfied), interface: en0[802.11], uses wifi, LQM: unknown)] persistent protocol stack, starting
2026-08-17 11:34:36.291 Df YourSofia[1177:3235bc] [com.apple.network:connection] [C2 Hostname#1fc45447:443 in_progress parent-flow (satisfied (Path is satisfied), interface: en0[802.11], uses wifi, LQM: unknown)] event: flow:start_connect @0.000s
2026-08-17 11:34:36.291 Df YourSofia[1177:3235bc] [com.apple.network:connection] nw_connection_report_state_with_handler_on_nw_queue [C2] reporting state preparing
2026-08-17 11:34:36.291 I  YourSofia[1177:3235bc] [com.apple.network:connection] nw_endpoint_flow_connect [C2 Hostname#1fc45447:443 in_progress parent-flow (satisfied (Path is satisfied), interface: en0[802.11], uses wifi, LQM: unknown)] connect bottom protocol
2026-08-17 11:34:36.291 Db YourSofia[1177:3235bc] [com.apple.network:connection] nw_endpoint_flow_start_child [C2 Hostname#1fc45447:443 in_progress parent-flow (satisfied (Path is satisfied), interface: en0[802.11], uses wifi, LQM: unknown)] creating and starting child handler
2026-08-17 11:34:36.291 Db YourSofia[1177:3235bc] [com.apple.network:] nw_endpoint_proxy_handler_should_use_proxy Looking up proxy for hostname: u.expo.dev, ifindex: 0
2026-08-17 11:34:36.291 Db YourSofia[1177:3235bc] [com.apple.SystemConfiguration:SCPreferences] create <SCPreferences 0x105320760 [0x1e6193a48]> {name = SCDynamicStoreCopyProxiesWithOptions, id = /Library/Managed Preferences/mobile/com.apple.SystemConfiguration.plist, path = /Library/Managed Preferences/mobile/com.apple.SystemConfiguration.plist}
2026-08-17 11:34:36.291 Db YourSofia[1177:3235bc] [com.apple.SystemConfiguration:SCPreferences] SCPreferences() access: /Library/Managed Preferences/mobile/com.apple.SystemConfiguration.plist, size=0
2026-08-17 11:34:36.291 Db YourSofia[1177:3235bc] [com.apple.SystemConfiguration:SCPreferences] release <SCPreferences 0x105320760 [0x1e6193a48]> {name = SCDynamicStoreCopyProxiesWithOptions, id = /Library/Managed Preferences/mobile/com.apple.SystemConfiguration.plist, path = /Library/Managed Preferences/mobile/com.apple.SystemConfiguration.plist, accessed}
2026-08-17 11:34:36.291 Df YourSofia[1177:3235bc] [com.apple.network:connection] [C2 Hostname#1fc45447:443 in_progress parent-flow (satisfied (Path is satisfied), interface: en0[802.11], uses wifi, LQM: unknown)] event: flow:start_child @0.001s
2026-08-17 11:34:36.291 I  YourSofia[1177:3235bc] [com.apple.network:connection] nw_endpoint_handler_start [C2.1 Hostname#1fc45447:443 initial path ((null))]
2026-08-17 11:34:36.292 Db YourSofia[1177:3235bc] [com.apple.network:connection] nw_endpoint_flow_receive_report [C2 Hostname#1fc45447:443 in_progress parent-flow (satisfied (Path is satisfied), interface: en0[802.11], uses wifi, LQM: unknown)] received child report: [C2.1 Hostname#1fc45447:443 initial path ((null))]
2026-08-17 11:34:36.292 Df YourSofia[1177:3235bc] [com.apple.network:connection] [C2.1 Hostname#1fc45447:443 initial path ((null))] event: path:start @0.001s
2026-08-17 11:34:36.292 Db YourSofia[1177:3235bc] [com.apple.network:connection] nw_endpoint_handler_path_change [C2.1 Hostname#1fc45447:443 waiting path (satisfied (Path is satisfied), interface: en0[802.11], uses wifi, LQM: unknown)]
2026-08-17 11:34:36.292 Db YourSofia[1177:3235bc] [com.apple.networkextension:] ne_tracker_check_is_hostname_blocked() proceeding with the in_the_app check for hostname: u.expo.dev
2026-08-17 11:34:36.292 Db YourSofia[1177:3235bc] [com.apple.CFBundle:resources] Resource lookup at CFBundle 0x600003b04540 </Users/valentinasenov/Library/Developer/CoreSimulator/Devices/4EC5F74C-5A9C-4D89-8E44-374310E684AE/data/Containers/Bundle/Application/F3147808-5ECA-491B-9ADC-3DA9921C01A2/YourSofia.app> (executable, loaded)
	Request       : InfoPlist type: strings
	Result        : None
2026-08-17 11:34:36.292 Db YourSofia[1177:3235bc] [com.apple.CFBundle:resources] Resource lookup at CFBundle 0x600003b04540 </Users/valentinasenov/Library/Developer/CoreSimulator/Devices/4EC5F74C-5A9C-4D89-8E44-374310E684AE/data/Containers/Bundle/Application/F3147808-5ECA-491B-9ADC-3DA9921C01A2/YourSofia.app> (executable, loaded)
	Request       : InfoPlist type: stringsdict
	Result        : None
2026-08-17 11:34:36.292 Db YourSofia[1177:3235bc] [com.apple.networkextension:] ne_tracker_check_is_hostname_blocked(): hostname u.expo.dev is not a tracker. Returning: ne_tracker_status_none
2026-08-17 11:34:36.292 Db YourSofia[1177:3235bc] [com.apple.network:connection] nw_endpoint_flow_receive_report [C2 Hostname#1fc45447:443 in_progress parent-flow (satisfied (Path is satisfied), interface: en0[802.11], uses wifi, LQM: unknown)] received child report: [C2.1 Hostname#1fc45447:443 waiting path (satisfied (Path is satisfied), interface: en0[802.11], uses wifi, LQM: unknown)]
2026-08-17 11:34:36.292 Df YourSofia[1177:3235bc] [com.apple.network:connection] [C2.1 Hostname#1fc45447:443 waiting path (satisfied (Path is satisfied), interface: en0[802.11], uses wifi, LQM: unknown)] event: path:satisfied @0.001s, uuid: F8715446-260C-4773-BEA5-FC9F5D38ADD1
2026-08-17 11:34:36.292 Db YourSofia[1177:3235bc] [com.apple.network:connection] -[NWConcrete_nw_endpoint_transform startWithHandler:] [C2.1 Hostname#1fc45447:443 waiting transform (satisfied (Path is satisfied), interface: en0[802.11], uses wifi, LQM: unknown)]
2026-08-17 11:34:36.292 Db YourSofia[1177:3235bc] [com.apple.network:connection] nw_endpoint_flow_receive_report [C2 Hostname#1fc45447:443 in_progress parent-flow (satisfied (Path is satisfied), interface: en0[802.11], uses wifi, LQM: unknown)] received child report: [C2.1 Hostname#1fc45447:443 in_progress transform (satisfied (Path is satisfied), interface: en0[802.11], uses wifi, LQM: unknown)]
2026-08-17 11:34:36.292 Df YourSofia[1177:3235bc] [com.apple.network:connection] [C2.1 Hostname#1fc45447:443 in_progress transform (satisfied (Path is satisfied), interface: en0[802.11], uses wifi, LQM: unknown)] event: transform:start @0.001s
2026-08-17 11:34:36.292 Db YourSofia[1177:3235bc] [com.apple.network:connection] nw_endpoint_transform_add_children_block_invoke [C2.1 Hostname#1fc45447:443 in_progress transform (satisfied (Path is satisfied), interface: en0[802.11], uses wifi, LQM: unknown)] Transform including protocol quic cannot be used, unknown endpoint
2026-08-17 11:34:36.292 I  YourSofia[1177:3235bc] [com.apple.network:connection] nw_endpoint_handler_start [C2.1.1 Hostname#1fc45447:443 initial path ((null))]
2026-08-17 11:34:36.292 Db YourSofia[1177:3235bc] [com.apple.network:connection] nw_endpoint_transform_receive_report [C2.1 Hostname#1fc45447:443 in_progress transform (satisfied (Path is satisfied), interface: en0[802.11], uses wifi, LQM: unknown)] received child report: [C2.1.1 Hostname#1fc45447:443 initial path ((null))]
2026-08-17 11:34:36.292 Db YourSofia[1177:3235bc] [com.apple.network:connection] nw_endpoint_flow_receive_report [C2 Hostname#1fc45447:443 in_progress parent-flow (satisfied (Path is satisfied), interface: en0[802.11], uses wifi, LQM: unknown)] received child report: [C2.1.1 Hostname#1fc45447:443 initial path ((null))]
2026-08-17 11:34:36.292 Df YourSofia[1177:3235bc] [com.apple.network:connection] [C2.1.1 Hostname#1fc45447:443 initial path ((null))] event: path:start @0.001s
2026-08-17 11:34:36.292 Db YourSofia[1177:3235bc] [com.apple.network:connection] nw_endpoint_handler_path_change [C2.1.1 Hostname#1fc45447:443 waiting path (satisfied (Path is satisfied), interface: en0[802.11], uses wifi, LQM: unknown)]
2026-08-17 11:34:36.292 Db YourSofia[1177:3235bc] [com.apple.networkextension:] ne_tracker_check_is_hostname_blocked() proceeding with the in_the_app check for hostname: u.expo.dev
2026-08-17 11:34:36.292 Db YourSofia[1177:3235bc] [com.apple.CFBundle:resources] Resource lookup at CFBundle 0x600003b04540 </Users/valentinasenov/Library/Developer/CoreSimulator/Devices/4EC5F74C-5A9C-4D89-8E44-374310E684AE/data/Containers/Bundle/Application/F3147808-5ECA-491B-9ADC-3DA9921C01A2/YourSofia.app> (executable, loaded)
	Request       : InfoPlist type: strings
	Result        : None
2026-08-17 11:34:36.292 Db YourSofia[1177:3235bc] [com.apple.CFBundle:resources] Resource lookup at CFBundle 0x600003b04540 </Users/valentinasenov/Library/Developer/CoreSimulator/Devices/4EC5F74C-5A9C-4D89-8E44-374310E684AE/data/Containers/Bundle/Application/F3147808-5ECA-491B-9ADC-3DA9921C01A2/YourSofia.app> (executable, loaded)
	Request       : InfoPlist type: stringsdict
	Result        : None
2026-08-17 11:34:36.292 Db YourSofia[1177:3235bc] [com.apple.networkextension:] ne_tracker_check_is_hostname_blocked(): hostname u.expo.dev is not a tracker. Returning: ne_tracker_status_none
2026-08-17 11:34:36.292 Db YourSofia[1177:3235bc] [com.apple.network:connection] nw_endpoint_transform_receive_report [C2.1 Hostname#1fc45447:443 in_progress transform (satisfied (Path is satisfied), interface: en0[802.11], uses wifi, LQM: unknown)] received child report: [C2.1.1 Hostname#1fc45447:443 waiting path (satisfied (Path is satisfied), interface: en0[802.11], uses wifi, LQM: unknown)]
2026-08-17 11:34:36.292 Db YourSofia[1177:3235bc] [com.apple.network:connection] nw_endpoint_flow_receive_report [C2 Hostname#1fc45447:443 in_progress parent-flow (satisfied (Path is satisfied), interface: en0[802.11], uses wifi, LQM: unknown)] received child report: [C2.1.1 Hostname#1fc45447:443 waiting path (satisfied (Path is satisfied), interface: en0[802.11], uses wifi, LQM: unknown)]
2026-08-17 11:34:36.292 Df YourSofia[1177:3235bc] [com.apple.network:connection] [C2.1.1 Hostname#1fc45447:443 waiting path (satisfied (Path is satisfied), interface: en0[802.11], uses wifi, LQM: unknown)] event: path:satisfied @0.002s, uuid: EA51D47A-898C-438B-A169-401F6C4E639B
2026-08-17 11:34:36.292 Db YourSofia[1177:3235bc] [com.apple.network:] nw_endpoint_proxy_handler_should_use_proxy Looking up proxy for hostname: u.expo.dev, ifindex: 0
2026-08-17 11:34:36.293 Db YourSofia[1177:3235bc] [com.apple.SystemConfiguration:SCPreferences] create <SCPreferences 0x1054148b0 [0x1e6193a48]> {name = SCDynamicStoreCopyProxiesWithOptions, id = /Library/Managed Preferences/mobile/com.apple.SystemConfiguration.plist, path = /Library/Managed Preferences/mobile/com.apple.SystemConfiguration.plist}
2026-08-17 11:34:36.293 Db YourSofia[1177:3235bc] [com.apple.SystemConfiguration:SCPreferences] SCPreferences() access: /Library/Managed Preferences/mobile/com.apple.SystemConfiguration.plist, size=0
2026-08-17 11:34:36.293 Db YourSofia[1177:3235bc] [com.apple.SystemConfiguration:SCPreferences] release <SCPreferences 0x1054148b0 [0x1e6193a48]> {name = SCDynamicStoreCopyProxiesWithOptions, id = /Library/Managed Preferences/mobile/com.apple.SystemConfiguration.plist, path = /Library/Managed Preferences/mobile/com.apple.SystemConfiguration.plist, accessed}
2026-08-17 11:34:36.293 Db YourSofia[1177:3235bc] [com.apple.network:connection] -[NWConcrete_nw_endpoint_resolver startWithHandler:] [C2.1.1 Hostname#1fc45447:443 waiting resolver (satisfied (Path is satisfied), interface: en0[802.11], uses wifi, LQM: unknown)]
2026-08-17 11:34:36.293 Db YourSofia[1177:3235bc] [com.apple.network:connection] nw_endpoint_transform_receive_report [C2.1 Hostname#1fc45447:443 in_progress transform (satisfied (Path is satisfied), interface: en0[802.11], uses wifi, LQM: unknown)] received child report: [C2.1.1 Hostname#1fc45447:443 in_progress resolver (satisfied (Path is satisfied), interface: en0[802.11], uses wifi, LQM: unknown)]
2026-08-17 11:34:36.293 Db YourSofia[1177:3235bc] [com.apple.network:connection] nw_endpoint_flow_receive_report [C2 Hostname#1fc45447:443 in_progress parent-flow (satisfied (Path is satisfied), interface: en0[802.11], uses wifi, LQM: unknown)] received child report: [C2.1.1 Hostname#1fc45447:443 in_progress resolver (satisfied (Path is satisfied), interface: en0[802.11], uses wifi, LQM: unknown)]
2026-08-17 11:34:36.293 Df YourSofia[1177:3235bc] [com.apple.network:connection] [C2.1.1 Hostname#1fc45447:443 in_progress resolver (satisfied (Path is satisfied), interface: en0[802.11], uses wifi, LQM: unknown)] event: resolver:start_dns @0.002s
2026-08-17 11:34:36.293 Db YourSofia[1177:3235bc] [com.apple.networkextension:] ne_tracker_check_is_hostname_blocked() proceeding with the in_the_app check for hostname: u.expo.dev
2026-08-17 11:34:36.293 Db YourSofia[1177:3235bc] [com.apple.CFBundle:resources] Resource lookup at CFBundle 0x600003b04540 </Users/valentinasenov/Library/Developer/CoreSimulator/Devices/4EC5F74C-5A9C-4D89-8E44-374310E684AE/data/Containers/Bundle/Application/F3147808-5ECA-491B-9ADC-3DA9921C01A2/YourSofia.app> (executable, loaded)
	Request       : InfoPlist type: strings
	Result        : None
2026-08-17 11:34:36.293 Db YourSofia[1177:3235bc] [com.apple.CFBundle:resources] Resource lookup at CFBundle 0x600003b04540 </Users/valentinasenov/Library/Developer/CoreSimulator/Devices/4EC5F74C-5A9C-4D89-8E44-374310E684AE/data/Containers/Bundle/Application/F3147808-5ECA-491B-9ADC-3DA9921C01A2/YourSofia.app> (executable, loaded)
	Request       : InfoPlist type: stringsdict
	Result        : None
2026-08-17 11:34:36.293 Db YourSofia[1177:3235bc] [com.apple.networkextension:] ne_tracker_check_is_hostname_blocked(): hostname u.expo.dev is not a tracker. Returning: ne_tracker_status_none
2026-08-17 11:34:36.293 I  YourSofia[1177:3235bc] [com.apple.network:connection] nw_resolver_create_dns_service_locked [C2.1.1] Starting host resolution Hostname#1fc45447:443, flags 0xc000d000 proto 0
2026-08-17 11:34:36.293 Df YourSofia[1177:3235bc] [com.apple.CFNetwork:Default] Task <E97B2EC3-049A-453C-A250-2EF1B14624A7>.<1> setting up Connection 2
2026-08-17 11:34:36.293 Db YourSofia[1177:3235bc] [com.apple.network:activity] Returning should log: 0 for activity cfnetwork:foreground_task
2026-08-17 11:34:36.293 I  YourSofia[1177:3235bc] [com.apple.network:connection] nw_resolver_host_resolve_callback [C2.1.1] flags=0x40000003 ifindex=0 error=NoSuchRecord(-65554) hostname=u.expo.dev. addr=IN6ADDR_ANY ttl=60
2026-08-17 11:34:36.293 I  YourSofia[1177:3235bc] [com.apple.network:connection] nw_resolver_host_resolve_callback [C2.1.1] flags=0xc0000003 ifindex=0 error=NoError(0) hostname=u.expo.dev. addr=IPv4#addd1704 ttl=377
2026-08-17 11:34:36.293 I  YourSofia[1177:3235bc] [com.apple.network:connection] nw_resolver_host_resolve_callback [C2.1.1] flags=0xc0000002 ifindex=0 error=NoError(0) hostname=u.expo.dev. addr=IPv4#17126d15 ttl=377
2026-08-17 11:34:36.293 Db YourSofia[1177:3235bc] [com.apple.network:] sa_dst_compare_statistics not prefering 2, dst1 min rtt 8.000000 > dst2 min rtt 4.000000, leeway 100 small leeway 10
2026-08-17 11:34:36.293 Db YourSofia[1177:3235bc] [com.apple.network:] sa_dst_compare_internal <private>@0 = <private>@0
2026-08-17 11:34:36.294 Db YourSofia[1177:3235bc] [com.apple.network:connection] nw_endpoint_resolver_update [C2.1.1 Hostname#1fc45447:443 in_progress resolver (satisfied (Path is satisfied), interface: en0[802.11], uses wifi, LQM: unknown)] resolver is in_progress
2026-08-17 11:34:36.294 Df YourSofia[1177:3235bc] [com.apple.network:connection] nw_endpoint_resolver_update [C2.1.1 Hostname#1fc45447:443 in_progress resolver (satisfied (Path is satisfied), interface: en0[802.11], uses wifi, LQM: unknown)] Adding endpoint handler for IPv4#f54a4c71:443
2026-08-17 11:34:36.294 Df YourSofia[1177:3235bc] [com.apple.network:connection] nw_endpoint_resolver_update [C2.1.1 Hostname#1fc45447:443 in_progress resolver (satisfied (Path is satisfied), interface: en0[802.11], uses wifi, LQM: unknown)] Adding endpoint handler for IPv4#97475da3:443
2026-08-17 11:34:36.294 Db YourSofia[1177:3235bc] [com.apple.network:connection] nw_endpoint_resolver_update [C2.1.1 Hostname#1fc45447:443 in_progress resolver (satisfied (Path is satisfied), interface: en0[802.11], uses wifi, LQM: unknown)] Updated endpoint list is (IPv4#f54a4c71:443,IPv4#97475da3:443)
2026-08-17 11:34:36.294 Db YourSofia[1177:3235bc] [com.apple.network:connection] nw_endpoint_transform_receive_report [C2.1 Hostname#1fc45447:443 in_progress transform (satisfied (Path is satisfied), interface: en0[802.11], uses wifi, LQM: unknown)] received child report: [C2.1.1 Hostname#1fc45447:443 in_progress resolver (satisfied (Path is satisfied), interface: en0[802.11], uses wifi, LQM: unknown)]
2026-08-17 11:34:36.294 Db YourSofia[1177:3235bc] [com.apple.network:connection] nw_endpoint_flow_receive_report [C2 Hostname#1fc45447:443 in_progress parent-flow (satisfied (Path is satisfied), interface: en0[802.11], uses wifi, LQM: unknown)] received child report: [C2.1.1 Hostname#1fc45447:443 in_progress resolver (satisfied (Path is satisfied), interface: en0[802.11], uses wifi, LQM: unknown)]
2026-08-17 11:34:36.294 Df YourSofia[1177:3235bc] [com.apple.network:connection] [C2.1.1 Hostname#1fc45447:443 in_progress resolver (satisfied (Path is satisfied), interface: en0[802.11], uses wifi, LQM: unknown)] event: resolver:receive_dns @0.003s
2026-08-17 11:34:36.294 I  YourSofia[1177:3235bc] [com.apple.network:connection] nw_endpoint_resolver_start_next_child [C2.1.1 Hostname#1fc45447:443 in_progress resolver (satisfied (Path is satisfied), interface: en0[802.11], uses wifi, LQM: unknown)] starting child endpoint IPv4#f54a4c71:443
2026-08-17 11:34:36.294 I  YourSofia[1177:3235bc] [com.apple.network:connection] nw_endpoint_handler_start [C2.1.1.1 IPv4#f54a4c71:443 initial path ((null))]
2026-08-17 11:34:36.294 Db YourSofia[1177:3235bc] [com.apple.network:connection] nw_endpoint_resolver_receive_report [C2.1.1 Hostname#1fc45447:443 in_progress resolver (satisfied (Path is satisfied), interface: en0[802.11], uses wifi, LQM: unknown)] received child report: [C2.1.1.1 IPv4#f54a4c71:443 initial path ((null))]
2026-08-17 11:34:36.294 Db YourSofia[1177:3235bc] [com.apple.network:connection] nw_endpoint_transform_receive_report [C2.1 Hostname#1fc45447:443 in_progress transform (satisfied (Path is satisfied), interface: en0[802.11], uses wifi, LQM: unknown)] received child report: [C2.1.1.1 IPv4#f54a4c71:443 initial path ((null))]
2026-08-17 11:34:36.294 Db YourSofia[1177:3235bc] [com.apple.network:connection] nw_endpoint_flow_receive_report [C2 Hostname#1fc45447:443 in_progress parent-flow (satisfied (Path is satisfied), interface: en0[802.11], uses wifi, LQM: unknown)] received child report: [C2.1.1.1 IPv4#f54a4c71:443 initial path ((null))]
2026-08-17 11:34:36.294 Df YourSofia[1177:3235bc] [com.apple.network:connection] [C2.1.1.1 IPv4#f54a4c71:443 initial path ((null))] event: path:start @0.003s
2026-08-17 11:34:36.294 Db YourSofia[1177:3235bc] [com.apple.network:connection] nw_endpoint_handler_path_change [C2.1.1.1 IPv4#f54a4c71:443 waiting path (satisfied (Path is satisfied), interface: en0[802.11], uses wifi, LQM: unknown)]
2026-08-17 11:34:36.294 Db YourSofia[1177:3235bc] [com.apple.network:connection] nw_endpoint_resolver_receive_report [C2.1.1 Hostname#1fc45447:443 in_progress resolver (satisfied (Path is satisfied), interface: en0[802.11], uses wifi, LQM: unknown)] received child report: [C2.1.1.1 IPv4#f54a4c71:443 waiting path (satisfied (Path is satisfied), interface: en0[802.11], uses wifi, LQM: unknown)]
2026-08-17 11:34:36.294 Db YourSofia[1177:3235bc] [com.apple.network:connection] nw_endpoint_transform_receive_report [C2.1 Hostname#1fc45447:443 in_progress transform (satisfied (Path is satisfied), interface: en0[802.11], uses wifi, LQM: unknown)] received child report: [C2.1.1.1 IPv4#f54a4c71:443 waiting path (satisfied (Path is satisfied), interface: en0[802.11], uses wifi, LQM: unknown)]
2026-08-17 11:34:36.294 Db YourSofia[1177:3235bc] [com.apple.network:connection] nw_endpoint_flow_receive_report [C2 Hostname#1fc45447:443 in_progress parent-flow (satisfied (Path is satisfied), interface: en0[802.11], uses wifi, LQM: unknown)] received child report: [C2.1.1.1 IPv4#f54a4c71:443 waiting path (satisfied (Path is satisfied), interface: en0[802.11], uses wifi, LQM: unknown)]
2026-08-17 11:34:36.294 Df YourSofia[1177:3235bc] [com.apple.network:connection] [C2.1.1.1 IPv4#f54a4c71:443 waiting path (satisfied (Path is satisfied), interface: en0[802.11], uses wifi, LQM: unknown)] event: path:satisfied @0.003s, uuid: 462AEB40-EEEE-4013-B631-3D653DDBAED7
2026-08-17 11:34:36.294 Db YourSofia[1177:3235bc] [com.apple.network:] nw_endpoint_proxy_handler_should_use_proxy Looking up proxy for hostname: <nil>, ifindex: 0
2026-08-17 11:34:36.294 Db YourSofia[1177:3235bc] [com.apple.SystemConfiguration:SCPreferences] create <SCPreferences 0x10511d5f0 [0x1e6193a48]> {name = SCDynamicStoreCopyProxiesWithOptions, id = /Library/Managed Preferences/mobile/com.apple.SystemConfiguration.plist, path = /Library/Managed Preferences/mobile/com.apple.SystemConfiguration.plist}
2026-08-17 11:34:36.294 Db YourSofia[1177:3235bc] [com.apple.SystemConfiguration:SCPreferences] SCPreferences() access: /Library/Managed Preferences/mobile/com.apple.SystemConfiguration.plist, size=0
2026-08-17 11:34:36.294 Db YourSofia[1177:3235bc] [com.apple.SystemConfiguration:SCPreferences] release <SCPreferences 0x10511d5f0 [0x1e6193a48]> {name = SCDynamicStoreCopyProxiesWithOptions, id = /Library/Managed Preferences/mobile/com.apple.SystemConfiguration.plist, path = /Library/Managed Preferences/mobile/com.apple.SystemConfiguration.plist, accessed}
2026-08-17 11:34:36.294 I  YourSofia[1177:3235bc] [com.apple.network:connection] nw_association_create_flow <nw_association IPv4#f54a4c71:443> Added association flow ID A49274D6-D3A1-4B59-9B59-4B6F5543376E
2026-08-17 11:34:36.294 I  YourSofia[1177:3235bc] [com.apple.network:connection] nw_endpoint_flow_setup_protocols [C2.1.1.1 IPv4#f54a4c71:443 in_progress socket-flow (satisfied (Path is satisfied), interface: en0[802.11], uses wifi, LQM: unknown)] setup flow id A49274D6-D3A1-4B59-9B59-4B6F5543376E
2026-08-17 11:34:36.294 Db YourSofia[1177:3235bc] [com.apple.network:connection] nw_endpoint_flow_attach_protocols [C2.1.1.1 IPv4#f54a4c71:443 in_progress socket-flow (satisfied (Path is satisfied), interface: en0[802.11], uses wifi, LQM: unknown)]
2026-08-17 11:34:36.294 Db YourSofia[1177:3235bc] [com.apple.network:connection] nw_endpoint_flow_attach_protocols_block_invoke [C2.1.1.1 IPv4#f54a4c71:443 in_progress socket-flow (satisfied (Path is satisfied), interface: en0[802.11], uses wifi, LQM: unknown)] Attached application protocol: CFNetworkConnection-277997857
2026-08-17 11:34:36.294 Db YourSofia[1177:3235bc] [com.apple.network:connection] nw_endpoint_flow_attach_protocols_block_invoke [C2.1.1.1 IPv4#f54a4c71:443 in_progress socket-flow (satisfied (Path is satisfied), interface: en0[802.11], uses wifi, LQM: unknown)] Attached application protocol: tls
2026-08-17 11:34:36.295 Db YourSofia[1177:3235bc] [com.apple.network:] nw_fd_wrapper_create Created <fd_wrapper 15, guarded: false>
2026-08-17 11:34:36.295 Db YourSofia[1177:3235bc] [com.apple.network:connection] nw_endpoint_flow_attach_protocols [C2.1.1.1 IPv4#f54a4c71:443 in_progress socket-flow (satisfied (Path is satisfied), interface: en0[802.11], uses wifi, LQM: unknown)] Attached socket protocol
2026-08-17 11:34:36.295 Db YourSofia[1177:3235bc] [com.apple.network:connection] nw_endpoint_flow_setup_protocols [C2.1.1.1 IPv4#f54a4c71:443 in_progress socket-flow (satisfied (Path is satisfied), interface: en0[802.11], uses wifi, LQM: unknown)] leaf flow starting
2026-08-17 11:34:36.295 Db YourSofia[1177:3235bc] [com.apple.network:connection] nw_endpoint_resolver_receive_report [C2.1.1 Hostname#1fc45447:443 in_progress resolver (satisfied (Path is satisfied), interface: en0[802.11], uses wifi, LQM: unknown)] received child report: [C2.1.1.1 IPv4#f54a4c71:443 in_progress socket-flow (satisfied (Path is satisfied), interface: en0[802.11], uses wifi, LQM: unknown)]
2026-08-17 11:34:36.295 Db YourSofia[1177:3235bc] [com.apple.network:connection] nw_endpoint_transform_receive_report [C2.1 Hostname#1fc45447:443 in_progress transform (satisfied (Path is satisfied), interface: en0[802.11], uses wifi, LQM: unknown)] received child report: [C2.1.1.1 IPv4#f54a4c71:443 in_progress socket-flow (satisfied (Path is satisfied), interface: en0[802.11], uses wifi, LQM: unknown)]
2026-08-17 11:34:36.295 Db YourSofia[1177:3235bc] [com.apple.network:connection] nw_endpoint_flow_receive_report [C2 Hostname#1fc45447:443 in_progress parent-flow (satisfied (Path is satisfied), interface: en0[802.11], uses wifi, LQM: unknown)] received child report: [C2.1.1.1 IPv4#f54a4c71:443 in_progress socket-flow (satisfied (Path is satisfied), interface: en0[802.11], uses wifi, LQM: unknown)]
2026-08-17 11:34:36.295 Df YourSofia[1177:3235bc] [com.apple.network:connection] [C2.1.1.1 IPv4#f54a4c71:443 in_progress socket-flow (satisfied (Path is satisfied), interface: en0[802.11], uses wifi, LQM: unknown)] event: flow:start_connect @0.004s
2026-08-17 11:34:36.295 I  YourSofia[1177:3235bc] [com.apple.network:boringssl] boringssl_context_restore_ssl_context(2867) [0x10531c790] New context
2026-08-17 11:34:36.295 I  YourSofia[1177:3235bc] [com.apple.network:connection] nw_endpoint_resolver_start_next_child [C2.1.1 Hostname#1fc45447:443 in_progress resolver (satisfied (Path is satisfied), interface: en0[802.11], uses wifi, LQM: unknown)] starting next child endpoint in 100ms
2026-08-17 11:34:36.298 Db YourSofia[1177:323578] [com.apple.defaults:User Defaults] setting {
    "RCTI18nUtil_makeRTLFlipLeftAndRightStyles" = 1;
} in CFPrefsPlistSource<0x600002c08400> (Domain: bg.sofia.yoursofia, User: kCFPreferencesCurrentUser, ByHost: No, Container: (null), Contents Need Refresh: No)
2026-08-17 11:34:36.299 I  YourSofia[1177:3235c0] [com.wix.DetoxSync:DTXSyncReactNativeSupport] Cleaning idling resource before RN load
2026-08-17 11:34:36.299 I  YourSofia[1177:3235c0] [com.wix.DetoxSync:DTXSyncReactNativeSupport] Adding idling resource for RN load
2026-08-17 11:34:36.299 Db YourSofia[1177:323578] [com.apple.defaults:User Defaults] CFPrefsPlistSource<0x600002c08600> (Domain: bg.sofia.yoursofia, User: kCFPreferencesCurrentUser, ByHost: No, Container: /Users/valentinasenov/Library/Developer/CoreSimulator/Devices/4EC5F74C-5A9C-4D89-8E44-374310E684AE/data, Contents Need Refresh: No) loaded: an empty base plist and no additional changes from the base plist
2026-08-17 11:34:36.299 Db YourSofia[1177:323578] [com.apple.defaults:User Defaults] CFPrefsPlistSource<0x600002c08800> (Domain: bg.sofia.yoursofia, User: kCFPreferencesCurrentUser, ByHost: Yes, Container: (null), Contents Need Refresh: No) loaded: an empty base plist and no additional changes from the base plist
2026-08-17 11:34:36.299 Db YourSofia[1177:323578] [com.apple.defaults:User Defaults] found no value for key RCTI18nUtil_forceRTL in CFPrefsSearchListSource<0x600002c04180> (Domain: bg.sofia.yoursofia, Container: (null) Non-launch persona: 0)
2026-08-17 11:34:36.299 Db YourSofia[1177:323578] [com.apple.defaults:User Defaults] found no value for key RCTI18nUtil_allowRTL in CFPrefsSearchListSource<0x600002c04180> (Domain: bg.sofia.yoursofia, Container: (null) Non-launch persona: 0)
2026-08-17 11:34:36.299 Db YourSofia[1177:323578] [com.apple.defaults:User Defaults] found no value for key RCTI18nUtil_forceRTL in CFPrefsSearchListSource<0x600002c04180> (Domain: bg.sofia.yoursofia, Container: (null) Non-launch persona: 0)
2026-08-17 11:34:36.299 Db YourSofia[1177:323578] [com.apple.defaults:User Defaults] found no value for key RCTI18nUtil_allowRTL in CFPrefsSearchListSource<0x600002c04180> (Domain: bg.sofia.yoursofia, Container: (null) Non-launch persona: 0)
2026-08-17 11:34:36.301 Db YourSofia[1177:3235bc] [com.apple.network:connection] nw_socket_handle_socket_event [C2.1.1.1:3] Event mask: 0x800
2026-08-17 11:34:36.302 Df YourSofia[1177:3235bc] [com.apple.network:connection] nw_socket_handle_socket_event [C2.1.1.1:3] Socket received CONNECTED event
2026-08-17 11:34:36.302 Db YourSofia[1177:323578] [com.apple.CFBundle:resources] Resource lookup at CFBundle 0x600003b04540 </Users/valentinasenov/Library/Developer/CoreSimulator/Devices/4EC5F74C-5A9C-4D89-8E44-374310E684AE/data/Containers/Bundle/Application/F3147808-5ECA-491B-9ADC-3DA9921C01A2/YourSofia.app> (executable, loaded)
	Request       : InfoPlist type: strings
	Result        : None
2026-08-17 11:34:36.302 Db YourSofia[1177:3235bc] [com.apple.network:connection] nw_socket_setup_notsent_lowat [C2.1.1.1:3] Set TCP_NOTSENT_LOWAT(16384)
2026-08-17 11:34:36.302 Db YourSofia[1177:323578] [com.apple.CFBundle:resources] Resource lookup at CFBundle 0x600003b04540 </Users/valentinasenov/Library/Developer/CoreSimulator/Devices/4EC5F74C-5A9C-4D89-8E44-374310E684AE/data/Containers/Bundle/Application/F3147808-5ECA-491B-9ADC-3DA9921C01A2/YourSofia.app> (executable, loaded)
	Request       : InfoPlist type: stringsdict
	Result        : None
2026-08-17 11:34:36.302 Db YourSofia[1177:323578] [com.apple.CFBundle:resources] Resource lookup at CFBundle 0x600003b04540 </Users/valentinasenov/Library/Developer/CoreSimulator/Devices/4EC5F74C-5A9C-4D89-8E44-374310E684AE/data/Containers/Bundle/Application/F3147808-5ECA-491B-9ADC-3DA9921C01A2/YourSofia.app> (executable, loaded)
	Request       : SplashScreen type: storyboardc
	Result        : file:///Users/valentinasenov/Library/Developer/CoreSimulator/Devices/4EC5F74C-5A9C-4D89-8E44-374310E684AE/data/Containers/Bundle/Application/F3147808-5ECA-491B-9ADC-3DA9921C01A2/YourSofia.app/SplashScreen.storyboardc/
2026-08-17 11:34:36.302 Df YourSofia[1177:3235bc] [com.apple.network:connection] nw_flow_connected [C2.1.1.1 IPv4#f54a4c71:443 in_progress socket-flow (satisfied (Path is satisfied), interface: en0[802.11], uses wifi, LQM: unknown)] Transport protocol connected (socket)
2026-08-17 11:34:36.302 Db YourSofia[1177:3235bc] [com.apple.network:connection] nw_endpoint_resolver_receive_report [C2.1.1 Hostname#1fc45447:443 in_progress resolver (satisfied (Path is satisfied), interface: en0[802.11], uses wifi, LQM: unknown)] received child report: [C2.1.1.1 IPv4#f54a4c71:443 in_progress socket-flow (satisfied (Path is satisfied), interface: en0[802.11], uses wifi, LQM: unknown)]
2026-08-17 11:34:36.302 Db YourSofia[1177:3235bc] [com.apple.network:connection] nw_endpoint_transform_receive_report [C2.1 Hostname#1fc45447:443 in_progress transform (satisfied (Path is satisfied), interface: en0[802.11], uses wifi, LQM: unknown)] received child report: [C2.1.1.1 IPv4#f54a4c71:443 in_progress socket-flow (satisfied (Path is satisfied), interface: en0[802.11], uses wifi, LQM: unknown)]
2026-08-17 11:34:36.302 Db YourSofia[1177:3235bc] [com.apple.network:connection] nw_endpoint_flow_receive_report [C2 Hostname#1fc45447:443 in_progress parent-flow (satisfied (Path is satisfied), interface: en0[802.11], uses wifi, LQM: unknown)] received child report: [C2.1.1.1 IPv4#f54a4c71:443 in_progress socket-flow (satisfied (Path is satisfied), interface: en0[802.11], uses wifi, LQM: unknown)]
2026-08-17 11:34:36.302 Db YourSofia[1177:323578] [com.apple.CFBundle:resources] Resource lookup at CFBundle 0x600003b04540 </Users/valentinasenov/Library/Developer/CoreSimulator/Devices/4EC5F74C-5A9C-4D89-8E44-374310E684AE/data/Containers/Bundle/Application/F3147808-5ECA-491B-9ADC-3DA9921C01A2/YourSofia.app> (executable, loaded)
	Request       : SplashScreen type: storyboardc
	Result        : file:///Users/valentinasenov/Library/Developer/CoreSimulator/Devices/4EC5F74C-5A9C-4D89-8E44-374310E684AE/data/Containers/Bundle/Application/F3147808-5ECA-491B-9ADC-3DA9921C01A2/YourSofia.app/SplashScreen.storyboardc/
2026-08-17 11:34:36.302 Df YourSofia[1177:3235bc] [com.apple.network:connection] [C2.1.1.1 IPv4#f54a4c71:443 in_progress socket-flow (satisfied (Path is satisfied), interface: en0[802.11], uses wifi, LQM: unknown)] event: flow:finish_transport @0.011s
2026-08-17 11:34:36.302 Db YourSofia[1177:323578] [com.apple.CFBundle:resources] Resource lookup at CFBundle 0x600003b04540 </Users/valentinasenov/Library/Developer/CoreSimulator/Devices/4EC5F74C-5A9C-4D89-8E44-374310E684AE/data/Containers/Bundle/Application/F3147808-5ECA-491B-9ADC-3DA9921C01A2/YourSofia.app> (executable, loaded)
	Request       : SplashScreenViewController type: nib path: SplashScreen.storyboardc
	Result        : file:///Users/valentinasenov/Library/Developer/CoreSimulator/Devices/4EC5F74C-5A9C-4D89-8E44-374310E684AE/data/Containers/Bundle/Application/F3147808-5ECA-491B-9ADC-3DA9921C01A2/YourSofia.app/SplashScreen.storyboardc/SplashScreenViewController.nib
2026-08-17 11:34:36.302 I  YourSofia[1177:3235bc] [com.apple.network:connection] nw_endpoint_resolver_receive_report [C2.1.1 Hostname#1fc45447:443 in_progress resolver (satisfied (Path is satisfied), interface: en0[802.11], uses wifi, LQM: unknown)] pushing out endpoint race by 2000ms
2026-08-17 11:34:36.302 I  YourSofia[1177:3235bc] [com.apple.network:boringssl] boringssl_context_set_ats_enforced(686) [C2.1.1.1:2][0x10531c790] set false
2026-08-17 11:34:36.302 I  YourSofia[1177:3235bc] [com.apple.network:boringssl] boringssl_context_set_ats_minimum_rsa_key_size(704) [C2.1.1.1:2][0x10531c790] set 0
2026-08-17 11:34:36.302 I  YourSofia[1177:3235bc] [com.apple.network:boringssl] boringssl_context_set_ats_minimum_ecdsa_key_size(713) [C2.1.1.1:2][0x10531c790] set 0
2026-08-17 11:34:36.302 I  YourSofia[1177:3235bc] [com.apple.network:boringssl] boringssl_context_set_ats_minimum_signature_algorithm(723) [C2.1.1.1:2][0x10531c790] set 0
2026-08-17 11:34:36.302 I  YourSofia[1177:3235bc] [com.apple.network:boringssl] boringssl_context_set_ats_non_pfs_ciphersuite_allowed(732) [C2.1.1.1:2][0x10531c790] set false
2026-08-17 11:34:36.302 I  YourSofia[1177:3235bc] [com.apple.network:boringssl] boringssl_context_set_old_ats_enforced(695) [C2.1.1.1:2][0x10531c790] set true
2026-08-17 11:34:36.302 Db YourSofia[1177:3235bc] [com.apple.network:boringssl] boringssl_session_apply_protocol_options_for_transport_block_invoke(2024) [C2.1.1.1:2][0x10531c790] ECH is disabled
2026-08-17 11:34:36.302 Db YourSofia[1177:323578] [com.apple.CFBundle:resources] Resource lookup at CFBundle 0x600003b04540 </Users/valentinasenov/Library/Developer/CoreSimulator/Devices/4EC5F74C-5A9C-4D89-8E44-374310E684AE/data/Containers/Bundle/Application/F3147808-5ECA-491B-9ADC-3DA9921C01A2/YourSofia.app> (executable, loaded)
	Request       : EXPO-VIEWCONTROLLER-1-view-EXPO-ContainerView type: nib path: SplashScreen.storyboardc
	Result        : file:///Users/valentinasenov/Library/Developer/CoreSimulator/Devices/4EC5F74C-5A9C-4D89-8E44-374310E684AE/data/Containers/Bundle/Application/F3147808-5ECA-491B-9ADC-3DA9921C01A2/YourSofia.app/SplashScreen.storyboardc/EXPO-VIEWCONTROLLER-1-view-EXPO-ContainerView.nib
2026-08-17 11:34:36.302 Df YourSofia[1177:3235bc] [com.apple.network:boringssl] boringssl_session_apply_protocol_options_for_transport_block_invoke_2(2324) [C2.1.1.1:2][0x10531c790] TLS configured [min_version(0x0303) max_version(0x0304) name(redacted) tickets(false) false_start(false) enforce_ev(false) enforce_ats(false) ats_non_pfs_ciphersuite_allowed(false) ech(false) pqtls(true), pake(false)]
2026-08-17 11:34:36.302 Db YourSofia[1177:323578] [com.apple.CFBundle:resources] Resource lookup at CFBundle 0x600003b04540 </Users/valentinasenov/Library/Developer/CoreSimulator/Devices/4EC5F74C-5A9C-4D89-8E44-374310E684AE/data/Containers/Bundle/Application/F3147808-5ECA-491B-9ADC-3DA9921C01A2/YourSofia.app> (executable, loaded)
	Request       : SplashScreen type: storyboardc
	Result        : file:///Users/valentinasenov/Library/Developer/CoreSimulator/Devices/4EC5F74C-5A9C-4D89-8E44-374310E684AE/data/Containers/Bundle/Application/F3147808-5ECA-491B-9ADC-3DA9921C01A2/YourSofia.app/SplashScreen.storyboardc/
2026-08-17 11:34:36.302 Db YourSofia[1177:323578] [com.apple.CFBundle:resources] Resource lookup at CFBundle 0x600003b04540 </Users/valentinasenov/Library/Developer/CoreSimulator/Devices/4EC5F74C-5A9C-4D89-8E44-374310E684AE/data/Containers/Bundle/Application/F3147808-5ECA-491B-9ADC-3DA9921C01A2/YourSofia.app> (executable, loaded)
	Request       : EXPO-VIEWCONTROLLER-1-view-EXPO-ContainerView type: nib path: SplashScreen.storyboardc
	Result        : file:///Users/valentinasenov/Library/Developer/CoreSimulator/Devices/4EC5F74C-5A9C-4D89-8E44-374310E684AE/data/Containers/Bundle/Application/F3147808-5ECA-491B-9ADC-3DA9921C01A2/YourSofia.app/SplashScreen.storyboardc/EXPO-VIEWCONTROLLER-1-view-EXPO-ContainerView.nib
2026-08-17 11:34:36.302 I  YourSofia[1177:3235bc] [com.apple.network:boringssl] boringssl_session_install_association_state(1546) [C2.1.1.1:2][0x10531c790] Client session cache miss
2026-08-17 11:34:36.302 Db YourSofia[1177:3235bc] [com.apple.network:boringssl] boringssl_session_set_state(830) [C2.1.1.1:2][0x10531c790] boringssl session state changed from idle to connecting
2026-08-17 11:34:36.302 Df YourSofia[1177:3235bc] [com.apple.network:boringssl] boringssl_context_info_handler(2449) [C2.1.1.1:2][0x10531c790] Client handshake started
2026-08-17 11:34:36.302 Db YourSofia[1177:3235bc] [com.apple.network:boringssl] boringssl_session_set_state(830) [C2.1.1.1:2][0x10531c790] boringssl session state changed from connecting to connecting
2026-08-17 11:34:36.302 Db YourSofia[1177:323578] [com.apple.CFBundle:resources] Resource lookup at CFBundle 0x600003b04540 </Users/valentinasenov/Library/Developer/CoreSimulator/Devices/4EC5F74C-5A9C-4D89-8E44-374310E684AE/data/Containers/Bundle/Application/F3147808-5ECA-491B-9ADC-3DA9921C01A2/YourSofia.app> (executable, loaded)
	Request       : SplashScreen@3x type: png
	Result        : None
2026-08-17 11:34:36.302 Db YourSofia[1177:3235bc] [com.apple.network:boringssl] boringssl_context_log_message(2529) [C2.1.1.1:2][0x10531c790] Writing SSL3_RT_HANDSHAKE 1514 bytes
2026-08-17 11:34:36.302 Db YourSofia[1177:323578] [com.apple.CFBundle:resources] Resource lookup at CFBundle 0x600003b04540 </Users/valentinasenov/Library/Developer/CoreSimulator/Devices/4EC5F74C-5A9C-4D89-8E44-374310E684AE/data/Containers/Bundle/Application/F3147808-5ECA-491B-9ADC-3DA9921C01A2/YourSofia.app> (executable, loaded)
	Request       : SplashScreen@2x type: png
	Result        : None
2026-08-17 11:34:36.302 Db YourSofia[1177:323578] [com.apple.CFBundle:resources] Resource lookup at CFBundle 0x600003b04540 </Users/valentinasenov/Library/Developer/CoreSimulator/Devices/4EC5F74C-5A9C-4D89-8E44-374310E684AE/data/Containers/Bundle/Application/F3147808-5ECA-491B-9ADC-3DA9921C01A2/YourSofia.app> (executable, loaded)
	Request       : SplashScreen type: png
	Result        : None
2026-08-17 11:34:36.303 Db YourSofia[1177:323578] [com.apple.CFBundle:resources] Resource lookup at CFBundle 0x600003b04540 </Users/valentinasenov/Library/Developer/CoreSimulator/Devices/4EC5F74C-5A9C-4D89-8E44-374310E684AE/data/Containers/Bundle/Application/F3147808-5ECA-491B-9ADC-3DA9921C01A2/YourSofia.app> (executable, loaded)
	Request       : SplashScreen@1x type: png
	Result        : None
2026-08-17 11:34:36.302 Df YourSofia[1177:3235bc] [com.apple.network:boringssl] boringssl_context_info_handler(2466) [C2.1.1.1:2][0x10531c790] Client handshake state: TLS client enter_early_data
2026-08-17 11:34:36.303 Df YourSofia[1177:323578] (UIKitCore) Could not load the "SplashScreen" image referenced from a nib in the bundle with identifier "bg.sofia.yoursofia"
2026-08-17 11:34:36.303 Db YourSofia[1177:3235bc] [com.apple.network:boringssl] nw_protocol_boringssl_write_bytes(260) [C2.1.1.1:2][0x10531c790] write request: 1519
2026-08-17 11:34:36.303 Db YourSofia[1177:3235bc] [com.apple.network:boringssl] nw_protocol_boringssl_allocate_batching_frame(236) [C2.1.1.1:2][0x10531c790] allocated new batching frame: 1519 bytes capacity
2026-08-17 11:34:36.303 Db YourSofia[1177:3235bc] [com.apple.network:boringssl] nw_protocol_boringssl_write_to_batching_frame(186) [C2.1.1.1:2][0x10531c790] wrote 1519 bytes to batching frame
2026-08-17 11:34:36.303 Db YourSofia[1177:3235bc] [com.apple.network:boringssl] nw_protocol_boringssl_flush_batching_frame(144) [C2.1.1.1:2][0x10531c790] flushed batching frame: frame full
2026-08-17 11:34:36.303 Db YourSofia[1177:3235bc] [com.apple.network:boringssl] nw_protocol_boringssl_write_bytes(305) [C2.1.1.1:2][0x10531c790] total bytes written: 1519
2026-08-17 11:34:36.303 Df YourSofia[1177:3235bc] [com.apple.network:boringssl] boringssl_context_info_handler(2466) [C2.1.1.1:2][0x10531c790] Client handshake state: TLS client read_server_hello
2026-08-17 11:34:36.303 Db YourSofia[1177:3235bc] [com.apple.network:boringssl] nw_protocol_boringssl_read_bytes(370) [C2.1.1.1:2][0x10531c790] read request: 5 byte(s)
2026-08-17 11:34:36.303 Db YourSofia[1177:3235bc] [com.apple.network:boringssl] nw_protocol_boringssl_read_bytes(385) [C2.1.1.1:2][0x10531c790] no input frames available
2026-08-17 11:34:36.303 I  YourSofia[1177:3235bc] [com.apple.network:boringssl] boringssl_session_handshake_incomplete(257) [C2.1.1.1:2][0x10531c790] Handshake incomplete: waiting for data to read [2]
2026-08-17 11:34:36.303 Db YourSofia[1177:3235bc] [com.apple.network:boringssl] nw_protocol_boringssl_read_bytes(370) [C2.1.1.1:2][0x10531c790] read request: 5 byte(s)
2026-08-17 11:34:36.303 Db YourSofia[1177:3235bc] [com.apple.network:boringssl] nw_protocol_boringssl_read_bytes(385) [C2.1.1.1:2][0x10531c790] no input frames available
2026-08-17 11:34:36.303 I  YourSofia[1177:3235bc] [com.apple.network:boringssl] boringssl_session_handshake_incomplete(257) [C2.1.1.1:2][0x10531c790] Handshake incomplete: waiting for data to read [2]
2026-08-17 11:34:36.303 Db YourSofia[1177:323578] [com.apple.defaults:User Defaults] found no value for key LogWindowScene in CFPrefsSearchListSource<0x600002c05c00> (Domain: com.apple.UIKit, Container: (null) Non-launch persona: 0)
2026-08-17 11:34:36.304 I  YourSofia[1177:323578] [com.apple.Accessibility:AXAppAccessibility] Presentation controller doesn't modalize: <_UIRootPresentationController: 0x105322910>
2026-08-17 11:34:36.305 Df YourSofia[1177:323578] [com.apple.UIKit:KeyWindow] Key window needs update: 0; currentKeyWindowScene: 0x105406e20; evaluatedKeyWindowScene: 0x105406e20; currentApplicationKeyWindow: 0x105117930; evaluatedApplicationKeyWindow: 0x105117930; reason: <UIWindowScene: 0x105406e20>: Key window changed visibility: 0x105117930
2026-08-17 11:34:36.307 Db YourSofia[1177:323578] [com.apple.BackBoard:EventDelivery] no-op flush
2026-08-17 11:34:36.309 Db YourSofia[1177:3235bc] [com.apple.network:boringssl] nw_protocol_boringssl_input_available(1644) [C2.1.1.1:2][0x10531c790] triggering input available
2026-08-17 11:34:36.309 Db YourSofia[1177:3235bc] [com.apple.network:boringssl] nw_protocol_boringssl_read_bytes(370) [C2.1.1.1:2][0x10531c790] read request: 5 byte(s)
2026-08-17 11:34:36.309 Db YourSofia[1177:3235bc] [com.apple.network:boringssl] nw_protocol_boringssl_read_bytes(446) [C2.1.1.1:2][0x10531c790] total bytes read: 5
2026-08-17 11:34:36.309 Db YourSofia[1177:3235bc] [com.apple.network:boringssl] nw_protocol_boringssl_read_bytes(370) [C2.1.1.1:2][0x10531c790] read request: 1210 byte(s)
2026-08-17 11:34:36.309 Db YourSofia[1177:3235bc] [com.apple.network:boringssl] nw_protocol_boringssl_read_bytes(446) [C2.1.1.1:2][0x10531c790] total bytes read: 1210
2026-08-17 11:34:36.309 Db YourSofia[1177:3235bc] [com.apple.network:boringssl] boringssl_context_log_message(2529) [C2.1.1.1:2][0x10531c790] Reading SSL3_RT_HANDSHAKE 1210 bytes
2026-08-17 11:34:36.309 Df YourSofia[1177:3235bc] [com.apple.network:boringssl] boringssl_context_info_handler(2466) [C2.1.1.1:2][0x10531c790] Client handshake state: TLS 1.3 client read_hello_retry_request
2026-08-17 11:34:36.309 Db YourSofia[1177:3235bc] [com.apple.network:boringssl] boringssl_context_log_message(2529) [C2.1.1.1:2][0x10531c790] Writing SSL3_RT_CHANGE_CIPHER_SPEC 1 bytes
2026-08-17 11:34:36.309 Df YourSofia[1177:3235bc] [com.apple.network:boringssl] boringssl_context_info_handler(2466) [C2.1.1.1:2][0x10531c790] Client handshake state: TLS 1.3 client read_server_hello
2026-08-17 11:34:36.309 Df YourSofia[1177:3235bc] [com.apple.network:boringssl] boringssl_context_info_handler(2466) [C2.1.1.1:2][0x10531c790] Client handshake state: TLS 1.3 client read_encrypted_extensions
2026-08-17 11:34:36.309 Db YourSofia[1177:3235bc] [com.apple.network:boringssl] nw_protocol_boringssl_read_bytes(370) [C2.1.1.1:2][0x10531c790] read request: 5 byte(s)
2026-08-17 11:34:36.309 Db YourSofia[1177:3235bc] [com.apple.network:boringssl] nw_protocol_boringssl_read_bytes(446) [C2.1.1.1:2][0x10531c790] total bytes read: 5
2026-08-17 11:34:36.309 Db YourSofia[1177:3235bc] [com.apple.network:boringssl] nw_protocol_boringssl_read_bytes(370) [C2.1.1.1:2][0x10531c790] read request: 1 byte(s)
2026-08-17 11:34:36.309 Db YourSofia[1177:3235bc] [com.apple.network:boringssl] nw_protocol_boringssl_read_bytes(446) [C2.1.1.1:2][0x10531c790] total bytes read: 1
2026-08-17 11:34:36.309 Db YourSofia[1177:3235bc] [com.apple.network:boringssl] nw_protocol_boringssl_read_bytes(370) [C2.1.1.1:2][0x10531c790] read request: 5 byte(s)
2026-08-17 11:34:36.309 Db YourSofia[1177:3235bc] [com.apple.network:boringssl] nw_protocol_boringssl_read_bytes(446) [C2.1.1.1:2][0x10531c790] total bytes read: 5
2026-08-17 11:34:36.309 Db YourSofia[1177:3235bc] [com.apple.network:boringssl] nw_protocol_boringssl_read_bytes(370) [C2.1.1.1:2][0x10531c790] read request: 2644 byte(s)
2026-08-17 11:34:36.309 Db YourSofia[1177:3235bc] [com.apple.network:boringssl] nw_protocol_boringssl_read_bytes(446) [C2.1.1.1:2][0x10531c790] total bytes read: 1574
2026-08-17 11:34:36.309 Db YourSofia[1177:3235bc] [com.apple.network:boringssl] nw_protocol_boringssl_read_bytes(370) [C2.1.1.1:2][0x10531c790] read request: 1070 byte(s)
2026-08-17 11:34:36.309 Db YourSofia[1177:3235bc] [com.apple.network:boringssl] nw_protocol_boringssl_read_bytes(446) [C2.1.1.1:2][0x10531c790] total bytes read: 1070
2026-08-17 11:34:36.309 Db YourSofia[1177:3235bc] [com.apple.network:boringssl] boringssl_context_log_message(2529) [C2.1.1.1:2][0x10531c790] Reading SSL3_RT_HANDSHAKE 19 bytes
2026-08-17 11:34:36.309 Df YourSofia[1177:3235bc] [com.apple.network:boringssl] boringssl_context_info_handler(2466) [C2.1.1.1:2][0x10531c790] Client handshake state: TLS 1.3 client read_certificate_request
2026-08-17 11:34:36.309 Db YourSofia[1177:3235bc] [com.apple.network:boringssl] boringssl_context_log_message(2529) [C2.1.1.1:2][0x10531c790] Reading SSL3_RT_HANDSHAKE 2477 bytes
2026-08-17 11:34:36.309 Df YourSofia[1177:3235bc] [com.apple.network:boringssl] boringssl_context_info_handler(2466) [C2.1.1.1:2][0x10531c790] Client handshake state: TLS 1.3 client read_server_certificate
2026-08-17 11:34:36.309 Df YourSofia[1177:3235bc] [com.apple.network:boringssl] boringssl_context_info_handler(2466) [C2.1.1.1:2][0x10531c790] Client handshake state: TLS 1.3 client read_server_certificate_verify
2026-08-17 11:34:36.309 Db YourSofia[1177:3235bc] [com.apple.network:boringssl] boringssl_context_log_message(2529) [C2.1.1.1:2][0x10531c790] Reading SSL3_RT_HANDSHAKE 79 bytes
2026-08-17 11:34:36.310 Db YourSofia[1177:3235bc] [com.apple.network:boringssl] boringssl_helper_create_sec_trust_with_certificates(631) [C2.1.1.1:2][0x10531c790] Key usage requirement set to 1
2026-08-17 11:34:36.310 Db YourSofia[1177:3235bc] [com.apple.network:boringssl] boringssl_helper_create_sec_trust_with_certificates(637) [C2.1.1.1:2][0x10531c790] SecTrustCreateWithCertificates result: 0
2026-08-17 11:34:36.310 Db YourSofia[1177:3235bc] [com.apple.network:boringssl] boringssl_helper_create_sec_trust_with_certificates(643) [C2.1.1.1:2][0x10531c790] SecTrustSetURLRequestAttribution(0) result: 0
2026-08-17 11:34:36.310 Db YourSofia[1177:3235bc] [com.apple.network:boringssl] boringssl_helper_create_sec_trust_with_certificates(651) [C2.1.1.1:2][0x10531c790] No TLS-provided OCSP response
2026-08-17 11:34:36.310 Db YourSofia[1177:3235bc] [com.apple.network:boringssl] boringssl_helper_create_sec_trust_with_certificates(658) [C2.1.1.1:2][0x10531c790] No TLS-provided SCTs
2026-08-17 11:34:36.310 Db YourSofia[1177:3235bc] [com.apple.network:boringssl] boringssl_session_set_peer_verification_state_from_session(496) [C2.1.1.1:2][0x10531c790] Set peer trust data
2026-08-17 11:34:36.310 Df YourSofia[1177:3235bc] [com.apple.network:boringssl] boringssl_context_evaluate_trust_async(1892) [C2.1.1.1:2][0x10531c790] Performing external trust evaluation
2026-08-17 11:34:36.310 A  YourSofia[1177:3235bc] (Security) SecKeyCopyPublicBytes
2026-08-17 11:34:36.310 A  YourSofia[1177:3235bc] (Security) SecKeyCopyAttributes
2026-08-17 11:34:36.310 A  YourSofia[1177:3235bc] (Security) SecKeyCopyPublicBytes
2026-08-17 11:34:36.310 Df YourSofia[1177:3235bc] [com.apple.network:boringssl] boringssl_context_evaluate_trust_async_external(1877) [C2.1.1.1:2][0x10531c790] Asyncing for external verify block
2026-08-17 11:34:36.310 I  YourSofia[1177:3235bc] [com.apple.network:boringssl] boringssl_session_handshake_incomplete(257) [C2.1.1.1:2][0x10531c790] Handshake incomplete: certificate evaluation result pending [16]
2026-08-17 11:34:36.310 Db YourSofia[1177:3235bc] [com.apple.network:boringssl] boringssl_context_evaluate_trust_async_external_block_invoke(1872) [C2.1.1.1:2][0x10531c790] Invoking verify block
2026-08-17 11:34:36.310 Df YourSofia[1177:3235bc] [com.apple.CFNetwork:Default] Connection 2: asked to evaluate TLS Trust
2026-08-17 11:34:36.310 Db YourSofia[1177:3235bc] [com.apple.CFNetwork:Default] [TLSCBQ] Need to invoke to satisfy trust callback
2026-08-17 11:34:36.310 Db YourSofia[1177:3235bc] [com.apple.defaults:User Defaults] found no value for key CFNETWORK_LOG_AUTH_TIMEOUT in CFPrefsSearchListSource<0x600002c04180> (Domain: bg.sofia.yoursofia, Container: (null) Non-launch persona: 0)
2026-08-17 11:34:36.310 Df YourSofia[1177:3235bc] [com.apple.CFNetwork:Default] Task <E97B2EC3-049A-453C-A250-2EF1B14624A7>.<1> auth completion disp=1 cred=0x0
2026-08-17 11:34:36.311 Db YourSofia[1177:32358e] [com.apple.securityd:trust] (Trust 0x600003502c00) waiting for queue
2026-08-17 11:34:36.311 Df YourSofia[1177:32358e] [com.apple.securityd:trust] (Trust 0x600003502c00) No pending evals, starting
2026-08-17 11:34:36.311 Db YourSofia[1177:32358e] [com.apple.securityd:trust] (Trust 0x600003502c00) Started eval block
2026-08-17 11:34:36.311 A  YourSofia[1177:32358e] (Security) SecTrustEvaluateIfNecessaryFastAsync
2026-08-17 11:34:36.311 Db YourSofia[1177:32358e] [com.apple.securityd:xpc] user sessions enabled, targeting 501
2026-08-17 11:34:36.311 Df YourSofia[1177:32358e] [com.apple.xpc:connection] [0x105217280] activating connection: mach=true listener=false peer=false name=com.apple.trustd
2026-08-17 11:34:36.311 Df YourSofia[1177:32358e] [com.apple.securityd:trust] (Trust 0x600003502c00) Completed async eval kickoff
2026-08-17 11:34:36.316 Df YourSofia[1177:32358e] [com.apple.securityd:trust] (Trust 0x600003502c00) trustd returned 4
2026-08-17 11:34:36.316 Db YourSofia[1177:32358e] [com.apple.securityd:trust] (Trust 0x600003502c00) Kick off pending evals
2026-08-17 11:34:36.316 Db YourSofia[1177:32358e] [com.apple.securityd:trust] (Trust 0x600003502c00) Calling completion block after async xpc
2026-08-17 11:34:36.316 Df YourSofia[1177:32358e] [com.apple.CFNetwork:Default] System Trust Evaluation yielded status(0)
2026-08-17 11:34:36.316 Db YourSofia[1177:32358e] [com.apple.securityd:trust] (Trust 0x600003528d10) waiting for queue
2026-08-17 11:34:36.316 Df YourSofia[1177:32358e] [com.apple.securityd:trust] (Trust 0x600003528d10) No pending evals, starting
2026-08-17 11:34:36.316 Db YourSofia[1177:32358e] [com.apple.securityd:trust] (Trust 0x600003528d10) Started eval block
2026-08-17 11:34:36.316 A  YourSofia[1177:32358e] (Security) SecTrustEvaluateIfNecessaryFastAsync
2026-08-17 11:34:36.316 Db YourSofia[1177:32358e] [com.apple.securityd:xpc] user sessions enabled, targeting 501
2026-08-17 11:34:36.316 Df YourSofia[1177:32358e] [com.apple.xpc:connection] [0x105322610] activating connection: mach=true listener=false peer=false name=com.apple.trustd
2026-08-17 11:34:36.316 Df YourSofia[1177:32358e] [com.apple.securityd:trust] (Trust 0x600003528d10) Completed async eval kickoff
2026-08-17 11:34:36.316 Db YourSofia[1177:32358e] [com.apple.securityd:xpc] cleaning up unpooled xpc conn to trustd 0x105217280
2026-08-17 11:34:36.316 Db YourSofia[1177:3235bc] [com.apple.securityd:xpc] got event: Connection invalid
2026-08-17 11:34:36.316 Df YourSofia[1177:32358e] [com.apple.xpc:connection] [0x105217280] invalidated because the current process cancelled the connection by calling xpc_connection_cancel()
2026-08-17 11:34:36.318 Df YourSofia[1177:3235bd] [com.apple.securityd:trust] (Trust 0x600003528d10) trustd returned 4
2026-08-17 11:34:36.318 Db YourSofia[1177:3235bd] [com.apple.securityd:trust] (Trust 0x600003528d10) Kick off pending evals
2026-08-17 11:34:36.318 Db YourSofia[1177:3235bd] [com.apple.securityd:trust] (Trust 0x600003528d10) Calling completion block after async xpc
2026-08-17 11:34:36.318 Df YourSofia[1177:3235bd] [com.apple.CFNetwork:Default] Connection 2: TLS Trust result 0
2026-08-17 11:34:36.318 Df YourSofia[1177:3235bd] [com.apple.network:boringssl] boringssl_context_evaluate_trust_async_external_block_invoke_3(1819) [C2.1.1.1:2][0x10531c790] Returning from external verify block with result: true
2026-08-17 11:34:36.318 Db YourSofia[1177:3235bd] [com.apple.network:boringssl] boringssl_context_evaluate_trust_async_external_block_invoke(1835) [C2.1.1.1:2][0x10531c790] Certificate signature alg: 10
2026-08-17 11:34:36.318 Db YourSofia[1177:3235bd] [com.apple.network:boringssl] boringssl_context_evaluate_trust_async_external_block_invoke_2(1860) [C2.1.1.1:2][0x10531c790] Setting verify result to true
2026-08-17 11:34:36.318 Df YourSofia[1177:3235bd] [com.apple.network:boringssl] boringssl_context_certificate_verify_callback(2073) [C2.1.1.1:2][0x10531c790] Certificate verification result: OK
2026-08-17 11:34:36.319 Df YourSofia[1177:3235bd] [com.apple.network:boringssl] boringssl_context_info_handler(2466) [C2.1.1.1:2][0x10531c790] Client handshake state: TLS 1.3 client read_server_finished
2026-08-17 11:34:36.319 Db YourSofia[1177:3235bd] [com.apple.network:boringssl] boringssl_context_log_message(2529) [C2.1.1.1:2][0x10531c790] Reading SSL3_RT_HANDSHAKE 52 bytes
2026-08-17 11:34:36.319 Df YourSofia[1177:3235bd] [com.apple.network:boringssl] boringssl_context_info_handler(2466) [C2.1.1.1:2][0x10531c790] Client handshake state: TLS 1.3 client send_end_of_early_data
2026-08-17 11:34:36.319 Df YourSofia[1177:3235bd] [com.apple.network:boringssl] boringssl_context_info_handler(2466) [C2.1.1.1:2][0x10531c790] Client handshake state: TLS 1.3 client send_client_encrypted_extensions
2026-08-17 11:34:36.319 Df YourSofia[1177:3235bd] [com.apple.network:boringssl] boringssl_context_info_handler(2466) [C2.1.1.1:2][0x10531c790] Client handshake state: TLS 1.3 client send_client_certificate
2026-08-17 11:34:36.319 Df YourSofia[1177:3235bd] [com.apple.network:boringssl] boringssl_context_info_handler(2466) [C2.1.1.1:2][0x10531c790] Client handshake state: TLS 1.3 client complete_second_flight
2026-08-17 11:34:36.319 Db YourSofia[1177:3235bd] [com.apple.network:boringssl] boringssl_context_log_message(2529) [C2.1.1.1:2][0x10531c790] Writing SSL3_RT_HANDSHAKE 52 bytes
2026-08-17 11:34:36.319 Df YourSofia[1177:3235bd] [com.apple.network:boringssl] boringssl_context_info_handler(2466) [C2.1.1.1:2][0x10531c790] Client handshake state: TLS 1.3 client done
2026-08-17 11:34:36.319 Db YourSofia[1177:3235bd] [com.apple.network:boringssl] nw_protocol_boringssl_write_bytes(260) [C2.1.1.1:2][0x10531c790] write request: 80
2026-08-17 11:34:36.319 Db YourSofia[1177:3235bd] [com.apple.network:boringssl] nw_protocol_boringssl_allocate_batching_frame(236) [C2.1.1.1:2][0x10531c790] allocated new batching frame: 80 bytes capacity
2026-08-17 11:34:36.319 Db YourSofia[1177:3235bd] [com.apple.network:boringssl] nw_protocol_boringssl_write_to_batching_frame(186) [C2.1.1.1:2][0x10531c790] wrote 80 bytes to batching frame
2026-08-17 11:34:36.319 Db YourSofia[1177:3235bd] [com.apple.network:boringssl] nw_protocol_boringssl_flush_batching_frame(144) [C2.1.1.1:2][0x10531c790] flushed batching frame: frame full
2026-08-17 11:34:36.319 Db YourSofia[1177:3235bd] [com.apple.network:boringssl] nw_protocol_boringssl_write_bytes(305) [C2.1.1.1:2][0x10531c790] total bytes written: 80
2026-08-17 11:34:36.319 Df YourSofia[1177:3235bd] [com.apple.network:boringssl] boringssl_context_info_handler(2466) [C2.1.1.1:2][0x10531c790] Client handshake state: TLS client finish_client_handshake
2026-08-17 11:34:36.319 Df YourSofia[1177:3235bd] [com.apple.network:boringssl] boringssl_context_info_handler(2466) [C2.1.1.1:2][0x10531c790] Client handshake state: TLS client done
2026-08-17 11:34:36.319 Df YourSofia[1177:3235bd] [com.apple.network:boringssl] boringssl_context_info_handler(2455) [C2.1.1.1:2][0x10531c790] Client handshake done
2026-08-17 11:34:36.319 Db YourSofia[1177:3235bd] [com.apple.network:boringssl] boringssl_helper_create_sec_trust_with_certificates(631) [C2.1.1.1:2][0x10531c790] Key usage requirement set to 1
2026-08-17 11:34:36.319 Db YourSofia[1177:3235bd] [com.apple.network:boringssl] boringssl_helper_create_sec_trust_with_certificates(637) [C2.1.1.1:2][0x10531c790] SecTrustCreateWithCertificates result: 0
2026-08-17 11:34:36.319 Db YourSofia[1177:3235bd] [com.apple.network:boringssl] boringssl_helper_create_sec_trust_with_certificates(643) [C2.1.1.1:2][0x10531c790] SecTrustSetURLRequestAttribution(0) result: 0
2026-08-17 11:34:36.319 Db YourSofia[1177:3235bd] [com.apple.network:boringssl] boringssl_helper_create_sec_trust_with_certificates(651) [C2.1.1.1:2][0x10531c790] No TLS-provided OCSP response
2026-08-17 11:34:36.319 Db YourSofia[1177:3235bd] [com.apple.network:boringssl] boringssl_helper_create_sec_trust_with_certificates(658) [C2.1.1.1:2][0x10531c790] No TLS-provided SCTs
2026-08-17 11:34:36.319 Db YourSofia[1177:3235bd] [com.apple.network:boringssl] boringssl_session_set_peer_verification_state_from_session(496) [C2.1.1.1:2][0x10531c790] Set peer trust data
2026-08-17 11:34:36.319 Db YourSofia[1177:3235bd] [com.apple.network:boringssl] boringssl_session_set_state(830) [C2.1.1.1:2][0x10531c790] boringssl session state changed from connecting to connected
2026-08-17 11:34:36.319 A  YourSofia[1177:3235bd] (Security) SecKeyCopyPublicBytes
2026-08-17 11:34:36.319 A  YourSofia[1177:3235bd] (Security) SecKeyCopyAttributes
2026-08-17 11:34:36.319 A  YourSofia[1177:3235bd] (Security) SecKeyCopyPublicBytes
2026-08-17 11:34:36.319 Df YourSofia[1177:3235bd] [com.apple.network:boringssl] nw_protocol_boringssl_signal_connected(895) [C2.1.1.1:2][0x10531c790] TLS connected [server(0) version(0x0304) ciphersuite(TLS_AES_256_GCM_SHA384) group(0x11ec) signature_alg(0x0403) alpn(h2) resumed(0) offered_ticket(0) in_early_data(0) early_data_accepted(0) false_started(0) ocsp_received(0) sct_received(0) connect_time(17ms) flight_time(7ms) rtt(7ms) write_stalls(0) read_stalls(2) pake(0x0000)]
2026-08-17 11:34:36.319 Db YourSofia[1177:3235bd] [com.apple.network:boringssl] nw_protocol_boringssl_waiting_for_output(2357) [C2.1.1.1:2][0x10531c790] Waiting for output: false
2026-08-17 11:34:36.319 Db YourSofia[1177:3235bd] [com.apple.network:boringssl] nw_protocol_boringssl_waiting_for_output(2357) [C2.1.1.1:2][0x10531c790] Waiting for output: false
2026-08-17 11:34:36.319 Df YourSofia[1177:3235bd] [com.apple.network:connection] nw_flow_connected [C2.1.1.1 IPv4#f54a4c71:443 in_progress socket-flow (satisfied (Path is satisfied), interface: en0[802.11], uses wifi, LQM: unknown)] Output protocol connected (CFNetworkConnection-277997857)
2026-08-17 11:34:36.319 Db YourSofia[1177:3235bd] [com.apple.network:connection] nw_endpoint_flow_connected_path_change [C2.1.1.1 IPv4#f54a4c71:443 ready socket-flow (satisfied (Path is satisfied), interface: en0[802.11], uses wifi, LQM: unknown)]
2026-08-17 11:34:36.320 I  YourSofia[1177:3235bd] [com.apple.network:connection] nw_endpoint_flow_connected_path_change [C2.1.1.1 IPv4#f54a4c71:443 ready socket-flow (satisfied (Path is satisfied), interface: en0[802.11], uses wifi, LQM: unknown)] Connected path is satisfied, not viable
2026-08-17 11:34:36.320 Db YourSofia[1177:3235bd] [com.apple.network:connection] nw_endpoint_resolver_receive_report [C2.1.1 Hostname#1fc45447:443 in_progress resolver (satisfied (Path is satisfied), interface: en0[802.11], uses wifi, LQM: unknown)] received child report: [C2.1.1.1 IPv4#f54a4c71:443 ready socket-flow (satisfied (Path is satisfied), interface: en0[802.11], uses wifi, LQM: unknown)]
2026-08-17 11:34:36.320 Db YourSofia[1177:3235bd] [com.apple.network:connection] nw_endpoint_transform_receive_report [C2.1 Hostname#1fc45447:443 in_progress transform (satisfied (Path is satisfied), interface: en0[802.11], uses wifi, LQM: unknown)] received child report: [C2.1.1.1 IPv4#f54a4c71:443 ready socket-flow (satisfied (Path is satisfied), interface: en0[802.11], uses wifi, LQM: unknown)]
2026-08-17 11:34:36.320 Db YourSofia[1177:3235bd] [com.apple.network:connection] nw_endpoint_flow_receive_report [C2 Hostname#1fc45447:443 in_progress parent-flow (satisfied (Path is satisfied), interface: en0[802.11], uses wifi, LQM: unknown)] received child report: [C2.1.1.1 IPv4#f54a4c71:443 ready socket-flow (satisfied (Path is satisfied), interface: en0[802.11], uses wifi, LQM: unknown)]
2026-08-17 11:34:36.320 Df YourSofia[1177:3235bd] [com.apple.network:connection] [C2.1.1.1 IPv4#f54a4c71:443 ready socket-flow (satisfied (Path is satisfied), interface: en0[802.11], uses wifi, LQM: unknown)] event: flow:child_finish_connect @0.029s
2026-08-17 11:34:36.320 Db YourSofia[1177:3235bd] [com.apple.network:connection] nw_endpoint_flow_receive_report [C2 IPv4#f54a4c71:443 in_progress parent-flow (satisfied (Path is satisfied), interface: en0[802.11], uses wifi, LQM: unknown)] connecting endpoint_flow to child's shared protocol
2026-08-17 11:34:36.320 Db YourSofia[1177:3235bd] [com.apple.network:connection] nw_endpoint_flow_setup_protocols [C2 IPv4#f54a4c71:443 in_progress parent-flow (satisfied (Path is satisfied), interface: en0[802.11], uses wifi, LQM: unknown)] already set up
2026-08-17 11:34:36.320 Db YourSofia[1177:3235bd] [com.apple.network:connection] nw_endpoint_flow_setup_protocols [C2 IPv4#f54a4c71:443 in_progress parent-flow (satisfied (Path is satisfied), interface: en0[802.11], uses wifi, LQM: unknown)] child flow connected, starting
2026-08-17 11:34:36.320 Db YourSofia[1177:3235bd] [com.apple.network:connection] nw_endpoint_flow_setup_protocols [C2 IPv4#f54a4c71:443 in_progress parent-flow (satisfied (Path is satisfied), interface: en0[802.11], uses wifi, LQM: unknown)] already started
2026-08-17 11:34:36.320 Db YourSofia[1177:3235bd] [com.apple.network:connection] nw_endpoint_transform_receive_report [C2.1 Hostname#1fc45447:443 in_progress transform (satisfied (Path is satisfied), interface: en0[802.11], uses wifi, LQM: unknown)] received child report: [C2.1.1 Hostname#1fc45447:443 ready resolver (satisfied (Path is satisfied), interface: en0[802.11], uses wifi, LQM: unknown)]
2026-08-17 11:34:36.320 Db YourSofia[1177:3235bd] [com.apple.network:connection] nw_endpoint_flow_receive_report [C2 IPv4#f54a4c71:443 in_progress parent-flow (satisfied (Path is satisfied), interface: en0[802.11], uses wifi, LQM: unknown)] received child report: [C2.1.1 Hostname#1fc45447:443 ready resolver (satisfied (Path is satisfied), interface: en0[802.11], uses wifi, LQM: unknown)]
2026-08-17 11:34:36.320 Df YourSofia[1177:3235bd] [com.apple.network:connection] [C2.1.1 Hostname#1fc45447:443 ready resolver (satisfied (Path is satisfied), interface: en0[802.11], uses wifi, LQM: unknown)] event: flow:child_finish_connect @0.029s
2026-08-17 11:34:36.320 Db YourSofia[1177:3235bd] [com.apple.network:connection] nw_endpoint_flow_receive_report [C2 IPv4#f54a4c71:443 in_progress parent-flow (satisfied (Path is satisfied), interface: en0[802.11], uses wifi, LQM: unknown)] received child report: [C2.1 Hostname#1fc45447:443 ready transform (satisfied (Path is satisfied), interface: en0[802.11], uses wifi, LQM: unknown)]
2026-08-17 11:34:36.320 Df YourSofia[1177:3235bd] [com.apple.network:connection] [C2.1 Hostname#1fc45447:443 ready transform (satisfied (Path is satisfied), interface: en0[802.11], uses wifi, LQM: unknown)] event: flow:child_finish_connect @0.029s
2026-08-17 11:34:36.320 I  YourSofia[1177:3235bd] [com.apple.network:connection] nw_endpoint_handler_cancel [C2.1.1.2 IPv4#97475da3:443 initial path ((null))]
2026-08-17 11:34:36.320 Db YourSofia[1177:3235bd] [com.apple.network:boringssl] nw_protocol_boringssl_waiting_for_output(2357) [C2.1.1.1:2][0x10531c790] Waiting for output: false
2026-08-17 11:34:36.320 Df YourSofia[1177:3235bd] [com.apple.network:connection] nw_flow_connected [C2 IPv4#f54a4c71:443 in_progress parent-flow (satisfied (Path is satisfied), interface: en0[802.11], uses wifi, LQM: unknown)] Output protocol connected (endpoint_flow)
2026-08-17 11:34:36.320 Db YourSofia[1177:3235bd] [com.apple.network:connection] nw_endpoint_flow_connected_path_change [C2 IPv4#f54a4c71:443 ready parent-flow (satisfied (Path is satisfied), interface: en0[802.11], uses wifi, LQM: unknown)]
2026-08-17 11:34:36.320 I  YourSofia[1177:3235bd] [com.apple.network:connection] nw_endpoint_flow_connected_path_change [C2 IPv4#f54a4c71:443 ready parent-flow (satisfied (Path is satisfied), interface: en0[802.11], uses wifi, LQM: unknown)] Connected path is satisfied, child is not viable
2026-08-17 11:34:36.321 Df YourSofia[1177:3235bd] [com.apple.network:connection] [C2 IPv4#f54a4c71:443 ready parent-flow (satisfied (Path is satisfied), interface: en0[802.11], uses wifi, LQM: unknown)] event: flow:finish_connect @0.030s
2026-08-17 11:34:36.321 Db YourSofia[1177:3235bd] [com.apple.network:connection] nw_connection_run_pqtls_probe_locked_on_nw_queue [C2] PQ-TLS already used; not running PQ-TLS probe
2026-08-17 11:34:36.321 Db YourSofia[1177:3235bd] [com.apple.network:connection] nw_connection_run_ech_probe_locked_on_nw_queue [C2] stack doesn't include TLS; not running ECH probe
2026-08-17 11:34:36.321 Db YourSofia[1177:3235bd] [com.apple.network:connection] nw_connection_endpoint_report_on_nw_queue_block_invoke [C2] Connected fallback generation 0
2026-08-17 11:34:36.321 I  YourSofia[1177:3235bd] [com.apple.network:connection] nw_connection_start_candidate_manager_if_needed_locked [C2] Checking whether to start candidate manager
2026-08-17 11:34:36.321 Db YourSofia[1177:3235bd] [com.apple.network:connection] nw_connection_start_candidate_manager_if_needed_locked [C2] Connection does not support multipath, not starting candidate manager
2026-08-17 11:34:36.321 Df YourSofia[1177:3235bd] [com.apple.network:connection] nw_connection_report_state_with_handler_on_nw_queue [C2] reporting state ready
2026-08-17 11:34:36.321 Db YourSofia[1177:3235bd] [com.apple.securityd:xpc] cleaning up unpooled xpc conn to trustd 0x105322610
2026-08-17 11:34:36.321 Df YourSofia[1177:3235bd] [com.apple.xpc:connection] [0x105322610] invalidated because the current process cancelled the connection by calling xpc_connection_cancel()
2026-08-17 11:34:36.321 Df YourSofia[1177:3235bd] [com.apple.CFNetwork:Default] Connection 2: connected successfully
2026-08-17 11:34:36.321 Df YourSofia[1177:3235bd] [com.apple.CFNetwork:Default] Connection 2: TLS handshake complete
2026-08-17 11:34:36.321 Db YourSofia[1177:32358e] [com.apple.securityd:xpc] got event: Connection invalid
2026-08-17 11:34:36.321 Df YourSofia[1177:3235bd] [com.apple.CFNetwork:Default] Connection 2: ready C(N) E(N)
2026-08-17 11:34:36.321 Db YourSofia[1177:3235bd] [com.apple.CFNetwork:Default] Task <E97B2EC3-049A-453C-A250-2EF1B14624A7>.<1> done setting up Connection 2
2026-08-17 11:34:36.321 Db YourSofia[1177:3235bd] [com.apple.network:activity] Returning should log: 0 for activity cfnetwork:foreground_task
2026-08-17 11:34:36.321 Db YourSofia[1177:323578] [com.apple.defaults:User Defaults] found no value for key PhoneticFeedbackEnabled in CFPrefsSearchListSource<0x600002c08c00> (Domain: com.apple.Accessibility, Container: (null) Non-launch persona: 0)
2026-08-17 11:34:36.321 Db YourSofia[1177:323578] [com.apple.Accessibility:AXSupportCommon] CF Read: domain = com.apple.Accessibility, preference = PhoneticFeedbackEnabled, appID = (null) result = (null) (-1 - empty, 0 - false, 1 - true)
2026-08-17 11:34:36.321 Db YourSofia[1177:323578] [com.apple.defaults:User Defaults] found no value for key PhoneticFeedbackEnabled in CFPrefsPlistSource<0x600002c08f00> (Domain: com.apple.Accessibility, User: kCFPreferencesCurrentUser, ByHost: No, Container: /Users/valentinasenov/Library/Developer/CoreSimulator/Devices/4EC5F74C-5A9C-4D89-8E44-374310E684AE/data, Contents Need Refresh: No)
2026-08-17 11:34:36.321 Db YourSofia[1177:323578] [com.apple.defaults:User Defaults] found no value for key LetterFeedbackEnabled in CFPrefsSearchListSource<0x600002c08c00> (Domain: com.apple.Accessibility, Container: (null) Non-launch persona: 0)
2026-08-17 11:34:36.321 Db YourSofia[1177:323578] [com.apple.Accessibility:AXSupportCommon] CF Read: domain = com.apple.Accessibility, preference = LetterFeedbackEnabled, appID = (null) result = (null) (-1 - empty, 0 - false, 1 - true)
2026-08-17 11:34:36.321 Db YourSofia[1177:323578] [com.apple.defaults:User Defaults] found no value for key LetterFeedbackEnabled in CFPrefsPlistSource<0x600002c08f00> (Domain: com.apple.Accessibility, User: kCFPreferencesCurrentUser, ByHost: No, Container: /Users/valentinasenov/Library/Developer/CoreSimulator/Devices/4EC5F74C-5A9C-4D89-8E44-374310E684AE/data, Contents Need Refresh: No)
2026-08-17 11:34:36.321 Db YourSofia[1177:323578] [com.apple.defaults:User Defaults] found no value for key PhoneticFeedbackEnabled in CFPrefsSearchListSource<0x600002c08c00> (Domain: com.apple.Accessibility, Container: (null) Non-launch persona: 0)
2026-08-17 11:34:36.321 Db YourSofia[1177:323578] [com.apple.Accessibility:AXSupportCommon] CF Read: domain = com.apple.Accessibility, preference = PhoneticFeedbackEnabled, appID = (null) result = (null) (-1 - empty, 0 - false, 1 - true)
2026-08-17 11:34:36.321 Db YourSofia[1177:323578] [com.apple.defaults:User Defaults] found no value for key PhoneticFeedbackEnabled in CFPrefsPlistSource<0x600002c08f00> (Domain: com.apple.Accessibility, User: kCFPreferencesCurrentUser, ByHost: No, Container: /Users/valentinasenov/Library/Developer/CoreSimulator/Devices/4EC5F74C-5A9C-4D89-8E44-374310E684AE/data, Contents Need Refresh: No)
2026-08-17 11:34:36.321 Db YourSofia[1177:323578] [com.apple.defaults:User Defaults] found no value for key LetterFeedbackEnabled in CFPrefsSearchListSource<0x600002c08c00> (Domain: com.apple.Accessibility, Container: (null) Non-launch persona: 0)
2026-08-17 11:34:36.321 Db YourSofia[1177:323578] [com.apple.Accessibility:AXSupportCommon] CF Read: domain = com.apple.Accessibility, preference = LetterFeedbackEnabled, appID = (null) result = (null) (-1 - empty, 0 - false, 1 - true)
2026-08-17 11:34:36.321 Db YourSofia[1177:3235bd] [com.apple.CFNetwork:Coalescing] new connection to u.expo.dev config 0x600000277700
2026-08-17 11:34:36.321 Db YourSofia[1177:3235bd] [com.apple.CFNetwork:Default] Connection 2: set is idle false
2026-08-17 11:34:36.321 Df YourSofia[1177:3235bd] [com.apple.network:connection] [C2] event: client:connection_reused @0.030s
2026-08-17 11:34:36.321 Db YourSofia[1177:323578] [com.apple.defaults:User Defaults] found no value for key LetterFeedbackEnabled in CFPrefsPlistSource<0x600002c08f00> (Domain: com.apple.Accessibility, User: kCFPreferencesCurrentUser, ByHost: No, Container: /Users/valentinasenov/Library/Developer/CoreSimulator/Devices/4EC5F74C-5A9C-4D89-8E44-374310E684AE/data, Contents Need Refresh: No)
2026-08-17 11:34:36.321 I  YourSofia[1177:3235bd] [com.apple.network:connection] nw_endpoint_handler_report_connection_idle [C2 IPv4#f54a4c71:443 ready parent-flow (satisfied (Path is satisfied), interface: en0[802.11], uses wifi, LQM: unknown)] Reporting connection not idle to protocols
2026-08-17 11:34:36.321 Db YourSofia[1177:323578] [com.apple.defaults:User Defaults] found no value for key QuickTypePredictionFeedbackEnabled in CFPrefsSearchListSource<0x600002c08c00> (Domain: com.apple.Accessibility, Container: (null) Non-launch persona: 0)
2026-08-17 11:34:36.321 I  YourSofia[1177:3235bd] [com.apple.network:connection] nw_flow_passthrough_notify [C2.1.1.1 IPv4#f54a4c71:443 ready socket-flow (satisfied (Path is satisfied), interface: en0[802.11], uses wifi, LQM: unknown)] received notification connection_idle
2026-08-17 11:34:36.321 Db YourSofia[1177:323578] [com.apple.Accessibility:AXSupportCommon] CF Read: domain = com.apple.Accessibility, preference = QuickTypePredictionFeedbackEnabled, appID = (null) result = (null) (-1 - empty, 0 - false, 1 - true)
2026-08-17 11:34:36.321 Db YourSofia[1177:323578] [com.apple.defaults:User Defaults] found no value for key QuickTypePredictionFeedbackEnabled in CFPrefsPlistSource<0x600002c08f00> (Domain: com.apple.Accessibility, User: kCFPreferencesCurrentUser, ByHost: No, Container: /Users/valentinasenov/Library/Developer/CoreSimulator/Devices/4EC5F74C-5A9C-4D89-8E44-374310E684AE/data, Contents Need Refresh: No)
2026-08-17 11:34:36.321 Db YourSofia[1177:323578] [com.apple.defaults:User Defaults] found no value for key WordFeedbackEnabled in CFPrefsSearchListSource<0x600002c08c00> (Domain: com.apple.Accessibility, Container: (null) Non-launch persona: 0)
2026-08-17 11:34:36.321 Df YourSofia[1177:3235bd] [com.apple.network:connection] nw_protocol_socket_notify [C2.1.1.1:3] nw_protocol_notification_type_connection_idle is false
2026-08-17 11:34:36.321 Db YourSofia[1177:323578] [com.apple.Accessibility:AXSupportCommon] CF Read: domain = com.apple.Accessibility, preference = WordFeedbackEnabled, appID = (null) result = (null) (-1 - empty, 0 - false, 1 - true)
2026-08-17 11:34:36.322 Db YourSofia[1177:323578] [com.apple.defaults:User Defaults] found no value for key WordFeedbackEnabled in CFPrefsPlistSource<0x600002c08f00> (Domain: com.apple.Accessibility, User: kCFPreferencesCurrentUser, ByHost: No, Container: /Users/valentinasenov/Library/Developer/CoreSimulator/Devices/4EC5F74C-5A9C-4D89-8E44-374310E684AE/data, Contents Need Refresh: No)
2026-08-17 11:34:36.322 Db YourSofia[1177:323578] [com.apple.defaults:User Defaults] found no value for key PhoneticFeedbackEnabled in CFPrefsSearchListSource<0x600002c08c00> (Domain: com.apple.Accessibility, Container: (null) Non-launch persona: 0)
2026-08-17 11:34:36.322 Db YourSofia[1177:323578] [com.apple.Accessibility:AXSupportCommon] CF Read: domain = com.apple.Accessibility, preference = PhoneticFeedbackEnabled, appID = (null) result = (null) (-1 - empty, 0 - false, 1 - true)
2026-08-17 11:34:36.322 Db YourSofia[1177:323578] [com.apple.defaults:User Defaults] found no value for key PhoneticFeedbackEnabled in CFPrefsPlistSource<0x600002c08f00> (Domain: com.apple.Accessibility, User: kCFPreferencesCurrentUser, ByHost: No, Container: /Users/valentinasenov/Library/Developer/CoreSimulator/Devices/4EC5F74C-5A9C-4D89-8E44-374310E684AE/data, Contents Need Refresh: No)
2026-08-17 11:34:36.322 Db YourSofia[1177:323578] [com.apple.defaults:User Defaults] found no value for key LetterFeedbackEnabled in CFPrefsSearchListSource<0x600002c08c00> (Domain: com.apple.Accessibility, Container: (null) Non-launch persona: 0)
2026-08-17 11:34:36.322 Db YourSofia[1177:323578] [com.apple.Accessibility:AXSupportCommon] CF Read: domain = com.apple.Accessibility, preference = LetterFeedbackEnabled, appID = (null) result = (null) (-1 - empty, 0 - false, 1 - true)
2026-08-17 11:34:36.322 Db YourSofia[1177:323578] [com.apple.defaults:User Defaults] found no value for key LetterFeedbackEnabled in CFPrefsPlistSource<0x600002c08f00> (Domain: com.apple.Accessibility, User: kCFPreferencesCurrentUser, ByHost: No, Container: /Users/valentinasenov/Library/Developer/CoreSimulator/Devices/4EC5F74C-5A9C-4D89-8E44-374310E684AE/data, Contents Need Refresh: No)
2026-08-17 11:34:36.322 Db YourSofia[1177:323578] [com.apple.defaults:User Defaults] found no value for key WordFeedbackEnabled in CFPrefsSearchListSource<0x600002c08c00> (Domain: com.apple.Accessibility, Container: (null) Non-launch persona: 0)
2026-08-17 11:34:36.322 Db YourSofia[1177:323578] [com.apple.Accessibility:AXSupportCommon] CF Read: domain = com.apple.Accessibility, preference = WordFeedbackEnabled, appID = (null) result = (null) (-1 - empty, 0 - false, 1 - true)
2026-08-17 11:34:36.322 Db YourSofia[1177:323578] [com.apple.defaults:User Defaults] found no value for key WordFeedbackEnabled in CFPrefsPlistSource<0x600002c08f00> (Domain: com.apple.Accessibility, User: kCFPreferencesCurrentUser, ByHost: No, Container: /Users/valentinasenov/Library/Developer/CoreSimulator/Devices/4EC5F74C-5A9C-4D89-8E44-374310E684AE/data, Contents Need Refresh: No)
2026-08-17 11:34:36.322 Db YourSofia[1177:323578] [com.apple.defaults:User Defaults] found no value for key QuickTypePredictionFeedbackEnabled in CFPrefsSearchListSource<0x600002c08c00> (Domain: com.apple.Accessibility, Container: (null) Non-launch persona: 0)
2026-08-17 11:34:36.322 Db YourSofia[1177:323578] [com.apple.Accessibility:AXSupportCommon] CF Read: domain = com.apple.Accessibility, preference = QuickTypePredictionFeedbackEnabled, appID = (null) result = (null) (-1 - empty, 0 - false, 1 - true)
2026-08-17 11:34:36.322 Db YourSofia[1177:323578] [com.apple.defaults:User Defaults] found no value for key QuickTypePredictionFeedbackEnabled in CFPrefsPlistSource<0x600002c08f00> (Domain: com.apple.Accessibility, User: kCFPreferencesCurrentUser, ByHost: No, Container: /Users/valentinasenov/Library/Developer/CoreSimulator/Devices/4EC5F74C-5A9C-4D89-8E44-374310E684AE/data, Contents Need Refresh: No)
2026-08-17 11:34:36.322 Df YourSofia[1177:3235bd] [com.apple.CFNetwork:Default] Task <E97B2EC3-049A-453C-A250-2EF1B14624A7>.<1> now using Connection 2
2026-08-17 11:34:36.322 Db YourSofia[1177:3235bd] [com.apple.network:activity] Returning should log: 0 for activity cfnetwork:foreground_task
2026-08-17 11:34:36.322 Db YourSofia[1177:323578] [com.apple.defaults:User Defaults] found no value for key SpeakCorrectionsEnabled in CFPrefsSearchListSource<0x600002c29300> (Domain: com.apple.Accessibility, Container: /Users/valentinasenov/Library/Developer/CoreSimulator/Devices/4EC5F74C-5A9C-4D89-8E44-374310E684AE/data Non-launch persona: 0)
2026-08-17 11:34:36.322 Db YourSofia[1177:323578] [com.apple.defaults:User Defaults] found no value for key SpeakCorrectionsEnabled in CFPrefsSearchListSource<0x600002c08c00> (Domain: com.apple.Accessibility, Container: (null) Non-launch persona: 0)
2026-08-17 11:34:36.322 Df YourSofia[1177:3235bd] [com.apple.CFNetwork:Default] Task <E97B2EC3-049A-453C-A250-2EF1B14624A7>.<1> sent request, body N 0
2026-08-17 11:34:36.323 Db YourSofia[1177:3235bd] [com.apple.network:boringssl] boringssl_context_log_message(2529) [C2.1.1.1:2][0x10531c790] Reading SSL3_RT_HANDSHAKE 238 bytes
2026-08-17 11:34:36.323 I  YourSofia[1177:3235bd] [com.apple.network:boringssl] boringssl_context_new_session_handler(1541) [C2.1.1.1:2][0x10531c790] New session available
2026-08-17 11:34:36.323 A  YourSofia[1177:3235bd] (Security) SecKeyCopyPublicBytes
2026-08-17 11:34:36.323 A  YourSofia[1177:3235bd] (Security) SecKeyCopyAttributes
2026-08-17 11:34:36.323 A  YourSofia[1177:3235bd] (Security) SecKeyCopyPublicBytes
2026-08-17 11:34:36.323 Db YourSofia[1177:3235bd] [com.apple.network:boringssl] boringssl_context_new_session_handler(1573) [C2.1.1.1:2][0x10531c790] Installing session cache state
2026-08-17 11:34:36.323 Db YourSofia[1177:3235bd] [com.apple.network:boringssl] boringssl_context_log_message(2529) [C2.1.1.1:2][0x10531c790] Reading SSL3_RT_HANDSHAKE 238 bytes
2026-08-17 11:34:36.323 I  YourSofia[1177:3235bd] [com.apple.network:boringssl] boringssl_context_new_session_handler(1541) [C2.1.1.1:2][0x10531c790] New session available
2026-08-17 11:34:36.323 A  YourSofia[1177:3235bd] (Security) SecKeyCopyPublicBytes
2026-08-17 11:34:36.323 A  YourSofia[1177:3235bd] (Security) SecKeyCopyAttributes
2026-08-17 11:34:36.323 A  YourSofia[1177:3235bd] (Security) SecKeyCopyPublicBytes
2026-08-17 11:34:36.323 Db YourSofia[1177:3235bd] [com.apple.network:boringssl] boringssl_context_new_session_handler(1573) [C2.1.1.1:2][0x10531c790] Installing session cache state
2026-08-17 11:34:36.326 I  YourSofia[1177:3235bd] [com.apple.network:connection] nw_resolver_host_resolve_callback [C2.1.1] flags=0x3 ifindex=0 error=NoError(0) hostname=u.expo.dev. addr=IPv4#17126d15 ttl=377
2026-08-17 11:34:36.326 I  YourSofia[1177:3235bd] [com.apple.network:connection] nw_resolver_host_resolve_callback [C2.1.1] flags=0x2 ifindex=0 error=NoError(0) hostname=u.expo.dev. addr=IPv4#addd1704 ttl=377
2026-08-17 11:34:36.326 Db YourSofia[1177:3235bd] [com.apple.network:] sa_dst_compare_statistics not prefering 1, dst1 min rtt 4.000000 < dst2 min rtt 8.000000, leeway 100 small leeway 10
2026-08-17 11:34:36.326 Db YourSofia[1177:3235bd] [com.apple.network:] sa_dst_compare_internal <private>@0 = <private>@0
2026-08-17 11:34:36.326 I  YourSofia[1177:3235bd] [com.apple.network:connection] nw_resolver_create_prefer_connected_variant [C2.1.1] Prefer Connected: reordering IPv4#f54a4c71:443 to be the first endpoint
2026-08-17 11:34:36.326 I  YourSofia[1177:3235bd] [com.apple.network:connection] nw_endpoint_resolver_update [C2.1.1 Hostname#1fc45447:443 ready resolver (satisfied (Path is satisfied), interface: en0[802.11], uses wifi, LQM: unknown)] already connected, ignoring update from resolver
2026-08-17 11:34:36.329 Db YourSofia[1177:323578] [com.apple.defaults:User Defaults] looked up value 0 for key GrayscaleDisplay in CFPrefsPlistSource<0x600002c08c80> (Domain: com.apple.Accessibility, User: kCFPreferencesCurrentUser, ByHost: No, Container: (null), Contents Need Refresh: No) via CFPrefsSearchListSource<0x600002c08c00> (Domain: com.apple.Accessibility, Container: (null) Non-launch persona: 0)
2026-08-17 11:34:36.329 Db YourSofia[1177:323578] [com.apple.Accessibility:AXSupportCommon] CF Read: domain = com.apple.Accessibility, preference = GrayscaleDisplay, appID = (null) result = 0 (-1 - empty, 0 - false, 1 - true)
2026-08-17 11:34:36.329 Db YourSofia[1177:323578] [com.apple.defaults:User Defaults] found no value for key EnhancedBackgroundContrastEnabled in CFPrefsSearchListSource<0x600002c08c00> (Domain: com.apple.Accessibility, Container: (null) Non-launch persona: 0)
2026-08-17 11:34:36.329 Db YourSofia[1177:323578] [com.apple.Accessibility:AXSupportCommon] CF Read: domain = com.apple.Accessibility, preference = EnhancedBackgroundContrastEnabled, appID = (null) result = (null) (-1 - empty, 0 - false, 1 - true)
2026-08-17 11:34:36.329 Db YourSofia[1177:323578] [com.apple.defaults:User Defaults] found no value for key EnhancedBackgroundContrastEnabled in CFPrefsPlistSource<0x600002c08f00> (Domain: com.apple.Accessibility, User: kCFPreferencesCurrentUser, ByHost: No, Container: /Users/valentinasenov/Library/Developer/CoreSimulator/Devices/4EC5F74C-5A9C-4D89-8E44-374310E684AE/data, Contents Need Refresh: No)
2026-08-17 11:34:36.346 I  YourSofia[1177:323578] [dev.expo.modules:expo] 🟢 Registering module 'ExpoModulesCoreJSLogger'
2026-08-17 11:34:36.385 I  YourSofia[1177:323578] [dev.expo.modules:expo] 🟢 Registering module 'ExpoFetchModule'
2026-08-17 11:34:36.392 I  YourSofia[1177:323578] [dev.expo.modules:expo] 🟢 Registering module 'ExpoApplication'
2026-08-17 11:34:36.393 I  YourSofia[1177:323578] [dev.expo.modules:expo] 🟢 Registering module 'ExpoAsset'
2026-08-17 11:34:36.404 I  YourSofia[1177:323578] [dev.expo.modules:expo] 🟢 Registering module 'ExpoBlurView'
2026-08-17 11:34:36.472 Df YourSofia[1177:3235bc] [com.apple.CFNetwork:Default] Task <E97B2EC3-049A-453C-A250-2EF1B14624A7>.<1> received response, status 400 content K
2026-08-17 11:34:36.472 Df YourSofia[1177:3235bc] [com.apple.CFNetwork:Default] Task <E97B2EC3-049A-453C-A250-2EF1B14624A7>.<1> done using Connection 2
2026-08-17 11:34:36.472 Db YourSofia[1177:3235bc] [com.apple.network:activity] Returning should log: 0 for activity cfnetwork:foreground_task
2026-08-17 11:34:36.472 Db YourSofia[1177:3235bc] [com.apple.CFNetwork:Default] Connection 2: set is idle true
2026-08-17 11:34:36.472 Df YourSofia[1177:3235bc] [com.apple.network:connection] [C2] event: client:connection_idle @0.181s
2026-08-17 11:34:36.472 I  YourSofia[1177:3235bc] [com.apple.network:connection] nw_endpoint_handler_report_connection_idle [C2 IPv4#f54a4c71:443 ready parent-flow (satisfied (Path is satisfied), interface: en0[802.11], uses wifi, LQM: unknown)] Reporting connection idle to protocols
2026-08-17 11:34:36.472 I  YourSofia[1177:3235bc] [com.apple.network:connection] nw_flow_passthrough_notify [C2.1.1.1 IPv4#f54a4c71:443 ready socket-flow (satisfied (Path is satisfied), interface: en0[802.11], uses wifi, LQM: unknown)] received notification connection_idle
2026-08-17 11:34:36.472 Df YourSofia[1177:3235bc] [com.apple.network:connection] nw_protocol_socket_notify [C2.1.1.1:3] nw_protocol_notification_type_connection_idle is true
2026-08-17 11:34:36.472 Db YourSofia[1177:3235bc] [com.apple.CFNetwork:Default] HTTP/2 Connection 2 Stream 1 ended. Connection considered operational true
2026-08-17 11:34:36.472 Db YourSofia[1177:3235bc] [com.apple.CFNetwork:Default] Task <E97B2EC3-049A-453C-A250-2EF1B14624A7>.<1> request <private> is NOT allowed to set HSTS for main doc <private>
2026-08-17 11:34:36.472 A  YourSofia[1177:3235bc] (Security) SecTrustEvaluateIfNecessary
2026-08-17 11:34:36.473 Db YourSofia[1177:3235bc] [com.apple.securityd:xpc] user sessions enabled, targeting 501
2026-08-17 11:34:36.473 Df YourSofia[1177:3235bc] [com.apple.xpc:connection] [0x105d04080] activating connection: mach=true listener=false peer=false name=com.apple.trustd
2026-08-17 11:34:36.474 I  YourSofia[1177:323578] [dev.expo.modules:expo] 🟢 Registering module 'ExpoCamera'
2026-08-17 11:34:36.475 Db YourSofia[1177:3235bc] [com.apple.securityd:xpc] cleaning up unpooled xpc conn to trustd 0x105d04080
2026-08-17 11:34:36.475 Df YourSofia[1177:3235bc] [com.apple.xpc:connection] [0x105d04080] invalidated because the current process cancelled the connection by calling xpc_connection_cancel()
2026-08-17 11:34:36.475 Db YourSofia[1177:3235bd] [com.apple.securityd:xpc] got event: Connection invalid
2026-08-17 11:34:36.475 Db YourSofia[1177:3235bc] [com.apple.network:connection] nw_connection_modify_estimated_bytes_block_invoke [C2] Incremented estimated bytes to receive by 270, total now 270
2026-08-17 11:34:36.475 Db YourSofia[1177:3235bc] [com.apple.network:connection] nw_connection_modify_estimated_bytes_block_invoke [C2] Using lower threshold 12582912, upper threshold 31457280
2026-08-17 11:34:36.475 Df YourSofia[1177:3235bc] [com.apple.CFNetwork:Default] Task <E97B2EC3-049A-453C-A250-2EF1B14624A7>.<1> response ended
2026-08-17 11:34:36.475 Df YourSofia[1177:3235bc] [com.apple.CFNetwork:Summary] Task <E97B2EC3-049A-453C-A250-2EF1B14624A7>.<1> summary for task success {transaction_duration_ms=204, response_status=400, connection=2, protocol="h2", domain_lookup_duration_ms=1, connect_duration_ms=26, secure_connection_duration_ms=17, private_relay=false, request_start_ms=50, request_duration_ms=0, response_start_ms=200, response_duration_ms=3, request_bytes=412, request_throughput_kbps=20093, response_bytes=481, response_throughput_kbps=1240, cache_hit=false}
2026-08-17 11:34:36.475 Df YourSofia[1177:3235bc] [com.apple.CoreAnalytics:client] No XPC connection in Simulator
2026-08-17 11:34:36.475 Db YourSofia[1177:32358e] [com.apple.network:activity] Returning should log: 0 for activity cfnetwork:foreground_task
2026-08-17 11:34:36.476 Db YourSofia[1177:32358e] [com.apple.network:activity] Returning should log: 0 for activity cfnetwork:foreground_task
2026-08-17 11:34:36.476 Db YourSofia[1177:32358e] [com.apple.network:activity] No threshold for cfnetwork:foreground_task, returning NW_ACTIVITY_DURATION_INVALID
2026-08-17 11:34:36.476 Db YourSofia[1177:32358e] [com.apple.network:activity] No threshold for activity <nw_activity 12:2 [AA78414C-DBF3-4E98-897E-8F8F8458D299] (parent is global) (reporting strategy default) complete (reason success)>
2026-08-17 11:34:36.476 Df YourSofia[1177:32358e] [com.apple.CFNetwork:Default] Task <E97B2EC3-049A-453C-A250-2EF1B14624A7>.<1> finished successfully
2026-08-17 11:34:36.477 I  YourSofia[1177:323578] [dev.expo.modules:expo] 🟢 Registering module 'ExponentConstants'
2026-08-17 11:34:36.483 E  YourSofia[1177:32358e] [dev.expo.modules:expo-updates] 🟠 {"timestamp":1786955676000,"level":"error","code":"Unknown","stacktrace":["YourSofia                           0x00000001028cfc68 $s9EXUpdates14FileDownloaderC12downloadData33_75774A0A231786B0DCB0D3DA50F03832LL11withRequest13progressBlock07successP005errorP0y10Foundation10URLRequestV_ySdcSgyAJ0E0VSg_So13NSURLResponseCtcyAA12UpdatesErrorOctFyAP_ARSgs0W0_pSgtYbcfU_ + 672","YourSofia                           0x000000010289a6bc $s9EXUpdates14FileDownloaderC12downloadData33_75774A0A231786B0DCB0D3DA50F03832LL11withRequest13progressBlock07successP005errorP0y10Foundation10URLRequestV_ySdcSgyAJ0E0VSg_So13NSURLResponseCtcyAA12UpdatesErrorOctFyAP_ARSgs0W0_pSgtYbcfU_TATm + 32","YourSofia                           0x00000001028cfd94 $s10Foundation4DataVSgSo13NSURLResponseCSgs5Error_pSgIeghggg_So6NSDataCSgAGSo7NSErrorCSgIeyBhyyy_TR + 144","DetoxSync                           0x0000000104a60984 __75-[NSURLSession(DTXSpy) __detox_sync_dataTaskWithRequest:completionHandler:]_block_invoke + 44","CFNetwork       <…>
2026-08-17 11:34:36.484 I  YourSofia[1177:3235bd] [dev.expo.modules:expo-updates] 🟢 {"timestamp":1786955676000,"level":"info","code":"None","message":"Deleted assets and updates from SQLite in 1.1039972305297852 ms"}
2026-08-17 11:34:36.485 I  YourSofia[1177:3235b5] [dev.expo.modules:expo-updates] 🟢 {"code":"None","message":"Deleted 0 assets from disk in 0.0019073486328125 ms","level":"info","timestamp":1786955676000}
2026-08-17 11:34:36.485 I  YourSofia[1177:3235b5] [dev.expo.modules:expo-updates] 🟢 {"code":"None","message":"Retried deleting assets from disk in -0.0 ms","level":"info","timestamp":1786955676000}
2026-08-17 11:34:36.485 E  YourSofia[1177:3235b7] [dev.expo.modules:expo-updates] 🟠 {"code":"UpdateFailedToLoad","level":"error","stacktrace":["YourSofia                           0x00000001028f0b24 $s9EXUpdates16StartupProcedureC13appLoaderTask_35didFinishBackgroundUpdateWithStatus6update5erroryAA03AppeF0C_AA0ijL0OAA0J0CSgs5Error_pSgtFTf4dnnnn_n + 852","YourSofia                           0x00000001028eec80 $s9EXUpdates16StartupProcedureC13appLoaderTask_35didFinishBackgroundUpdateWithStatus6update5erroryAA03AppeF0C_AA0ijL0OAA0J0CSgs5Error_pSgtFTo + 104","YourSofia                           0x00000001028a8484 $s9EXUpdates13AppLoaderTaskC25didFinishBackgroundUpdate019_3339434A583F8B1F65J12D05F1E075305LL10withStatus6update5erroryAA0ghQ0O_AA0H0CSgAA12UpdatesErrorOSgtFytSgAA0bcD8Delegate_pXEfU_yyYbcfU_ + 300","YourSofia                           0x000000010287d830 $sIegh_IeyBh_TR + 28","DetoxSync                           0x0000000104a5c79c ____detox_sync_dispatch_wrapper_block_invoke + 44","libdispatch.dylib                   0x00000001801c07a8 _dispatch_call_block_and_release + 2<…>
2026-08-17 11:34:36.486 I  YourSofia[1177:3235b7] [dev.expo.modules:expo-updates] 🟢 {"message":"Updates state change: state = idle, event = checkError, context = UpdatesStateContext(isStartupProcedureRunning: true, isUpdateAvailable: false, isUpdatePending: false, isChecking: false, isDownloading: false, isRestarting: false, restartCount: 0, latestManifest: nil, downloadedManifest: nil, rollback: nil, checkError: Optional([\134"message\134": \134"HTTP response error 400: \134\134\134"channel-name\134\134\134": Required. The headers \134\134\134"expo-runtime-version\134\134\134", \134\134\134"expo-channel-name\134\134\134", and \134\134\134"expo-platform\134\134\134" are required. They can also be set with the query parameters \134\134\134"runtime-version\134\134\134", \134\134\134"channel-name\134\134\134", and \134\134\134"platform\134\134\134". Learn more: https:\134/\134/expo.fyi\134/eas-update-missing-headers\134"]), downloadError: nil, downloadProgress: 0.0, lastCheckForUpdateTime: Optional(2026-08-17 08:34:36 +0000), sequenceNumber: 3)","code":"None","timestamp":1786955676000,"level":"info"}
2026-08-17 11:34:36.486 I  YourSofia[1177:3235b7] [dev.expo.modules:expo-updates] 🟢 {"message":"Updates state change: state = idle, event = endStartup, context = UpdatesStateContext(isStartupProcedureRunning: false, isUpdateAvailable: false, isUpdatePending: false, isChecking: false, isDownloading: false, isRestarting: false, restartCount: 0, latestManifest: nil, downloadedManifest: nil, rollback: nil, checkError: Optional([\134"message\134": \134"HTTP response error 400: \134\134\134"channel-name\134\134\134": Required. The headers \134\134\134"expo-runtime-version\134\134\134", \134\134\134"expo-channel-name\134\134\134", and \134\134\134"expo-platform\134\134\134" are required. They can also be set with the query parameters \134\134\134"runtime-version\134\134\134", \134\134\134"channel-name\134\134\134", and \134\134\134"platform\134\134\134". Learn more: https:\134/\134/expo.fyi\134/eas-update-missing-headers\134"]), downloadError: nil, downloadProgress: 0.0, lastCheckForUpdateTime: Optional(2026-08-17 08:34:36 +0000), sequenceNumber: 4)","level":"info","timestamp":1786955676000,"code":"None"}
2026-08-17 11:34:36.489 I  YourSofia[1177:323578] [dev.expo.modules:expo] 🟢 Registering module 'ExpoCrypto'
2026-08-17 11:34:36.501 I  YourSofia[1177:323578] [dev.expo.modules:expo] 🟢 Registering module 'ExpoDevice'
2026-08-17 11:34:36.501 I  YourSofia[1177:323578] [dev.expo.modules:expo] 🟢 Registering module 'EASClient'
2026-08-17 11:34:36.568 I  YourSofia[1177:323578] [dev.expo.modules:expo] 🟢 Registering module 'FileSystem'
2026-08-17 11:34:36.592 I  YourSofia[1177:323578] [dev.expo.modules:expo] 🟢 Registering module 'ExponentFileSystem'
2026-08-17 11:34:36.597 I  YourSofia[1177:323578] [dev.expo.modules:expo] 🟢 Registering module 'ExpoFontLoader'
2026-08-17 11:34:36.598 I  YourSofia[1177:323578] [dev.expo.modules:expo] 🟢 Registering module 'ExpoFontUtils'
2026-08-17 11:34:36.604 I  YourSofia[1177:323578] [dev.expo.modules:expo] 🟢 Registering module 'ExpoHaptics'
2026-08-17 11:34:36.608 I  YourSofia[1177:323578] [dev.expo.modules:expo] 🟢 Registering module 'ExponentImagePicker'
2026-08-17 11:34:36.610 I  YourSofia[1177:323578] [dev.expo.modules:expo] 🟢 Registering module 'ExpoKeepAwake'
2026-08-17 11:34:36.619 Df YourSofia[1177:3235b7] [com.apple.UIKit:BackgroundTask] Ending background task with UIBackgroundTaskIdentifier: 2
2026-08-17 11:34:36.619 Df YourSofia[1177:3235b7] [com.apple.UIKit:BackgroundTask] Ending task with identifier 2 and description: <_UIBackgroundTaskInfo: 0x600001744bc0>: taskID = 2, taskName = Persistent SceneSession Map Update, creationTime = 184954 (elapsed = 1), _expireHandler: <__NSGlobalBlock__: 0x1e6b788b0>
2026-08-17 11:34:36.619 Df YourSofia[1177:3235b7] [com.apple.UIKit:BackgroundTask] Decrementing reference count for assertion <BKSProcessAssertion: 0x600002116030> (used by background task with identifier 2: <_UIBackgroundTaskInfo: 0x600001744bc0>: taskID = 2, taskName = Persistent SceneSession Map Update, creationTime = 184954 (elapsed = 1))
2026-08-17 11:34:36.620 Df YourSofia[1177:3235b7] [com.apple.UIKit:BackgroundTask] Will invalidate assertion: <BKSProcessAssertion: 0x600002116030> for task identifier: 2
2026-08-17 11:34:36.621 I  YourSofia[1177:323578] [dev.expo.modules:expo] 🟢 Registering module 'ExpoLinearGradient'
2026-08-17 11:34:36.624 I  YourSofia[1177:323578] [dev.expo.modules:expo] 🟢 Registering module 'ExpoLinking'
2026-08-17 11:34:36.639 I  YourSofia[1177:323578] [dev.expo.modules:expo] 🟢 Registering module 'ExpoLocation'
2026-08-17 11:34:36.641 I  YourSofia[1177:323578] [dev.expo.modules:expo] 🟢 Registering module 'ExpoBackgroundNotificationTasksModule'
2026-08-17 11:34:36.642 I  YourSofia[1177:323578] [dev.expo.modules:expo] 🟢 Registering module 'ExpoBadgeModule'
2026-08-17 11:34:36.647 I  YourSofia[1177:323578] [dev.expo.modules:expo] 🟢 Registering module 'ExpoNotificationCategoriesModule'
2026-08-17 11:34:36.650 I  YourSofia[1177:323578] [dev.expo.modules:expo] 🟢 Registering module 'ExpoNotificationsEmitter'
2026-08-17 11:34:36.652 I  YourSofia[1177:323578] [dev.expo.modules:expo] 🟢 Registering module 'ExpoNotificationsHandlerModule'
2026-08-17 11:34:36.656 I  YourSofia[1177:323578] [dev.expo.modules:expo] 🟢 Registering module 'ExpoNotificationPermissionsModule'
2026-08-17 11:34:36.658 I  YourSofia[1177:323578] [dev.expo.modules:expo] 🟢 Registering module 'ExpoNotificationPresenter'
2026-08-17 11:34:36.658 I  YourSofia[1177:323578] [dev.expo.modules:expo] 🟢 Registering module 'ExpoPushTokenManager'
2026-08-17 11:34:36.661 I  YourSofia[1177:323578] [dev.expo.modules:expo] 🟢 Registering module 'ExpoNotificationScheduler'
2026-08-17 11:34:36.662 I  YourSofia[1177:323578] [dev.expo.modules:expo] 🟢 Registering module 'NotificationsServerRegistrationModule'
2026-08-17 11:34:36.669 I  YourSofia[1177:323578] [dev.expo.modules:expo] 🟢 Registering module 'ExpoHead'
2026-08-17 11:34:36.693 I  YourSofia[1177:323578] [dev.expo.modules:expo] 🟢 Registering module 'ExpoRouterNativeLinkPreview'
2026-08-17 11:34:36.702 I  YourSofia[1177:323578] [dev.expo.modules:expo] 🟢 Registering module 'ExpoSecureStore'
2026-08-17 11:34:36.703 I  YourSofia[1177:323578] [dev.expo.modules:expo] 🟢 Registering module 'ExpoSplashScreen'
2026-08-17 11:34:36.726 I  YourSofia[1177:323578] [dev.expo.modules:expo] 🟢 Registering module 'SymbolModule'
2026-08-17 11:34:36.728 Db YourSofia[1177:323578] [com.apple.defaults:User Defaults] found no value for key ExpoSystemUI.backgroundColor in CFPrefsSearchListSource<0x600002c04180> (Domain: bg.sofia.yoursofia, Container: (null) Non-launch persona: 0)
2026-08-17 11:34:36.728 Db YourSofia[1177:323578] [com.apple.CFBundle:resources] Resource lookup at CFBundle 0x600003b04540 </Users/valentinasenov/Library/Developer/CoreSimulator/Devices/4EC5F74C-5A9C-4D89-8E44-374310E684AE/data/Containers/Bundle/Application/F3147808-5ECA-491B-9ADC-3DA9921C01A2/YourSofia.app> (executable, loaded)
	Request       : InfoPlist type: strings
	Result        : None
2026-08-17 11:34:36.728 Db YourSofia[1177:323578] [com.apple.CFBundle:resources] Resource lookup at CFBundle 0x600003b04540 </Users/valentinasenov/Library/Developer/CoreSimulator/Devices/4EC5F74C-5A9C-4D89-8E44-374310E684AE/data/Containers/Bundle/Application/F3147808-5ECA-491B-9ADC-3DA9921C01A2/YourSofia.app> (executable, loaded)
	Request       : InfoPlist type: stringsdict
	Result        : None
2026-08-17 11:34:36.728 Db YourSofia[1177:323578] [com.apple.defaults:User Defaults] CFPrefsPlistSource<0x600002c08400> (Domain: bg.sofia.yoursofia, User: kCFPreferencesCurrentUser, ByHost: No, Container: (null), Contents Need Refresh: No) skipping setting already-present value for key ExpoSystemUI.backgroundColor
2026-08-17 11:34:36.728 I  YourSofia[1177:323578] [dev.expo.modules:expo] 🟢 Registering module 'ExpoSystemUI'
2026-08-17 11:34:36.737 I  YourSofia[1177:323578] [dev.expo.modules:expo] 🟢 Registering module 'ExpoUpdates'
2026-08-17 11:34:36.740 I  YourSofia[1177:323578] [dev.expo.modules:expo] 🟢 Registering module 'ExpoWebBrowser'
2026-08-17 11:34:36.740 Db YourSofia[1177:323578] [com.apple.defaults:User Defaults] found no value for key EnhancedTextLegibilityEnabled in CFPrefsSearchListSource<0x600002c04180> (Domain: bg.sofia.yoursofia, Container: (null) Non-launch persona: 0)
2026-08-17 11:34:36.740 Db YourSofia[1177:323578] [com.apple.Accessibility:AXSupportCommon] CF Read: domain = bg.sofia.yoursofia, preference = EnhancedTextLegibilityEnabled, appID = bg.sofia.yoursofia result = (null) (-1 - empty, 0 - false, 1 - true)
2026-08-17 11:34:36.740 Db YourSofia[1177:323578] [com.apple.defaults:User Defaults] found no value for key DarkenSystemColors in CFPrefsSearchListSource<0x600002c04180> (Domain: bg.sofia.yoursofia, Container: (null) Non-launch persona: 0)
2026-08-17 11:34:36.740 Db YourSofia[1177:323578] [com.apple.Accessibility:AXSupportCommon] CF Read: domain = bg.sofia.yoursofia, preference = DarkenSystemColors, appID = bg.sofia.yoursofia result = (null) (-1 - empty, 0 - false, 1 - true)
2026-08-17 11:34:36.740 Db YourSofia[1177:323578] [com.apple.defaults:User Defaults] found no value for key InvertColorsEnabled in CFPrefsSearchListSource<0x600002c04180> (Domain: bg.sofia.yoursofia, Container: (null) Non-launch persona: 0)
2026-08-17 11:34:36.740 Db YourSofia[1177:323578] [com.apple.Accessibility:AXSupportCommon] CF Read: domain = bg.sofia.yoursofia, preference = InvertColorsEnabled, appID = bg.sofia.yoursofia result = (null) (-1 - empty, 0 - false, 1 - true)
2026-08-17 11:34:36.740 Df YourSofia[1177:323578] [com.apple.Accessibility:AXCommon] Read Per-App on Init: Smart invert = (null)
2026-08-17 11:34:36.740 Db YourSofia[1177:323578] [com.apple.defaults:User Defaults] found no value for key ReduceMotionEnabled in CFPrefsSearchListSource<0x600002c04180> (Domain: bg.sofia.yoursofia, Container: (null) Non-launch persona: 0)
2026-08-17 11:34:36.740 Db YourSofia[1177:323578] [com.apple.Accessibility:AXSupportCommon] CF Read: domain = bg.sofia.yoursofia, preference = ReduceMotionEnabled, appID = bg.sofia.yoursofia result = (null) (-1 - empty, 0 - false, 1 - true)
2026-08-17 11:34:36.741 Db YourSofia[1177:3235b7] [com.apple.CFBundle:loading] dlfcn check load bundle CFBundle 0x600003b09dc0 </Library/Developer/CoreSimulator/Volumes/iOS_23D8133/Library/Developer/CoreSimulator/Profiles/Runtimes/iOS 26.3.simruntime/Contents/Resources/RuntimeRoot/System/Library/AccessibilityBundles/GeoServices.axbundle> (not loaded), dlopen of /Library/Developer/CoreSimulator/Volumes/iOS_23D8133/Library/Developer/CoreSimulator/Profiles/Runtimes/iOS 26.3.simruntime/Contents/Resources/RuntimeRoot/System/Library/AccessibilityBundles/GeoServices.axbundle/GeoServices mode 0x115 no handle
2026-08-17 11:34:36.748 Db YourSofia[1177:3235b7] [com.apple.CFBundle:loading] dlfcn load framework CFBundle 0x600003b09dc0 </Library/Developer/CoreSimulator/Volumes/iOS_23D8133/Library/Developer/CoreSimulator/Profiles/Runtimes/iOS 26.3.simruntime/Contents/Resources/RuntimeRoot/System/Library/AccessibilityBundles/GeoServices.axbundle> (framework, not loaded), dlopen of /Library/Developer/CoreSimulator/Volumes/iOS_23D8133/Library/Developer/CoreSimulator/Profiles/Runtimes/iOS 26.3.simruntime/Contents/Resources/RuntimeRoot/System/Library/AccessibilityBundles/GeoServices.axbundle/GeoServices mode 0x109 returns handle 0xf9a621
2026-08-17 11:34:36.748 Db YourSofia[1177:3235b7] [com.apple.defaults:User Defaults] found no value for key UseNewAXBundleLoader in CFPrefsSearchListSource<0x600002c29300> (Domain: com.apple.Accessibility, Container: /Users/valentinasenov/Library/Developer/CoreSimulator/Devices/4EC5F74C-5A9C-4D89-8E44-374310E684AE/data Non-launch persona: 0)
2026-08-17 11:34:36.748 Db YourSofia[1177:3235b7] [com.apple.defaults:User Defaults] found no value for key UseNewAXBundleLoader in CFPrefsSearchListSource<0x600002c08c00> (Domain: com.apple.Accessibility, Container: (null) Non-launch persona: 0)
2026-08-17 11:34:36.748 Db YourSofia[1177:3235b7] [com.apple.CFBundle:loading] dlfcn check load bundle CFBundle 0x600003b09f80 </Library/Developer/CoreSimulator/Volumes/iOS_23D8133/Library/Developer/CoreSimulator/Profiles/Runtimes/iOS 26.3.simruntime/Contents/Resources/RuntimeRoot/System/Library/AccessibilityBundles/VectorKit.axbundle> (not loaded), dlopen of /Library/Developer/CoreSimulator/Volumes/iOS_23D8133/Library/Developer/CoreSimulator/Profiles/Runtimes/iOS 26.3.simruntime/Contents/Resources/RuntimeRoot/System/Library/AccessibilityBundles/VectorKit.axbundle/VectorKit mode 0x115 no handle
2026-08-17 11:34:36.750 Df YourSofia[1177:3235b5] [com.apple.xpc:connection] [0x105211ee0] activating connection: mach=true listener=false peer=false name=com.apple.fontservicesd
2026-08-17 11:34:36.755 Db YourSofia[1177:3235b7] [com.apple.CFBundle:loading] dlfcn load framework CFBundle 0x600003b09f80 </Library/Developer/CoreSimulator/Volumes/iOS_23D8133/Library/Developer/CoreSimulator/Profiles/Runtimes/iOS 26.3.simruntime/Contents/Resources/RuntimeRoot/System/Library/AccessibilityBundles/VectorKit.axbundle> (framework, not loaded), dlopen of /Library/Developer/CoreSimulator/Volumes/iOS_23D8133/Library/Developer/CoreSimulator/Profiles/Runtimes/iOS 26.3.simruntime/Contents/Resources/RuntimeRoot/System/Library/AccessibilityBundles/VectorKit.axbundle/VectorKit mode 0x109 returns handle 0xf9a9f1
2026-08-17 11:34:36.755 Db YourSofia[1177:3235b7] [com.apple.defaults:User Defaults] found no value for key UseNewAXBundleLoader in CFPrefsSearchListSource<0x600002c29300> (Domain: com.apple.Accessibility, Container: /Users/valentinasenov/Library/Developer/CoreSimulator/Devices/4EC5F74C-5A9C-4D89-8E44-374310E684AE/data Non-launch persona: 0)
2026-08-17 11:34:36.755 Db YourSofia[1177:3235b7] [com.apple.defaults:User Defaults] found no value for key UseNewAXBundleLoader in CFPrefsSearchListSource<0x600002c08c00> (Domain: com.apple.Accessibility, Container: (null) Non-launch persona: 0)
2026-08-17 11:34:36.756 Db YourSofia[1177:3235b7] [com.apple.CFBundle:loading] dlfcn check load bundle CFBundle 0x600003b0a220 </Library/Developer/CoreSimulator/Volumes/iOS_23D8133/Library/Developer/CoreSimulator/Profiles/Runtimes/iOS 26.3.simruntime/Contents/Resources/RuntimeRoot/System/Library/AccessibilityBundles/MapKitFramework.axbundle> (not loaded), dlopen of /Library/Developer/CoreSimulator/Volumes/iOS_23D8133/Library/Developer/CoreSimulator/Profiles/Runtimes/iOS 26.3.simruntime/Contents/Resources/RuntimeRoot/System/Library/AccessibilityBundles/MapKitFramework.axbundle/MapKitFramework mode 0x115 no handle
2026-08-17 11:34:36.758 Db YourSofia[1177:323578] [com.apple.CFBundle:resources] Language lookup at CFBundle 0x600003b3c0e0 </Users/valentinasenov/Library/Developer/CoreSimulator/Devices/4EC5F74C-5A9C-4D89-8E44-374310E684AE/data/Containers/Bundle/Application/F3147808-5ECA-491B-9ADC-3DA9921C01A2/YourSofia.app/EXConstants.bundle> (not loaded)
	Localizations : [en]
	Dev language  : en
	User prefs    : [en-US, bg-US]
	Main bundle   : [en]
	Allow mixed   : 0 
	Result        : [en]
2026-08-17 11:34:36.761 Db YourSofia[1177:323578] [com.apple.CFBundle:resources] Resource lookup at CFBundle 0x600003b3c0e0 </Users/valentinasenov/Library/Developer/CoreSimulator/Devices/4EC5F74C-5A9C-4D89-8E44-374310E684AE/data/Containers/Bundle/Application/F3147808-5ECA-491B-9ADC-3DA9921C01A2/YourSofia.app/EXConstants.bundle> (not loaded)
	Request       : app type: config
	Result        : file:///Users/valentinasenov/Library/Developer/CoreSimulator/Devices/4EC5F74C-5A9C-4D89-8E44-374310E684AE/data/Containers/Bundle/Application/F3147808-5ECA-491B-9ADC-3DA9921C01A2/YourSofia.app/EXConstants.bundle/app.config
2026-08-17 11:34:36.762 Db YourSofia[1177:3235b7] [com.apple.CFBundle:loading] dlfcn load framework CFBundle 0x600003b0a220 </Library/Developer/CoreSimulator/Volumes/iOS_23D8133/Library/Developer/CoreSimulator/Profiles/Runtimes/iOS 26.3.simruntime/Contents/Resources/RuntimeRoot/System/Library/AccessibilityBundles/MapKitFramework.axbundle> (framework, not loaded), dlopen of /Library/Developer/CoreSimulator/Volumes/iOS_23D8133/Library/Developer/CoreSimulator/Profiles/Runtimes/iOS 26.3.simruntime/Contents/Resources/RuntimeRoot/System/Library/AccessibilityBundles/MapKitFramework.axbundle/MapKitFramework mode 0x109 returns handle 0xf9ae11
2026-08-17 11:34:36.762 Db YourSofia[1177:3235b7] [com.apple.defaults:User Defaults] found no value for key UseNewAXBundleLoader in CFPrefsSearchListSource<0x600002c29300> (Domain: com.apple.Accessibility, Container: /Users/valentinasenov/Library/Developer/CoreSimulator/Devices/4EC5F74C-5A9C-4D89-8E44-374310E684AE/data Non-launch persona: 0)
2026-08-17 11:34:36.762 Db YourSofia[1177:3235b7] [com.apple.defaults:User Defaults] found no value for key UseNewAXBundleLoader in CFPrefsSearchListSource<0x600002c08c00> (Domain: com.apple.Accessibility, Container: (null) Non-launch persona: 0)
2026-08-17 11:34:36.763 Db YourSofia[1177:3235b7] [com.apple.CFBundle:loading] dlfcn check load bundle CFBundle 0x600003b0a300 </Library/Developer/CoreSimulator/Volumes/iOS_23D8133/Library/Developer/CoreSimulator/Profiles/Runtimes/iOS 26.3.simruntime/Contents/Resources/RuntimeRoot/System/Library/AccessibilityBundles/AVKit.axbundle> (not loaded), dlopen of /Library/Developer/CoreSimulator/Volumes/iOS_23D8133/Library/Developer/CoreSimulator/Profiles/Runtimes/iOS 26.3.simruntime/Contents/Resources/RuntimeRoot/System/Library/AccessibilityBundles/AVKit.axbundle/AVKit mode 0x115 no handle
2026-08-17 11:34:36.764 I  YourSofia[1177:3235c0] [dev.expo.modules:expo] 🟢 Creating JS object for module 'ExpoUpdates'
2026-08-17 11:34:36.764 I  YourSofia[1177:3235c0] [dev.expo.modules:expo] 🟢 Creating JS object for module 'ExponentConstants'
2026-08-17 11:34:36.765 Db YourSofia[1177:323578] [com.apple.defaults:User Defaults] found no value for key UseNewAXBundleLoader in CFPrefsSearchListSource<0x600002c29300> (Domain: com.apple.Accessibility, Container: /Users/valentinasenov/Library/Developer/CoreSimulator/Devices/4EC5F74C-5A9C-4D89-8E44-374310E684AE/data Non-launch persona: 0)
2026-08-17 11:34:36.768 Db YourSofia[1177:323578] [com.apple.defaults:User Defaults] found no value for key UseNewAXBundleLoader in CFPrefsSearchListSource<0x600002c08c00> (Domain: com.apple.Accessibility, Container: (null) Non-launch persona: 0)
2026-08-17 11:34:36.769 Db YourSofia[1177:323578] [com.apple.defaults:User Defaults] found no value for key UseNewAXBundleLoader in CFPrefsSearchListSource<0x600002c29300> (Domain: com.apple.Accessibility, Container: /Users/valentinasenov/Library/Developer/CoreSimulator/Devices/4EC5F74C-5A9C-4D89-8E44-374310E684AE/data Non-launch persona: 0)
2026-08-17 11:34:36.769 Db YourSofia[1177:323578] [com.apple.defaults:User Defaults] found no value for key UseNewAXBundleLoader in CFPrefsSearchListSource<0x600002c08c00> (Domain: com.apple.Accessibility, Container: (null) Non-launch persona: 0)
2026-08-17 11:34:36.769 Db YourSofia[1177:3235b7] [com.apple.CFBundle:loading] dlfcn load framework CFBundle 0x600003b0a300 </Library/Developer/CoreSimulator/Volumes/iOS_23D8133/Library/Developer/CoreSimulator/Profiles/Runtimes/iOS 26.3.simruntime/Contents/Resources/RuntimeRoot/System/Library/AccessibilityBundles/AVKit.axbundle> (framework, not loaded), dlopen of /Library/Developer/CoreSimulator/Volumes/iOS_23D8133/Library/Developer/CoreSimulator/Profiles/Runtimes/iOS 26.3.simruntime/Contents/Resources/RuntimeRoot/System/Library/AccessibilityBundles/AVKit.axbundle/AVKit mode 0x109 returns handle 0xf9b211
2026-08-17 11:34:36.769 Db YourSofia[1177:3235b7] [com.apple.defaults:User Defaults] found no value for key UseNewAXBundleLoader in CFPrefsSearchListSource<0x600002c29300> (Domain: com.apple.Accessibility, Container: /Users/valentinasenov/Library/Developer/CoreSimulator/Devices/4EC5F74C-5A9C-4D89-8E44-374310E684AE/data Non-launch persona: 0)
2026-08-17 11:34:36.769 Db YourSofia[1177:3235b7] [com.apple.defaults:User Defaults] found no value for key UseNewAXBundleLoader in CFPrefsSearchListSource<0x600002c08c00> (Domain: com.apple.Accessibility, Container: (null) Non-launch persona: 0)
2026-08-17 11:34:36.769 Db YourSofia[1177:323578] [com.apple.defaults:User Defaults] found no value for key UseNewAXBundleLoader in CFPrefsSearchListSource<0x600002c29300> (Domain: com.apple.Accessibility, Container: /Users/valentinasenov/Library/Developer/CoreSimulator/Devices/4EC5F74C-5A9C-4D89-8E44-374310E684AE/data Non-launch persona: 0)
2026-08-17 11:34:36.769 Db YourSofia[1177:323578] [com.apple.defaults:User Defaults] found no value for key UseNewAXBundleLoader in CFPrefsSearchListSource<0x600002c08c00> (Domain: com.apple.Accessibility, Container: (null) Non-launch persona: 0)
2026-08-17 11:34:36.770 Db YourSofia[1177:3235b7] [com.apple.CFBundle:loading] dlfcn check load bundle CFBundle 0x600003b39ea0 </Library/Developer/CoreSimulator/Volumes/iOS_23D8133/Library/Developer/CoreSimulator/Profiles/Runtimes/iOS 26.3.simruntime/Contents/Resources/RuntimeRoot/System/Library/AccessibilityBundles/PreferencesFramework.axbundle> (not loaded), dlopen of /Library/Developer/CoreSimulator/Volumes/iOS_23D8133/Library/Developer/CoreSimulator/Profiles/Runtimes/iOS 26.3.simruntime/Contents/Resources/RuntimeRoot/System/Library/AccessibilityBundles/PreferencesFramework.axbundle/PreferencesFramework mode 0x115 no handle
2026-08-17 11:34:36.775 Db YourSofia[1177:323578] [com.apple.defaults:User Defaults] found no value for key UseNewAXBundleLoader in CFPrefsSearchListSource<0x600002c29300> (Domain: com.apple.Accessibility, Container: /Users/valentinasenov/Library/Developer/CoreSimulator/Devices/4EC5F74C-5A9C-4D89-8E44-374310E684AE/data Non-launch persona: 0)
2026-08-17 11:34:36.776 Db YourSofia[1177:323578] [com.apple.defaults:User Defaults] found no value for key UseNewAXBundleLoader in CFPrefsSearchListSource<0x600002c08c00> (Domain: com.apple.Accessibility, Container: (null) Non-launch persona: 0)
2026-08-17 11:34:36.776 Db YourSofia[1177:3235b7] [com.apple.CFBundle:loading] dlfcn load framework CFBundle 0x600003b39ea0 </Library/Developer/CoreSimulator/Volumes/iOS_23D8133/Library/Developer/CoreSimulator/Profiles/Runtimes/iOS 26.3.simruntime/Contents/Resources/RuntimeRoot/System/Library/AccessibilityBundles/PreferencesFramework.axbundle> (framework, not loaded), dlopen of /Library/Developer/CoreSimulator/Volumes/iOS_23D8133/Library/Developer/CoreSimulator/Profiles/Runtimes/iOS 26.3.simruntime/Contents/Resources/RuntimeRoot/System/Library/AccessibilityBundles/PreferencesFramework.axbundle/PreferencesFramework mode 0x109 returns handle 0xf9b611
2026-08-17 11:34:36.776 Db YourSofia[1177:3235b7] [com.apple.defaults:User Defaults] found no value for key UseNewAXBundleLoader in CFPrefsSearchListSource<0x600002c29300> (Domain: com.apple.Accessibility, Container: /Users/valentinasenov/Library/Developer/CoreSimulator/Devices/4EC5F74C-5A9C-4D89-8E44-374310E684AE/data Non-launch persona: 0)
2026-08-17 11:34:36.776 Db YourSofia[1177:3235b7] [com.apple.defaults:User Defaults] found no value for key UseNewAXBundleLoader in CFPrefsSearchListSource<0x600002c08c00> (Domain: com.apple.Accessibility, Container: (null) Non-launch persona: 0)
2026-08-17 11:34:36.776 Db YourSofia[1177:323578] [com.apple.defaults:User Defaults] found no value for key UseNewAXBundleLoader in CFPrefsSearchListSource<0x600002c29300> (Domain: com.apple.Accessibility, Container: /Users/valentinasenov/Library/Developer/CoreSimulator/Devices/4EC5F74C-5A9C-4D89-8E44-374310E684AE/data Non-launch persona: 0)
2026-08-17 11:34:36.776 Db YourSofia[1177:3235b7] [com.apple.CFBundle:loading] dlfcn check load bundle CFBundle 0x600003b46e60 </Library/Developer/CoreSimulator/Volumes/iOS_23D8133/Library/Developer/CoreSimulator/Profiles/Runtimes/iOS 26.3.simruntime/Contents/Resources/RuntimeRoot/System/Library/AccessibilityBundles/PrintKitUI.axbundle> (not loaded), dlopen of /Library/Developer/CoreSimulator/Volumes/iOS_23D8133/Library/Developer/CoreSimulator/Profiles/Runtimes/iOS 26.3.simruntime/Contents/Resources/RuntimeRoot/System/Library/AccessibilityBundles/PrintKitUI.axbundle/PrintKitUI mode 0x115 no handle
2026-08-17 11:34:36.776 Db YourSofia[1177:323578] [com.apple.defaults:User Defaults] found no value for key UseNewAXBundleLoader in CFPrefsSearchListSource<0x600002c08c00> (Domain: com.apple.Accessibility, Container: (null) Non-launch persona: 0)
2026-08-17 11:34:36.782 Db YourSofia[1177:3235b7] [com.apple.CFBundle:loading] dlfcn load framework CFBundle 0x600003b46e60 </Library/Developer/CoreSimulator/Volumes/iOS_23D8133/Library/Developer/CoreSimulator/Profiles/Runtimes/iOS 26.3.simruntime/Contents/Resources/RuntimeRoot/System/Library/AccessibilityBundles/PrintKitUI.axbundle> (framework, not loaded), dlopen of /Library/Developer/CoreSimulator/Volumes/iOS_23D8133/Library/Developer/CoreSimulator/Profiles/Runtimes/iOS 26.3.simruntime/Contents/Resources/RuntimeRoot/System/Library/AccessibilityBundles/PrintKitUI.axbundle/PrintKitUI mode 0x109 returns handle 0xf9ba11
2026-08-17 11:34:36.783 Db YourSofia[1177:3235b7] [com.apple.defaults:User Defaults] found no value for key UseNewAXBundleLoader in CFPrefsSearchListSource<0x600002c29300> (Domain: com.apple.Accessibility, Container: /Users/valentinasenov/Library/Developer/CoreSimulator/Devices/4EC5F74C-5A9C-4D89-8E44-374310E684AE/data Non-launch persona: 0)
2026-08-17 11:34:36.783 Db YourSofia[1177:3235b7] [com.apple.defaults:User Defaults] found no value for key UseNewAXBundleLoader in CFPrefsSearchListSource<0x600002c08c00> (Domain: com.apple.Accessibility, Container: (null) Non-launch persona: 0)
2026-08-17 11:34:36.783 Db YourSofia[1177:323578] [com.apple.defaults:User Defaults] found no value for key UseNewAXBundleLoader in CFPrefsSearchListSource<0x600002c29300> (Domain: com.apple.Accessibility, Container: /Users/valentinasenov/Library/Developer/CoreSimulator/Devices/4EC5F74C-5A9C-4D89-8E44-374310E684AE/data Non-launch persona: 0)
2026-08-17 11:34:36.783 Db YourSofia[1177:323578] [com.apple.defaults:User Defaults] found no value for key UseNewAXBundleLoader in CFPrefsSearchListSource<0x600002c08c00> (Domain: com.apple.Accessibility, Container: (null) Non-launch persona: 0)
2026-08-17 11:34:36.783 Db YourSofia[1177:3235b7] [com.apple.CFBundle:loading] dlfcn check load bundle CFBundle 0x600003b46f40 </Library/Developer/CoreSimulator/Volumes/iOS_23D8133/Library/Developer/CoreSimulator/Profiles/Runtimes/iOS 26.3.simruntime/Contents/Resources/RuntimeRoot/System/Library/AccessibilityBundles/AuthenticationServices.axbundle> (not loaded), dlopen of /Library/Developer/CoreSimulator/Volumes/iOS_23D8133/Library/Developer/CoreSimulator/Profiles/Runtimes/iOS 26.3.simruntime/Contents/Resources/RuntimeRoot/System/Library/AccessibilityBundles/AuthenticationServices.axbundle/AuthenticationServices mode 0x115 no handle
2026-08-17 11:34:36.786 I  YourSofia[1177:3235c0] [dev.expo.modules:expo] 🟢 Creating JS object for module 'ExpoRouterNativeLinkPreview'
2026-08-17 11:34:36.787 I  YourSofia[1177:3235b5] [com.wix.DetoxSync:DTXJSTimerSyncResource] [DTXJSTimerSyncResource] Observing timer 1 with duration 0.00 ms
2026-08-17 11:34:36.787 I  YourSofia[1177:3235c0] [com.facebook.react.log:native] Unbalanced calls start/end for tag 20
2026-08-17 11:34:36.787 I  YourSofia[1177:3235c0] [com.facebook.react.log:native] Unbalanced calls start/end for tag 19
2026-08-17 11:34:36.787 I  YourSofia[1177:3235c0] [dev.expo.modules:expo] 🟢 Creating JS object for module 'ExpoSplashScreen'
2026-08-17 11:34:36.789 Db YourSofia[1177:323578] [com.apple.defaults:User Defaults] found no value for key RCTI18nUtil_forceRTL in CFPrefsSearchListSource<0x600002c04180> (Domain: bg.sofia.yoursofia, Container: (null) Non-launch persona: 0)
2026-08-17 11:34:36.789 Db YourSofia[1177:323578] [com.apple.defaults:User Defaults] found no value for key RCTI18nUtil_allowRTL in CFPrefsSearchListSource<0x600002c04180> (Domain: bg.sofia.yoursofia, Container: (null) Non-launch persona: 0)
2026-08-17 11:34:36.789 Db YourSofia[1177:323578] [com.apple.defaults:User Defaults] found no value for key RCTI18nUtil_forceRTL in CFPrefsSearchListSource<0x600002c04180> (Domain: bg.sofia.yoursofia, Container: (null) Non-launch persona: 0)
2026-08-17 11:34:36.789 Db YourSofia[1177:323578] [com.apple.defaults:User Defaults] found no value for key RCTI18nUtil_allowRTL in CFPrefsSearchListSource<0x600002c04180> (Domain: bg.sofia.yoursofia, Container: (null) Non-launch persona: 0)
2026-08-17 11:34:36.790 Db YourSofia[1177:3235b7] [com.apple.CFBundle:loading] dlfcn load framework CFBundle 0x600003b46f40 </Library/Developer/CoreSimulator/Volumes/iOS_23D8133/Library/Developer/CoreSimulator/Profiles/Runtimes/iOS 26.3.simruntime/Contents/Resources/RuntimeRoot/System/Library/AccessibilityBundles/AuthenticationServices.axbundle> (framework, not loaded), dlopen of /Library/Developer/CoreSimulator/Volumes/iOS_23D8133/Library/Developer/CoreSimulator/Profiles/Runtimes/iOS 26.3.simruntime/Contents/Resources/RuntimeRoot/System/Library/AccessibilityBundles/AuthenticationServices.axbundle/AuthenticationServices mode 0x109 returns handle 0xf9bde1
2026-08-17 11:34:36.790 I  YourSofia[1177:3235c0] [com.facebook.react.log:javascript] Running "main"
2026-08-17 11:34:36.790 Db YourSofia[1177:3235b7] [com.apple.defaults:User Defaults] found no value for key UseNewAXBundleLoader in CFPrefsSearchListSource<0x600002c29300> (Domain: com.apple.Accessibility, Container: /Users/valentinasenov/Library/Developer/CoreSimulator/Devices/4EC5F74C-5A9C-4D89-8E44-374310E684AE/data Non-launch persona: 0)
2026-08-17 11:34:36.790 Db YourSofia[1177:3235b7] [com.apple.defaults:User Defaults] found no value for key UseNewAXBundleLoader in CFPrefsSearchListSource<0x600002c08c00> (Domain: com.apple.Accessibility, Container: (null) Non-launch persona: 0)
2026-08-17 11:34:36.790 Db YourSofia[1177:323578] [com.apple.defaults:User Defaults] found no value for key UseNewAXBundleLoader in CFPrefsSearchListSource<0x600002c29300> (Domain: com.apple.Accessibility, Container: /Users/valentinasenov/Library/Developer/CoreSimulator/Devices/4EC5F74C-5A9C-4D89-8E44-374310E684AE/data Non-launch persona: 0)
2026-08-17 11:34:36.790 Db YourSofia[1177:323578] [com.apple.defaults:User Defaults] found no value for key UseNewAXBundleLoader in CFPrefsSearchListSource<0x600002c08c00> (Domain: com.apple.Accessibility, Container: (null) Non-launch persona: 0)
2026-08-17 11:34:36.791 Db YourSofia[1177:3235b7] [com.apple.CFBundle:loading] dlfcn check load bundle CFBundle 0x600003b39880 </Library/Developer/CoreSimulator/Volumes/iOS_23D8133/Library/Developer/CoreSimulator/Profiles/Runtimes/iOS 26.3.simruntime/Contents/Resources/RuntimeRoot/System/Library/AccessibilityBundles/VisionKitCore.axbundle> (not loaded), dlopen of /Library/Developer/CoreSimulator/Volumes/iOS_23D8133/Library/Developer/CoreSimulator/Profiles/Runtimes/iOS 26.3.simruntime/Contents/Resources/RuntimeRoot/System/Library/AccessibilityBundles/VisionKitCore.axbundle/VisionKitCore mode 0x115 no handle
2026-08-17 11:34:36.797 Db YourSofia[1177:3235b7] [com.apple.CFBundle:loading] dlfcn load framework CFBundle 0x600003b39880 </Library/Developer/CoreSimulator/Volumes/iOS_23D8133/Library/Developer/CoreSimulator/Profiles/Runtimes/iOS 26.3.simruntime/Contents/Resources/RuntimeRoot/System/Library/AccessibilityBundles/VisionKitCore.axbundle> (framework, not loaded), dlopen of /Library/Developer/CoreSimulator/Volumes/iOS_23D8133/Library/Developer/CoreSimulator/Profiles/Runtimes/iOS 26.3.simruntime/Contents/Resources/RuntimeRoot/System/Library/AccessibilityBundles/VisionKitCore.axbundle/VisionKitCore mode 0x109 returns handle 0xf9c1d1
2026-08-17 11:34:36.798 Db YourSofia[1177:3235b7] [com.apple.defaults:User Defaults] found no value for key UseNewAXBundleLoader in CFPrefsSearchListSource<0x600002c29300> (Domain: com.apple.Accessibility, Container: /Users/valentinasenov/Library/Developer/CoreSimulator/Devices/4EC5F74C-5A9C-4D89-8E44-374310E684AE/data Non-launch persona: 0)
2026-08-17 11:34:36.798 Db YourSofia[1177:3235b7] [com.apple.defaults:User Defaults] found no value for key UseNewAXBundleLoader in CFPrefsSearchListSource<0x600002c08c00> (Domain: com.apple.Accessibility, Container: (null) Non-launch persona: 0)
2026-08-17 11:34:36.798 Db YourSofia[1177:323578] [com.apple.defaults:User Defaults] found no value for key UseNewAXBundleLoader in CFPrefsSearchListSource<0x600002c29300> (Domain: com.apple.Accessibility, Container: /Users/valentinasenov/Library/Developer/CoreSimulator/Devices/4EC5F74C-5A9C-4D89-8E44-374310E684AE/data Non-launch persona: 0)
2026-08-17 11:34:36.798 Db YourSofia[1177:323578] [com.apple.defaults:User Defaults] found no value for key UseNewAXBundleLoader in CFPrefsSearchListSource<0x600002c08c00> (Domain: com.apple.Accessibility, Container: (null) Non-launch persona: 0)
2026-08-17 11:34:36.798 Db YourSofia[1177:3235b7] [com.apple.CFBundle:loading] dlfcn check load bundle CFBundle 0x600003b0a840 </Library/Developer/CoreSimulator/Volumes/iOS_23D8133/Library/Developer/CoreSimulator/Profiles/Runtimes/iOS 26.3.simruntime/Contents/Resources/RuntimeRoot/System/Library/AccessibilityBundles/SearchFoundation.axbundle> (not loaded), dlopen of /Library/Developer/CoreSimulator/Volumes/iOS_23D8133/Library/Developer/CoreSimulator/Profiles/Runtimes/iOS 26.3.simruntime/Contents/Resources/RuntimeRoot/System/Library/AccessibilityBundles/SearchFoundation.axbundle/SearchFoundation mode 0x115 no handle
2026-08-17 11:34:36.804 Db YourSofia[1177:3235b7] [com.apple.CFBundle:loading] dlfcn load framework CFBundle 0x600003b0a840 </Library/Developer/CoreSimulator/Volumes/iOS_23D8133/Library/Developer/CoreSimulator/Profiles/Runtimes/iOS 26.3.simruntime/Contents/Resources/RuntimeRoot/System/Library/AccessibilityBundles/SearchFoundation.axbundle> (framework, not loaded), dlopen of /Library/Developer/CoreSimulator/Volumes/iOS_23D8133/Library/Developer/CoreSimulator/Profiles/Runtimes/iOS 26.3.simruntime/Contents/Resources/RuntimeRoot/System/Library/AccessibilityBundles/SearchFoundation.axbundle/SearchFoundation mode 0x109 returns handle 0xf9c5b1
2026-08-17 11:34:36.804 Db YourSofia[1177:3235b7] [com.apple.defaults:User Defaults] found no value for key UseNewAXBundleLoader in CFPrefsSearchListSource<0x600002c29300> (Domain: com.apple.Accessibility, Container: /Users/valentinasenov/Library/Developer/CoreSimulator/Devices/4EC5F74C-5A9C-4D89-8E44-374310E684AE/data Non-launch persona: 0)
2026-08-17 11:34:36.804 Db YourSofia[1177:3235b7] [com.apple.defaults:User Defaults] found no value for key UseNewAXBundleLoader in CFPrefsSearchListSource<0x600002c08c00> (Domain: com.apple.Accessibility, Container: (null) Non-launch persona: 0)
2026-08-17 11:34:36.804 Db YourSofia[1177:323578] [com.apple.defaults:User Defaults] found no value for key UseNewAXBundleLoader in CFPrefsSearchListSource<0x600002c29300> (Domain: com.apple.Accessibility, Container: /Users/valentinasenov/Library/Developer/CoreSimulator/Devices/4EC5F74C-5A9C-4D89-8E44-374310E684AE/data Non-launch persona: 0)
2026-08-17 11:34:36.804 Db YourSofia[1177:323578] [com.apple.defaults:User Defaults] found no value for key UseNewAXBundleLoader in CFPrefsSearchListSource<0x600002c08c00> (Domain: com.apple.Accessibility, Container: (null) Non-launch persona: 0)
2026-08-17 11:34:36.805 Db YourSofia[1177:3235b7] [com.apple.CFBundle:loading] dlfcn check load bundle CFBundle 0x600003b397a0 </Library/Developer/CoreSimulator/Volumes/iOS_23D8133/Library/Developer/CoreSimulator/Profiles/Runtimes/iOS 26.3.simruntime/Contents/Resources/RuntimeRoot/System/Library/AccessibilityBundles/LocalAuthenticationPrivateUI.axbundle> (not loaded), dlopen of /Library/Developer/CoreSimulator/Volumes/iOS_23D8133/Library/Developer/CoreSimulator/Profiles/Runtimes/iOS 26.3.simruntime/Contents/Resources/RuntimeRoot/System/Library/AccessibilityBundles/LocalAuthenticationPrivateUI.axbundle/LocalAuthenticationPrivateUI mode 0x115 no handle
2026-08-17 11:34:36.811 Db YourSofia[1177:3235b7] [com.apple.CFBundle:loading] dlfcn load framework CFBundle 0x600003b397a0 </Library/Developer/CoreSimulator/Volumes/iOS_23D8133/Library/Developer/CoreSimulator/Profiles/Runtimes/iOS 26.3.simruntime/Contents/Resources/RuntimeRoot/System/Library/AccessibilityBundles/LocalAuthenticationPrivateUI.axbundle> (framework, not loaded), dlopen of /Library/Developer/CoreSimulator/Volumes/iOS_23D8133/Library/Developer/CoreSimulator/Profiles/Runtimes/iOS 26.3.simruntime/Contents/Resources/RuntimeRoot/System/Library/AccessibilityBundles/LocalAuthenticationPrivateUI.axbundle/LocalAuthenticationPrivateUI mode 0x109 returns handle 0xf9c991
2026-08-17 11:34:36.811 Db YourSofia[1177:3235b7] [com.apple.defaults:User Defaults] found no value for key UseNewAXBundleLoader in CFPrefsSearchListSource<0x600002c29300> (Domain: com.apple.Accessibility, Container: /Users/valentinasenov/Library/Developer/CoreSimulator/Devices/4EC5F74C-5A9C-4D89-8E44-374310E684AE/data Non-launch persona: 0)
2026-08-17 11:34:36.811 Db YourSofia[1177:3235b7] [com.apple.defaults:User Defaults] found no value for key UseNewAXBundleLoader in CFPrefsSearchListSource<0x600002c08c00> (Domain: com.apple.Accessibility, Container: (null) Non-launch persona: 0)
2026-08-17 11:34:36.811 Db YourSofia[1177:323578] [com.apple.defaults:User Defaults] found no value for key UseNewAXBundleLoader in CFPrefsSearchListSource<0x600002c29300> (Domain: com.apple.Accessibility, Container: /Users/valentinasenov/Library/Developer/CoreSimulator/Devices/4EC5F74C-5A9C-4D89-8E44-374310E684AE/data Non-launch persona: 0)
2026-08-17 11:34:36.811 Db YourSofia[1177:323578] [com.apple.defaults:User Defaults] found no value for key UseNewAXBundleLoader in CFPrefsSearchListSource<0x600002c08c00> (Domain: com.apple.Accessibility, Container: (null) Non-launch persona: 0)
2026-08-17 11:34:36.812 Db YourSofia[1177:3235b7] [com.apple.CFBundle:loading] dlfcn check load bundle CFBundle 0x600003b0a920 </Library/Developer/CoreSimulator/Volumes/iOS_23D8133/Library/Developer/CoreSimulator/Profiles/Runtimes/iOS 26.3.simruntime/Contents/Resources/RuntimeRoot/System/Library/AccessibilityBundles/AVFoundation.axbundle> (not loaded), dlopen of /Library/Developer/CoreSimulator/Volumes/iOS_23D8133/Library/Developer/CoreSimulator/Profiles/Runtimes/iOS 26.3.simruntime/Contents/Resources/RuntimeRoot/System/Library/AccessibilityBundles/AVFoundation.axbundle/AVFoundation mode 0x115 no handle
2026-08-17 11:34:36.813 I  YourSofia[1177:3235c0] [dev.expo.modules:expo] 🟢 Creating JS object for module 'ExpoApplication'
2026-08-17 11:34:36.813 I  YourSofia[1177:3235c0] [dev.expo.modules:expo] 🟢 Creating JS object for module 'NotificationsServerRegistrationModule'
2026-08-17 11:34:36.813 I  YourSofia[1177:3235c0] [dev.expo.modules:expo] 🟢 Creating JS object for module 'ExpoPushTokenManager'
2026-08-17 11:34:36.813 I  YourSofia[1177:3235c0] [dev.expo.modules:expo] 🟢 Creating JS object for module 'ExpoBadgeModule'
2026-08-17 11:34:36.813 I  YourSofia[1177:3235c0] [dev.expo.modules:expo] 🟢 Creating JS object for module 'ExpoNotificationsEmitter'
2026-08-17 11:34:36.813 I  YourSofia[1177:3235c0] [dev.expo.modules:expo] 🟢 Creating JS object for module 'ExpoNotificationsHandlerModule'
2026-08-17 11:34:36.813 I  YourSofia[1177:3235c0] [dev.expo.modules:expo] 🟢 Creating JS object for module 'ExpoDevice'
2026-08-17 11:34:36.814 A  YourSofia[1177:3235bc] (Security) SecItemCopyMatching_ios
2026-08-17 11:34:36.817 Df YourSofia[1177:3235bc] [com.apple.securityd:secitemratelimit] Not internal release, disabling SIRL
2026-08-17 11:34:36.818 Db YourSofia[1177:3235b7] [com.apple.CFBundle:loading] dlfcn load framework CFBundle 0x600003b0a920 </Library/Developer/CoreSimulator/Volumes/iOS_23D8133/Library/Developer/CoreSimulator/Profiles/Runtimes/iOS 26.3.simruntime/Contents/Resources/RuntimeRoot/System/Library/AccessibilityBundles/AVFoundation.axbundle> (framework, not loaded), dlopen of /Library/Developer/CoreSimulator/Volumes/iOS_23D8133/Library/Developer/CoreSimulator/Profiles/Runtimes/iOS 26.3.simruntime/Contents/Resources/RuntimeRoot/System/Library/AccessibilityBundles/AVFoundation.axbundle/AVFoundation mode 0x109 returns handle 0xf9cd91
2026-08-17 11:34:36.818 Df YourSofia[1177:3235bc] [com.apple.securityd:thread-local-client-debug] SecSecurityClientGet new thread!
2026-08-17 11:34:36.818 Df YourSofia[1177:3235bc] [com.apple.xpc:connection] [0x1053783e0] activating connection: mach=true listener=false peer=false name=com.apple.securityd
2026-08-17 11:34:36.818 Db YourSofia[1177:3235b7] [com.apple.defaults:User Defaults] found no value for key UseNewAXBundleLoader in CFPrefsSearchListSource<0x600002c29300> (Domain: com.apple.Accessibility, Container: /Users/valentinasenov/Library/Developer/CoreSimulator/Devices/4EC5F74C-5A9C-4D89-8E44-374310E684AE/data Non-launch persona: 0)
2026-08-17 11:34:36.818 Db YourSofia[1177:3235b7] [com.apple.defaults:User Defaults] found no value for key UseNewAXBundleLoader in CFPrefsSearchListSource<0x600002c08c00> (Domain: com.apple.Accessibility, Container: (null) Non-launch persona: 0)
2026-08-17 11:34:36.818 Db YourSofia[1177:323578] [com.apple.defaults:User Defaults] found no value for key UseNewAXBundleLoader in CFPrefsSearchListSource<0x600002c29300> (Domain: com.apple.Accessibility, Container: /Users/valentinasenov/Library/Developer/CoreSimulator/Devices/4EC5F74C-5A9C-4D89-8E44-374310E684AE/data Non-launch persona: 0)
2026-08-17 11:34:36.818 Db YourSofia[1177:323578] [com.apple.defaults:User Defaults] found no value for key UseNewAXBundleLoader in CFPrefsSearchListSource<0x600002c08c00> (Domain: com.apple.Accessibility, Container: (null) Non-launch persona: 0)
2026-08-17 11:34:36.818 Db YourSofia[1177:3235bc] [com.apple.securityd:xpc] Adding securityd connection to pool, total now 1
2026-08-17 11:34:36.820 I  YourSofia[1177:3235c0] [dev.expo.modules:expo] 🟢 Creating JS object for module 'ExpoSecureStore'
2026-08-17 11:34:36.820 Db YourSofia[1177:3235b7] [com.apple.CFBundle:loading] dlfcn check load bundle CFBundle 0x600003b180e0 </Library/Developer/CoreSimulator/Volumes/iOS_23D8133/Library/Developer/CoreSimulator/Profiles/Runtimes/iOS 26.3.simruntime/Contents/Resources/RuntimeRoot/System/Library/AccessibilityBundles/BannerKit.axbundle> (not loaded), dlopen of /Library/Developer/CoreSimulator/Volumes/iOS_23D8133/Library/Developer/CoreSimulator/Profiles/Runtimes/iOS 26.3.simruntime/Contents/Resources/RuntimeRoot/System/Library/AccessibilityBundles/BannerKit.axbundle/BannerKit mode 0x115 no handle
2026-08-17 11:34:36.822 Df YourSofia[1177:323578] [com.apple.network:activity] <nw_activity 50:1 [4F78EBD9-8145-4D07-A3E2-BBE60DBCB9C7] (global parent) (reporting strategy default) complete (reason success)> complete with reason 2 (success), duration 2034ms
2026-08-17 11:34:36.825 Db YourSofia[1177:323578] [com.apple.network:activity] No threshold for app_launch:app_launch, returning NW_ACTIVITY_DURATION_INVALID
2026-08-17 11:34:36.825 Db YourSofia[1177:323578] [com.apple.network:activity] No threshold for activity <nw_activity 50:1 [4F78EBD9-8145-4D07-A3E2-BBE60DBCB9C7] (global parent) (reporting strategy default) complete (reason success)>
2026-08-17 11:34:36.825 Df YourSofia[1177:323578] [com.apple.network:activity] <nw_activity 50:2 [44CFFF35-2CD4-4B57-8D6C-73661D8EEE8A] (reporting strategy default) complete (reason success)> complete with reason 2 (success), duration 2037ms
2026-08-17 11:34:36.825 Db YourSofia[1177:323578] [com.apple.network:activity] No threshold for app_launch:extended_app_launch, returning NW_ACTIVITY_DURATION_INVALID
2026-08-17 11:34:36.826 Db YourSofia[1177:323578] [com.apple.network:activity] No threshold for activity <nw_activity 50:2 [44CFFF35-2CD4-4B57-8D6C-73661D8EEE8A] (reporting strategy default) complete (reason success)>
2026-08-17 11:34:36.826 Df YourSofia[1177:323578] [com.apple.network:activity] Unsetting the global parent activity <nw_activity 50:1 [4F78EBD9-8145-4D07-A3E2-BBE60DBCB9C7] (global parent) (reporting strategy default) complete (reason success)>
2026-08-17 11:34:36.826 Df YourSofia[1177:323578] [com.apple.network:activity] Unset the global parent activity
2026-08-17 11:34:36.826 Db YourSofia[1177:3235b7] [com.apple.CFBundle:loading] dlfcn load framework CFBundle 0x600003b180e0 </Library/Developer/CoreSimulator/Volumes/iOS_23D8133/Library/Developer/CoreSimulator/Profiles/Runtimes/iOS 26.3.simruntime/Contents/Resources/RuntimeRoot/System/Library/AccessibilityBundles/BannerKit.axbundle> (framework, not loaded), dlopen of /Library/Developer/CoreSimulator/Volumes/iOS_23D8133/Library/Developer/CoreSimulator/Profiles/Runtimes/iOS 26.3.simruntime/Contents/Resources/RuntimeRoot/System/Library/AccessibilityBundles/BannerKit.axbundle/BannerKit mode 0x109 returns handle 0xf9d181
2026-08-17 11:34:36.827 Db YourSofia[1177:3235b7] [com.apple.defaults:User Defaults] found no value for key UseNewAXBundleLoader in CFPrefsSearchListSource<0x600002c29300> (Domain: com.apple.Accessibility, Container: /Users/valentinasenov/Library/Developer/CoreSimulator/Devices/4EC5F74C-5A9C-4D89-8E44-374310E684AE/data Non-launch persona: 0)
2026-08-17 11:34:36.827 Db YourSofia[1177:3235b7] [com.apple.defaults:User Defaults] found no value for key UseNewAXBundleLoader in CFPrefsSearchListSource<0x600002c08c00> (Domain: com.apple.Accessibility, Container: (null) Non-launch persona: 0)
2026-08-17 11:34:36.827 Db YourSofia[1177:323578] [com.apple.defaults:User Defaults] found no value for key UseNewAXBundleLoader in CFPrefsSearchListSource<0x600002c29300> (Domain: com.apple.Accessibility, Container: /Users/valentinasenov/Library/Developer/CoreSimulator/Devices/4EC5F74C-5A9C-4D89-8E44-374310E684AE/data Non-launch persona: 0)
2026-08-17 11:34:36.827 Db YourSofia[1177:323578] [com.apple.defaults:User Defaults] found no value for key UseNewAXBundleLoader in CFPrefsSearchListSource<0x600002c08c00> (Domain: com.apple.Accessibility, Container: (null) Non-launch persona: 0)
2026-08-17 11:34:36.827 Db YourSofia[1177:3235b7] [com.apple.CFBundle:loading] dlfcn check load bundle CFBundle 0x600003b3c9a0 </Library/Developer/CoreSimulator/Volumes/iOS_23D8133/Library/Developer/CoreSimulator/Profiles/Runtimes/iOS 26.3.simruntime/Contents/Resources/RuntimeRoot/System/Library/AccessibilityBundles/LinkPresentation.axbundle> (not loaded), dlopen of /Library/Developer/CoreSimulator/Volumes/iOS_23D8133/Library/Developer/CoreSimulator/Profiles/Runtimes/iOS 26.3.simruntime/Contents/Resources/RuntimeRoot/System/Library/AccessibilityBundles/LinkPresentation.axbundle/LinkPresentation mode 0x115 no handle
2026-08-17 11:34:36.827 I  YourSofia[1177:3235c0] [dev.expo.modules:expo] 🟢 Creating JS object for module 'ExpoLocation'
2026-08-17 11:34:36.833 Db YourSofia[1177:323578] [com.apple.defaults:User Defaults] found no value for key EnhancedBackgroundContrastEnabled in CFPrefsSearchListSource<0x600002c04180> (Domain: bg.sofia.yoursofia, Container: (null) Non-launch persona: 0)
2026-08-17 11:34:36.833 Db YourSofia[1177:323578] [com.apple.Accessibility:AXSupportCommon] CF Read: domain = bg.sofia.yoursofia, preference = EnhancedBackgroundContrastEnabled, appID = bg.sofia.yoursofia result = (null) (-1 - empty, 0 - false, 1 - true)
2026-08-17 11:34:36.833 Db YourSofia[1177:3235b7] [com.apple.CFBundle:loading] dlfcn load framework CFBundle 0x600003b3c9a0 </Library/Developer/CoreSimulator/Volumes/iOS_23D8133/Library/Developer/CoreSimulator/Profiles/Runtimes/iOS 26.3.simruntime/Contents/Resources/RuntimeRoot/System/Library/AccessibilityBundles/LinkPresentation.axbundle> (framework, not loaded), dlopen of /Library/Developer/CoreSimulator/Volumes/iOS_23D8133/Library/Developer/CoreSimulator/Profiles/Runtimes/iOS 26.3.simruntime/Contents/Resources/RuntimeRoot/System/Library/AccessibilityBundles/LinkPresentation.axbundle/LinkPresentation mode 0x109 returns handle 0xf9d551
2026-08-17 11:34:36.833 Db YourSofia[1177:3235b7] [com.apple.defaults:User Defaults] found no value for key UseNewAXBundleLoader in CFPrefsSearchListSource<0x600002c29300> (Domain: com.apple.Accessibility, Container: /Users/valentinasenov/Library/Developer/CoreSimulator/Devices/4EC5F74C-5A9C-4D89-8E44-374310E684AE/data Non-launch persona: 0)
2026-08-17 11:34:36.833 Db YourSofia[1177:3235b7] [com.apple.defaults:User Defaults] found no value for key UseNewAXBundleLoader in CFPrefsSearchListSource<0x600002c08c00> (Domain: com.apple.Accessibility, Container: (null) Non-launch persona: 0)
2026-08-17 11:34:36.833 Db YourSofia[1177:323578] [com.apple.defaults:User Defaults] found no value for key UseNewAXBundleLoader in CFPrefsSearchListSource<0x600002c29300> (Domain: com.apple.Accessibility, Container: /Users/valentinasenov/Library/Developer/CoreSimulator/Devices/4EC5F74C-5A9C-4D89-8E44-374310E684AE/data Non-launch persona: 0)
2026-08-17 11:34:36.833 Db YourSofia[1177:323578] [com.apple.defaults:User Defaults] found no value for key UseNewAXBundleLoader in CFPrefsSearchListSource<0x600002c08c00> (Domain: com.apple.Accessibility, Container: (null) Non-launch persona: 0)
2026-08-17 11:34:36.834 Db YourSofia[1177:3235b7] [com.apple.CFBundle:loading] dlfcn check load bundle CFBundle 0x600003b39180 </Library/Developer/CoreSimulator/Volumes/iOS_23D8133/Library/Developer/CoreSimulator/Profiles/Runtimes/iOS 26.3.simruntime/Contents/Resources/RuntimeRoot/System/Library/AccessibilityBundles/BaseBoardUI.axbundle> (not loaded), dlopen of /Library/Developer/CoreSimulator/Volumes/iOS_23D8133/Library/Developer/CoreSimulator/Profiles/Runtimes/iOS 26.3.simruntime/Contents/Resources/RuntimeRoot/System/Library/AccessibilityBundles/BaseBoardUI.axbundle/BaseBoardUI mode 0x115 no handle
2026-08-17 11:34:36.835 I  YourSofia[1177:3235c0] [dev.expo.modules:expo] 🟢 Creating JS object for module 'ExpoLinearGradient'
2026-08-17 11:34:36.838 Db YourSofia[1177:32358e] [com.apple.CFBundle:resources] Resource lookup at CFBundle 0x600003b04540 </Users/valentinasenov/Library/Developer/CoreSimulator/Devices/4EC5F74C-5A9C-4D89-8E44-374310E684AE/data/Containers/Bundle/Application/F3147808-5ECA-491B-9ADC-3DA9921C01A2/YourSofia.app> (executable, loaded)
	Request       : InfoPlist type: strings
	Result        : None
2026-08-17 11:34:36.839 Db YourSofia[1177:32358e] [com.apple.CFBundle:resources] Resource lookup at CFBundle 0x600003b04540 </Users/valentinasenov/Library/Developer/CoreSimulator/Devices/4EC5F74C-5A9C-4D89-8E44-374310E684AE/data/Containers/Bundle/Application/F3147808-5ECA-491B-9ADC-3DA9921C01A2/YourSofia.app> (executable, loaded)
	Request       : InfoPlist type: stringsdict
	Result        : None
2026-08-17 11:34:36.840 Df YourSofia[1177:32358e] [com.apple.FileURL:default] kExcludedFromBackupXattrName set on path: /Users/valentinasenov/Library/Developer/CoreSimulator/Devices/4EC5F74C-5A9C-4D89-8E44-374310E684AE/data/Containers/Data/Application/DD0ACF92-C291-4202-A7D1-598EB7C711C0/Library/Application Support/bg.sofia.yoursofia/RCTAsyncLocalStorage_V1
2026-08-17 11:34:36.840 Db YourSofia[1177:3235b7] [com.apple.CFBundle:loading] dlfcn load framework CFBundle 0x600003b39180 </Library/Developer/CoreSimulator/Volumes/iOS_23D8133/Library/Developer/CoreSimulator/Profiles/Runtimes/iOS 26.3.simruntime/Contents/Resources/RuntimeRoot/System/Library/AccessibilityBundles/BaseBoardUI.axbundle> (framework, not loaded), dlopen of /Library/Developer/CoreSimulator/Volumes/iOS_23D8133/Library/Developer/CoreSimulator/Profiles/Runtimes/iOS 26.3.simruntime/Contents/Resources/RuntimeRoot/System/Library/AccessibilityBundles/BaseBoardUI.axbundle/BaseBoardUI mode 0x109 returns handle 0xf9d941
2026-08-17 11:34:36.840 Db YourSofia[1177:32358e] [com.facebook.react.log:native] Manifest does not exist - creating a new one.

(null)
2026-08-17 11:34:36.840 Db YourSofia[1177:3235b7] [com.apple.defaults:User Defaults] found no value for key UseNewAXBundleLoader in CFPrefsSearchListSource<0x600002c29300> (Domain: com.apple.Accessibility, Container: /Users/valentinasenov/Library/Developer/CoreSimulator/Devices/4EC5F74C-5A9C-4D89-8E44-374310E684AE/data Non-launch persona: 0)
2026-08-17 11:34:36.840 Db YourSofia[1177:3235b7] [com.apple.defaults:User Defaults] found no value for key UseNewAXBundleLoader in CFPrefsSearchListSource<0x600002c08c00> (Domain: com.apple.Accessibility, Container: (null) Non-launch persona: 0)
2026-08-17 11:34:36.840 Db YourSofia[1177:323578] [com.apple.defaults:User Defaults] found no value for key UseNewAXBundleLoader in CFPrefsSearchListSource<0x600002c29300> (Domain: com.apple.Accessibility, Container: /Users/valentinasenov/Library/Developer/CoreSimulator/Devices/4EC5F74C-5A9C-4D89-8E44-374310E684AE/data Non-launch persona: 0)
2026-08-17 11:34:36.840 Db YourSofia[1177:323578] [com.apple.defaults:User Defaults] found no value for key UseNewAXBundleLoader in CFPrefsSearchListSource<0x600002c08c00> (Domain: com.apple.Accessibility, Container: (null) Non-launch persona: 0)
2026-08-17 11:34:36.840 Db YourSofia[1177:3235b7] [com.apple.CFBundle:loading] dlfcn check load bundle CFBundle 0x600003b47640 </Library/Developer/CoreSimulator/Volumes/iOS_23D8133/Library/Developer/CoreSimulator/Profiles/Runtimes/iOS 26.3.simruntime/Contents/Resources/RuntimeRoot/System/Library/AccessibilityBundles/SwiftUI.axbundle> (not loaded), dlopen of /Library/Developer/CoreSimulator/Volumes/iOS_23D8133/Library/Developer/CoreSimulator/Profiles/Runtimes/iOS 26.3.simruntime/Contents/Resources/RuntimeRoot/System/Library/AccessibilityBundles/SwiftUI.axbundle/SwiftUI mode 0x115 no handle
2026-08-17 11:34:36.847 Db YourSofia[1177:3235b7] [com.apple.CFBundle:loading] dlfcn load framework CFBundle 0x600003b47640 </Library/Developer/CoreSimulator/Volumes/iOS_23D8133/Library/Developer/CoreSimulator/Profiles/Runtimes/iOS 26.3.simruntime/Contents/Resources/RuntimeRoot/System/Library/AccessibilityBundles/SwiftUI.axbundle> (framework, not loaded), dlopen of /Library/Developer/CoreSimulator/Volumes/iOS_23D8133/Library/Developer/CoreSimulator/Profiles/Runtimes/iOS 26.3.simruntime/Contents/Resources/RuntimeRoot/System/Library/AccessibilityBundles/SwiftUI.axbundle/SwiftUI mode 0x109 returns handle 0xf9dd01
2026-08-17 11:34:36.847 Db YourSofia[1177:3235b7] [com.apple.defaults:User Defaults] found no value for key UseNewAXBundleLoader in CFPrefsSearchListSource<0x600002c29300> (Domain: com.apple.Accessibility, Container: /Users/valentinasenov/Library/Developer/CoreSimulator/Devices/4EC5F74C-5A9C-4D89-8E44-374310E684AE/data Non-launch persona: 0)
2026-08-17 11:34:36.847 Db YourSofia[1177:3235b7] [com.apple.defaults:User Defaults] found no value for key UseNewAXBundleLoader in CFPrefsSearchListSource<0x600002c08c00> (Domain: com.apple.Accessibility, Container: (null) Non-launch persona: 0)
2026-08-17 11:34:36.847 Db YourSofia[1177:323578] [com.apple.defaults:User Defaults] found no value for key UseNewAXBundleLoader in CFPrefsSearchListSource<0x600002c29300> (Domain: com.apple.Accessibility, Container: /Users/valentinasenov/Library/Developer/CoreSimulator/Devices/4EC5F74C-5A9C-4D89-8E44-374310E684AE/data Non-launch persona: 0)
2026-08-17 11:34:36.847 Db YourSofia[1177:323578] [com.apple.defaults:User Defaults] found no value for key UseNewAXBundleLoader in CFPrefsSearchListSource<0x600002c08c00> (Domain: com.apple.Accessibility, Container: (null) Non-launch persona: 0)
2026-08-17 11:34:36.847 Db YourSofia[1177:3235b7] [com.apple.CFBundle:loading] dlfcn check load bundle CFBundle 0x600003b389a0 </Library/Developer/CoreSimulator/Volumes/iOS_23D8133/Library/Developer/CoreSimulator/Profiles/Runtimes/iOS 26.3.simruntime/Contents/Resources/RuntimeRoot/System/Library/AccessibilityBundles/MobileSafariFramework.axbundle> (not loaded), dlopen of /Library/Developer/CoreSimulator/Volumes/iOS_23D8133/Library/Developer/CoreSimulator/Profiles/Runtimes/iOS 26.3.simruntime/Contents/Resources/RuntimeRoot/System/Library/AccessibilityBundles/MobileSafariFramework.axbundle/MobileSafariFramework mode 0x115 no handle
2026-08-17 11:34:36.854 Db YourSofia[1177:3235b7] [com.apple.CFBundle:loading] dlfcn load framework CFBundle 0x600003b389a0 </Library/Developer/CoreSimulator/Volumes/iOS_23D8133/Library/Developer/CoreSimulator/Profiles/Runtimes/iOS 26.3.simruntime/Contents/Resources/RuntimeRoot/System/Library/AccessibilityBundles/MobileSafariFramework.axbundle> (framework, not loaded), dlopen of /Library/Developer/CoreSimulator/Volumes/iOS_23D8133/Library/Developer/CoreSimulator/Profiles/Runtimes/iOS 26.3.simruntime/Contents/Resources/RuntimeRoot/System/Library/AccessibilityBundles/MobileSafariFramework.axbundle/MobileSafariFramework mode 0x109 returns handle 0xf9e0d1
2026-08-17 11:34:36.854 Db YourSofia[1177:3235b7] [com.apple.defaults:User Defaults] found no value for key UseNewAXBundleLoader in CFPrefsSearchListSource<0x600002c29300> (Domain: com.apple.Accessibility, Container: /Users/valentinasenov/Library/Developer/CoreSimulator/Devices/4EC5F74C-5A9C-4D89-8E44-374310E684AE/data Non-launch persona: 0)
2026-08-17 11:34:36.854 Db YourSofia[1177:3235b7] [com.apple.defaults:User Defaults] found no value for key UseNewAXBundleLoader in CFPrefsSearchListSource<0x600002c08c00> (Domain: com.apple.Accessibility, Container: (null) Non-launch persona: 0)
2026-08-17 11:34:36.854 Db YourSofia[1177:323578] [com.apple.defaults:User Defaults] found no value for key UseNewAXBundleLoader in CFPrefsSearchListSource<0x600002c29300> (Domain: com.apple.Accessibility, Container: /Users/valentinasenov/Library/Developer/CoreSimulator/Devices/4EC5F74C-5A9C-4D89-8E44-374310E684AE/data Non-launch persona: 0)
2026-08-17 11:34:36.854 Db YourSofia[1177:323578] [com.apple.defaults:User Defaults] found no value for key UseNewAXBundleLoader in CFPrefsSearchListSource<0x600002c08c00> (Domain: com.apple.Accessibility, Container: (null) Non-launch persona: 0)
2026-08-17 11:34:36.854 Db YourSofia[1177:3235b7] [com.apple.CFBundle:loading] dlfcn check load bundle CFBundle 0x600003b0b020 </Library/Developer/CoreSimulator/Volumes/iOS_23D8133/Library/Developer/CoreSimulator/Profiles/Runtimes/iOS 26.3.simruntime/Contents/Resources/RuntimeRoot/System/Library/AccessibilityBundles/TemplateKit.axbundle> (not loaded), dlopen of /Library/Developer/CoreSimulator/Volumes/iOS_23D8133/Library/Developer/CoreSimulator/Profiles/Runtimes/iOS 26.3.simruntime/Contents/Resources/RuntimeRoot/System/Library/AccessibilityBundles/TemplateKit.axbundle/TemplateKit mode 0x115 no handle
2026-08-17 11:34:36.855 I  YourSofia[1177:3235c0] [dev.expo.modules:expo] 🟢 Creating JS object for module 'ExpoCamera'
2026-08-17 11:34:36.860 Db YourSofia[1177:3235b7] [com.apple.CFBundle:loading] dlfcn load framework CFBundle 0x600003b0b020 </Library/Developer/CoreSimulator/Volumes/iOS_23D8133/Library/Developer/CoreSimulator/Profiles/Runtimes/iOS 26.3.simruntime/Contents/Resources/RuntimeRoot/System/Library/AccessibilityBundles/TemplateKit.axbundle> (framework, not loaded), dlopen of /Library/Developer/CoreSimulator/Volumes/iOS_23D8133/Library/Developer/CoreSimulator/Profiles/Runtimes/iOS 26.3.simruntime/Contents/Resources/RuntimeRoot/System/Library/AccessibilityBundles/TemplateKit.axbundle/TemplateKit mode 0x109 returns handle 0xf9e4d1
2026-08-17 11:34:36.861 Db YourSofia[1177:3235b7] [com.apple.defaults:User Defaults] found no value for key UseNewAXBundleLoader in CFPrefsSearchListSource<0x600002c29300> (Domain: com.apple.Accessibility, Container: /Users/valentinasenov/Library/Developer/CoreSimulator/Devices/4EC5F74C-5A9C-4D89-8E44-374310E684AE/data Non-launch persona: 0)
2026-08-17 11:34:36.861 Db YourSofia[1177:3235b7] [com.apple.defaults:User Defaults] found no value for key UseNewAXBundleLoader in CFPrefsSearchListSource<0x600002c08c00> (Domain: com.apple.Accessibility, Container: (null) Non-launch persona: 0)
2026-08-17 11:34:36.861 Db YourSofia[1177:323578] [com.apple.defaults:User Defaults] found no value for key UseNewAXBundleLoader in CFPrefsSearchListSource<0x600002c29300> (Domain: com.apple.Accessibility, Container: /Users/valentinasenov/Library/Developer/CoreSimulator/Devices/4EC5F74C-5A9C-4D89-8E44-374310E684AE/data Non-launch persona: 0)
2026-08-17 11:34:36.861 Db YourSofia[1177:323578] [com.apple.defaults:User Defaults] found no value for key UseNewAXBundleLoader in CFPrefsSearchListSource<0x600002c08c00> (Domain: com.apple.Accessibility, Container: (null) Non-launch persona: 0)
2026-08-17 11:34:36.861 Db YourSofia[1177:3235b7] [com.apple.CFBundle:loading] dlfcn check load bundle CFBundle 0x600003b38620 </Library/Developer/CoreSimulator/Volumes/iOS_23D8133/Library/Developer/CoreSimulator/Profiles/Runtimes/iOS 26.3.simruntime/Contents/Resources/RuntimeRoot/System/Library/AccessibilityBundles/MapKitSwiftUI.axbundle> (not loaded), dlopen of /Library/Developer/CoreSimulator/Volumes/iOS_23D8133/Library/Developer/CoreSimulator/Profiles/Runtimes/iOS 26.3.simruntime/Contents/Resources/RuntimeRoot/System/Library/AccessibilityBundles/MapKitSwiftUI.axbundle/MapKitSwiftUI mode 0x115 no handle
2026-08-17 11:34:36.867 Db YourSofia[1177:3235b7] [com.apple.CFBundle:loading] dlfcn load framework CFBundle 0x600003b38620 </Library/Developer/CoreSimulator/Volumes/iOS_23D8133/Library/Developer/CoreSimulator/Profiles/Runtimes/iOS 26.3.simruntime/Contents/Resources/RuntimeRoot/System/Library/AccessibilityBundles/MapKitSwiftUI.axbundle> (framework, not loaded), dlopen of /Library/Developer/CoreSimulator/Volumes/iOS_23D8133/Library/Developer/CoreSimulator/Profiles/Runtimes/iOS 26.3.simruntime/Contents/Resources/RuntimeRoot/System/Library/AccessibilityBundles/MapKitSwiftUI.axbundle/MapKitSwiftUI mode 0x109 returns handle 0xf9e8a1
2026-08-17 11:34:36.867 Db YourSofia[1177:3235b7] [com.apple.defaults:User Defaults] found no value for key UseNewAXBundleLoader in CFPrefsSearchListSource<0x600002c29300> (Domain: com.apple.Accessibility, Container: /Users/valentinasenov/Library/Developer/CoreSimulator/Devices/4EC5F74C-5A9C-4D89-8E44-374310E684AE/data Non-launch persona: 0)
2026-08-17 11:34:36.867 Db YourSofia[1177:3235b7] [com.apple.defaults:User Defaults] found no value for key UseNewAXBundleLoader in CFPrefsSearchListSource<0x600002c08c00> (Domain: com.apple.Accessibility, Container: (null) Non-launch persona: 0)
2026-08-17 11:34:36.867 Db YourSofia[1177:323578] [com.apple.defaults:User Defaults] found no value for key UseNewAXBundleLoader in CFPrefsSearchListSource<0x600002c29300> (Domain: com.apple.Accessibility, Container: /Users/valentinasenov/Library/Developer/CoreSimulator/Devices/4EC5F74C-5A9C-4D89-8E44-374310E684AE/data Non-launch persona: 0)
2026-08-17 11:34:36.867 Db YourSofia[1177:323578] [com.apple.defaults:User Defaults] found no value for key UseNewAXBundleLoader in CFPrefsSearchListSource<0x600002c08c00> (Domain: com.apple.Accessibility, Container: (null) Non-launch persona: 0)
2026-08-17 11:34:36.868 Db YourSofia[1177:3235b7] [com.apple.CFBundle:loading] dlfcn check load bundle CFBundle 0x600003b0b1e0 </Library/Developer/CoreSimulator/Volumes/iOS_23D8133/Library/Developer/CoreSimulator/Profiles/Runtimes/iOS 26.3.simruntime/Contents/Resources/RuntimeRoot/System/Library/AccessibilityBundles/FrontBoard.axbundle> (not loaded), dlopen of /Library/Developer/CoreSimulator/Volumes/iOS_23D8133/Library/Developer/CoreSimulator/Profiles/Runtimes/iOS 26.3.simruntime/Contents/Resources/RuntimeRoot/System/Library/AccessibilityBundles/FrontBoard.axbundle/FrontBoard mode 0x115 no handle
2026-08-17 11:34:36.873 Db YourSofia[1177:3235b7] [com.apple.CFBundle:loading] dlfcn load framework CFBundle 0x600003b0b1e0 </Library/Developer/CoreSimulator/Volumes/iOS_23D8133/Library/Developer/CoreSimulator/Profiles/Runtimes/iOS 26.3.simruntime/Contents/Resources/RuntimeRoot/System/Library/AccessibilityBundles/FrontBoard.axbundle> (framework, not loaded), dlopen of /Library/Developer/CoreSimulator/Volumes/iOS_23D8133/Library/Developer/CoreSimulator/Profiles/Runtimes/iOS 26.3.simruntime/Contents/Resources/RuntimeRoot/System/Library/AccessibilityBundles/FrontBoard.axbundle/FrontBoard mode 0x109 returns handle 0xf9ec81
2026-08-17 11:34:36.874 Db YourSofia[1177:3235b7] [com.apple.defaults:User Defaults] found no value for key UseNewAXBundleLoader in CFPrefsSearchListSource<0x600002c29300> (Domain: com.apple.Accessibility, Container: /Users/valentinasenov/Library/Developer/CoreSimulator/Devices/4EC5F74C-5A9C-4D89-8E44-374310E684AE/data Non-launch persona: 0)
2026-08-17 11:34:36.874 Db YourSofia[1177:3235b7] [com.apple.defaults:User Defaults] found no value for key UseNewAXBundleLoader in CFPrefsSearchListSource<0x600002c08c00> (Domain: com.apple.Accessibility, Container: (null) Non-launch persona: 0)
2026-08-17 11:34:36.874 Db YourSofia[1177:323578] [com.apple.defaults:User Defaults] found no value for key UseNewAXBundleLoader in CFPrefsSearchListSource<0x600002c29300> (Domain: com.apple.Accessibility, Container: /Users/valentinasenov/Library/Developer/CoreSimulator/Devices/4EC5F74C-5A9C-4D89-8E44-374310E684AE/data Non-launch persona: 0)
2026-08-17 11:34:36.874 Db YourSofia[1177:323578] [com.apple.defaults:User Defaults] found no value for key UseNewAXBundleLoader in CFPrefsSearchListSource<0x600002c08c00> (Domain: com.apple.Accessibility, Container: (null) Non-launch persona: 0)
2026-08-17 11:34:36.874 Db YourSofia[1177:3235b7] [com.apple.CFBundle:loading] dlfcn check load bundle CFBundle 0x600003b478e0 </Library/Developer/CoreSimulator/Volumes/iOS_23D8133/Library/Developer/CoreSimulator/Profiles/Runtimes/iOS 26.3.simruntime/Contents/Resources/RuntimeRoot/System/Library/AccessibilityBundles/SpringBoardUIServices.axbundle> (not loaded), dlopen of /Library/Developer/CoreSimulator/Volumes/iOS_23D8133/Library/Developer/CoreSimulator/Profiles/Runtimes/iOS 26.3.simruntime/Contents/Resources/RuntimeRoot/System/Library/AccessibilityBundles/SpringBoardUIServices.axbundle/SpringBoardUIServices mode 0x115 no handle
2026-08-17 11:34:36.880 Db YourSofia[1177:3235b7] [com.apple.CFBundle:loading] dlfcn load framework CFBundle 0x600003b478e0 </Library/Developer/CoreSimulator/Volumes/iOS_23D8133/Library/Developer/CoreSimulator/Profiles/Runtimes/iOS 26.3.simruntime/Contents/Resources/RuntimeRoot/System/Library/AccessibilityBundles/SpringBoardUIServices.axbundle> (framework, not loaded), dlopen of /Library/Developer/CoreSimulator/Volumes/iOS_23D8133/Library/Developer/CoreSimulator/Profiles/Runtimes/iOS 26.3.simruntime/Contents/Resources/RuntimeRoot/System/Library/AccessibilityBundles/SpringBoardUIServices.axbundle/SpringBoardUIServices mode 0x109 returns handle 0xf9f061
2026-08-17 11:34:36.880 Db YourSofia[1177:3235b7] [com.apple.defaults:User Defaults] found no value for key UseNewAXBundleLoader in CFPrefsSearchListSource<0x600002c29300> (Domain: com.apple.Accessibility, Container: /Users/valentinasenov/Library/Developer/CoreSimulator/Devices/4EC5F74C-5A9C-4D89-8E44-374310E684AE/data Non-launch persona: 0)
2026-08-17 11:34:36.880 Db YourSofia[1177:3235b7] [com.apple.defaults:User Defaults] found no value for key UseNewAXBundleLoader in CFPrefsSearchListSource<0x600002c08c00> (Domain: com.apple.Accessibility, Container: (null) Non-launch persona: 0)
2026-08-17 11:34:36.880 Db YourSofia[1177:323578] [com.apple.defaults:User Defaults] found no value for key UseNewAXBundleLoader in CFPrefsSearchListSource<0x600002c29300> (Domain: com.apple.Accessibility, Container: /Users/valentinasenov/Library/Developer/CoreSimulator/Devices/4EC5F74C-5A9C-4D89-8E44-374310E684AE/data Non-launch persona: 0)
2026-08-17 11:34:36.880 Db YourSofia[1177:323578] [com.apple.defaults:User Defaults] found no value for key UseNewAXBundleLoader in CFPrefsSearchListSource<0x600002c08c00> (Domain: com.apple.Accessibility, Container: (null) Non-launch persona: 0)
2026-08-17 11:34:36.881 Db YourSofia[1177:3235b7] [com.apple.CFBundle:loading] dlfcn check load bundle CFBundle 0x600003b47800 </Library/Developer/CoreSimulator/Volumes/iOS_23D8133/Library/Developer/CoreSimulator/Profiles/Runtimes/iOS 26.3.simruntime/Contents/Resources/RuntimeRoot/System/Library/AccessibilityBundles/AuthKitUI.axbundle> (not loaded), dlopen of /Library/Developer/CoreSimulator/Volumes/iOS_23D8133/Library/Developer/CoreSimulator/Profiles/Runtimes/iOS 26.3.simruntime/Contents/Resources/RuntimeRoot/System/Library/AccessibilityBundles/AuthKitUI.axbundle/AuthKitUI mode 0x115 no handle
2026-08-17 11:34:36.887 Db YourSofia[1177:3235b7] [com.apple.CFBundle:loading] dlfcn load framework CFBundle 0x600003b47800 </Library/Developer/CoreSimulator/Volumes/iOS_23D8133/Library/Developer/CoreSimulator/Profiles/Runtimes/iOS 26.3.simruntime/Contents/Resources/RuntimeRoot/System/Library/AccessibilityBundles/AuthKitUI.axbundle> (framework, not loaded), dlopen of /Library/Developer/CoreSimulator/Volumes/iOS_23D8133/Library/Developer/CoreSimulator/Profiles/Runtimes/iOS 26.3.simruntime/Contents/Resources/RuntimeRoot/System/Library/AccessibilityBundles/AuthKitUI.axbundle/AuthKitUI mode 0x109 returns handle 0xf9f461
2026-08-17 11:34:36.887 Db YourSofia[1177:3235b7] [com.apple.defaults:User Defaults] found no value for key UseNewAXBundleLoader in CFPrefsSearchListSource<0x600002c29300> (Domain: com.apple.Accessibility, Container: /Users/valentinasenov/Library/Developer/CoreSimulator/Devices/4EC5F74C-5A9C-4D89-8E44-374310E684AE/data Non-launch persona: 0)
2026-08-17 11:34:36.887 Db YourSofia[1177:3235b7] [com.apple.defaults:User Defaults] found no value for key UseNewAXBundleLoader in CFPrefsSearchListSource<0x600002c08c00> (Domain: com.apple.Accessibility, Container: (null) Non-launch persona: 0)
2026-08-17 11:34:36.887 Db YourSofia[1177:323578] [com.apple.defaults:User Defaults] found no value for key UseNewAXBundleLoader in CFPrefsSearchListSource<0x600002c29300> (Domain: com.apple.Accessibility, Container: /Users/valentinasenov/Library/Developer/CoreSimulator/Devices/4EC5F74C-5A9C-4D89-8E44-374310E684AE/data Non-launch persona: 0)
2026-08-17 11:34:36.887 Db YourSofia[1177:323578] [com.apple.defaults:User Defaults] found no value for key UseNewAXBundleLoader in CFPrefsSearchListSource<0x600002c08c00> (Domain: com.apple.Accessibility, Container: (null) Non-launch persona: 0)
2026-08-17 11:34:36.888 Db YourSofia[1177:3235b7] [com.apple.CFBundle:loading] dlfcn check load bundle CFBundle 0x600003b47d40 </Library/Developer/CoreSimulator/Volumes/iOS_23D8133/Library/Developer/CoreSimulator/Profiles/Runtimes/iOS 26.3.simruntime/Contents/Resources/RuntimeRoot/System/Library/AccessibilityBundles/PDFKit.axbundle> (not loaded), dlopen of /Library/Developer/CoreSimulator/Volumes/iOS_23D8133/Library/Developer/CoreSimulator/Profiles/Runtimes/iOS 26.3.simruntime/Contents/Resources/RuntimeRoot/System/Library/AccessibilityBundles/PDFKit.axbundle/PDFKit mode 0x115 no handle
2026-08-17 11:34:36.894 Db YourSofia[1177:3235b7] [com.apple.CFBundle:loading] dlfcn load framework CFBundle 0x600003b47d40 </Library/Developer/CoreSimulator/Volumes/iOS_23D8133/Library/Developer/CoreSimulator/Profiles/Runtimes/iOS 26.3.simruntime/Contents/Resources/RuntimeRoot/System/Library/AccessibilityBundles/PDFKit.axbundle> (framework, not loaded), dlopen of /Library/Developer/CoreSimulator/Volumes/iOS_23D8133/Library/Developer/CoreSimulator/Profiles/Runtimes/iOS 26.3.simruntime/Contents/Resources/RuntimeRoot/System/Library/AccessibilityBundles/PDFKit.axbundle/PDFKit mode 0x109 returns handle 0xf9f831
2026-08-17 11:34:36.894 Db YourSofia[1177:3235b7] [com.apple.defaults:User Defaults] found no value for key UseNewAXBundleLoader in CFPrefsSearchListSource<0x600002c29300> (Domain: com.apple.Accessibility, Container: /Users/valentinasenov/Library/Developer/CoreSimulator/Devices/4EC5F74C-5A9C-4D89-8E44-374310E684AE/data Non-launch persona: 0)
2026-08-17 11:34:36.894 Db YourSofia[1177:3235b7] [com.apple.defaults:User Defaults] found no value for key UseNewAXBundleLoader in CFPrefsSearchListSource<0x600002c08c00> (Domain: com.apple.Accessibility, Container: (null) Non-launch persona: 0)
2026-08-17 11:34:36.894 Db YourSofia[1177:323578] [com.apple.defaults:User Defaults] found no value for key UseNewAXBundleLoader in CFPrefsSearchListSource<0x600002c29300> (Domain: com.apple.Accessibility, Container: /Users/valentinasenov/Library/Developer/CoreSimulator/Devices/4EC5F74C-5A9C-4D89-8E44-374310E684AE/data Non-launch persona: 0)
2026-08-17 11:34:36.894 Db YourSofia[1177:323578] [com.apple.defaults:User Defaults] found no value for key UseNewAXBundleLoader in CFPrefsSearchListSource<0x600002c08c00> (Domain: com.apple.Accessibility, Container: (null) Non-launch persona: 0)
2026-08-17 11:34:36.895 Db YourSofia[1177:3235b7] [com.apple.CFBundle:loading] dlfcn check load bundle CFBundle 0x600003b3d960 </Library/Developer/CoreSimulator/Volumes/iOS_23D8133/Library/Developer/CoreSimulator/Profiles/Runtimes/iOS 26.3.simruntime/Contents/Resources/RuntimeRoot/System/Library/AccessibilityBundles/DocumentManager.axbundle> (not loaded), dlopen of /Library/Developer/CoreSimulator/Volumes/iOS_23D8133/Library/Developer/CoreSimulator/Profiles/Runtimes/iOS 26.3.simruntime/Contents/Resources/RuntimeRoot/System/Library/AccessibilityBundles/DocumentManager.axbundle/DocumentManager mode 0x115 no handle
2026-08-17 11:34:36.899 Db YourSofia[1177:3235c0] [com.apple.defaults:User Defaults] found no value for key RCTI18nUtil_forceRTL in CFPrefsSearchListSource<0x600002c04180> (Domain: bg.sofia.yoursofia, Container: (null) Non-launch persona: 0)
2026-08-17 11:34:36.900 Db YourSofia[1177:3235c0] [com.apple.defaults:User Defaults] found no value for key RCTI18nUtil_allowRTL in CFPrefsSearchListSource<0x600002c04180> (Domain: bg.sofia.yoursofia, Container: (null) Non-launch persona: 0)
2026-08-17 11:34:36.900 Db YourSofia[1177:3235c0] [com.apple.defaults:User Defaults] looked up value 1 for key RCTI18nUtil_makeRTLFlipLeftAndRightStyles in CFPrefsPlistSource<0x600002c08400> (Domain: bg.sofia.yoursofia, User: kCFPreferencesCurrentUser, ByHost: No, Container: (null), Contents Need Refresh: No) via CFPrefsSearchListSource<0x600002c04180> (Domain: bg.sofia.yoursofia, Container: (null) Non-launch persona: 0)
2026-08-17 11:34:36.901 Db YourSofia[1177:3235b7] [com.apple.CFBundle:loading] dlfcn load framework CFBundle 0x600003b3d960 </Library/Developer/CoreSimulator/Volumes/iOS_23D8133/Library/Developer/CoreSimulator/Profiles/Runtimes/iOS 26.3.simruntime/Contents/Resources/RuntimeRoot/System/Library/AccessibilityBundles/DocumentManager.axbundle> (framework, not loaded), dlopen of /Library/Developer/CoreSimulator/Volumes/iOS_23D8133/Library/Developer/CoreSimulator/Profiles/Runtimes/iOS 26.3.simruntime/Contents/Resources/RuntimeRoot/System/Library/AccessibilityBundles/DocumentManager.axbundle/DocumentManager mode 0x109 returns handle 0xf9fc21
2026-08-17 11:34:36.901 Db YourSofia[1177:3235b7] [com.apple.defaults:User Defaults] found no value for key UseNewAXBundleLoader in CFPrefsSearchListSource<0x600002c29300> (Domain: com.apple.Accessibility, Container: /Users/valentinasenov/Library/Developer/CoreSimulator/Devices/4EC5F74C-5A9C-4D89-8E44-374310E684AE/data Non-launch persona: 0)
2026-08-17 11:34:36.901 Db YourSofia[1177:3235b7] [com.apple.defaults:User Defaults] found no value for key UseNewAXBundleLoader in CFPrefsSearchListSource<0x600002c08c00> (Domain: com.apple.Accessibility, Container: (null) Non-launch persona: 0)
2026-08-17 11:34:36.901 Db YourSofia[1177:323578] [com.apple.defaults:User Defaults] found no value for key UseNewAXBundleLoader in CFPrefsSearchListSource<0x600002c29300> (Domain: com.apple.Accessibility, Container: /Users/valentinasenov/Library/Developer/CoreSimulator/Devices/4EC5F74C-5A9C-4D89-8E44-374310E684AE/data Non-launch persona: 0)
2026-08-17 11:34:36.901 Db YourSofia[1177:323578] [com.apple.defaults:User Defaults] found no value for key UseNewAXBundleLoader in CFPrefsSearchListSource<0x600002c08c00> (Domain: com.apple.Accessibility, Container: (null) Non-launch persona: 0)
2026-08-17 11:34:36.901 Db YourSofia[1177:3235b7] [com.apple.CFBundle:loading] dlfcn check load bundle CFBundle 0x600003b3b560 </Library/Developer/CoreSimulator/Volumes/iOS_23D8133/Library/Developer/CoreSimulator/Profiles/Runtimes/iOS 26.3.simruntime/Contents/Resources/RuntimeRoot/System/Library/AccessibilityBundles/PhotosUIFramework.axbundle> (not loaded), dlopen of /Library/Developer/CoreSimulator/Volumes/iOS_23D8133/Library/Developer/CoreSimulator/Profiles/Runtimes/iOS 26.3.simruntime/Contents/Resources/RuntimeRoot/System/Library/AccessibilityBundles/PhotosUIFramework.axbundle/PhotosUIFramework mode 0x115 no handle
2026-08-17 11:34:36.905 I  YourSofia[1177:3235c0] [dev.expo.modules:expo] 🟢 Creating JS object for module 'ExpoLinking'
2026-08-17 11:34:36.911 I  YourSofia[1177:3235c0] [dev.expo.modules:expo] 🟢 Creating JS object for module 'ExpoModulesCoreJSLogger'
2026-08-17 11:34:36.911 Df YourSofia[1177:32358e] [com.apple.xpc:connection] [0x1053786f0] activating connection: mach=true listener=false peer=false name=com.apple.usernotifications.remotenotificationservice
2026-08-17 11:34:36.912 I  YourSofia[1177:3235c0] [dev.expo.modules:expo] 🟢 Creating JS object for module 'ExpoFontLoader'
2026-08-17 11:34:36.912 Db YourSofia[1177:3235c0] [com.apple.CFBundle:resources] Resource lookup at CFBundle 0x600003b04540 </Users/valentinasenov/Library/Developer/CoreSimulator/Devices/4EC5F74C-5A9C-4D89-8E44-374310E684AE/data/Containers/Bundle/Application/F3147808-5ECA-491B-9ADC-3DA9921C01A2/YourSofia.app> (executable, loaded)
	Request       : InfoPlist type: strings
	Result        : None
2026-08-17 11:34:36.912 Db YourSofia[1177:3235c0] [com.apple.CFBundle:resources] Resource lookup at CFBundle 0x600003b04540 </Users/valentinasenov/Library/Developer/CoreSimulator/Devices/4EC5F74C-5A9C-4D89-8E44-374310E684AE/data/Containers/Bundle/Application/F3147808-5ECA-491B-9ADC-3DA9921C01A2/YourSofia.app> (executable, loaded)
	Request       : InfoPlist type: stringsdict
	Result        : None
2026-08-17 11:34:36.913 I  YourSofia[1177:32358e] [com.wix.DetoxSync:DTXJSTimerSyncResource] [DTXJSTimerSyncResource] Observing timer 2 with duration 0.00 ms
2026-08-17 11:34:36.915 Db YourSofia[1177:32358e] [com.apple.foundation:general] CFURLCopyParameterString is deprecated and now always returns NULL. The path component now includes the part of the URL string which CFURLCopyParameterString used to return.
URL = file:///Users/valentinasenov/Library/Developer/CoreSimulator/Devices/4EC5F74C-5A9C-4D89-8E44-374310E684AE/data/Containers/Data/Application/DD0ACF92-C291-4202-A7D1-598EB7C711C0/Library/Application%20Support/.expo-internal/53120644541e0198ebf1111f38dd57c8.ttf
2026-08-17 11:34:36.933 Db YourSofia[1177:323578] [com.apple.BacklightServices:scenes] BLSBacklightFBSSceneEnvironment (BacklightUIServices) _settingsDiffActionsForScene
2026-08-17 11:34:36.933 Db YourSofia[1177:323578] [com.apple.BacklightServices:scenes] create BLSBacklightUISceneEnvironmentDiffAction:<_UIBacklightUISceneEnvironmentDiffAction: 0x600000012d10>
2026-08-17 11:34:36.933 Db YourSofia[1177:3235b7] [com.apple.CFBundle:loading] dlfcn load framework CFBundle 0x600003b3b560 </Library/Developer/CoreSimulator/Volumes/iOS_23D8133/Library/Developer/CoreSimulator/Profiles/Runtimes/iOS 26.3.simruntime/Contents/Resources/RuntimeRoot/System/Library/AccessibilityBundles/PhotosUIFramework.axbundle> (framework, not loaded), dlopen of /Library/Developer/CoreSimulator/Volumes/iOS_23D8133/Library/Developer/CoreSimulator/Profiles/Runtimes/iOS 26.3.simruntime/Contents/Resources/RuntimeRoot/System/Library/AccessibilityBundles/PhotosUIFramework.axbundle/PhotosUIFramework mode 0x109 returns handle 0xf80001
2026-08-17 11:34:36.933 Db YourSofia[1177:323578] [com.apple.BacklightServices:scenes] BLSBacklightFBSSceneEnvironment (BacklightUIServices) _actionRespondersForScene
2026-08-17 11:34:36.933 Db YourSofia[1177:323578] [com.apple.BacklightServices:scenes] create BLSBacklightUISceneEnvironmentActionHandler:<_UIBacklightUISceneEnvironmentActionHandler: 0x6000000109d0>
2026-08-17 11:34:36.943 Db YourSofia[1177:3235b7] [com.apple.defaults:User Defaults] found no value for key UseNewAXBundleLoader in CFPrefsSearchListSource<0x600002c29300> (Domain: com.apple.Accessibility, Container: /Users/valentinasenov/Library/Developer/CoreSimulator/Devices/4EC5F74C-5A9C-4D89-8E44-374310E684AE/data Non-launch persona: 0)
2026-08-17 11:34:36.943 Db YourSofia[1177:3235b7] [com.apple.defaults:User Defaults] found no value for key UseNewAXBundleLoader in CFPrefsSearchListSource<0x600002c08c00> (Domain: com.apple.Accessibility, Container: (null) Non-launch persona: 0)
2026-08-17 11:34:36.943 Db YourSofia[1177:323578] [com.apple.defaults:User Defaults] found no value for key UseNewAXBundleLoader in CFPrefsSearchListSource<0x600002c29300> (Domain: com.apple.Accessibility, Container: /Users/valentinasenov/Library/Developer/CoreSimulator/Devices/4EC5F74C-5A9C-4D89-8E44-374310E684AE/data Non-launch persona: 0)
2026-08-17 11:34:36.943 Db YourSofia[1177:323578] [com.apple.defaults:User Defaults] found no value for key UseNewAXBundleLoader in CFPrefsSearchListSource<0x600002c08c00> (Domain: com.apple.Accessibility, Container: (null) Non-launch persona: 0)
2026-08-17 11:34:36.944 Db YourSofia[1177:3235b7] [com.apple.CFBundle:loading] dlfcn check load bundle CFBundle 0x600003b3f560 </Library/Developer/CoreSimulator/Volumes/iOS_23D8133/Library/Developer/CoreSimulator/Profiles/Runtimes/iOS 26.3.simruntime/Contents/Resources/RuntimeRoot/System/Library/AccessibilityBundles/ContactsUI.axbundle> (not loaded), dlopen of /Library/Developer/CoreSimulator/Volumes/iOS_23D8133/Library/Developer/CoreSimulator/Profiles/Runtimes/iOS 26.3.simruntime/Contents/Resources/RuntimeRoot/System/Library/AccessibilityBundles/ContactsUI.axbundle/ContactsUI mode 0x115 no handle
2026-08-17 11:34:36.951 Db YourSofia[1177:3235b7] [com.apple.CFBundle:loading] dlfcn load framework CFBundle 0x600003b3f560 </Library/Developer/CoreSimulator/Volumes/iOS_23D8133/Library/Developer/CoreSimulator/Profiles/Runtimes/iOS 26.3.simruntime/Contents/Resources/RuntimeRoot/System/Library/AccessibilityBundles/ContactsUI.axbundle> (framework, not loaded), dlopen of /Library/Developer/CoreSimulator/Volumes/iOS_23D8133/Library/Developer/CoreSimulator/Profiles/Runtimes/iOS 26.3.simruntime/Contents/Resources/RuntimeRoot/System/Library/AccessibilityBundles/ContactsUI.axbundle/ContactsUI mode 0x109 returns handle 0xf804c1
2026-08-17 11:34:36.951 Db YourSofia[1177:3235b7] [com.apple.defaults:User Defaults] found no value for key UseNewAXBundleLoader in CFPrefsSearchListSource<0x600002c29300> (Domain: com.apple.Accessibility, Container: /Users/valentinasenov/Library/Developer/CoreSimulator/Devices/4EC5F74C-5A9C-4D89-8E44-374310E684AE/data Non-launch persona: 0)
2026-08-17 11:34:36.951 Db YourSofia[1177:3235b7] [com.apple.defaults:User Defaults] found no value for key UseNewAXBundleLoader in CFPrefsSearchListSource<0x600002c08c00> (Domain: com.apple.Accessibility, Container: (null) Non-launch persona: 0)
2026-08-17 11:34:36.951 Db YourSofia[1177:323578] [com.apple.defaults:User Defaults] found no value for key UseNewAXBundleLoader in CFPrefsSearchListSource<0x600002c29300> (Domain: com.apple.Accessibility, Container: /Users/valentinasenov/Library/Developer/CoreSimulator/Devices/4EC5F74C-5A9C-4D89-8E44-374310E684AE/data Non-launch persona: 0)
2026-08-17 11:34:36.951 Db YourSofia[1177:323578] [com.apple.defaults:User Defaults] found no value for key UseNewAXBundleLoader in CFPrefsSearchListSource<0x600002c08c00> (Domain: com.apple.Accessibility, Container: (null) Non-launch persona: 0)
2026-08-17 11:34:36.951 Db YourSofia[1177:3235b7] [com.apple.CFBundle:loading] dlfcn check load bundle CFBundle 0x600003b3f8e0 </Library/Developer/CoreSimulator/Volumes/iOS_23D8133/Library/Developer/CoreSimulator/Profiles/Runtimes/iOS 26.3.simruntime/Contents/Resources/RuntimeRoot/System/Library/AccessibilityBundles/EventKitUIFramework.axbundle> (not loaded), dlopen of /Library/Developer/CoreSimulator/Volumes/iOS_23D8133/Library/Developer/CoreSimulator/Profiles/Runtimes/iOS 26.3.simruntime/Contents/Resources/RuntimeRoot/System/Library/AccessibilityBundles/EventKitUIFramework.axbundle/EventKitUIFramework mode 0x115 no handle
2026-08-17 11:34:36.958 Db YourSofia[1177:3235b7] [com.apple.CFBundle:loading] dlfcn load framework CFBundle 0x600003b3f8e0 </Library/Developer/CoreSimulator/Volumes/iOS_23D8133/Library/Developer/CoreSimulator/Profiles/Runtimes/iOS 26.3.simruntime/Contents/Resources/RuntimeRoot/System/Library/AccessibilityBundles/EventKitUIFramework.axbundle> (framework, not loaded), dlopen of /Library/Developer/CoreSimulator/Volumes/iOS_23D8133/Library/Developer/CoreSimulator/Profiles/Runtimes/iOS 26.3.simruntime/Contents/Resources/RuntimeRoot/System/Library/AccessibilityBundles/EventKitUIFramework.axbundle/EventKitUIFramework mode 0x109 returns handle 0xf808c1
2026-08-17 11:34:36.958 Db YourSofia[1177:3235b7] [com.apple.defaults:User Defaults] found no value for key UseNewAXBundleLoader in CFPrefsSearchListSource<0x600002c29300> (Domain: com.apple.Accessibility, Container: /Users/valentinasenov/Library/Developer/CoreSimulator/Devices/4EC5F74C-5A9C-4D89-8E44-374310E684AE/data Non-launch persona: 0)
2026-08-17 11:34:36.958 Db YourSofia[1177:3235b7] [com.apple.defaults:User Defaults] found no value for key UseNewAXBundleLoader in CFPrefsSearchListSource<0x600002c08c00> (Domain: com.apple.Accessibility, Container: (null) Non-launch persona: 0)
2026-08-17 11:34:36.958 Db YourSofia[1177:323578] [com.apple.defaults:User Defaults] found no value for key UseNewAXBundleLoader in CFPrefsSearchListSource<0x600002c29300> (Domain: com.apple.Accessibility, Container: /Users/valentinasenov/Library/Developer/CoreSimulator/Devices/4EC5F74C-5A9C-4D89-8E44-374310E684AE/data Non-launch persona: 0)
2026-08-17 11:34:36.958 Db YourSofia[1177:323578] [com.apple.defaults:User Defaults] found no value for key UseNewAXBundleLoader in CFPrefsSearchListSource<0x600002c08c00> (Domain: com.apple.Accessibility, Container: (null) Non-launch persona: 0)
2026-08-17 11:34:36.958 Db YourSofia[1177:3235c0] [com.apple.defaults:User Defaults] found no value for key NSTallLocalizedStrings in CFPrefsSearchListSource<0x600002c04180> (Domain: bg.sofia.yoursofia, Container: (null) Non-launch persona: 0)
2026-08-17 11:34:36.959 Db YourSofia[1177:3235b7] [com.apple.CFBundle:loading] dlfcn check load bundle CFBundle 0x600003b34a80 </Library/Developer/CoreSimulator/Volumes/iOS_23D8133/Library/Developer/CoreSimulator/Profiles/Runtimes/iOS 26.3.simruntime/Contents/Resources/RuntimeRoot/System/Library/AccessibilityBundles/SpringBoardFoundation.axbundle> (not loaded), dlopen of /Library/Developer/CoreSimulator/Volumes/iOS_23D8133/Library/Developer/CoreSimulator/Profiles/Runtimes/iOS 26.3.simruntime/Contents/Resources/RuntimeRoot/System/Library/AccessibilityBundles/SpringBoardFoundation.axbundle/SpringBoardFoundation mode 0x115 no handle
2026-08-17 11:34:36.959 Db YourSofia[1177:3235c0] [com.apple.defaults:User Defaults] looked up value (
    "en-US",
    "bg-US"
) for key AppleLanguages in CFPrefsPlistSource<0x600002c08780> (Domain: kCFPreferencesAnyApplication, User: kCFPreferencesCurrentUser, ByHost: No, Container: /Users/valentinasenov/Library/Developer/CoreSimulator/Devices/4EC5F74C-5A9C-4D89-8E44-374310E684AE/data, Contents Need Refresh: No) via CFPrefsSearchListSource<0x600002c04180> (Domain: bg.sofia.yoursofia, Container: (null) Non-launch persona: 0)
2026-08-17 11:34:36.959 Db YourSofia[1177:3235c0] [com.apple.defaults:User Defaults] looked up value (
    "en-US",
    "bg-US"
) for key AppleLanguages in CFPrefsPlistSource<0x600002c08780> (Domain: kCFPreferencesAnyApplication, User: kCFPreferencesCurrentUser, ByHost: No, Container: /Users/valentinasenov/Library/Developer/CoreSimulator/Devices/4EC5F74C-5A9C-4D89-8E44-374310E684AE/data, Contents Need Refresh: No) via CFPrefsSearchListSource<0x600002c04180> (Domain: bg.sofia.yoursofia, Container: (null) Non-launch persona: 0)
2026-08-17 11:34:36.965 Db YourSofia[1177:3235c0] [com.apple.defaults:User Defaults] found no value for key NSPreTigerAttributedStringHash in CFPrefsSearchListSource<0x600002c04180> (Domain: bg.sofia.yoursofia, Container: (null) Non-launch persona: 0)
2026-08-17 11:34:36.965 Db YourSofia[1177:3235c0] [com.apple.defaults:User Defaults] found no value for key NSUsesScreenFonts in CFPrefsSearchListSource<0x600002c04180> (Domain: bg.sofia.yoursofia, Container: (null) Non-launch persona: 0)
2026-08-17 11:34:36.965 Db YourSofia[1177:3235c0] [com.apple.defaults:User Defaults] found no value for key NSIgnoresViewTransformations in CFPrefsSearchListSource<0x600002c04180> (Domain: bg.sofia.yoursofia, Container: (null) Non-launch persona: 0)
2026-08-17 11:34:36.965 Db YourSofia[1177:3235c0] [com.apple.defaults:User Defaults] found no value for key NSTextShowsInvisibleCharacters in CFPrefsSearchListSource<0x600002c04180> (Domain: bg.sofia.yoursofia, Container: (null) Non-launch persona: 0)
2026-08-17 11:34:36.965 Db YourSofia[1177:3235c0] [com.apple.defaults:User Defaults] found no value for key NSTextShowsControlCharacters in CFPrefsSearchListSource<0x600002c04180> (Domain: bg.sofia.yoursofia, Container: (null) Non-launch persona: 0)
2026-08-17 11:34:36.965 Db YourSofia[1177:3235c0] [com.apple.defaults:User Defaults] found no value for key NSTextAllowsNonContiguousLayout in CFPrefsSearchListSource<0x600002c04180> (Domain: bg.sofia.yoursofia, Container: (null) Non-launch persona: 0)
2026-08-17 11:34:36.965 Db YourSofia[1177:3235c0] [com.apple.defaults:User Defaults] found no value for key NSTextBackgroundLayoutEnabled in CFPrefsSearchListSource<0x600002c04180> (Domain: bg.sofia.yoursofia, Container: (null) Non-launch persona: 0)
2026-08-17 11:34:36.965 Db YourSofia[1177:3235c0] [com.apple.defaults:User Defaults] found no value for key NSLayoutManagerForcesShowPackedGlyphs in CFPrefsSearchListSource<0x600002c04180> (Domain: bg.sofia.yoursofia, Container: (null) Non-launch persona: 0)
2026-08-17 11:34:36.965 Db YourSofia[1177:3235c0] [com.apple.defaults:User Defaults] found no value for key NSTypesetterBehavior in CFPrefsSearchListSource<0x600002c04180> (Domain: bg.sofia.yoursofia, Container: (null) Non-launch persona: 0)
2026-08-17 11:34:36.965 Db YourSofia[1177:3235c0] [com.apple.defaults:User Defaults] found no value for key NSTypesetterCompatibilityLevel in CFPrefsSearchListSource<0x600002c04180> (Domain: bg.sofia.yoursofia, Container: (null) Non-launch persona: 0)
2026-08-17 11:34:36.965 Db YourSofia[1177:3235c0] [com.apple.defaults:User Defaults] found no value for key NSStringDrawingTypesetterBehavior in CFPrefsSearchListSource<0x600002c04180> (Domain: bg.sofia.yoursofia, Container: (null) Non-launch persona: 0)
2026-08-17 11:34:36.965 Db YourSofia[1177:3235c0] [com.apple.defaults:User Defaults] setting new value 1 for key NSHyphenatesAsLastResort in CFPrefsSource<0x600001708780> (Domain: Volatile, User: , ByHost: No, Container: , Contents Need Refresh: No)
2026-08-17 11:34:36.965 Db YourSofia[1177:3235c0] [com.apple.defaults:User Defaults] setting new value 1 for key NSUsesCFStringTokenizerForLineBreaks in CFPrefsSource<0x600001708780> (Domain: Volatile, User: , ByHost: No, Container: , Contents Need Refresh: No)
2026-08-17 11:34:36.965 Db YourSofia[1177:3235c0] [com.apple.defaults:User Defaults] setting new value 1 for key NSUsesTextStylesForLineBreaks in CFPrefsSource<0x600001708780> (Domain: Volatile, User: , ByHost: No, Container: , Contents Need Refresh: No)
2026-08-17 11:34:36.965 Db YourSofia[1177:3235c0] [com.apple.defaults:User Defaults] found no value for key NSUsesDefaultHyphenation in CFPrefsSearchListSource<0x600002c04180> (Domain: bg.sofia.yoursofia, Container: (null) Non-launch persona: 0)
2026-08-17 11:34:36.966 Db YourSofia[1177:3235c0] [com.apple.defaults:User Defaults] found no value for key NSAlwaysFixAttributesLazily in CFPrefsSearchListSource<0x600002c04180> (Domain: bg.sofia.yoursofia, Container: (null) Non-launch persona: 0)
2026-08-17 11:34:36.966 Db YourSofia[1177:323578] [com.apple.CFBundle:resources] Language lookup at CFBundle 0x600003b3f9c0 </Library/Developer/CoreSimulator/Volumes/iOS_23D8133/Library/Developer/CoreSimulator/Profiles/Runtimes/iOS 26.3.simruntime/Contents/Resources/RuntimeRoot/System/Library/PrivateFrameworks/SFSymbols.framework> (not loaded)
	Localizations : [de, ur, he, en_AU, ar, el, ja, mr, en, uk, es_419, gu, zh_CN, kn, pa, es, sl, or, pt_BR, da, it, bg, sk, kk, pt_PT, ms, ta, ml, sv, te, cs, ko, no, hu, zh_HK, tr, pl, zh_TW, en_GB, vi, lt, ru, fr_CA, fr, fi, id, nl, th, bn, ro, hr, hi, ca]
	Dev language  : en
	User prefs    : [en-US, bg-US]
	Main bundle   : [en]
	Allow mixed   : 0 
	Result        : [en]
2026-08-17 11:34:36.966 Db YourSofia[1177:323578] [com.apple.CFBundle:resources] Resource lookup at CFBundle 0x600003b3f9c0 </Library/Developer/CoreSimulator/Volumes/iOS_23D8133/Library/Developer/CoreSimulator/Profiles/Runtimes/iOS 26.3.simruntime/Contents/Resources/RuntimeRoot/System/Library/PrivateFrameworks/SFSymbols.framework> (not loaded)
	Request       : CoreGlyphs type: bundle
	Result        : file:///Library/Developer/CoreSimulator/Volumes/iOS_23D8133/Library/Developer/CoreSimulator/Profiles/Runtimes/iOS%2026.3.simruntime/Contents/Resources/RuntimeRoot/System/Library/PrivateFrameworks/SFSymbols.framework/CoreGlyphs.bundle/
2026-08-17 11:34:36.966 Db YourSofia[1177:3235c0] [com.apple.defaults:User Defaults] found no value for key AppleLanguages in CFPrefsPlistSource<0x600002c08680> (Domain: kCFPreferencesAnyApplication, User: kCFPreferencesCurrentUser, ByHost: No, Container: (null), Contents Need Refresh: No)
2026-08-17 11:34:36.966 Db YourSofia[1177:3235c0] [com.apple.defaults:User Defaults] found no value for key AppleLanguages in CFPrefsPlistSource<0x600002c08680> (Domain: kCFPreferencesAnyApplication, User: kCFPreferencesCurrentUser, ByHost: No, Container: (null), Contents Need Refresh: No)
2026-08-17 11:34:36.966 Db YourSofia[1177:323578] [com.apple.CFBundle:resources] Language lookup at CFBundle 0x600003b3fd40 </Library/Developer/CoreSimulator/Volumes/iOS_23D8133/Library/Developer/CoreSimulator/Profiles/Runtimes/iOS 26.3.simruntime/Contents/Resources/RuntimeRoot/System/Library/PrivateFrameworks/SFSymbols.framework/CoreGlyphs.bundle> (not loaded)
	Localizations : [ar, bg, bn, el, gu, he, hi, ja, kk, km, kn, ko, ml, mni, mr, my, or, pa, ru, sat, si, ta, te, th, uk, ur, zh-Hans, zh-Hant, en]
	Dev language  : en
	User prefs    : [en-US, bg-US]
	Main bundle   : [en]
	Allow mixed   : 0 
	Result        : [en]
2026-08-17 11:34:36.966 Db YourSofia[1177:323578] [com.apple.CFBundle:resources] Resource lookup at CFBundle 0x600003b3fd40 </Library/Developer/CoreSimulator/Volumes/iOS_23D8133/Library/Developer/CoreSimulator/Profiles/Runtimes/iOS 26.3.simruntime/Contents/Resources/RuntimeRoot/System/Library/PrivateFrameworks/SFSymbols.framework/CoreGlyphs.bundle> (not loaded)
	Request       : Assets type: car
	Result        : file:///Library/Developer/CoreSimulator/Volumes/iOS_23D8133/Library/Developer/CoreSimulator/Profiles/Runtimes/iOS%2026.3.simruntime/Contents/Resources/RuntimeRoot/System/Library/PrivateFrameworks/SFSymbols.framework/CoreGlyphs.bundle/Assets.car
2026-08-17 11:34:36.967 Db YourSofia[1177:3235b7] [com.apple.CFBundle:loading] dlfcn load framework CFBundle 0x600003b34a80 </Library/Developer/CoreSimulator/Volumes/iOS_23D8133/Library/Developer/CoreSimulator/Profiles/Runtimes/iOS 26.3.simruntime/Contents/Resources/RuntimeRoot/System/Library/AccessibilityBundles/SpringBoardFoundation.axbundle> (framework, not loaded), dlopen of /Library/Developer/CoreSimulator/Volumes/iOS_23D8133/Library/Developer/CoreSimulator/Profiles/Runtimes/iOS 26.3.simruntime/Contents/Resources/RuntimeRoot/System/Library/AccessibilityBundles/SpringBoardFoundation.axbundle/SpringBoardFoundation mode 0x109 returns handle 0xf80cd1
2026-08-17 11:34:36.967 Db YourSofia[1177:323578] [com.apple.CFBundle:resources] Resource lookup at CFBundle 0x600003b3f9c0 </Library/Developer/CoreSimulator/Volumes/iOS_23D8133/Library/Developer/CoreSimulator/Profiles/Runtimes/iOS 26.3.simruntime/Contents/Resources/RuntimeRoot/System/Library/PrivateFrameworks/SFSymbols.framework> (not loaded)
	Request       : CoreGlyphsPrivate type: bundle
	Result        : file:///Library/Developer/CoreSimulator/Volumes/iOS_23D8133/Library/Developer/CoreSimulator/Profiles/Runtimes/iOS%2026.3.simruntime/Contents/Resources/RuntimeRoot/System/Library/PrivateFrameworks/SFSymbols.framework/CoreGlyphsPrivate.bundle/
2026-08-17 11:34:36.967 Db YourSofia[1177:3235b7] [com.apple.defaults:User Defaults] found no value for key UseNewAXBundleLoader in CFPrefsSearchListSource<0x600002c29300> (Domain: com.apple.Accessibility, Container: /Users/valentinasenov/Library/Developer/CoreSimulator/Devices/4EC5F74C-5A9C-4D89-8E44-374310E684AE/data Non-launch persona: 0)
2026-08-17 11:34:36.967 Db YourSofia[1177:323578] [com.apple.CFBundle:resources] Language lookup at CFBundle 0x600003b03720 </Library/Developer/CoreSimulator/Volumes/iOS_23D8133/Library/Developer/CoreSimulator/Profiles/Runtimes/iOS 26.3.simruntime/Contents/Resources/RuntimeRoot/System/Library/PrivateFrameworks/SFSymbols.framework/CoreGlyphsPrivate.bundle> (not loaded)
	Localizations : [ar, bg, bn, el, es, gu, he, hi, it, ja, kk, kn, ko, ml, mni, mr, or, pa, ru, sat, si, ta, te, th, uk, ur, zh-Hans, zh-Hant, en]
	Dev language  : en
	User prefs    : [en-US, bg-US]
	Main bundle   : [en]
	Allow mixed   : 0 
	Result        : [en]
2026-08-17 11:34:36.967 Db YourSofia[1177:3235b7] [com.apple.defaults:User Defaults] found no value for key UseNewAXBundleLoader in CFPrefsSearchListSource<0x600002c08c00> (Domain: com.apple.Accessibility, Container: (null) Non-launch persona: 0)
2026-08-17 11:34:36.967 Db YourSofia[1177:3235c0] [com.apple.defaults:User Defaults] found no value for key NSGlyphGeneratorConcreteClassName in CFPrefsSearchListSource<0x600002c04180> (Domain: bg.sofia.yoursofia, Container: (null) Non-launch persona: 0)
2026-08-17 11:34:36.967 Db YourSofia[1177:323578] [com.apple.CFBundle:resources] Resource lookup at CFBundle 0x600003b03720 </Library/Developer/CoreSimulator/Volumes/iOS_23D8133/Library/Developer/CoreSimulator/Profiles/Runtimes/iOS 26.3.simruntime/Contents/Resources/RuntimeRoot/System/Library/PrivateFrameworks/SFSymbols.framework/CoreGlyphsPrivate.bundle> (not loaded)
	Request       : Assets type: car
	Result        : file:///Library/Developer/CoreSimulator/Volumes/iOS_23D8133/Library/Developer/CoreSimulator/Profiles/Runtimes/iOS%2026.3.simruntime/Contents/Resources/RuntimeRoot/System/Library/PrivateFrameworks/SFSymbols.framework/CoreGlyphsPrivate.bundle/Assets.car
2026-08-17 11:34:36.967 Db YourSofia[1177:3235c0] [com.apple.defaults:User Defaults] found no value for key _NSRaiseWithRecursiveLayoutRequest in CFPrefsSearchListSource<0x600002c04180> (Domain: bg.sofia.yoursofia, Container: (null) Non-launch persona: 0)
2026-08-17 11:34:36.967 Db YourSofia[1177:3235c0] [com.apple.defaults:User Defaults] found no value for key _NSAllowsScreenFontKerning in CFPrefsSearchListSource<0x600002c04180> (Domain: bg.sofia.yoursofia, Container: (null) Non-launch persona: 0)
2026-08-17 11:34:36.968 Db YourSofia[1177:3235b7] [com.apple.CFBundle:loading] dlfcn check load bundle CFBundle 0x600003b3baa0 </Library/Developer/CoreSimulator/Volumes/iOS_23D8133/Library/Developer/CoreSimulator/Profiles/Runtimes/iOS 26.3.simruntime/Contents/Resources/RuntimeRoot/System/Library/AccessibilityBundles/SafariServices.axbundle> (not loaded), dlopen of /Library/Developer/CoreSimulator/Volumes/iOS_23D8133/Library/Developer/CoreSimulator/Profiles/Runtimes/iOS 26.3.simruntime/Contents/Resources/RuntimeRoot/System/Library/AccessibilityBundles/SafariServices.axbundle/SafariServices mode 0x115 no handle
2026-08-17 11:34:36.970 I  YourSofia[1177:3235b5] [com.wix.DetoxSync:DTXJSTimerSyncResource] [DTXJSTimerSyncResource] Observing timer 3 with duration 0.00 ms
2026-08-17 11:34:36.970 I  YourSofia[1177:3235c0] [com.facebook.react.log:javascript] [Notifications] registerAndSendToken called
2026-08-17 11:34:36.970 I  YourSofia[1177:3235c0] [com.facebook.react.log:javascript] [Notifications] Not a physical device — push tokens are not supported on simulators
2026-08-17 11:34:36.972 I  YourSofia[1177:3235c0] [com.facebook.react.log:javascript] [Notifications] No token returned from registerForPushNotificationsAsync
2026-08-17 11:34:36.971 Db YourSofia[1177:3235bd] [com.apple.defaults:User Defaults] found no value for key ImageIO_CopyInputData in CFPrefsSearchListSource<0x600002c04180> (Domain: bg.sofia.yoursofia, Container: (null) Non-launch persona: 0)
2026-08-17 11:34:36.974 Db YourSofia[1177:3235bd] [com.apple.defaults:User Defaults] found no value for key ImageIO_CopyInputData in CFPrefsPlistSource<0x600002c09f80> (Domain: com.apple.ImageIO, User: kCFPreferencesCurrentUser, ByHost: No, Container: (null), Contents Need Refresh: No)
2026-08-17 11:34:36.975 Db YourSofia[1177:323578] [com.apple.defaults:User Defaults] found no value for key UseNewAXBundleLoader in CFPrefsSearchListSource<0x600002c29300> (Domain: com.apple.Accessibility, Container: /Users/valentinasenov/Library/Developer/CoreSimulator/Devices/4EC5F74C-5A9C-4D89-8E44-374310E684AE/data Non-launch persona: 0)
2026-08-17 11:34:36.975 Db YourSofia[1177:323578] [com.apple.defaults:User Defaults] found no value for key UseNewAXBundleLoader in CFPrefsSearchListSource<0x600002c08c00> (Domain: com.apple.Accessibility, Container: (null) Non-launch persona: 0)
2026-08-17 11:34:36.975 Db YourSofia[1177:323578] [com.apple.CFBundle:resources] Resource lookup at CFBundle 0x600003b04540 </Users/valentinasenov/Library/Developer/CoreSimulator/Devices/4EC5F74C-5A9C-4D89-8E44-374310E684AE/data/Containers/Bundle/Application/F3147808-5ECA-491B-9ADC-3DA9921C01A2/YourSofia.app> (executable, loaded)
	Request       : InfoPlist type: strings
	Result        : None
2026-08-17 11:34:36.981 A  YourSofia[1177:3235b6] (Security) SecItemCopyMatching_ios
2026-08-17 11:34:36.975 Db YourSofia[1177:3235b7] [com.apple.CFBundle:loading] dlfcn load framework CFBundle 0x600003b3baa0 </Library/Developer/CoreSimulator/Volumes/iOS_23D8133/Library/Developer/CoreSimulator/Profiles/Runtimes/iOS 26.3.simruntime/Contents/Resources/RuntimeRoot/System/Library/AccessibilityBundles/SafariServices.axbundle> (framework, not loaded), dlopen of /Library/Developer/CoreSimulator/Volumes/iOS_23D8133/Library/Developer/CoreSimulator/Profiles/Runtimes/iOS 26.3.simruntime/Contents/Resources/RuntimeRoot/System/Library/AccessibilityBundles/SafariServices.axbundle/SafariServices mode 0x109 returns handle 0xf810e1
2026-08-17 11:34:36.983 Db YourSofia[1177:323578] [com.apple.CFBundle:resources] Resource lookup at CFBundle 0x600003b04540 </Users/valentinasenov/Library/Developer/CoreSimulator/Devices/4EC5F74C-5A9C-4D89-8E44-374310E684AE/data/Containers/Bundle/Application/F3147808-5ECA-491B-9ADC-3DA9921C01A2/YourSofia.app> (executable, loaded)
	Request       : InfoPlist type: stringsdict
	Result        : None
2026-08-17 11:34:36.983 Df YourSofia[1177:3235b6] [com.apple.securityd:thread-local-client-debug] SecSecurityClientGet new thread!
2026-08-17 11:34:36.984 Db YourSofia[1177:3235b7] [com.apple.defaults:User Defaults] found no value for key UseNewAXBundleLoader in CFPrefsSearchListSource<0x600002c29300> (Domain: com.apple.Accessibility, Container: /Users/valentinasenov/Library/Developer/CoreSimulator/Devices/4EC5F74C-5A9C-4D89-8E44-374310E684AE/data Non-launch persona: 0)
2026-08-17 11:34:36.984 Db YourSofia[1177:3235b7] [com.apple.defaults:User Defaults] found no value for key UseNewAXBundleLoader in CFPrefsSearchListSource<0x600002c08c00> (Domain: com.apple.Accessibility, Container: (null) Non-launch persona: 0)
2026-08-17 11:34:36.985 Db YourSofia[1177:3235b7] [com.apple.CFBundle:loading] dlfcn check load bundle CFBundle 0x600003b1c460 </Library/Developer/CoreSimulator/Volumes/iOS_23D8133/Library/Developer/CoreSimulator/Profiles/Runtimes/iOS 26.3.simruntime/Contents/Resources/RuntimeRoot/System/Library/AccessibilityBundles/RealityFoundation.axbundle> (not loaded), dlopen of /Library/Developer/CoreSimulator/Volumes/iOS_23D8133/Library/Developer/CoreSimulator/Profiles/Runtimes/iOS 26.3.simruntime/Contents/Resources/RuntimeRoot/System/Library/AccessibilityBundles/RealityFoundation.axbundle/RealityFoundation mode 0x115 no handle
2026-08-17 11:34:36.987 I  YourSofia[1177:3235d5] [com.wix.DetoxSync:DTXJSTimerSyncResource] [DTXJSTimerSyncResource] Timer 3 completed after 17.10 ms
2026-08-17 11:34:36.987 I  YourSofia[1177:3235c0] [com.facebook.react.log:javascript] '[fetchNews] Request URL:', 'https://your.sofia.bg/api/news?locale=bg&limit=4&page=1&depth=1&sort=-publishedAt&where%5Bstatus%5D%5Bequals%5D=published&where%5Btopic%5D%5Bequals%5D=release-notes'
2026-08-17 11:34:36.987 I  YourSofia[1177:3235b6] [com.wix.DetoxSync:DTXJSTimerSyncResource] [DTXJSTimerSyncResource] Observing timer 4 with duration 0.00 ms
2026-08-17 11:34:36.988 I  YourSofia[1177:3235c0] [com.facebook.react.log:javascript] '[EnvironmentManager] Loaded stored environment:', null
2026-08-17 11:34:36.988 I  YourSofia[1177:3235c0] [com.facebook.react.log:javascript] '[EnvironmentManager] Using default environment:', 'production', 'API URL:', 'https://your.sofia.bg'
2026-08-17 11:34:36.988 I  YourSofia[1177:3235c0] [com.facebook.react.log:javascript] 'Unique Reporter ID initialized:', '9562FCD2-CEAF-48A6-9846-5E88823D4996'
2026-08-17 11:34:36.985 Db YourSofia[1177:323578] [com.apple.defaults:User Defaults] found no value for key Log_UIVisualStyleRegistry in CFPrefsSearchListSource<0x600002c05c00> (Domain: com.apple.UIKit, Container: (null) Non-launch persona: 0)
2026-08-17 11:34:36.988 Df YourSofia[1177:3235d5] [com.apple.CFNetwork:Default] Task <B870F218-0877-437B-B598-575FF12E8437>.<1> resuming, timeouts(0.0, 604800.0) qos(0x19) voucher((null)) activity(00000000-0000-0000-0000-000000000000)
2026-08-17 11:34:36.988 Db YourSofia[1177:3235bd] [com.apple.defaults:User Defaults] found no value for key CGImageMarkAllowTemplateMethodInteger in CFPrefsPlistSource<0x600002c08400> (Domain: bg.sofia.yoursofia, User: kCFPreferencesCurrentUser, ByHost: No, Container: (null), Contents Need Refresh: No)
2026-08-17 11:34:36.991 Db YourSofia[1177:3235d5] [com.apple.network:activity] Returning should log: 0 for activity cfnetwork:foreground_task
2026-08-17 11:34:36.991 Df YourSofia[1177:323578] [com.apple.UIKit:_UIVisualStyleRegistry] Warning: no visual style classes have been registered at all.
2026-08-17 11:34:36.991 Db YourSofia[1177:3235d5] [com.apple.network:activity] Domain cfnetwork rate configured in registry as 1 / 20000
2026-08-17 11:34:36.991 Db YourSofia[1177:3235bd] [com.apple.defaults:User Defaults] found no value for key CGImageMarkAllowTemplateMethodInteger in CFPrefsPlistSource<0x600002c08400> (Domain: bg.sofia.yoursofia, User: kCFPreferencesCurrentUser, ByHost: No, Container: (null), Contents Need Refresh: No)
2026-08-17 11:34:36.991 Df YourSofia[1177:323578] [com.apple.UIKit:_UIVisualStyleRegistry] Warning: no visual style classes have been registered at all.
2026-08-17 11:34:36.991 Df YourSofia[1177:323578] [com.apple.UIKit:_UIVisualStyleRegistry] Note: no default visual style class registered as fallback for stylable class UIActivityIndicatorView
2026-08-17 11:34:36.991 Db YourSofia[1177:3235bd] [com.apple.defaults:User Defaults] found no value for key CGImageMarkAllowTemplateMethodInteger in CFPrefsPlistSource<0x600002c08680> (Domain: kCFPreferencesAnyApplication, User: kCFPreferencesCurrentUser, ByHost: No, Container: (null), Contents Need Refresh: No)
2026-08-17 11:34:36.992 Df YourSofia[1177:323578] [com.apple.UIKit:_UIVisualStyleRegistry] Note: no default visual style class registered as fallback for stylable class UIActivityIndicatorView
2026-08-17 11:34:36.991 Db YourSofia[1177:3235d5] [com.apple.network:activity] Domain cfnetwork rate configured after remote default override as 1 / 20000
2026-08-17 11:34:36.992 Db YourSofia[1177:3235bd] [com.apple.defaults:User Defaults] found no value for key CGImageMarkAllowTemplateMethodInteger in CFPrefsPlistSource<0x600002c08680> (Domain: kCFPreferencesAnyApplication, User: kCFPreferencesCurrentUser, ByHost: No, Container: (null), Contents Need Refresh: No)
2026-08-17 11:34:36.992 Db YourSofia[1177:3235d5] [com.apple.network:activity] After reading settings plist, domain cfnetwork rate configured as 1 / 2000000
2026-08-17 11:34:36.992 Df YourSofia[1177:323578] [PrototypeTools:domain] Not observing PTDefaults on customer install.
2026-08-17 11:34:36.992 Db YourSofia[1177:3235bd] [com.apple.defaults:User Defaults] found no value for key CGResamplingAllowTemplateMethod in CFPrefsPlistSource<0x600002c08400> (Domain: bg.sofia.yoursofia, User: kCFPreferencesCurrentUser, ByHost: No, Container: (null), Contents Need Refresh: No)
2026-08-17 11:34:36.992 Db YourSofia[1177:3235d5] [com.apple.network:activity] After settings override, domain cfnetwork rate configured as 1 / 2000000
2026-08-17 11:34:36.992 Db YourSofia[1177:3235bd] [com.apple.defaults:User Defaults] found no value for key CGResamplingAllowTemplateMethod in CFPrefsPlistSource<0x600002c08400> (Domain: bg.sofia.yoursofia, User: kCFPreferencesCurrentUser, ByHost: No, Container: (null), Contents Need Refresh: No)
2026-08-17 11:34:36.992 Db YourSofia[1177:3235d5] [com.apple.network:activity] Final domain cfnetwork rate configured as 1 / 2000000
2026-08-17 11:34:36.992 Db YourSofia[1177:3235bd] [com.apple.defaults:User Defaults] found no value for key CGResamplingAllowTemplateMethod in CFPrefsPlistSource<0x600002c08680> (Domain: kCFPreferencesAnyApplication, User: kCFPreferencesCurrentUser, ByHost: No, Container: (null), Contents Need Refresh: No)
2026-08-17 11:34:36.992 Db YourSofia[1177:3235bd] [com.apple.defaults:User Defaults] found no value for key CGResamplingAllowTemplateMethod in CFPrefsPlistSource<0x600002c08680> (Domain: kCFPreferencesAnyApplication, User: kCFPreferencesCurrentUser, ByHost: No, Container: (null), Contents Need Refresh: No)
2026-08-17 11:34:36.992 Db YourSofia[1177:3235d5] [com.apple.network:activity] <nw_activity 12:2 [No UUID] (reporting strategy default)> sampled at 1 / 2000000
2026-08-17 11:34:36.992 Db YourSofia[1177:3235d5] [com.apple.network:activity] Returning should log: 0 for activity cfnetwork:foreground_task
2026-08-17 11:34:36.992 Db YourSofia[1177:3235d5] [com.apple.network:activity] Returning should log: 0 for activity cfnetwork:foreground_task
2026-08-17 11:34:36.992 Db YourSofia[1177:3235d5] [com.apple.CFNetwork:Default] [Telemetry]: Activity <nw_activity 12:2 [60CA447E-427C-4F10-B368-CFF349074F91] (reporting strategy default)> on Task <B870F218-0877-437B-B598-575FF12E8437>.<1> was not selected for reporting
2026-08-17 11:34:36.993 Db YourSofia[1177:3235b6] [com.apple.CFNetwork:ATS] Task <B870F218-0877-437B-B598-575FF12E8437>.<1> {strength 1, tls 8, sub 0, sig 0, ciphers 1, bundle 0, builtin 0}
2026-08-17 11:34:36.993 Db YourSofia[1177:3235b7] [com.apple.CFBundle:loading] dlfcn load framework CFBundle 0x600003b1c460 </Library/Developer/CoreSimulator/Volumes/iOS_23D8133/Library/Developer/CoreSimulator/Profiles/Runtimes/iOS 26.3.simruntime/Contents/Resources/RuntimeRoot/System/Library/AccessibilityBundles/RealityFoundation.axbundle> (framework, not loaded), dlopen of /Library/Developer/CoreSimulator/Volumes/iOS_23D8133/Library/Developer/CoreSimulator/Profiles/Runtimes/iOS 26.3.simruntime/Contents/Resources/RuntimeRoot/System/Library/AccessibilityBundles/RealityFoundation.axbundle/RealityFoundation mode 0x109 returns handle 0xf81921
2026-08-17 11:34:36.993 Df YourSofia[1177:3235b6] [com.apple.CFNetwork:Default] Connection 0: creating secure tcp or quic connection
2026-08-17 11:34:36.993 I  YourSofia[1177:3235b6] [com.apple.network:connection] nw_connection_create_with_id [C3] create connection to Hostname#57c872f4:443
2026-08-17 11:34:36.993 I  YourSofia[1177:3235b6] [com.apple.network:connection] nw_connection_create_with_id_block_invoke [C3] has alternative UNKNOWN for quic
2026-08-17 11:34:36.993 Df YourSofia[1177:3235b6] [com.apple.CFNetwork:Default] Connection 3: enabling TLS
2026-08-17 11:34:36.993 Df YourSofia[1177:3235b6] [com.apple.CFNetwork:Default] Connection 3: starting, TC(0x0)
2026-08-17 11:34:36.993 Df YourSofia[1177:3235b6] [com.apple.network:connection] [C3 B948AF32-E3D3-4D84-86E8-B0B2FDFA956D Hostname#57c872f4:443 quic-connection, url: https://your.sofia.bg/api/news, definite, attribution: developer, context: com.apple.CFNetwork.NSURLSession.{FFBAD065-B748-4491-8F4B-2F1D6F1BF620}{(null)}{Y}{2}{0x0} (private), proc: DDAE0ACD-06B9-3DE6-879D-DE3D6508ACC1, delegated upid: 0] start
2026-08-17 11:34:36.993 I  YourSofia[1177:3235b6] [com.apple.network:connection] nw_endpoint_handler_start [C3 Hostname#57c872f4:443 initial parent-flow ((null))]
2026-08-17 11:34:36.993 Df YourSofia[1177:3235b6] [com.apple.network:connection] [C3 Hostname#57c872f4:443 initial parent-flow ((null))] event: path:start @0.000s
2026-08-17 11:34:36.993 Db YourSofia[1177:3235b7] [com.apple.defaults:User Defaults] found no value for key UseNewAXBundleLoader in CFPrefsSearchListSource<0x600002c29300> (Domain: com.apple.Accessibility, Container: /Users/valentinasenov/Library/Developer/CoreSimulator/Devices/4EC5F74C-5A9C-4D89-8E44-374310E684AE/data Non-launch persona: 0)
2026-08-17 11:34:36.994 Db YourSofia[1177:3235b7] [com.apple.defaults:User Defaults] found no value for key UseNewAXBundleLoader in CFPrefsSearchListSource<0x600002c08c00> (Domain: com.apple.Accessibility, Container: (null) Non-launch persona: 0)
2026-08-17 11:34:36.994 Db YourSofia[1177:3235b6] [com.apple.network:connection] nw_endpoint_handler_path_change [C3 Hostname#57c872f4:443 waiting parent-flow (satisfied (Path is satisfied), interface: en0[802.11], uses wifi, LQM: unknown)]
2026-08-17 11:34:36.994 Db YourSofia[1177:3235b6] [com.apple.networkextension:] ne_tracker_check_is_hostname_blocked() proceeding with the in_the_app check for hostname: your.sofia.bg
2026-08-17 11:34:36.994 Db YourSofia[1177:3235b6] [com.apple.CFBundle:resources] Resource lookup at CFBundle 0x600003b04540 </Users/valentinasenov/Library/Developer/CoreSimulator/Devices/4EC5F74C-5A9C-4D89-8E44-374310E684AE/data/Containers/Bundle/Application/F3147808-5ECA-491B-9ADC-3DA9921C01A2/YourSofia.app> (executable, loaded)
	Request       : InfoPlist type: strings
	Result        : None
2026-08-17 11:34:36.994 Db YourSofia[1177:3235b6] [com.apple.CFBundle:resources] Resource lookup at CFBundle 0x600003b04540 </Users/valentinasenov/Library/Developer/CoreSimulator/Devices/4EC5F74C-5A9C-4D89-8E44-374310E684AE/data/Containers/Bundle/Application/F3147808-5ECA-491B-9ADC-3DA9921C01A2/YourSofia.app> (executable, loaded)
	Request       : InfoPlist type: stringsdict
	Result        : None
2026-08-17 11:34:36.994 Db YourSofia[1177:3235b6] [com.apple.networkextension:] ne_tracker_check_is_hostname_blocked(): hostname your.sofia.bg is not a tracker. Returning: ne_tracker_status_none
2026-08-17 11:34:36.994 Df YourSofia[1177:3235b6] [com.apple.network:connection] [C3 Hostname#57c872f4:443 waiting parent-flow (satisfied (Path is satisfied), interface: en0[802.11], uses wifi, LQM: unknown)] event: path:satisfied @0.000s, uuid: 208820F4-D81E-4602-87C6-DA9E171AC36B
2026-08-17 11:34:36.994 I  YourSofia[1177:3235b6] [com.apple.network:connection] nw_connection_endpoint_report_on_nw_queue_block_invoke [C3 Hostname#57c872f4:443 waiting parent-flow (satisfied (Path is satisfied), interface: en0[802.11], uses wifi, LQM: unknown)] skipping state update
2026-08-17 11:34:36.994 Db YourSofia[1177:3235b6] [com.apple.network:connection] nw_endpoint_flow_attach_protocols [C3 Hostname#57c872f4:443 in_progress parent-flow (satisfied (Path is satisfied), interface: en0[802.11], uses wifi, LQM: unknown)]
2026-08-17 11:34:36.994 Db YourSofia[1177:3235b6] [com.apple.network:connection] nw_endpoint_flow_attach_protocols [C3 Hostname#57c872f4:443 in_progress parent-flow (satisfied (Path is satisfied), interface: en0[802.11], uses wifi, LQM: unknown)] stopping after adding persistent application protocols
2026-08-17 11:34:36.994 Db YourSofia[1177:3235b6] [com.apple.network:connection] nw_endpoint_flow_setup_protocols [C3 Hostname#57c872f4:443 in_progress parent-flow (satisfied (Path is satisfied), interface: en0[802.11], uses wifi, LQM: unknown)] persistent protocol stack, starting
2026-08-17 11:34:36.994 Df YourSofia[1177:3235b6] [com.apple.network:connection] [C3 Hostname#57c872f4:443 in_progress parent-flow (satisfied (Path is satisfied), interface: en0[802.11], uses wifi, LQM: unknown)] event: flow:start_connect @0.000s
2026-08-17 11:34:36.994 Df YourSofia[1177:3235b6] [com.apple.network:connection] nw_connection_report_state_with_handler_on_nw_queue [C3] reporting state preparing
2026-08-17 11:34:36.994 I  YourSofia[1177:3235b6] [com.apple.network:connection] nw_endpoint_flow_connect [C3 Hostname#57c872f4:443 in_progress parent-flow (satisfied (Path is satisfied), interface: en0[802.11], uses wifi, LQM: unknown)] connect bottom protocol
2026-08-17 11:34:36.994 Db YourSofia[1177:3235b6] [com.apple.network:connection] nw_endpoint_flow_start_child [C3 Hostname#57c872f4:443 in_progress parent-flow (satisfied (Path is satisfied), interface: en0[802.11], uses wifi, LQM: unknown)] creating and starting child handler
2026-08-17 11:34:36.994 Db YourSofia[1177:3235b6] [com.apple.network:] nw_endpoint_proxy_handler_should_use_proxy Looking up proxy for hostname: your.sofia.bg, ifindex: 0
2026-08-17 11:34:36.994 Db YourSofia[1177:323578] [com.apple.defaults:User Defaults] found no value for key UIBarsApplyChromelessEverywhere in CFPrefsSearchListSource<0x600002c04180> (Domain: bg.sofia.yoursofia, Container: (null) Non-launch persona: 0)
2026-08-17 11:34:36.994 Db YourSofia[1177:3235b6] [com.apple.SystemConfiguration:SCPreferences] create <SCPreferences 0x105704ec0 [0x1e6193a48]> {name = SCDynamicStoreCopyProxiesWithOptions, id = /Library/Managed Preferences/mobile/com.apple.SystemConfiguration.plist, path = /Library/Managed Preferences/mobile/com.apple.SystemConfiguration.plist}
2026-08-17 11:34:36.994 Db YourSofia[1177:3235b6] [com.apple.SystemConfiguration:SCPreferences] SCPreferences() access: /Library/Managed Preferences/mobile/com.apple.SystemConfiguration.plist, size=0
2026-08-17 11:34:36.994 Db YourSofia[1177:3235b6] [com.apple.SystemConfiguration:SCPreferences] release <SCPreferences 0x105704ec0 [0x1e6193a48]> {name = SCDynamicStoreCopyProxiesWithOptions, id = /Library/Managed Preferences/mobile/com.apple.SystemConfiguration.plist, path = /Library/Managed Preferences/mobile/com.apple.SystemConfiguration.plist, accessed}
2026-08-17 11:34:36.995 Db YourSofia[1177:3235b7] [com.apple.CFBundle:loading] dlfcn check load bundle CFBundle 0x600003b10460 </Library/Developer/CoreSimulator/Volumes/iOS_23D8133/Library/Developer/CoreSimulator/Profiles/Runtimes/iOS 26.3.simruntime/Contents/Resources/RuntimeRoot/System/Library/AccessibilityBundles/MediaPlayerFramework.axbundle> (not loaded), dlopen of /Library/Developer/CoreSimulator/Volumes/iOS_23D8133/Library/Developer/CoreSimulator/Profiles/Runtimes/iOS 26.3.simruntime/Contents/Resources/RuntimeRoot/System/Library/AccessibilityBundles/MediaPlayerFramework.axbundle/MediaPlayerFramework mode 0x115 no handle
2026-08-17 11:34:36.994 Df YourSofia[1177:3235b6] [com.apple.network:connection] [C3 Hostname#57c872f4:443 in_progress parent-flow (satisfied (Path is satisfied), interface: en0[802.11], uses wifi, LQM: unknown)] event: flow:start_child @0.000s
2026-08-17 11:34:36.995 I  YourSofia[1177:3235b6] [com.apple.network:connection] nw_endpoint_handler_start [C3.1 Hostname#57c872f4:443 initial path ((null))]
2026-08-17 11:34:36.995 Db YourSofia[1177:3235b6] [com.apple.network:connection] nw_endpoint_flow_receive_report [C3 Hostname#57c872f4:443 in_progress parent-flow (satisfied (Path is satisfied), interface: en0[802.11], uses wifi, LQM: unknown)] received child report: [C3.1 Hostname#57c872f4:443 initial path ((null))]
2026-08-17 11:34:36.995 Df YourSofia[1177:3235b6] [com.apple.network:connection] [C3.1 Hostname#57c872f4:443 initial path ((null))] event: path:start @0.001s
2026-08-17 11:34:36.995 Db YourSofia[1177:323578] [com.apple.defaults:User Defaults] found no value for key NSLanguageAwareLineSpacingAdjustmentsON in CFPrefsSearchListSource<0x600002c04180> (Domain: bg.sofia.yoursofia, Container: (null) Non-launch persona: 0)
2026-08-17 11:34:36.995 Db YourSofia[1177:3235b6] [com.apple.network:connection] nw_endpoint_handler_path_change [C3.1 Hostname#57c872f4:443 waiting path (satisfied (Path is satisfied), interface: en0[802.11], uses wifi, LQM: unknown)]
2026-08-17 11:34:37.001 Db YourSofia[1177:3235b6] [com.apple.networkextension:] ne_tracker_check_is_hostname_blocked() proceeding with the in_the_app check for hostname: your.sofia.bg
2026-08-17 11:34:37.001 Db YourSofia[1177:3235b7] [com.apple.CFBundle:loading] dlfcn load framework CFBundle 0x600003b10460 </Library/Developer/CoreSimulator/Volumes/iOS_23D8133/Library/Developer/CoreSimulator/Profiles/Runtimes/iOS 26.3.simruntime/Contents/Resources/RuntimeRoot/System/Library/AccessibilityBundles/MediaPlayerFramework.axbundle> (framework, not loaded), dlopen of /Library/Developer/CoreSimulator/Volumes/iOS_23D8133/Library/Developer/CoreSimulator/Profiles/Runtimes/iOS 26.3.simruntime/Contents/Resources/RuntimeRoot/System/Library/AccessibilityBundles/MediaPlayerFramework.axbundle/MediaPlayerFramework mode 0x109 returns handle 0xf81d01
2026-08-17 11:34:37.001 Db YourSofia[1177:3235b6] [com.apple.CFBundle:resources] Resource lookup at CFBundle 0x600003b04540 </Users/valentinasenov/Library/Developer/CoreSimulator/Devices/4EC5F74C-5A9C-4D89-8E44-374310E684AE/data/Containers/Bundle/Application/F3147808-5ECA-491B-9ADC-3DA9921C01A2/YourSofia.app> (executable, loaded)
	Request       : InfoPlist type: strings
	Result        : None
2026-08-17 11:34:37.001 Db YourSofia[1177:3235b6] [com.apple.CFBundle:resources] Resource lookup at CFBundle 0x600003b04540 </Users/valentinasenov/Library/Developer/CoreSimulator/Devices/4EC5F74C-5A9C-4D89-8E44-374310E684AE/data/Containers/Bundle/Application/F3147808-5ECA-491B-9ADC-3DA9921C01A2/YourSofia.app> (executable, loaded)
	Request       : InfoPlist type: stringsdict
	Result        : None
2026-08-17 11:34:37.001 Db YourSofia[1177:3235b6] [com.apple.networkextension:] ne_tracker_check_is_hostname_blocked(): hostname your.sofia.bg is not a tracker. Returning: ne_tracker_status_none
2026-08-17 11:34:37.001 Db YourSofia[1177:3235b6] [com.apple.network:connection] nw_endpoint_flow_receive_report [C3 Hostname#57c872f4:443 in_progress parent-flow (satisfied (Path is satisfied), interface: en0[802.11], uses wifi, LQM: unknown)] received child report: [C3.1 Hostname#57c872f4:443 waiting path (satisfied (Path is satisfied), interface: en0[802.11], uses wifi, LQM: unknown)]
2026-08-17 11:34:37.001 Df YourSofia[1177:3235b6] [com.apple.network:connection] [C3.1 Hostname#57c872f4:443 waiting path (satisfied (Path is satisfied), interface: en0[802.11], uses wifi, LQM: unknown)] event: path:satisfied @0.007s, uuid: 208820F4-D81E-4602-87C6-DA9E171AC36B
2026-08-17 11:34:37.002 Db YourSofia[1177:3235b7] [com.apple.defaults:User Defaults] found no value for key UseNewAXBundleLoader in CFPrefsSearchListSource<0x600002c29300> (Domain: com.apple.Accessibility, Container: /Users/valentinasenov/Library/Developer/CoreSimulator/Devices/4EC5F74C-5A9C-4D89-8E44-374310E684AE/data Non-launch persona: 0)
2026-08-17 11:34:37.002 Db YourSofia[1177:3235b7] [com.apple.defaults:User Defaults] found no value for key UseNewAXBundleLoader in CFPrefsSearchListSource<0x600002c08c00> (Domain: com.apple.Accessibility, Container: (null) Non-launch persona: 0)
2026-08-17 11:34:37.002 Db YourSofia[1177:323578] [com.apple.defaults:User Defaults] found no value for key BarUseDynamicType in CFPrefsSearchListSource<0x600002c05c00> (Domain: com.apple.UIKit, Container: (null) Non-launch persona: 0)
2026-08-17 11:34:37.002 Db YourSofia[1177:3235b6] [com.apple.network:connection] -[NWConcrete_nw_endpoint_transform startWithHandler:] [C3.1 Hostname#57c872f4:443 waiting transform (satisfied (Path is satisfied), interface: en0[802.11], uses wifi, LQM: unknown)]
2026-08-17 11:34:37.002 Db YourSofia[1177:3235b6] [com.apple.network:connection] nw_endpoint_flow_receive_report [C3 Hostname#57c872f4:443 in_progress parent-flow (satisfied (Path is satisfied), interface: en0[802.11], uses wifi, LQM: unknown)] received child report: [C3.1 Hostname#57c872f4:443 in_progress transform (satisfied (Path is satisfied), interface: en0[802.11], uses wifi, LQM: unknown)]
2026-08-17 11:34:37.002 Df YourSofia[1177:3235b6] [com.apple.network:connection] [C3.1 Hostname#57c872f4:443 in_progress transform (satisfied (Path is satisfied), interface: en0[802.11], uses wifi, LQM: unknown)] event: transform:start @0.008s
2026-08-17 11:34:37.002 Db YourSofia[1177:3235b6] [com.apple.network:connection] nw_endpoint_transform_add_children_block_invoke [C3.1 Hostname#57c872f4:443 in_progress transform (satisfied (Path is satisfied), interface: en0[802.11], uses wifi, LQM: unknown)] Transform including protocol quic cannot be used, unknown endpoint
2026-08-17 11:34:37.002 I  YourSofia[1177:3235b6] [com.apple.network:connection] nw_endpoint_handler_start [C3.1.1 Hostname#57c872f4:443 initial path ((null))]
2026-08-17 11:34:37.002 Db YourSofia[1177:3235b6] [com.apple.network:connection] nw_endpoint_transform_receive_report [C3.1 Hostname#57c872f4:443 in_progress transform (satisfied (Path is satisfied), interface: en0[802.11], uses wifi, LQM: unknown)] received child report: [C3.1.1 Hostname#57c872f4:443 initial path ((null))]
2026-08-17 11:34:37.002 Db YourSofia[1177:3235b6] [com.apple.network:connection] nw_endpoint_flow_receive_report [C3 Hostname#57c872f4:443 in_progress parent-flow (satisfied (Path is satisfied), interface: en0[802.11], uses wifi, LQM: unknown)] received child report: [C3.1.1 Hostname#57c872f4:443 initial path ((null))]
2026-08-17 11:34:37.002 Df YourSofia[1177:3235b6] [com.apple.network:connection] [C3.1.1 Hostname#57c872f4:443 initial path ((null))] event: path:start @0.008s
2026-08-17 11:34:37.002 Db YourSofia[1177:323578] [com.apple.defaults:User Defaults] found no value for key DetectTextLayoutIssues in CFPrefsSearchListSource<0x600002c05c00> (Domain: com.apple.UIKit, Container: (null) Non-launch persona: 0)
2026-08-17 11:34:37.002 Db YourSofia[1177:3235b6] [com.apple.network:connection] nw_endpoint_handler_path_change [C3.1.1 Hostname#57c872f4:443 waiting path (satisfied (Path is satisfied), interface: en0[802.11], uses wifi, LQM: unknown)]
2026-08-17 11:34:37.002 Db YourSofia[1177:3235b7] [com.apple.CFBundle:loading] dlfcn check load bundle CFBundle 0x600003b2c620 </Library/Developer/CoreSimulator/Volumes/iOS_23D8133/Library/Developer/CoreSimulator/Profiles/Runtimes/iOS 26.3.simruntime/Contents/Resources/RuntimeRoot/System/Library/AccessibilityBundles/TelephonyUIFramework.axbundle> (not loaded), dlopen of /Library/Developer/CoreSimulator/Volumes/iOS_23D8133/Library/Developer/CoreSimulator/Profiles/Runtimes/iOS 26.3.simruntime/Contents/Resources/RuntimeRoot/System/Library/AccessibilityBundles/TelephonyUIFramework.axbundle/TelephonyUIFramework mode 0x115 no handle
2026-08-17 11:34:37.002 Db YourSofia[1177:3235b6] [com.apple.networkextension:] ne_tracker_check_is_hostname_blocked() proceeding with the in_the_app check for hostname: your.sofia.bg
2026-08-17 11:34:37.002 Db YourSofia[1177:3235b6] [com.apple.CFBundle:resources] Resource lookup at CFBundle 0x600003b04540 </Users/valentinasenov/Library/Developer/CoreSimulator/Devices/4EC5F74C-5A9C-4D89-8E44-374310E684AE/data/Containers/Bundle/Application/F3147808-5ECA-491B-9ADC-3DA9921C01A2/YourSofia.app> (executable, loaded)
	Request       : InfoPlist type: strings
	Result        : None
2026-08-17 11:34:37.002 Db YourSofia[1177:323578] [com.apple.defaults:User Defaults] found no value for key BarAppearanceVersion in CFPrefsSearchListSource<0x600002c04180> (Domain: bg.sofia.yoursofia, Container: (null) Non-launch persona: 0)
2026-08-17 11:34:37.002 Db YourSofia[1177:3235b6] [com.apple.CFBundle:resources] Resource lookup at CFBundle 0x600003b04540 </Users/valentinasenov/Library/Developer/CoreSimulator/Devices/4EC5F74C-5A9C-4D89-8E44-374310E684AE/data/Containers/Bundle/Application/F3147808-5ECA-491B-9ADC-3DA9921C01A2/YourSofia.app> (executable, loaded)
	Request       : InfoPlist type: stringsdict
	Result        : None
2026-08-17 11:34:37.008 Db YourSofia[1177:323578] [com.apple.defaults:User Defaults] found no value for key BarAppearanceVersion in CFPrefsSearchListSource<0x600002c05c00> (Domain: com.apple.UIKit, Container: (null) Non-launch persona: 0)
2026-08-17 11:34:37.008 Db YourSofia[1177:3235b6] [com.apple.networkextension:] ne_tracker_check_is_hostname_blocked(): hostname your.sofia.bg is not a tracker. Returning: ne_tracker_status_none
2026-08-17 11:34:37.008 Db YourSofia[1177:323578] [com.apple.defaults:User Defaults] found no value for key BarAppearanceVersionOverride in CFPrefsSearchListSource<0x600002c05c00> (Domain: com.apple.UIKit, Container: (null) Non-launch persona: 0)
2026-08-17 11:34:37.008 Db YourSofia[1177:3235b6] [com.apple.network:connection] nw_endpoint_transform_receive_report [C3.1 Hostname#57c872f4:443 in_progress transform (satisfied (Path is satisfied), interface: en0[802.11], uses wifi, LQM: unknown)] received child report: [C3.1.1 Hostname#57c872f4:443 waiting path (satisfied (Path is satisfied), interface: en0[802.11], uses wifi, LQM: unknown)]
2026-08-17 11:34:37.008 Db YourSofia[1177:3235b6] [com.apple.network:connection] nw_endpoint_flow_receive_report [C3 Hostname#57c872f4:443 in_progress parent-flow (satisfied (Path is satisfied), interface: en0[802.11], uses wifi, LQM: unknown)] received child report: [C3.1.1 Hostname#57c872f4:443 waiting path (satisfied (Path is satisfied), interface: en0[802.11], uses wifi, LQM: unknown)]
2026-08-17 11:34:37.008 Df YourSofia[1177:3235b6] [com.apple.network:connection] [C3.1.1 Hostname#57c872f4:443 waiting path (satisfied (Path is satisfied), interface: en0[802.11], uses wifi, LQM: unknown)] event: path:satisfied @0.014s, uuid: 241FA4FA-82DF-4C59-B4F2-CDEABCA6ED28
2026-08-17 11:34:37.008 Db YourSofia[1177:3235b6] [com.apple.network:] nw_endpoint_proxy_handler_should_use_proxy Looking up proxy for hostname: your.sofia.bg, ifindex: 0
2026-08-17 11:34:37.008 Db YourSofia[1177:3235b6] [com.apple.SystemConfiguration:SCPreferences] create <SCPreferences 0x105150900 [0x1e6193a48]> {name = SCDynamicStoreCopyProxiesWithOptions, id = /Library/Managed Preferences/mobile/com.apple.SystemConfiguration.plist, path = /Library/Managed Preferences/mobile/com.apple.SystemConfiguration.plist}
2026-08-17 11:34:37.008 Db YourSofia[1177:3235b6] [com.apple.SystemConfiguration:SCPreferences] SCPreferences() access: /Library/Managed Preferences/mobile/com.apple.SystemConfiguration.plist, size=0
2026-08-17 11:34:37.008 Db YourSofia[1177:3235b6] [com.apple.SystemConfiguration:SCPreferences] release <SCPreferences 0x105150900 [0x1e6193a48]> {name = SCDynamicStoreCopyProxiesWithOptions, id = /Library/Managed Preferences/mobile/com.apple.SystemConfiguration.plist, path = /Library/Managed Preferences/mobile/com.apple.SystemConfiguration.plist, accessed}
2026-08-17 11:34:37.008 Db YourSofia[1177:3235b6] [com.apple.network:connection] -[NWConcrete_nw_endpoint_resolver startWithHandler:] [C3.1.1 Hostname#57c872f4:443 waiting resolver (satisfied (Path is satisfied), interface: en0[802.11], uses wifi, LQM: unknown)]
2026-08-17 11:34:37.009 Db YourSofia[1177:3235b6] [com.apple.network:connection] nw_endpoint_transform_receive_report [C3.1 Hostname#57c872f4:443 in_progress transform (satisfied (Path is satisfied), interface: en0[802.11], uses wifi, LQM: unknown)] received child report: [C3.1.1 Hostname#57c872f4:443 in_progress resolver (satisfied (Path is satisfied), interface: en0[802.11], uses wifi, LQM: unknown)]
2026-08-17 11:34:37.009 Db YourSofia[1177:3235b6] [com.apple.network:connection] nw_endpoint_flow_receive_report [C3 Hostname#57c872f4:443 in_progress parent-flow (satisfied (Path is satisfied), interface: en0[802.11], uses wifi, LQM: unknown)] received child report: [C3.1.1 Hostname#57c872f4:443 in_progress resolver (satisfied (Path is satisfied), interface: en0[802.11], uses wifi, LQM: unknown)]
2026-08-17 11:34:37.009 Df YourSofia[1177:3235b6] [com.apple.network:connection] [C3.1.1 Hostname#57c872f4:443 in_progress resolver (satisfied (Path is satisfied), interface: en0[802.11], uses wifi, LQM: unknown)] event: resolver:start_dns @0.015s
2026-08-17 11:34:37.009 Db YourSofia[1177:3235b7] [com.apple.CFBundle:loading] dlfcn load framework CFBundle 0x600003b2c620 </Library/Developer/CoreSimulator/Volumes/iOS_23D8133/Library/Developer/CoreSimulator/Profiles/Runtimes/iOS 26.3.simruntime/Contents/Resources/RuntimeRoot/System/Library/AccessibilityBundles/TelephonyUIFramework.axbundle> (framework, not loaded), dlopen of /Library/Developer/CoreSimulator/Volumes/iOS_23D8133/Library/Developer/CoreSimulator/Profiles/Runtimes/iOS 26.3.simruntime/Contents/Resources/RuntimeRoot/System/Library/AccessibilityBundles/TelephonyUIFramework.axbundle/TelephonyUIFramework mode 0x109 returns handle 0xf82111
2026-08-17 11:34:37.009 Db YourSofia[1177:3235b6] [com.apple.networkextension:] ne_tracker_check_is_hostname_blocked() proceeding with the in_the_app check for hostname: your.sofia.bg
2026-08-17 11:34:37.009 Db YourSofia[1177:3235b6] [com.apple.CFBundle:resources] Resource lookup at CFBundle 0x600003b04540 </Users/valentinasenov/Library/Developer/CoreSimulator/Devices/4EC5F74C-5A9C-4D89-8E44-374310E684AE/data/Containers/Bundle/Application/F3147808-5ECA-491B-9ADC-3DA9921C01A2/YourSofia.app> (executable, loaded)
	Request       : InfoPlist type: strings
	Result        : None
2026-08-17 11:34:37.009 Db YourSofia[1177:3235b6] [com.apple.CFBundle:resources] Resource lookup at CFBundle 0x600003b04540 </Users/valentinasenov/Library/Developer/CoreSimulator/Devices/4EC5F74C-5A9C-4D89-8E44-374310E684AE/data/Containers/Bundle/Application/F3147808-5ECA-491B-9ADC-3DA9921C01A2/YourSofia.app> (executable, loaded)
	Request       : InfoPlist type: stringsdict
	Result        : None
2026-08-17 11:34:37.009 Db YourSofia[1177:3235b6] [com.apple.networkextension:] ne_tracker_check_is_hostname_blocked(): hostname your.sofia.bg is not a tracker. Returning: ne_tracker_status_none
2026-08-17 11:34:37.009 Db YourSofia[1177:3235b7] [com.apple.defaults:User Defaults] found no value for key UseNewAXBundleLoader in CFPrefsSearchListSource<0x600002c29300> (Domain: com.apple.Accessibility, Container: /Users/valentinasenov/Library/Developer/CoreSimulator/Devices/4EC5F74C-5A9C-4D89-8E44-374310E684AE/data Non-launch persona: 0)
2026-08-17 11:34:37.009 Db YourSofia[1177:3235b7] [com.apple.defaults:User Defaults] found no value for key UseNewAXBundleLoader in CFPrefsSearchListSource<0x600002c08c00> (Domain: com.apple.Accessibility, Container: (null) Non-launch persona: 0)
2026-08-17 11:34:37.009 I  YourSofia[1177:3235b6] [com.apple.network:connection] nw_resolver_create_dns_service_locked [C3.1.1] Starting host resolution Hostname#57c872f4:443, flags 0xc000d000 proto 0
2026-08-17 11:34:37.009 Df YourSofia[1177:3235b6] [com.apple.CFNetwork:Default] Task <B870F218-0877-437B-B598-575FF12E8437>.<1> setting up Connection 3
2026-08-17 11:34:37.009 Db YourSofia[1177:3235b6] [com.apple.network:activity] Returning should log: 0 for activity cfnetwork:foreground_task
2026-08-17 11:34:37.009 I  YourSofia[1177:3235b6] [com.apple.network:connection] nw_resolver_host_resolve_callback [C3.1.1] flags=0x40000002 ifindex=0 error=NoSuchRecord(-65554) hostname=your.sofia.bg. addr=IN6ADDR_ANY ttl=60
2026-08-17 11:34:37.009 Db YourSofia[1177:3235b6] [com.apple.network:connection] nw_endpoint_resolver_update [C3.1.1 Hostname#57c872f4:443 in_progress resolver (satisfied (Path is satisfied), interface: en0[802.11], uses wifi, LQM: unknown)] resolver is in_progress
2026-08-17 11:34:37.009 Db YourSofia[1177:3235b6] [com.apple.network:connection] nw_endpoint_resolver_update [C3.1.1 Hostname#57c872f4:443 in_progress resolver (satisfied (Path is satisfied), interface: en0[802.11], uses wifi, LQM: unknown)] Updated endpoint list is ()
2026-08-17 11:34:37.010 Db YourSofia[1177:3235b7] [com.apple.CFBundle:loading] dlfcn check load bundle CFBundle 0x600003b2c8c0 </Library/Developer/CoreSimulator/Volumes/iOS_23D8133/Library/Developer/CoreSimulator/Profiles/Runtimes/iOS 26.3.simruntime/Contents/Resources/RuntimeRoot/System/Library/AccessibilityBundles/PhotoLibraryServices.axbundle> (not loaded), dlopen of /Library/Developer/CoreSimulator/Volumes/iOS_23D8133/Library/Developer/CoreSimulator/Profiles/Runtimes/iOS 26.3.simruntime/Contents/Resources/RuntimeRoot/System/Library/AccessibilityBundles/PhotoLibraryServices.axbundle/PhotoLibraryServices mode 0x115 no handle
2026-08-17 11:34:37.016 Db YourSofia[1177:3235b7] [com.apple.CFBundle:loading] dlfcn load framework CFBundle 0x600003b2c8c0 </Library/Developer/CoreSimulator/Volumes/iOS_23D8133/Library/Developer/CoreSimulator/Profiles/Runtimes/iOS 26.3.simruntime/Contents/Resources/RuntimeRoot/System/Library/AccessibilityBundles/PhotoLibraryServices.axbundle> (framework, not loaded), dlopen of /Library/Developer/CoreSimulator/Volumes/iOS_23D8133/Library/Developer/CoreSimulator/Profiles/Runtimes/iOS 26.3.simruntime/Contents/Resources/RuntimeRoot/System/Library/AccessibilityBundles/PhotoLibraryServices.axbundle/PhotoLibraryServices mode 0x109 returns handle 0xf82501
2026-08-17 11:34:37.016 Db YourSofia[1177:3235b7] [com.apple.defaults:User Defaults] found no value for key UseNewAXBundleLoader in CFPrefsSearchListSource<0x600002c29300> (Domain: com.apple.Accessibility, Container: /Users/valentinasenov/Library/Developer/CoreSimulator/Devices/4EC5F74C-5A9C-4D89-8E44-374310E684AE/data Non-launch persona: 0)
2026-08-17 11:34:37.016 Db YourSofia[1177:3235b7] [com.apple.defaults:User Defaults] found no value for key UseNewAXBundleLoader in CFPrefsSearchListSource<0x600002c08c00> (Domain: com.apple.Accessibility, Container: (null) Non-launch persona: 0)
2026-08-17 11:34:37.017 Db YourSofia[1177:323578] [com.apple.defaults:User Defaults] found no value for key UIForceFluidParallaxEnabled in CFPrefsSearchListSource<0x600002c05c00> (Domain: com.apple.UIKit, Container: (null) Non-launch persona: 0)
2026-08-17 11:34:37.017 Db YourSofia[1177:3235b7] [com.apple.CFBundle:loading] dlfcn check load bundle CFBundle 0x600003b2c9a0 </Library/Developer/CoreSimulator/Volumes/iOS_23D8133/Library/Developer/CoreSimulator/Profiles/Runtimes/iOS 26.3.simruntime/Contents/Resources/RuntimeRoot/System/Library/AccessibilityBundles/StoreKitFramework.axbundle> (not loaded), dlopen of /Library/Developer/CoreSimulator/Volumes/iOS_23D8133/Library/Developer/CoreSimulator/Profiles/Runtimes/iOS 26.3.simruntime/Contents/Resources/RuntimeRoot/System/Library/AccessibilityBundles/StoreKitFramework.axbundle/StoreKitFramework mode 0x115 no handle
2026-08-17 11:34:37.017 Db YourSofia[1177:323578] [com.apple.defaults:User Defaults] found no value for key UIForceFluidParallaxEnabled in CFPrefsSearchListSource<0x600002c04180> (Domain: bg.sofia.yoursofia, Container: (null) Non-launch persona: 0)
2026-08-17 11:34:37.017 Db YourSofia[1177:323578] [com.apple.CFBundle:strings] Bundle: CFBundle 0x600003b00620 </Library/Developer/CoreSimulator/Volumes/iOS_23D8133/Library/Developer/CoreSimulator/Profiles/Runtimes/iOS 26.3.simruntime/Contents/Resources/RuntimeRoot/System/Library/PrivateFrameworks/UIKitCore.framework> (not loaded), key: Search, value: Search, table: Localizable, localizationNames: (null), result: Search
2026-08-17 11:34:37.023 Db YourSofia[1177:3235b7] [com.apple.CFBundle:loading] dlfcn load framework CFBundle 0x600003b2c9a0 </Library/Developer/CoreSimulator/Volumes/iOS_23D8133/Library/Developer/CoreSimulator/Profiles/Runtimes/iOS 26.3.simruntime/Contents/Resources/RuntimeRoot/System/Library/AccessibilityBundles/StoreKitFramework.axbundle> (framework, not loaded), dlopen of /Library/Developer/CoreSimulator/Volumes/iOS_23D8133/Library/Developer/CoreSimulator/Profiles/Runtimes/iOS 26.3.simruntime/Contents/Resources/RuntimeRoot/System/Library/AccessibilityBundles/StoreKitFramework.axbundle/StoreKitFramework mode 0x109 returns handle 0xf828f1
2026-08-17 11:34:37.023 Db YourSofia[1177:3235b7] [com.apple.defaults:User Defaults] found no value for key UseNewAXBundleLoader in CFPrefsSearchListSource<0x600002c29300> (Domain: com.apple.Accessibility, Container: /Users/valentinasenov/Library/Developer/CoreSimulator/Devices/4EC5F74C-5A9C-4D89-8E44-374310E684AE/data Non-launch persona: 0)
2026-08-17 11:34:37.023 Db YourSofia[1177:3235b7] [com.apple.defaults:User Defaults] found no value for key UseNewAXBundleLoader in CFPrefsSearchListSource<0x600002c08c00> (Domain: com.apple.Accessibility, Container: (null) Non-launch persona: 0)
2026-08-17 11:34:37.023 Db YourSofia[1177:323578] [com.apple.defaults:User Defaults] found no value for key UIViewGlassLegibilitySetting in CFPrefsSearchListSource<0x600002c05c00> (Domain: com.apple.UIKit, Container: (null) Non-launch persona: 0)
2026-08-17 11:34:37.023 Db YourSofia[1177:3235b7] [com.apple.CFBundle:loading] dlfcn check load bundle CFBundle 0x600003b35180 </Library/Developer/CoreSimulator/Volumes/iOS_23D8133/Library/Developer/CoreSimulator/Profiles/Runtimes/iOS 26.3.simruntime/Contents/Resources/RuntimeRoot/System/Library/AccessibilityBundles/WebKitLegacy.axbundle> (not loaded), dlopen of /Library/Developer/CoreSimulator/Volumes/iOS_23D8133/Library/Developer/CoreSimulator/Profiles/Runtimes/iOS 26.3.simruntime/Contents/Resources/RuntimeRoot/System/Library/AccessibilityBundles/WebKitLegacy.axbundle/WebKitLegacy mode 0x115 no handle
2026-08-17 11:34:37.024 Db YourSofia[1177:323578] [com.apple.defaults:User Defaults] found no value for key UIViewControllerContainersShouldForwardContentScrollView in CFPrefsSearchListSource<0x600002c04180> (Domain: bg.sofia.yoursofia, Container: (null) Non-launch persona: 0)
2026-08-17 11:34:37.030 Db YourSofia[1177:323578] [com.apple.defaults:User Defaults] found no value for key AssistiveTouchScannerEnabled in CFPrefsSearchListSource<0x600002c08c00> (Domain: com.apple.Accessibility, Container: (null) Non-launch persona: 0)
2026-08-17 11:34:37.030 Db YourSofia[1177:323578] [com.apple.Accessibility:AXSupportCommon] CF Read: domain = com.apple.Accessibility, preference = AssistiveTouchScannerEnabled, appID = (null) result = (null) (-1 - empty, 0 - false, 1 - true)
2026-08-17 11:34:37.030 Db YourSofia[1177:323578] [com.apple.defaults:User Defaults] found no value for key AssistiveTouchScannerEnabled in CFPrefsPlistSource<0x600002c08f00> (Domain: com.apple.Accessibility, User: kCFPreferencesCurrentUser, ByHost: No, Container: /Users/valentinasenov/Library/Developer/CoreSimulator/Devices/4EC5F74C-5A9C-4D89-8E44-374310E684AE/data, Contents Need Refresh: No)
2026-08-17 11:34:37.031 Db YourSofia[1177:3235b7] [com.apple.CFBundle:loading] dlfcn load framework CFBundle 0x600003b35180 </Library/Developer/CoreSimulator/Volumes/iOS_23D8133/Library/Developer/CoreSimulator/Profiles/Runtimes/iOS 26.3.simruntime/Contents/Resources/RuntimeRoot/System/Library/AccessibilityBundles/WebKitLegacy.axbundle> (framework, not loaded), dlopen of /Library/Developer/CoreSimulator/Volumes/iOS_23D8133/Library/Developer/CoreSimulator/Profiles/Runtimes/iOS 26.3.simruntime/Contents/Resources/RuntimeRoot/System/Library/AccessibilityBundles/WebKitLegacy.axbundle/WebKitLegacy mode 0x109 returns handle 0xf82cd1
2026-08-17 11:34:37.031 Db YourSofia[1177:323578] [com.apple.UIKit:KeyboardSceneDelegate] KeyboardTrackingCoordinator: TUIKeyboardTracker registered before coordinator is ready, will add later: <UICoreKeyboardTracking:0x600000d4dec0>
2026-08-17 11:34:37.031 Db YourSofia[1177:3235b7] [com.apple.defaults:User Defaults] found no value for key UseNewAXBundleLoader in CFPrefsSearchListSource<0x600002c29300> (Domain: com.apple.Accessibility, Container: /Users/valentinasenov/Library/Developer/CoreSimulator/Devices/4EC5F74C-5A9C-4D89-8E44-374310E684AE/data Non-launch persona: 0)
2026-08-17 11:34:37.031 Db YourSofia[1177:3235b7] [com.apple.defaults:User Defaults] found no value for key UseNewAXBundleLoader in CFPrefsSearchListSource<0x600002c08c00> (Domain: com.apple.Accessibility, Container: (null) Non-launch persona: 0)
2026-08-17 11:34:37.031 Db YourSofia[1177:3235b7] [com.apple.CFBundle:loading] dlfcn check load bundle CFBundle 0x600003b35260 </Library/Developer/CoreSimulator/Volumes/iOS_23D8133/Library/Developer/CoreSimulator/Profiles/Runtimes/iOS 26.3.simruntime/Contents/Resources/RuntimeRoot/System/Library/AccessibilityBundles/WebKit.axbundle> (not loaded), dlopen of /Library/Developer/CoreSimulator/Volumes/iOS_23D8133/Library/Developer/CoreSimulator/Profiles/Runtimes/iOS 26.3.simruntime/Contents/Resources/RuntimeRoot/System/Library/AccessibilityBundles/WebKit.axbundle/WebKit mode 0x115 no handle
2026-08-17 11:34:37.032 Db YourSofia[1177:323578] [com.apple.defaults:User Defaults] found no value for key ForceLargeTitlesOn in CFPrefsSearchListSource<0x600002c05c00> (Domain: com.apple.UIKit, Container: (null) Non-launch persona: 0)
2026-08-17 11:34:37.038 Db YourSofia[1177:3235b7] [com.apple.CFBundle:loading] dlfcn load framework CFBundle 0x600003b35260 </Library/Developer/CoreSimulator/Volumes/iOS_23D8133/Library/Developer/CoreSimulator/Profiles/Runtimes/iOS 26.3.simruntime/Contents/Resources/RuntimeRoot/System/Library/AccessibilityBundles/WebKit.axbundle> (framework, not loaded), dlopen of /Library/Developer/CoreSimulator/Volumes/iOS_23D8133/Library/Developer/CoreSimulator/Profiles/Runtimes/iOS 26.3.simruntime/Contents/Resources/RuntimeRoot/System/Library/AccessibilityBundles/WebKit.axbundle/WebKit mode 0x109 returns handle 0xf830e1
2026-08-17 11:34:37.038 Db YourSofia[1177:3235b7] [com.apple.defaults:User Defaults] found no value for key UseNewAXBundleLoader in CFPrefsSearchListSource<0x600002c29300> (Domain: com.apple.Accessibility, Container: /Users/valentinasenov/Library/Developer/CoreSimulator/Devices/4EC5F74C-5A9C-4D89-8E44-374310E684AE/data Non-launch persona: 0)
2026-08-17 11:34:37.038 Db YourSofia[1177:3235b7] [com.apple.defaults:User Defaults] found no value for key UseNewAXBundleLoader in CFPrefsSearchListSource<0x600002c08c00> (Domain: com.apple.Accessibility, Container: (null) Non-launch persona: 0)
2026-08-17 11:34:37.038 Db YourSofia[1177:3235b7] [com.apple.CFBundle:loading] dlfcn check load bundle CFBundle 0x600003b357a0 </Library/Developer/CoreSimulator/Volumes/iOS_23D8133/Library/Developer/CoreSimulator/Profiles/Runtimes/iOS 26.3.simruntime/Contents/Resources/RuntimeRoot/System/Library/AccessibilityBundles/RemoteUIFramework.axbundle> (not loaded), dlopen of /Library/Developer/CoreSimulator/Volumes/iOS_23D8133/Library/Developer/CoreSimulator/Profiles/Runtimes/iOS 26.3.simruntime/Contents/Resources/RuntimeRoot/System/Library/AccessibilityBundles/RemoteUIFramework.axbundle/RemoteUIFramework mode 0x115 no handle
2026-08-17 11:34:37.039 Db YourSofia[1177:323578] [com.apple.CFBundle:strings] Bundle: CFBundle 0x600003b00620 </Library/Developer/CoreSimulator/Volumes/iOS_23D8133/Library/Developer/CoreSimulator/Profiles/Runtimes/iOS 26.3.simruntime/Contents/Resources/RuntimeRoot/System/Library/PrivateFrameworks/UIKitCore.framework> (not loaded), key: CONTEXT_MENU_LOADING, value: Loading…, table: Localizable, localizationNames: (null), result: Loading…
2026-08-17 11:34:37.044 Db YourSofia[1177:3235b7] [com.apple.CFBundle:loading] dlfcn load framework CFBundle 0x600003b357a0 </Library/Developer/CoreSimulator/Volumes/iOS_23D8133/Library/Developer/CoreSimulator/Profiles/Runtimes/iOS 26.3.simruntime/Contents/Resources/RuntimeRoot/System/Library/AccessibilityBundles/RemoteUIFramework.axbundle> (framework, not loaded), dlopen of /Library/Developer/CoreSimulator/Volumes/iOS_23D8133/Library/Developer/CoreSimulator/Profiles/Runtimes/iOS 26.3.simruntime/Contents/Resources/RuntimeRoot/System/Library/AccessibilityBundles/RemoteUIFramework.axbundle/RemoteUIFramework mode 0x109 returns handle 0xf834d1
2026-08-17 11:34:37.045 Db YourSofia[1177:3235b7] [com.apple.defaults:User Defaults] found no value for key UseNewAXBundleLoader in CFPrefsSearchListSource<0x600002c29300> (Domain: com.apple.Accessibility, Container: /Users/valentinasenov/Library/Developer/CoreSimulator/Devices/4EC5F74C-5A9C-4D89-8E44-374310E684AE/data Non-launch persona: 0)
2026-08-17 11:34:37.045 Db YourSofia[1177:3235b7] [com.apple.defaults:User Defaults] found no value for key UseNewAXBundleLoader in CFPrefsSearchListSource<0x600002c08c00> (Domain: com.apple.Accessibility, Container: (null) Non-launch persona: 0)
2026-08-17 11:34:37.045 Db YourSofia[1177:3235b7] [com.apple.CFBundle:loading] dlfcn check load bundle CFBundle 0x600003b35880 </Library/Developer/CoreSimulator/Volumes/iOS_23D8133/Library/Developer/CoreSimulator/Profiles/Runtimes/iOS 26.3.simruntime/Contents/Resources/RuntimeRoot/System/Library/AccessibilityBundles/HelpKit.axbundle> (not loaded), dlopen of /Library/Developer/CoreSimulator/Volumes/iOS_23D8133/Library/Developer/CoreSimulator/Profiles/Runtimes/iOS 26.3.simruntime/Contents/Resources/RuntimeRoot/System/Library/AccessibilityBundles/HelpKit.axbundle/HelpKit mode 0x115 no handle
2026-08-17 11:34:37.045 Db YourSofia[1177:323578] [com.apple.CFBundle:resources] Language lookup at CFBundle 0x600003b009a0 </Library/Developer/CoreSimulator/Volumes/iOS_23D8133/Library/Developer/CoreSimulator/Profiles/Runtimes/iOS 26.3.simruntime/Contents/Resources/RuntimeRoot/System/Library/AccessibilityBundles/UIKit.axbundle> (framework, loaded)
	Localizations : [de, ur, he, en_AU, ar, el, ja, mr, en, uk, es_419, gu, zh_CN, kn, pa, es, sl, or, da, it, bg, sk, kk, pt_PT, ms, ta, ml, sv, te, cs, ko, yue_CN, no, hu, zh_HK, tr, pl, zh_TW, es_US, en_GB, vi, lt, ru, fr_CA, fr, fi, id, nl, th, pt, bn, ro, hr, hi, ca]
	Dev language  : English
	User prefs    : [en-US, bg-US]
	Main bundle   : [en]
	Allow mixed   : 0 
	Result        : [en]
2026-08-17 11:34:37.051 Db YourSofia[1177:323578] [com.apple.CFBundle:resources] Resource lookup at CFBundle 0x600003b009a0 </Library/Developer/CoreSimulator/Volumes/iOS_23D8133/Library/Developer/CoreSimulator/Profiles/Runtimes/iOS 26.3.simruntime/Contents/Resources/RuntimeRoot/System/Library/AccessibilityBundles/UIKit.axbundle> (framework, loaded)
	Request       : Accessibility type: loctable
	Result        : None
2026-08-17 11:34:37.051 Db YourSofia[1177:323578] [com.apple.CFBundle:resources] Resource lookup at CFBundle 0x600003b009a0 </Library/Developer/CoreSimulator/Volumes/iOS_23D8133/Library/Developer/CoreSimulator/Profiles/Runtimes/iOS 26.3.simruntime/Contents/Resources/RuntimeRoot/System/Library/AccessibilityBundles/UIKit.axbundle> (framework, loaded)
	Request       : Accessibility type: strings
	Result        : file:///Library/Developer/CoreSimulator/Volumes/iOS_23D8133/Library/Developer/CoreSimulator/Profiles/Runtimes/iOS%2026.3.simruntime/Contents/Resources/RuntimeRoot/System/Library/AccessibilityBundles/UIKit.axbundle/en.lproj/Accessibility.strings
2026-08-17 11:34:37.051 Db YourSofia[1177:323578] [com.apple.CFBundle:resources] Resource lookup at CFBundle 0x600003b009a0 </Library/Developer/CoreSimulator/Volumes/iOS_23D8133/Library/Developer/CoreSimulator/Profiles/Runtimes/iOS 26.3.simruntime/Contents/Resources/RuntimeRoot/System/Library/AccessibilityBundles/UIKit.axbundle> (framework, loaded)
	Request       : Accessibility type: stringsdict
	Result        : file:///Library/Developer/CoreSimulator/Volumes/iOS_23D8133/Library/Developer/CoreSimulator/Profiles/Runtimes/iOS%2026.3.simruntime/Contents/Resources/RuntimeRoot/System/Library/AccessibilityBundles/UIKit.axbundle/en.lproj/Accessibility.stringsdict
2026-08-17 11:34:37.051 Db YourSofia[1177:3235b7] [com.apple.CFBundle:loading] dlfcn load framework CFBundle 0x600003b35880 </Library/Developer/CoreSimulator/Volumes/iOS_23D8133/Library/Developer/CoreSimulator/Profiles/Runtimes/iOS 26.3.simruntime/Contents/Resources/RuntimeRoot/System/Library/AccessibilityBundles/HelpKit.axbundle> (framework, not loaded), dlopen of /Library/Developer/CoreSimulator/Volumes/iOS_23D8133/Library/Developer/CoreSimulator/Profiles/Runtimes/iOS 26.3.simruntime/Contents/Resources/RuntimeRoot/System/Library/AccessibilityBundles/HelpKit.axbundle/HelpKit mode 0x109 returns handle 0xf838c1
2026-08-17 11:34:37.052 Db YourSofia[1177:323578] [com.apple.CFBundle:strings] Bundle: CFBundle 0x600003b009a0 </Library/Developer/CoreSimulator/Volumes/iOS_23D8133/Library/Developer/CoreSimulator/Profiles/Runtimes/iOS 26.3.simruntime/Contents/Resources/RuntimeRoot/System/Library/AccessibilityBundles/UIKit.axbundle> (framework, loaded), key: more.button, value: , table: Accessibility, localizationNames: (null), result: More
2026-08-17 11:34:37.052 Db YourSofia[1177:3235b7] [com.apple.defaults:User Defaults] found no value for key UseNewAXBundleLoader in CFPrefsSearchListSource<0x600002c29300> (Domain: com.apple.Accessibility, Container: /Users/valentinasenov/Library/Developer/CoreSimulator/Devices/4EC5F74C-5A9C-4D89-8E44-374310E684AE/data Non-launch persona: 0)
2026-08-17 11:34:37.052 Db YourSofia[1177:3235b7] [com.apple.defaults:User Defaults] found no value for key UseNewAXBundleLoader in CFPrefsSearchListSource<0x600002c08c00> (Domain: com.apple.Accessibility, Container: (null) Non-launch persona: 0)
2026-08-17 11:34:37.052 Db YourSofia[1177:323578] [com.apple.defaults:User Defaults] found no value for key DisableLargeTitleReparenting in CFPrefsSearchListSource<0x600002c05c00> (Domain: com.apple.UIKit, Container: (null) Non-launch persona: 0)
2026-08-17 11:34:37.052 Db YourSofia[1177:323578] [com.apple.UIKit:NavbarWidthResolver] Available width: 358.000000
2026-08-17 11:34:37.052 Db YourSofia[1177:3235b7] [com.apple.CFBundle:loading] dlfcn check load bundle CFBundle 0x600003b28b60 </Library/Developer/CoreSimulator/Volumes/iOS_23D8133/Library/Developer/CoreSimulator/Profiles/Runtimes/iOS 26.3.simruntime/Contents/Resources/RuntimeRoot/System/Library/AccessibilityBundles/ContactsAutocompleteUI.axbundle> (not loaded), dlopen of /Library/Developer/CoreSimulator/Volumes/iOS_23D8133/Library/Developer/CoreSimulator/Profiles/Runtimes/iOS 26.3.simruntime/Contents/Resources/RuntimeRoot/System/Library/AccessibilityBundles/ContactsAutocompleteUI.axbundle/ContactsAutocompleteUI mode 0x115 no handle
2026-08-17 11:34:37.052 Db YourSofia[1177:323578] [com.apple.defaults:User Defaults] found no value for key NavbarLayoutVisualizersEnabled in CFPrefsSearchListSource<0x600002c05c00> (Domain: com.apple.UIKit, Container: (null) Non-launch persona: 0)
2026-08-17 11:34:37.058 Db YourSofia[1177:3235b7] [com.apple.CFBundle:loading] dlfcn load framework CFBundle 0x600003b28b60 </Library/Developer/CoreSimulator/Volumes/iOS_23D8133/Library/Developer/CoreSimulator/Profiles/Runtimes/iOS 26.3.simruntime/Contents/Resources/RuntimeRoot/System/Library/AccessibilityBundles/ContactsAutocompleteUI.axbundle> (framework, not loaded), dlopen of /Library/Developer/CoreSimulator/Volumes/iOS_23D8133/Library/Developer/CoreSimulator/Profiles/Runtimes/iOS 26.3.simruntime/Contents/Resources/RuntimeRoot/System/Library/AccessibilityBundles/ContactsAutocompleteUI.axbundle/ContactsAutocompleteUI mode 0x109 returns handle 0xf83c81
2026-08-17 11:34:37.059 Db YourSofia[1177:3235b7] [com.apple.defaults:User Defaults] found no value for key UseNewAXBundleLoader in CFPrefsSearchListSource<0x600002c29300> (Domain: com.apple.Accessibility, Container: /Users/valentinasenov/Library/Developer/CoreSimulator/Devices/4EC5F74C-5A9C-4D89-8E44-374310E684AE/data Non-launch persona: 0)
2026-08-17 11:34:37.059 Db YourSofia[1177:3235b7] [com.apple.defaults:User Defaults] found no value for key UseNewAXBundleLoader in CFPrefsSearchListSource<0x600002c08c00> (Domain: com.apple.Accessibility, Container: (null) Non-launch persona: 0)
2026-08-17 11:34:37.059 Db YourSofia[1177:3235b7] [com.apple.CFBundle:loading] dlfcn check load bundle CFBundle 0x600003b480e0 </Library/Developer/CoreSimulator/Volumes/iOS_23D8133/Library/Developer/CoreSimulator/Profiles/Runtimes/iOS 26.3.simruntime/Contents/Resources/RuntimeRoot/System/Library/AccessibilityBundles/ProxCardKit.axbundle> (not loaded), dlopen of /Library/Developer/CoreSimulator/Volumes/iOS_23D8133/Library/Developer/CoreSimulator/Profiles/Runtimes/iOS 26.3.simruntime/Contents/Resources/RuntimeRoot/System/Library/AccessibilityBundles/ProxCardKit.axbundle/ProxCardKit mode 0x115 no handle
2026-08-17 11:34:37.065 Db YourSofia[1177:3235b7] [com.apple.CFBundle:loading] dlfcn load framework CFBundle 0x600003b480e0 </Library/Developer/CoreSimulator/Volumes/iOS_23D8133/Library/Developer/CoreSimulator/Profiles/Runtimes/iOS 26.3.simruntime/Contents/Resources/RuntimeRoot/System/Library/AccessibilityBundles/ProxCardKit.axbundle> (framework, not loaded), dlopen of /Library/Developer/CoreSimulator/Volumes/iOS_23D8133/Library/Developer/CoreSimulator/Profiles/Runtimes/iOS 26.3.simruntime/Contents/Resources/RuntimeRoot/System/Library/AccessibilityBundles/ProxCardKit.axbundle/ProxCardKit mode 0x109 returns handle 0xf84071
2026-08-17 11:34:37.065 Db YourSofia[1177:3235b7] [com.apple.defaults:User Defaults] found no value for key UseNewAXBundleLoader in CFPrefsSearchListSource<0x600002c29300> (Domain: com.apple.Accessibility, Container: /Users/valentinasenov/Library/Developer/CoreSimulator/Devices/4EC5F74C-5A9C-4D89-8E44-374310E684AE/data Non-launch persona: 0)
2026-08-17 11:34:37.066 Db YourSofia[1177:3235b7] [com.apple.defaults:User Defaults] found no value for key UseNewAXBundleLoader in CFPrefsSearchListSource<0x600002c08c00> (Domain: com.apple.Accessibility, Container: (null) Non-launch persona: 0)
2026-08-17 11:34:37.066 Db YourSofia[1177:323578] [com.apple.defaults:User Defaults] found no value for key ButtonShapesEnabled in CFPrefsSearchListSource<0x600002c08c00> (Domain: com.apple.Accessibility, Container: (null) Non-launch persona: 0)
2026-08-17 11:34:37.066 Db YourSofia[1177:323578] [com.apple.Accessibility:AXSupportCommon] CF Read: domain = com.apple.Accessibility, preference = ButtonShapesEnabled, appID = (null) result = (null) (-1 - empty, 0 - false, 1 - true)
2026-08-17 11:34:37.066 Db YourSofia[1177:323578] [com.apple.defaults:User Defaults] found no value for key ButtonShapesEnabled in CFPrefsPlistSource<0x600002c08f00> (Domain: com.apple.Accessibility, User: kCFPreferencesCurrentUser, ByHost: No, Container: /Users/valentinasenov/Library/Developer/CoreSimulator/Devices/4EC5F74C-5A9C-4D89-8E44-374310E684AE/data, Contents Need Refresh: No)
2026-08-17 11:34:37.066 Db YourSofia[1177:3235b7] [com.apple.CFBundle:loading] dlfcn check load bundle CFBundle 0x600003b35dc0 </Library/Developer/CoreSimulator/Volumes/iOS_23D8133/Library/Developer/CoreSimulator/Profiles/Runtimes/iOS 26.3.simruntime/Contents/Resources/RuntimeRoot/System/Library/AccessibilityBundles/OnBoardingKit.axbundle> (not loaded), dlopen of /Library/Developer/CoreSimulator/Volumes/iOS_23D8133/Library/Developer/CoreSimulator/Profiles/Runtimes/iOS 26.3.simruntime/Contents/Resources/RuntimeRoot/System/Library/AccessibilityBundles/OnBoardingKit.axbundle/OnBoardingKit mode 0x115 no handle
2026-08-17 11:34:37.072 Db YourSofia[1177:323578] [com.apple.defaults:User Defaults] found no value for key PocketBlurOverLuminanceAdjustment in CFPrefsSearchListSource<0x600002c05c00> (Domain: com.apple.UIKit, Container: (null) Non-launch persona: 0)
2026-08-17 11:34:37.072 Db YourSofia[1177:323578] [com.apple.defaults:User Defaults] found no value for key UIScrollViewForceConvertSafeAreaToContentInsetPreference in CFPrefsSearchListSource<0x600002c04180> (Domain: bg.sofia.yoursofia, Container: (null) Non-launch persona: 0)
2026-08-17 11:34:37.073 Db YourSofia[1177:3235b7] [com.apple.CFBundle:loading] dlfcn load framework CFBundle 0x600003b35dc0 </Library/Developer/CoreSimulator/Volumes/iOS_23D8133/Library/Developer/CoreSimulator/Profiles/Runtimes/iOS 26.3.simruntime/Contents/Resources/RuntimeRoot/System/Library/AccessibilityBundles/OnBoardingKit.axbundle> (framework, not loaded), dlopen of /Library/Developer/CoreSimulator/Volumes/iOS_23D8133/Library/Developer/CoreSimulator/Profiles/Runtimes/iOS 26.3.simruntime/Contents/Resources/RuntimeRoot/System/Library/AccessibilityBundles/OnBoardingKit.axbundle/OnBoardingKit mode 0x109 returns handle 0xf84441
2026-08-17 11:34:37.073 Db YourSofia[1177:3235b7] [com.apple.defaults:User Defaults] found no value for key UseNewAXBundleLoader in CFPrefsSearchListSource<0x600002c29300> (Domain: com.apple.Accessibility, Container: /Users/valentinasenov/Library/Developer/CoreSimulator/Devices/4EC5F74C-5A9C-4D89-8E44-374310E684AE/data Non-launch persona: 0)
2026-08-17 11:34:37.073 Db YourSofia[1177:3235b7] [com.apple.defaults:User Defaults] found no value for key UseNewAXBundleLoader in CFPrefsSearchListSource<0x600002c08c00> (Domain: com.apple.Accessibility, Container: (null) Non-launch persona: 0)
2026-08-17 11:34:37.074 Db YourSofia[1177:3235b7] [com.apple.CFBundle:loading] dlfcn check load bundle CFBundle 0x600003b28d20 </Library/Developer/CoreSimulator/Volumes/iOS_23D8133/Library/Developer/CoreSimulator/Profiles/Runtimes/iOS 26.3.simruntime/Contents/Resources/RuntimeRoot/System/Library/AccessibilityBundles/PhotosFramework.axbundle> (not loaded), dlopen of /Library/Developer/CoreSimulator/Volumes/iOS_23D8133/Library/Developer/CoreSimulator/Profiles/Runtimes/iOS 26.3.simruntime/Contents/Resources/RuntimeRoot/System/Library/AccessibilityBundles/PhotosFramework.axbundle/PhotosFramework mode 0x115 no handle
2026-08-17 11:34:37.080 Db YourSofia[1177:323578] [com.apple.defaults:User Defaults] CFPrefsManagedSource<0x600002c0cf80> (Domain: com.apple.SwiftUI, User: kCFPreferencesCurrentUser, ByHost: Yes, Container: (null), Contents Need Refresh: No) loaded: an empty base plist and no additional changes from the base plist
2026-08-17 11:34:37.080 Db YourSofia[1177:323578] [com.apple.defaults:User Defaults] CFPrefsManagedSource<0x600002c0e680> (Domain: com.apple.SwiftUI, User: kCFPreferencesAnyUser, ByHost: Yes, Container: (null), Contents Need Refresh: No) loaded: an empty base plist and no additional changes from the base plist
2026-08-17 11:34:37.080 Db YourSofia[1177:323578] [com.apple.defaults:User Defaults] CFPrefsPlistSource<0x600002c0d100> (Domain: com.apple.SwiftUI, User: kCFPreferencesCurrentUser, ByHost: No, Container: (null), Contents Need Refresh: No) loaded: an empty base plist and no additional changes from the base plist
2026-08-17 11:34:37.080 Db YourSofia[1177:323578] [com.apple.defaults:User Defaults] CFPrefsPlistSource<0x600002c0de00> (Domain: com.apple.SwiftUI, User: kCFPreferencesCurrentUser, ByHost: No, Container: /Users/valentinasenov/Library/Developer/CoreSimulator/Devices/4EC5F74C-5A9C-4D89-8E44-374310E684AE/data, Contents Need Refresh: No) loaded: an empty base plist and no additional changes from the base plist
2026-08-17 11:34:37.080 Db YourSofia[1177:323578] [com.apple.defaults:User Defaults] CFPrefsPlistSource<0x600002c0f680> (Domain: com.apple.SwiftUI, User: kCFPreferencesCurrentUser, ByHost: Yes, Container: (null), Contents Need Refresh: No) loaded: an empty base plist and no additional changes from the base plist
2026-08-17 11:34:37.080 Db YourSofia[1177:3235b7] [com.apple.CFBundle:loading] dlfcn load framework CFBundle 0x600003b28d20 </Library/Developer/CoreSimulator/Volumes/iOS_23D8133/Library/Developer/CoreSimulator/Profiles/Runtimes/iOS 26.3.simruntime/Contents/Resources/RuntimeRoot/System/Library/AccessibilityBundles/PhotosFramework.axbundle> (framework, not loaded), dlopen of /Library/Developer/CoreSimulator/Volumes/iOS_23D8133/Library/Developer/CoreSimulator/Profiles/Runtimes/iOS 26.3.simruntime/Contents/Resources/RuntimeRoot/System/Library/AccessibilityBundles/PhotosFramework.axbundle/PhotosFramework mode 0x109 returns handle 0xf84821
2026-08-17 11:34:37.080 Db YourSofia[1177:323578] [com.apple.defaults:User Defaults] found no value for key UnaryGlassContainerEnabled in CFPrefsSearchListSource<0x600002c27080> (Domain: com.apple.SwiftUI, Container: (null) Non-launch persona: 0)
2026-08-17 11:34:37.081 Db YourSofia[1177:3235b7] [com.apple.defaults:User Defaults] found no value for key UseNewAXBundleLoader in CFPrefsSearchListSource<0x600002c29300> (Domain: com.apple.Accessibility, Container: /Users/valentinasenov/Library/Developer/CoreSimulator/Devices/4EC5F74C-5A9C-4D89-8E44-374310E684AE/data Non-launch persona: 0)
2026-08-17 11:34:37.081 Db YourSofia[1177:3235b7] [com.apple.defaults:User Defaults] found no value for key UseNewAXBundleLoader in CFPrefsSearchListSource<0x600002c08c00> (Domain: com.apple.Accessibility, Container: (null) Non-launch persona: 0)
2026-08-17 11:34:37.081 Db YourSofia[1177:3235b7] [com.apple.CFBundle:loading] dlfcn check load bundle CFBundle 0x600003b2d0a0 </Library/Developer/CoreSimulator/Volumes/iOS_23D8133/Library/Developer/CoreSimulator/Profiles/Runtimes/iOS 26.3.simruntime/Contents/Resources/RuntimeRoot/System/Library/AccessibilityBundles/iTunesStoreFramework.axbundle> (not loaded), dlopen of /Library/Developer/CoreSimulator/Volumes/iOS_23D8133/Library/Developer/CoreSimulator/Profiles/Runtimes/iOS 26.3.simruntime/Contents/Resources/RuntimeRoot/System/Library/AccessibilityBundles/iTunesStoreFramework.axbundle/iTunesStoreFramework mode 0x115 no handle
2026-08-17 11:34:37.083 Db YourSofia[1177:323578] [com.apple.defaults:User Defaults] found no value for key UIObservationTrackingLoggingEnabled in CFPrefsSearchListSource<0x600002c04180> (Domain: bg.sofia.yoursofia, Container: (null) Non-launch persona: 0)
2026-08-17 11:34:37.088 Db YourSofia[1177:3235b7] [com.apple.CFBundle:loading] dlfcn load framework CFBundle 0x600003b2d0a0 </Library/Developer/CoreSimulator/Volumes/iOS_23D8133/Library/Developer/CoreSimulator/Profiles/Runtimes/iOS 26.3.simruntime/Contents/Resources/RuntimeRoot/System/Library/AccessibilityBundles/iTunesStoreFramework.axbundle> (framework, not loaded), dlopen of /Library/Developer/CoreSimulator/Volumes/iOS_23D8133/Library/Developer/CoreSimulator/Profiles/Runtimes/iOS 26.3.simruntime/Contents/Resources/RuntimeRoot/System/Library/AccessibilityBundles/iTunesStoreFramework.axbundle/iTunesStoreFramework mode 0x109 returns handle 0xf84c21
2026-08-17 11:34:37.089 Db YourSofia[1177:3235b7] [com.apple.defaults:User Defaults] found no value for key UseNewAXBundleLoader in CFPrefsSearchListSource<0x600002c29300> (Domain: com.apple.Accessibility, Container: /Users/valentinasenov/Library/Developer/CoreSimulator/Devices/4EC5F74C-5A9C-4D89-8E44-374310E684AE/data Non-launch persona: 0)
2026-08-17 11:34:37.089 Db YourSofia[1177:3235b7] [com.apple.defaults:User Defaults] found no value for key UseNewAXBundleLoader in CFPrefsSearchListSource<0x600002c08c00> (Domain: com.apple.Accessibility, Container: (null) Non-launch persona: 0)
2026-08-17 11:34:37.089 Db YourSofia[1177:3235b7] [com.apple.CFBundle:loading] dlfcn check load bundle CFBundle 0x600003b2d180 </Library/Developer/CoreSimulator/Volumes/iOS_23D8133/Library/Developer/CoreSimulator/Profiles/Runtimes/iOS 26.3.simruntime/Contents/Resources/RuntimeRoot/System/Library/AccessibilityBundles/CameraEditKitFramework.axbundle> (not loaded), dlopen of /Library/Developer/CoreSimulator/Volumes/iOS_23D8133/Library/Developer/CoreSimulator/Profiles/Runtimes/iOS 26.3.simruntime/Contents/Resources/RuntimeRoot/System/Library/AccessibilityBundles/CameraEditKitFramework.axbundle/CameraEditKitFramework mode 0x115 no handle
2026-08-17 11:34:37.095 Db YourSofia[1177:3235b7] [com.apple.CFBundle:loading] dlfcn load framework CFBundle 0x600003b2d180 </Library/Developer/CoreSimulator/Volumes/iOS_23D8133/Library/Developer/CoreSimulator/Profiles/Runtimes/iOS 26.3.simruntime/Contents/Resources/RuntimeRoot/System/Library/AccessibilityBundles/CameraEditKitFramework.axbundle> (framework, not loaded), dlopen of /Library/Developer/CoreSimulator/Volumes/iOS_23D8133/Library/Developer/CoreSimulator/Profiles/Runtimes/iOS 26.3.simruntime/Contents/Resources/RuntimeRoot/System/Library/AccessibilityBundles/CameraEditKitFramework.axbundle/CameraEditKitFramework mode 0x109 returns handle 0xf84ff1
2026-08-17 11:34:37.095 Db YourSofia[1177:3235b7] [com.apple.defaults:User Defaults] found no value for key UseNewAXBundleLoader in CFPrefsSearchListSource<0x600002c29300> (Domain: com.apple.Accessibility, Container: /Users/valentinasenov/Library/Developer/CoreSimulator/Devices/4EC5F74C-5A9C-4D89-8E44-374310E684AE/data Non-launch persona: 0)
2026-08-17 11:34:37.095 Db YourSofia[1177:3235b7] [com.apple.defaults:User Defaults] found no value for key UseNewAXBundleLoader in CFPrefsSearchListSource<0x600002c08c00> (Domain: com.apple.Accessibility, Container: (null) Non-launch persona: 0)
2026-08-17 11:34:37.096 Db YourSofia[1177:3235b7] [com.apple.CFBundle:loading] dlfcn check load bundle CFBundle 0x600003b2d340 </Library/Developer/CoreSimulator/Volumes/iOS_23D8133/Library/Developer/CoreSimulator/Profiles/Runtimes/iOS 26.3.simruntime/Contents/Resources/RuntimeRoot/System/Library/AccessibilityBundles/Pegasus.axbundle> (not loaded), dlopen of /Library/Developer/CoreSimulator/Volumes/iOS_23D8133/Library/Developer/CoreSimulator/Profiles/Runtimes/iOS 26.3.simruntime/Contents/Resources/RuntimeRoot/System/Library/AccessibilityBundles/Pegasus.axbundle/Pegasus mode 0x115 no handle
2026-08-17 11:34:37.103 Db YourSofia[1177:3235b7] [com.apple.CFBundle:loading] dlfcn load framework CFBundle 0x600003b2d340 </Library/Developer/CoreSimulator/Volumes/iOS_23D8133/Library/Developer/CoreSimulator/Profiles/Runtimes/iOS 26.3.simruntime/Contents/Resources/RuntimeRoot/System/Library/AccessibilityBundles/Pegasus.axbundle> (framework, not loaded), dlopen of /Library/Developer/CoreSimulator/Volumes/iOS_23D8133/Library/Developer/CoreSimulator/Profiles/Runtimes/iOS 26.3.simruntime/Contents/Resources/RuntimeRoot/System/Library/AccessibilityBundles/Pegasus.axbundle/Pegasus mode 0x109 returns handle 0xf853d1
2026-08-17 11:34:37.103 Db YourSofia[1177:3235b7] [com.apple.defaults:User Defaults] found no value for key UseNewAXBundleLoader in CFPrefsSearchListSource<0x600002c29300> (Domain: com.apple.Accessibility, Container: /Users/valentinasenov/Library/Developer/CoreSimulator/Devices/4EC5F74C-5A9C-4D89-8E44-374310E684AE/data Non-launch persona: 0)
2026-08-17 11:34:37.103 Db YourSofia[1177:3235b7] [com.apple.defaults:User Defaults] found no value for key UseNewAXBundleLoader in CFPrefsSearchListSource<0x600002c08c00> (Domain: com.apple.Accessibility, Container: (null) Non-launch persona: 0)
2026-08-17 11:34:37.103 Db YourSofia[1177:323578] [com.apple.UIKit:NavbarWidthResolver] Available width: 358.000000
2026-08-17 11:34:37.104 Db YourSofia[1177:3235b7] [com.apple.CFBundle:loading] dlfcn check load bundle CFBundle 0x600003b2d880 </Library/Developer/CoreSimulator/Volumes/iOS_23D8133/Library/Developer/CoreSimulator/Profiles/Runtimes/iOS 26.3.simruntime/Contents/Resources/RuntimeRoot/System/Library/AccessibilityBundles/MessageUIFramework.axbundle> (not loaded), dlopen of /Library/Developer/CoreSimulator/Volumes/iOS_23D8133/Library/Developer/CoreSimulator/Profiles/Runtimes/iOS 26.3.simruntime/Contents/Resources/RuntimeRoot/System/Library/AccessibilityBundles/MessageUIFramework.axbundle/MessageUIFramework mode 0x115 no handle
2026-08-17 11:34:37.105 Db YourSofia[1177:323578] [com.apple.defaults:User Defaults] setting new value 0 for key RingerButtonShowsUI in CFPrefsSource<0x600001708780> (Domain: Volatile, User: , ByHost: No, Container: , Contents Need Refresh: No)
2026-08-17 11:34:37.108 Db YourSofia[1177:3235b5] [com.apple.runningboard:message] PERF: [app<bg.sofia.yoursofia((null))>:1177] Received message from runningboardd: async_didChangeInheritances:completion:
2026-08-17 11:34:37.110 A  YourSofia[1177:3235b5] (RunningBoardServices) didChangeInheritances
2026-08-17 11:34:37.110 Db YourSofia[1177:323578] [com.apple.defaults:User Defaults] setting new value 0 for key VolumeDownShowsUI in CFPrefsSource<0x600001708780> (Domain: Volatile, User: , ByHost: No, Container: , Contents Need Refresh: No)
2026-08-17 11:34:37.110 Db YourSofia[1177:323578] [com.apple.defaults:User Defaults] setting new value 0 for key MultiWindowEnabled in CFPrefsSource<0x600001708780> (Domain: Volatile, User: , ByHost: No, Container: , Contents Need Refresh: No)
2026-08-17 11:34:37.110 Db YourSofia[1177:323578] [com.apple.defaults:User Defaults] setting new value 0 for key RemotePrototypingEnabled in CFPrefsSource<0x600001708780> (Domain: Volatile, User: , ByHost: No, Container: , Contents Need Refresh: No)
2026-08-17 11:34:37.110 Db YourSofia[1177:323578] [com.apple.defaults:User Defaults] setting new value 0 for key TestRecipeEatsVolumeUp in CFPrefsSource<0x600001708780> (Domain: Volatile, User: , ByHost: No, Container: , Contents Need Refresh: No)
2026-08-17 11:34:37.110 Db YourSofia[1177:323578] [com.apple.defaults:User Defaults] setting new value 0 for key TestRecipeEatsRingerSwitch in CFPrefsSource<0x600001708780> (Domain: Volatile, User: , ByHost: No, Container: , Contents Need Refresh: No)
2026-08-17 11:34:37.110 Db YourSofia[1177:323578] [com.apple.defaults:User Defaults] setting new value 0 for key PrototypeSettingsEnabled in CFPrefsSource<0x600001708780> (Domain: Volatile, User: , ByHost: No, Container: , Contents Need Refresh: No)
2026-08-17 11:34:37.110 Db YourSofia[1177:323578] [com.apple.defaults:User Defaults] setting new value 0 for key TestRecipeEatsRingerButton in CFPrefsSource<0x600001708780> (Domain: Volatile, User: , ByHost: No, Container: , Contents Need Refresh: No)
2026-08-17 11:34:37.110 Db YourSofia[1177:3235b5] [com.apple.runningboard:connection] didChangeInheritances: <RBSInheritanceChangeSet| gained:(null) lost:{(
    <RBSInheritance| environment:(none) name:com.apple.frontboard.visibility origID:99881-1155-770 0>
)}>
2026-08-17 11:34:37.110 Db YourSofia[1177:323578] [com.apple.defaults:User Defaults] setting new value 0 for key ClearSettingsArchivesForMigration in CFPrefsSource<0x600001708780> (Domain: Volatile, User: , ByHost: No, Container: , Contents Need Refresh: No)
2026-08-17 11:34:37.110 Db YourSofia[1177:323578] [com.apple.defaults:User Defaults] setting new value 0 for key RingerSwitchShowsUI in CFPrefsSource<0x600001708780> (Domain: Volatile, User: , ByHost: No, Container: , Contents Need Refresh: No)
2026-08-17 11:34:37.110 Db YourSofia[1177:323578] [com.apple.defaults:User Defaults] setting new value 0 for key ActivePrototypingEnabled in CFPrefsSource<0x600001708780> (Domain: Volatile, User: , ByHost: No, Container: , Contents Need Refresh: No)
2026-08-17 11:34:37.110 Db YourSofia[1177:323578] [com.apple.defaults:User Defaults] setting new value 0 for key ClearPrototypeCachesForMigration in CFPrefsSource<0x600001708780> (Domain: Volatile, User: , ByHost: No, Container: , Contents Need Refresh: No)
2026-08-17 11:34:37.110 Db YourSofia[1177:323578] [com.apple.defaults:User Defaults] setting new value 1 for key VolumeUpShowsUI in CFPrefsSource<0x600001708780> (Domain: Volatile, User: , ByHost: No, Container: , Contents Need Refresh: No)
2026-08-17 11:34:37.110 Db YourSofia[1177:323578] [com.apple.defaults:User Defaults] setting new value 0 for key TestRecipeEatsVolumeDown in CFPrefsSource<0x600001708780> (Domain: Volatile, User: , ByHost: No, Container: , Contents Need Refresh: No)
2026-08-17 11:34:37.110 Db YourSofia[1177:3235b7] [com.apple.CFBundle:loading] dlfcn load framework CFBundle 0x600003b2d880 </Library/Developer/CoreSimulator/Volumes/iOS_23D8133/Library/Developer/CoreSimulator/Profiles/Runtimes/iOS 26.3.simruntime/Contents/Resources/RuntimeRoot/System/Library/AccessibilityBundles/MessageUIFramework.axbundle> (framework, not loaded), dlopen of /Library/Developer/CoreSimulator/Volumes/iOS_23D8133/Library/Developer/CoreSimulator/Profiles/Runtimes/iOS 26.3.simruntime/Contents/Resources/RuntimeRoot/System/Library/AccessibilityBundles/MessageUIFramework.axbundle/MessageUIFramework mode 0x109 returns handle 0xf857b1
2026-08-17 11:34:37.111 Db YourSofia[1177:3235b7] [com.apple.defaults:User Defaults] found no value for key UseNewAXBundleLoader in CFPrefsSearchListSource<0x600002c29300> (Domain: com.apple.Accessibility, Container: /Users/valentinasenov/Library/Developer/CoreSimulator/Devices/4EC5F74C-5A9C-4D89-8E44-374310E684AE/data Non-launch persona: 0)
2026-08-17 11:34:37.111 Db YourSofia[1177:3235b7] [com.apple.defaults:User Defaults] found no value for key UseNewAXBundleLoader in CFPrefsSearchListSource<0x600002c08c00> (Domain: com.apple.Accessibility, Container: (null) Non-launch persona: 0)
2026-08-17 11:34:37.111 Db YourSofia[1177:3235b7] [com.apple.CFBundle:loading] dlfcn check load bundle CFBundle 0x600003b28e00 </Library/Developer/CoreSimulator/Volumes/iOS_23D8133/Library/Developer/CoreSimulator/Profiles/Runtimes/iOS 26.3.simruntime/Contents/Resources/RuntimeRoot/System/Library/AccessibilityBundles/AssistantServices.axbundle> (not loaded), dlopen of /Library/Developer/CoreSimulator/Volumes/iOS_23D8133/Library/Developer/CoreSimulator/Profiles/Runtimes/iOS 26.3.simruntime/Contents/Resources/RuntimeRoot/System/Library/AccessibilityBundles/AssistantServices.axbundle/AssistantServices mode 0x115 no handle
2026-08-17 11:34:37.111 Db YourSofia[1177:323578] [com.apple.defaults:User Defaults] CFPrefsManagedSource<0x600002c09900> (Domain: com.apple.PrototypeTools, User: kCFPreferencesCurrentUser, ByHost: Yes, Container: (null), Contents Need Refresh: No) loaded: an empty base plist and no additional changes from the base plist
2026-08-17 11:34:37.117 Db YourSofia[1177:323578] [com.apple.defaults:User Defaults] CFPrefsManagedSource<0x600002c0bd80> (Domain: com.apple.PrototypeTools, User: kCFPreferencesAnyUser, ByHost: Yes, Container: (null), Contents Need Refresh: No) loaded: an empty base plist and no additional changes from the base plist
2026-08-17 11:34:37.117 Db YourSofia[1177:323578] [com.apple.defaults:User Defaults] CFPrefsPlistSource<0x600002c0aa80> (Domain: com.apple.PrototypeTools, User: kCFPreferencesCurrentUser, ByHost: No, Container: (null), Contents Need Refresh: No) loaded: an empty base plist and no additional changes from the base plist
2026-08-17 11:34:37.117 Db YourSofia[1177:323578] [com.apple.defaults:User Defaults] CFPrefsPlistSource<0x600002c09980> (Domain: com.apple.PrototypeTools, User: kCFPreferencesCurrentUser, ByHost: No, Container: /Users/valentinasenov/Library/Developer/CoreSimulator/Devices/4EC5F74C-5A9C-4D89-8E44-374310E684AE/data, Contents Need Refresh: No) loaded: a new base plist and no additional changes from the base plist
2026-08-17 11:34:37.117 Db YourSofia[1177:323578] [com.apple.defaults:User Defaults] CFPrefsPlistSource<0x600002c28f80> (Domain: com.apple.PrototypeTools, User: kCFPreferencesCurrentUser, ByHost: Yes, Container: (null), Contents Need Refresh: No) loaded: an empty base plist and no additional changes from the base plist
2026-08-17 11:34:37.117 Db YourSofia[1177:3235b7] [com.apple.CFBundle:loading] dlfcn load framework CFBundle 0x600003b28e00 </Library/Developer/CoreSimulator/Volumes/iOS_23D8133/Library/Developer/CoreSimulator/Profiles/Runtimes/iOS 26.3.simruntime/Contents/Resources/RuntimeRoot/System/Library/AccessibilityBundles/AssistantServices.axbundle> (framework, not loaded), dlopen of /Library/Developer/CoreSimulator/Volumes/iOS_23D8133/Library/Developer/CoreSimulator/Profiles/Runtimes/iOS 26.3.simruntime/Contents/Resources/RuntimeRoot/System/Library/AccessibilityBundles/AssistantServices.axbundle/AssistantServices mode 0x109 returns handle 0xf85be1
2026-08-17 11:34:37.117 Db YourSofia[1177:323578] [com.apple.defaults:User Defaults] looked up value 0 for key PrototypeSettingsEnabled in CFPrefsPlistSource<0x600002c09980> (Domain: com.apple.PrototypeTools, User: kCFPreferencesCurrentUser, ByHost: No, Container: /Users/valentinasenov/Library/Developer/CoreSimulator/Devices/4EC5F74C-5A9C-4D89-8E44-374310E684AE/data, Contents Need Refresh: No) via CFPrefsSearchListSource<0x600002c0bb00> (Domain: com.apple.PrototypeTools, Container: (null) Non-launch persona: 0)
2026-08-17 11:34:37.117 Db YourSofia[1177:323578] [com.apple.defaults:User Defaults] looked up value 0 for key PrototypeSettingsEnabled in CFPrefsPlistSource<0x600002c09980> (Domain: com.apple.PrototypeTools, User: kCFPreferencesCurrentUser, ByHost: No, Container: /Users/valentinasenov/Library/Developer/CoreSimulator/Devices/4EC5F74C-5A9C-4D89-8E44-374310E684AE/data, Contents Need Refresh: No) via CFPrefsSearchListSource<0x600002c0bb00> (Domain: com.apple.PrototypeTools, Container: (null) Non-launch persona: 0)
2026-08-17 11:34:37.117 Db YourSofia[1177:3235b7] [com.apple.defaults:User Defaults] found no value for key UseNewAXBundleLoader in CFPrefsSearchListSource<0x600002c29300> (Domain: com.apple.Accessibility, Container: /Users/valentinasenov/Library/Developer/CoreSimulator/Devices/4EC5F74C-5A9C-4D89-8E44-374310E684AE/data Non-launch persona: 0)
2026-08-17 11:34:37.117 Db YourSofia[1177:3235b7] [com.apple.defaults:User Defaults] found no value for key UseNewAXBundleLoader in CFPrefsSearchListSource<0x600002c08c00> (Domain: com.apple.Accessibility, Container: (null) Non-launch persona: 0)
2026-08-17 11:34:37.118 Db YourSofia[1177:3235b7] [com.apple.CFBundle:loading] dlfcn check load bundle CFBundle 0x600003b28fc0 </Library/Developer/CoreSimulator/Volumes/iOS_23D8133/Library/Developer/CoreSimulator/Profiles/Runtimes/iOS 26.3.simruntime/Contents/Resources/RuntimeRoot/System/Library/AccessibilityBundles/IntentsUI.axbundle> (not loaded), dlopen of /Library/Developer/CoreSimulator/Volumes/iOS_23D8133/Library/Developer/CoreSimulator/Profiles/Runtimes/iOS 26.3.simruntime/Contents/Resources/RuntimeRoot/System/Library/AccessibilityBundles/IntentsUI.axbundle/IntentsUI mode 0x115 no handle
2026-08-17 11:34:37.118 Db YourSofia[1177:323578] [com.apple.defaults:User Defaults] found no value for key ReduceMotionReduceSlideTransitionsPreference in CFPrefsSearchListSource<0x600002c08c00> (Domain: com.apple.Accessibility, Container: (null) Non-launch persona: 0)
2026-08-17 11:34:37.124 Db YourSofia[1177:323578] [com.apple.Accessibility:AXSupportCommon] CF Read: domain = com.apple.Accessibility, preference = ReduceMotionReduceSlideTransitionsPreference, appID = (null) result = (null) (-1 - empty, 0 - false, 1 - true)
2026-08-17 11:34:37.124 Db YourSofia[1177:323578] [com.apple.defaults:User Defaults] found no value for key ReduceMotionReduceSlideTransitionsPreference in CFPrefsPlistSource<0x600002c08f00> (Domain: com.apple.Accessibility, User: kCFPreferencesCurrentUser, ByHost: No, Container: /Users/valentinasenov/Library/Developer/CoreSimulator/Devices/4EC5F74C-5A9C-4D89-8E44-374310E684AE/data, Contents Need Refresh: No)
2026-08-17 11:34:37.124 Db YourSofia[1177:3235b7] [com.apple.CFBundle:loading] dlfcn load framework CFBundle 0x600003b28fc0 </Library/Developer/CoreSimulator/Volumes/iOS_23D8133/Library/Developer/CoreSimulator/Profiles/Runtimes/iOS 26.3.simruntime/Contents/Resources/RuntimeRoot/System/Library/AccessibilityBundles/IntentsUI.axbundle> (framework, not loaded), dlopen of /Library/Developer/CoreSimulator/Volumes/iOS_23D8133/Library/Developer/CoreSimulator/Profiles/Runtimes/iOS 26.3.simruntime/Contents/Resources/RuntimeRoot/System/Library/AccessibilityBundles/IntentsUI.axbundle/IntentsUI mode 0x109 returns handle 0xf85fc1
2026-08-17 11:34:37.124 Db YourSofia[1177:3235b7] [com.apple.defaults:User Defaults] found no value for key UseNewAXBundleLoader in CFPrefsSearchListSource<0x600002c29300> (Domain: com.apple.Accessibility, Container: /Users/valentinasenov/Library/Developer/CoreSimulator/Devices/4EC5F74C-5A9C-4D89-8E44-374310E684AE/data Non-launch persona: 0)
2026-08-17 11:34:37.124 Db YourSofia[1177:3235b7] [com.apple.defaults:User Defaults] found no value for key UseNewAXBundleLoader in CFPrefsSearchListSource<0x600002c08c00> (Domain: com.apple.Accessibility, Container: (null) Non-launch persona: 0)
2026-08-17 11:34:37.124 Db YourSofia[1177:323578] [com.apple.defaults:User Defaults] looked up value 0 for key PrototypeSettingsEnabled in CFPrefsPlistSource<0x600002c09980> (Domain: com.apple.PrototypeTools, User: kCFPreferencesCurrentUser, ByHost: No, Container: /Users/valentinasenov/Library/Developer/CoreSimulator/Devices/4EC5F74C-5A9C-4D89-8E44-374310E684AE/data, Contents Need Refresh: No) via CFPrefsSearchListSource<0x600002c0bb00> (Domain: com.apple.PrototypeTools, Container: (null) Non-launch persona: 0)
2026-08-17 11:34:37.124 Db YourSofia[1177:323578] [com.apple.defaults:User Defaults] looked up value 0 for key PrototypeSettingsEnabled in CFPrefsPlistSource<0x600002c09980> (Domain: com.apple.PrototypeTools, User: kCFPreferencesCurrentUser, ByHost: No, Container: /Users/valentinasenov/Library/Developer/CoreSimulator/Devices/4EC5F74C-5A9C-4D89-8E44-374310E684AE/data, Contents Need Refresh: No) via CFPrefsSearchListSource<0x600002c0bb00> (Domain: com.apple.PrototypeTools, Container: (null) Non-launch persona: 0)
2026-08-17 11:34:37.124 Db YourSofia[1177:323578] [com.apple.defaults:User Defaults] looked up value 0 for key PrototypeSettingsEnabled in CFPrefsPlistSource<0x600002c09980> (Domain: com.apple.PrototypeTools, User: kCFPreferencesCurrentUser, ByHost: No, Container: /Users/valentinasenov/Library/Developer/CoreSimulator/Devices/4EC5F74C-5A9C-4D89-8E44-374310E684AE/data, Contents Need Refresh: No) via CFPrefsSearchListSource<0x600002c0bb00> (Domain: com.apple.PrototypeTools, Container: (null) Non-launch persona: 0)
2026-08-17 11:34:37.125 Db YourSofia[1177:323578] [com.apple.defaults:User Defaults] looked up value 0 for key PrototypeSettingsEnabled in CFPrefsPlistSource<0x600002c09980> (Domain: com.apple.PrototypeTools, User: kCFPreferencesCurrentUser, ByHost: No, Container: /Users/valentinasenov/Library/Developer/CoreSimulator/Devices/4EC5F74C-5A9C-4D89-8E44-374310E684AE/data, Contents Need Refresh: No) via CFPrefsSearchListSource<0x600002c0bb00> (Domain: com.apple.PrototypeTools, Container: (null) Non-launch persona: 0)
2026-08-17 11:34:37.125 Db YourSofia[1177:323578] [com.apple.defaults:User Defaults] found no value for key SolariumUseDisplayAngle in CFPrefsSearchListSource<0x600002c27080> (Domain: com.apple.SwiftUI, Container: (null) Non-launch persona: 0)
2026-08-17 11:34:37.125 Db YourSofia[1177:3235b7] [com.apple.CFBundle:loading] dlfcn check load bundle CFBundle 0x600003b29420 </Library/Developer/CoreSimulator/Volumes/iOS_23D8133/Library/Developer/CoreSimulator/Profiles/Runtimes/iOS 26.3.simruntime/Contents/Resources/RuntimeRoot/System/Library/AccessibilityBundles/WebCore.axbundle> (not loaded), dlopen of /Library/Developer/CoreSimulator/Volumes/iOS_23D8133/Library/Developer/CoreSimulator/Profiles/Runtimes/iOS 26.3.simruntime/Contents/Resources/RuntimeRoot/System/Library/AccessibilityBundles/WebCore.axbundle/WebCore mode 0x115 no handle
2026-08-17 11:34:37.125 Db YourSofia[1177:323578] [com.apple.defaults:User Defaults] looked up value 0 for key PrototypeSettingsEnabled in CFPrefsPlistSource<0x600002c09980> (Domain: com.apple.PrototypeTools, User: kCFPreferencesCurrentUser, ByHost: No, Container: /Users/valentinasenov/Library/Developer/CoreSimulator/Devices/4EC5F74C-5A9C-4D89-8E44-374310E684AE/data, Contents Need Refresh: No) via CFPrefsSearchListSource<0x600002c0bb00> (Domain: com.apple.PrototypeTools, Container: (null) Non-launch persona: 0)
2026-08-17 11:34:37.131 Db YourSofia[1177:3235b7] [com.apple.CFBundle:loading] dlfcn load framework CFBundle 0x600003b29420 </Library/Developer/CoreSimulator/Volumes/iOS_23D8133/Library/Developer/CoreSimulator/Profiles/Runtimes/iOS 26.3.simruntime/Contents/Resources/RuntimeRoot/System/Library/AccessibilityBundles/WebCore.axbundle> (framework, not loaded), dlopen of /Library/Developer/CoreSimulator/Volumes/iOS_23D8133/Library/Developer/CoreSimulator/Profiles/Runtimes/iOS 26.3.simruntime/Contents/Resources/RuntimeRoot/System/Library/AccessibilityBundles/WebCore.axbundle/WebCore mode 0x109 returns handle 0xf86391
2026-08-17 11:34:37.131 Db YourSofia[1177:3235b7] [com.apple.defaults:User Defaults] found no value for key UseNewAXBundleLoader in CFPrefsSearchListSource<0x600002c29300> (Domain: com.apple.Accessibility, Container: /Users/valentinasenov/Library/Developer/CoreSimulator/Devices/4EC5F74C-5A9C-4D89-8E44-374310E684AE/data Non-launch persona: 0)
2026-08-17 11:34:37.131 Db YourSofia[1177:3235b7] [com.apple.defaults:User Defaults] found no value for key UseNewAXBundleLoader in CFPrefsSearchListSource<0x600002c08c00> (Domain: com.apple.Accessibility, Container: (null) Non-launch persona: 0)
2026-08-17 11:34:37.131 Db YourSofia[1177:323578] [com.apple.defaults:User Defaults] looked up value 0 for key PrototypeSettingsEnabled in CFPrefsPlistSource<0x600002c09980> (Domain: com.apple.PrototypeTools, User: kCFPreferencesCurrentUser, ByHost: No, Container: /Users/valentinasenov/Library/Developer/CoreSimulator/Devices/4EC5F74C-5A9C-4D89-8E44-374310E684AE/data, Contents Need Refresh: No) via CFPrefsSearchListSource<0x600002c0bb00> (Domain: com.apple.PrototypeTools, Container: (null) Non-launch persona: 0)
2026-08-17 11:34:37.131 Db YourSofia[1177:323578] [com.apple.defaults:User Defaults] looked up value 0 for key PrototypeSettingsEnabled in CFPrefsPlistSource<0x600002c09980> (Domain: com.apple.PrototypeTools, User: kCFPreferencesCurrentUser, ByHost: No, Container: /Users/valentinasenov/Library/Developer/CoreSimulator/Devices/4EC5F74C-5A9C-4D89-8E44-374310E684AE/data, Contents Need Refresh: No) via CFPrefsSearchListSource<0x600002c0bb00> (Domain: com.apple.PrototypeTools, Container: (null) Non-launch persona: 0)
2026-08-17 11:34:37.131 Db YourSofia[1177:3235b7] [com.apple.CFBundle:loading] dlfcn check load bundle CFBundle 0x600003b29880 </Library/Developer/CoreSimulator/Volumes/iOS_23D8133/Library/Developer/CoreSimulator/Profiles/Runtimes/iOS 26.3.simruntime/Contents/Resources/RuntimeRoot/System/Library/AccessibilityBundles/SafariSharedUI.axbundle> (not loaded), dlopen of /Library/Developer/CoreSimulator/Volumes/iOS_23D8133/Library/Developer/CoreSimulator/Profiles/Runtimes/iOS 26.3.simruntime/Contents/Resources/RuntimeRoot/System/Library/AccessibilityBundles/SafariSharedUI.axbundle/SafariSharedUI mode 0x115 no handle
2026-08-17 11:34:37.131 Db YourSofia[1177:323578] [com.apple.defaults:User Defaults] looked up value 0 for key PrototypeSettingsEnabled in CFPrefsPlistSource<0x600002c09980> (Domain: com.apple.PrototypeTools, User: kCFPreferencesCurrentUser, ByHost: No, Container: /Users/valentinasenov/Library/Developer/CoreSimulator/Devices/4EC5F74C-5A9C-4D89-8E44-374310E684AE/data, Contents Need Refresh: No) via CFPrefsSearchListSource<0x600002c0bb00> (Domain: com.apple.PrototypeTools, Container: (null) Non-launch persona: 0)
2026-08-17 11:34:37.131 Db YourSofia[1177:323578] [com.apple.defaults:User Defaults] looked up value 0 for key PrototypeSettingsEnabled in CFPrefsPlistSource<0x600002c09980> (Domain: com.apple.PrototypeTools, User: kCFPreferencesCurrentUser, ByHost: No, Container: /Users/valentinasenov/Library/Developer/CoreSimulator/Devices/4EC5F74C-5A9C-4D89-8E44-374310E684AE/data, Contents Need Refresh: No) via CFPrefsSearchListSource<0x600002c0bb00> (Domain: com.apple.PrototypeTools, Container: (null) Non-launch persona: 0)
2026-08-17 11:34:37.132 Db YourSofia[1177:323578] [com.apple.defaults:User Defaults] looked up value 0 for key PrototypeSettingsEnabled in CFPrefsPlistSource<0x600002c09980> (Domain: com.apple.PrototypeTools, User: kCFPreferencesCurrentUser, ByHost: No, Container: /Users/valentinasenov/Library/Developer/CoreSimulator/Devices/4EC5F74C-5A9C-4D89-8E44-374310E684AE/data, Contents Need Refresh: No) via CFPrefsSearchListSource<0x600002c0bb00> (Domain: com.apple.PrototypeTools, Container: (null) Non-launch persona: 0)
2026-08-17 11:34:37.138 Db YourSofia[1177:3235b7] [com.apple.CFBundle:loading] dlfcn load framework CFBundle 0x600003b29880 </Library/Developer/CoreSimulator/Volumes/iOS_23D8133/Library/Developer/CoreSimulator/Profiles/Runtimes/iOS 26.3.simruntime/Contents/Resources/RuntimeRoot/System/Library/AccessibilityBundles/SafariSharedUI.axbundle> (framework, not loaded), dlopen of /Library/Developer/CoreSimulator/Volumes/iOS_23D8133/Library/Developer/CoreSimulator/Profiles/Runtimes/iOS 26.3.simruntime/Contents/Resources/RuntimeRoot/System/Library/AccessibilityBundles/SafariSharedUI.axbundle/SafariSharedUI mode 0x109 returns handle 0xf86781
2026-08-17 11:34:37.138 Db YourSofia[1177:3235b7] [com.apple.defaults:User Defaults] found no value for key UseNewAXBundleLoader in CFPrefsSearchListSource<0x600002c29300> (Domain: com.apple.Accessibility, Container: /Users/valentinasenov/Library/Developer/CoreSimulator/Devices/4EC5F74C-5A9C-4D89-8E44-374310E684AE/data Non-launch persona: 0)
2026-08-17 11:34:37.138 Db YourSofia[1177:3235b7] [com.apple.defaults:User Defaults] found no value for key UseNewAXBundleLoader in CFPrefsSearchListSource<0x600002c08c00> (Domain: com.apple.Accessibility, Container: (null) Non-launch persona: 0)
2026-08-17 11:34:37.138 Db YourSofia[1177:323578] [com.apple.defaults:User Defaults] found no value for key SolariumUseHDRGainMultiply in CFPrefsSearchListSource<0x600002c27080> (Domain: com.apple.SwiftUI, Container: (null) Non-launch persona: 0)
2026-08-17 11:34:37.138 Db YourSofia[1177:323578] [com.apple.defaults:User Defaults] found no value for key SolariumEnableKeyboardExteriorEffects in CFPrefsSearchListSource<0x600002c27080> (Domain: com.apple.SwiftUI, Container: (null) Non-launch persona: 0)
2026-08-17 11:34:37.138 Db YourSofia[1177:323578] [com.apple.defaults:User Defaults] found no value for key SolariumEnableDockExteriorEffects in CFPrefsSearchListSource<0x600002c27080> (Domain: com.apple.SwiftUI, Container: (null) Non-launch persona: 0)
2026-08-17 11:34:37.138 Db YourSofia[1177:323578] [com.apple.defaults:User Defaults] found no value for key SolariumEnableReducedShadowVibrancy in CFPrefsSearchListSource<0x600002c27080> (Domain: com.apple.SwiftUI, Container: (null) Non-launch persona: 0)
2026-08-17 11:34:37.138 Db YourSofia[1177:3235b7] [com.apple.CFBundle:loading] dlfcn check load bundle CFBundle 0x600003b29960 </Library/Developer/CoreSimulator/Volumes/iOS_23D8133/Library/Developer/CoreSimulator/Profiles/Runtimes/iOS 26.3.simruntime/Contents/Resources/RuntimeRoot/System/Library/AccessibilityBundles/ShareSheet.axbundle> (not loaded), dlopen of /Library/Developer/CoreSimulator/Volumes/iOS_23D8133/Library/Developer/CoreSimulator/Profiles/Runtimes/iOS 26.3.simruntime/Contents/Resources/RuntimeRoot/System/Library/AccessibilityBundles/ShareSheet.axbundle/ShareSheet mode 0x115 no handle
2026-08-17 11:34:37.138 Db YourSofia[1177:323578] [com.apple.defaults:User Defaults] found no value for key SolariumForceDarkShadow in CFPrefsSearchListSource<0x600002c27080> (Domain: com.apple.SwiftUI, Container: (null) Non-launch persona: 0)
2026-08-17 11:34:37.138 Db YourSofia[1177:323578] [com.apple.defaults:User Defaults] found no value for key SolariumDisableFocusForegroundEffects in CFPrefsSearchListSource<0x600002c27080> (Domain: com.apple.SwiftUI, Container: (null) Non-launch persona: 0)
2026-08-17 11:34:37.138 Db YourSofia[1177:323578] [com.apple.defaults:User Defaults] found no value for key SolariumHighlightWhite in CFPrefsSearchListSource<0x600002c27080> (Domain: com.apple.SwiftUI, Container: (null) Non-launch persona: 0)
2026-08-17 11:34:37.139 Db YourSofia[1177:323578] [com.apple.defaults:User Defaults] found no value for key SolariumHighlightWhite in CFPrefsSearchListSource<0x600002c27080> (Domain: com.apple.SwiftUI, Container: (null) Non-launch persona: 0)
2026-08-17 11:34:37.139 Db YourSofia[1177:323578] [com.apple.defaults:User Defaults] found no value for key SolariumKeyboardUpdateRate in CFPrefsSearchListSource<0x600002c27080> (Domain: com.apple.SwiftUI, Container: (null) Non-launch persona: 0)
2026-08-17 11:34:37.139 Db YourSofia[1177:323578] [com.apple.defaults:User Defaults] found no value for key SolariumNoBlurReducedFrost in CFPrefsSearchListSource<0x600002c27080> (Domain: com.apple.SwiftUI, Container: (null) Non-launch persona: 0)
2026-08-17 11:34:37.139 Db YourSofia[1177:323578] [com.apple.defaults:User Defaults] found no value for key SolariumContourGradient in CFPrefsSearchListSource<0x600002c27080> (Domain: com.apple.SwiftUI, Container: (null) Non-launch persona: 0)
2026-08-17 11:34:37.139 Db YourSofia[1177:323578] [com.apple.defaults:User Defaults] found no value for key SolariumAllowHDR in CFPrefsSearchListSource<0x600002c27080> (Domain: com.apple.SwiftUI, Container: (null) Non-launch persona: 0)
2026-08-17 11:34:37.139 Db YourSofia[1177:323578] [com.apple.defaults:User Defaults] found no value for key SolariumForceFallback in CFPrefsSearchListSource<0x600002c27080> (Domain: com.apple.SwiftUI, Container: (null) Non-launch persona: 0)
2026-08-17 11:34:37.144 Db YourSofia[1177:323578] [com.apple.defaults:User Defaults] found no value for key SolariumEnableHomeScreenExteriorEffects in CFPrefsSearchListSource<0x600002c27080> (Domain: com.apple.SwiftUI, Container: (null) Non-launch persona: 0)
2026-08-17 11:34:37.144 Db YourSofia[1177:323578] [com.apple.defaults:User Defaults] found no value for key SolariumDisableOuterRefraction in CFPrefsSearchListSource<0x600002c27080> (Domain: com.apple.SwiftUI, Container: (null) Non-launch persona: 0)
2026-08-17 11:34:37.144 Db YourSofia[1177:323578] [com.apple.defaults:User Defaults] found no value for key SolariumTextFrost in CFPrefsSearchListSource<0x600002c27080> (Domain: com.apple.SwiftUI, Container: (null) Non-launch persona: 0)
2026-08-17 11:34:37.144 Db YourSofia[1177:323578] [com.apple.defaults:User Defaults] found no value for key SolariumTintMask in CFPrefsSearchListSource<0x600002c27080> (Domain: com.apple.SwiftUI, Container: (null) Non-launch persona: 0)
2026-08-17 11:34:37.144 Db YourSofia[1177:323578] [com.apple.defaults:User Defaults] found no value for key SolariumIncreasedDiffusion in CFPrefsSearchListSource<0x600002c27080> (Domain: com.apple.SwiftUI, Container: (null) Non-launch persona: 0)
2026-08-17 11:34:37.144 Db YourSofia[1177:323578] [com.apple.defaults:User Defaults] found no value for key SolariumLiveTuning in CFPrefsSearchListSource<0x600002c27080> (Domain: com.apple.SwiftUI, Container: (null) Non-launch persona: 0)
2026-08-17 11:34:37.144 Db YourSofia[1177:323578] [com.apple.defaults:User Defaults] found no value for key SolariumUseHDRGainMultiply in CFPrefsSearchListSource<0x600002c27080> (Domain: com.apple.SwiftUI, Container: (null) Non-launch persona: 0)
2026-08-17 11:34:37.144 Db YourSofia[1177:323578] [com.apple.defaults:User Defaults] found no value for key SolariumEnableKeyboardExteriorEffects in CFPrefsSearchListSource<0x600002c27080> (Domain: com.apple.SwiftUI, Container: (null) Non-launch persona: 0)
2026-08-17 11:34:37.144 Db YourSofia[1177:323578] [com.apple.defaults:User Defaults] found no value for key SolariumEnableDockExteriorEffects in CFPrefsSearchListSource<0x600002c27080> (Domain: com.apple.SwiftUI, Container: (null) Non-launch persona: 0)
2026-08-17 11:34:37.144 Db YourSofia[1177:323578] [com.apple.defaults:User Defaults] found no value for key SolariumEnableReducedShadowVibrancy in CFPrefsSearchListSource<0x600002c27080> (Domain: com.apple.SwiftUI, Container: (null) Non-launch persona: 0)
2026-08-17 11:34:37.144 Db YourSofia[1177:323578] [com.apple.defaults:User Defaults] found no value for key SolariumForceDarkShadow in CFPrefsSearchListSource<0x600002c27080> (Domain: com.apple.SwiftUI, Container: (null) Non-launch persona: 0)
2026-08-17 11:34:37.144 Db YourSofia[1177:323578] [com.apple.defaults:User Defaults] found no value for key SolariumDisableFocusForegroundEffects in CFPrefsSearchListSource<0x600002c27080> (Domain: com.apple.SwiftUI, Container: (null) Non-launch persona: 0)
2026-08-17 11:34:37.144 Db YourSofia[1177:323578] [com.apple.defaults:User Defaults] found no value for key SolariumHighlightWhite in CFPrefsSearchListSource<0x600002c27080> (Domain: com.apple.SwiftUI, Container: (null) Non-launch persona: 0)
2026-08-17 11:34:37.144 Db YourSofia[1177:323578] [com.apple.defaults:User Defaults] found no value for key SolariumHighlightWhite in CFPrefsSearchListSource<0x600002c27080> (Domain: com.apple.SwiftUI, Container: (null) Non-launch persona: 0)
2026-08-17 11:34:37.144 Db YourSofia[1177:323578] [com.apple.defaults:User Defaults] found no value for key SolariumKeyboardUpdateRate in CFPrefsSearchListSource<0x600002c27080> (Domain: com.apple.SwiftUI, Container: (null) Non-launch persona: 0)
2026-08-17 11:34:37.144 Db YourSofia[1177:323578] [com.apple.defaults:User Defaults] found no value for key SolariumNoBlurReducedFrost in CFPrefsSearchListSource<0x600002c27080> (Domain: com.apple.SwiftUI, Container: (null) Non-launch persona: 0)
2026-08-17 11:34:37.144 Db YourSofia[1177:323578] [com.apple.defaults:User Defaults] found no value for key SolariumContourGradient in CFPrefsSearchListSource<0x600002c27080> (Domain: com.apple.SwiftUI, Container: (null) Non-launch persona: 0)
2026-08-17 11:34:37.144 Db YourSofia[1177:323578] [com.apple.defaults:User Defaults] found no value for key SolariumAllowHDR in CFPrefsSearchListSource<0x600002c27080> (Domain: com.apple.SwiftUI, Container: (null) Non-launch persona: 0)
2026-08-17 11:34:37.144 Db YourSofia[1177:323578] [com.apple.defaults:User Defaults] found no value for key SolariumForceFallback in CFPrefsSearchListSource<0x600002c27080> (Domain: com.apple.SwiftUI, Container: (null) Non-launch persona: 0)
2026-08-17 11:34:37.144 Db YourSofia[1177:323578] [com.apple.defaults:User Defaults] found no value for key SolariumEnableHomeScreenExteriorEffects in CFPrefsSearchListSource<0x600002c27080> (Domain: com.apple.SwiftUI, Container: (null) Non-launch persona: 0)
2026-08-17 11:34:37.144 Db YourSofia[1177:323578] [com.apple.defaults:User Defaults] found no value for key SolariumDisableOuterRefraction in CFPrefsSearchListSource<0x600002c27080> (Domain: com.apple.SwiftUI, Container: (null) Non-launch persona: 0)
2026-08-17 11:34:37.144 Db YourSofia[1177:323578] [com.apple.defaults:User Defaults] found no value for key SolariumTextFrost in CFPrefsSearchListSource<0x600002c27080> (Domain: com.apple.SwiftUI, Container: (null) Non-launch persona: 0)
2026-08-17 11:34:37.144 Db YourSofia[1177:323578] [com.apple.defaults:User Defaults] found no value for key SolariumTintMask in CFPrefsSearchListSource<0x600002c27080> (Domain: com.apple.SwiftUI, Container: (null) Non-launch persona: 0)
2026-08-17 11:34:37.144 Db YourSofia[1177:323578] [com.apple.defaults:User Defaults] found no value for key SolariumIncreasedDiffusion in CFPrefsSearchListSource<0x600002c27080> (Domain: com.apple.SwiftUI, Container: (null) Non-launch persona: 0)
2026-08-17 11:34:37.144 I  YourSofia[1177:323578] [com.apple.DesignLibrary:defaults] liveTuning=false
2026-08-17 11:34:37.145 Db YourSofia[1177:323578] [com.apple.defaults:User Defaults] found no value for key SolariumBackgroundFilter in CFPrefsSearchListSource<0x600002c27080> (Domain: com.apple.SwiftUI, Container: (null) Non-launch persona: 0)
2026-08-17 11:34:37.145 Db YourSofia[1177:3235b7] [com.apple.CFBundle:loading] dlfcn load framework CFBundle 0x600003b29960 </Library/Developer/CoreSimulator/Volumes/iOS_23D8133/Library/Developer/CoreSimulator/Profiles/Runtimes/iOS 26.3.simruntime/Contents/Resources/RuntimeRoot/System/Library/AccessibilityBundles/ShareSheet.axbundle> (framework, not loaded), dlopen of /Library/Developer/CoreSimulator/Volumes/iOS_23D8133/Library/Developer/CoreSimulator/Profiles/Runtimes/iOS 26.3.simruntime/Contents/Resources/RuntimeRoot/System/Library/AccessibilityBundles/ShareSheet.axbundle/ShareSheet mode 0x109 returns handle 0xf86b71
2026-08-17 11:34:37.145 Db YourSofia[1177:3235b7] [com.apple.defaults:User Defaults] found no value for key UseNewAXBundleLoader in CFPrefsSearchListSource<0x600002c29300> (Domain: com.apple.Accessibility, Container: /Users/valentinasenov/Library/Developer/CoreSimulator/Devices/4EC5F74C-5A9C-4D89-8E44-374310E684AE/data Non-launch persona: 0)
2026-08-17 11:34:37.145 Db YourSofia[1177:3235b7] [com.apple.defaults:User Defaults] found no value for key UseNewAXBundleLoader in CFPrefsSearchListSource<0x600002c08c00> (Domain: com.apple.Accessibility, Container: (null) Non-launch persona: 0)
2026-08-17 11:34:37.146 Db YourSofia[1177:3235b7] [com.apple.CFBundle:loading] dlfcn check load bundle CFBundle 0x600003b2db20 </Library/Developer/CoreSimulator/Volumes/iOS_23D8133/Library/Developer/CoreSimulator/Profiles/Runtimes/iOS 26.3.simruntime/Contents/Resources/RuntimeRoot/System/Library/AccessibilityBundles/PencilKit.axbundle> (not loaded), dlopen of /Library/Developer/CoreSimulator/Volumes/iOS_23D8133/Library/Developer/CoreSimulator/Profiles/Runtimes/iOS 26.3.simruntime/Contents/Resources/RuntimeRoot/System/Library/AccessibilityBundles/PencilKit.axbundle/PencilKit mode 0x115 no handle
2026-08-17 11:34:37.155 Db YourSofia[1177:3235b7] [com.apple.CFBundle:loading] dlfcn load framework CFBundle 0x600003b2db20 </Library/Developer/CoreSimulator/Volumes/iOS_23D8133/Library/Developer/CoreSimulator/Profiles/Runtimes/iOS 26.3.simruntime/Contents/Resources/RuntimeRoot/System/Library/AccessibilityBundles/PencilKit.axbundle> (framework, not loaded), dlopen of /Library/Developer/CoreSimulator/Volumes/iOS_23D8133/Library/Developer/CoreSimulator/Profiles/Runtimes/iOS 26.3.simruntime/Contents/Resources/RuntimeRoot/System/Library/AccessibilityBundles/PencilKit.axbundle/PencilKit mode 0x109 returns handle 0xf86f41
2026-08-17 11:34:37.156 Db YourSofia[1177:3235b7] [com.apple.defaults:User Defaults] found no value for key UseNewAXBundleLoader in CFPrefsSearchListSource<0x600002c29300> (Domain: com.apple.Accessibility, Container: /Users/valentinasenov/Library/Developer/CoreSimulator/Devices/4EC5F74C-5A9C-4D89-8E44-374310E684AE/data Non-launch persona: 0)
2026-08-17 11:34:37.156 Db YourSofia[1177:3235b7] [com.apple.defaults:User Defaults] found no value for key UseNewAXBundleLoader in CFPrefsSearchListSource<0x600002c08c00> (Domain: com.apple.Accessibility, Container: (null) Non-launch persona: 0)
2026-08-17 11:34:37.156 Db YourSofia[1177:3235b7] [com.apple.CFBundle:loading] dlfcn check load bundle CFBundle 0x600003b2e220 </Library/Developer/CoreSimulator/Volumes/iOS_23D8133/Library/Developer/CoreSimulator/Profiles/Runtimes/iOS 26.3.simruntime/Contents/Resources/RuntimeRoot/System/Library/AccessibilityBundles/WebUI.axbundle> (not loaded), dlopen of /Library/Developer/CoreSimulator/Volumes/iOS_23D8133/Library/Developer/CoreSimulator/Profiles/Runtimes/iOS 26.3.simruntime/Contents/Resources/RuntimeRoot/System/Library/AccessibilityBundles/WebUI.axbundle/WebUI mode 0x115 no handle
2026-08-17 11:34:37.160 Db YourSofia[1177:323578] [com.apple.UIKit:NavbarWidthResolver] Available width: 358.000000
2026-08-17 11:34:37.162 Db YourSofia[1177:3235b7] [com.apple.CFBundle:loading] dlfcn load framework CFBundle 0x600003b2e220 </Library/Developer/CoreSimulator/Volumes/iOS_23D8133/Library/Developer/CoreSimulator/Profiles/Runtimes/iOS 26.3.simruntime/Contents/Resources/RuntimeRoot/System/Library/AccessibilityBundles/WebUI.axbundle> (framework, not loaded), dlopen of /Library/Developer/CoreSimulator/Volumes/iOS_23D8133/Library/Developer/CoreSimulator/Profiles/Runtimes/iOS 26.3.simruntime/Contents/Resources/RuntimeRoot/System/Library/AccessibilityBundles/WebUI.axbundle/WebUI mode 0x109 returns handle 0xf876b1
2026-08-17 11:34:37.163 Db YourSofia[1177:3235b7] [com.apple.defaults:User Defaults] found no value for key UseNewAXBundleLoader in CFPrefsSearchListSource<0x600002c29300> (Domain: com.apple.Accessibility, Container: /Users/valentinasenov/Library/Developer/CoreSimulator/Devices/4EC5F74C-5A9C-4D89-8E44-374310E684AE/data Non-launch persona: 0)
2026-08-17 11:34:37.163 Db YourSofia[1177:3235b7] [com.apple.defaults:User Defaults] found no value for key UseNewAXBundleLoader in CFPrefsSearchListSource<0x600002c08c00> (Domain: com.apple.Accessibility, Container: (null) Non-launch persona: 0)
2026-08-17 11:34:37.165 Db YourSofia[1177:323578] [com.apple.UIKit:NavbarWidthResolver] Available width: 358.000000
2026-08-17 11:34:37.167 Db YourSofia[1177:323578] [com.apple.defaults:User Defaults] found no value for key LogUINavigationController in CFPrefsSearchListSource<0x600002c05c00> (Domain: com.apple.UIKit, Container: (null) Non-launch persona: 0)
2026-08-17 11:34:37.167 I  YourSofia[1177:323578] [com.apple.Accessibility:AXRuntimeNotifications] Attempting to send notification:  (1000) <private>
2026-08-17 11:34:37.168 Db YourSofia[1177:323578] [com.apple.UIKit:NavbarWidthResolver] Available width: 390.000000
2026-08-17 11:34:37.168 Db YourSofia[1177:323578] [com.apple.defaults:User Defaults] looked up value 0 for key PrototypeSettingsEnabled in CFPrefsPlistSource<0x600002c09980> (Domain: com.apple.PrototypeTools, User: kCFPreferencesCurrentUser, ByHost: No, Container: /Users/valentinasenov/Library/Developer/CoreSimulator/Devices/4EC5F74C-5A9C-4D89-8E44-374310E684AE/data, Contents Need Refresh: No) via CFPrefsSearchListSource<0x600002c0bb00> (Domain: com.apple.PrototypeTools, Container: (null) Non-launch persona: 0)
2026-08-17 11:34:37.168 Db YourSofia[1177:323578] [com.apple.defaults:User Defaults] looked up value 0 for key PrototypeSettingsEnabled in CFPrefsPlistSource<0x600002c09980> (Domain: com.apple.PrototypeTools, User: kCFPreferencesCurrentUser, ByHost: No, Container: /Users/valentinasenov/Library/Developer/CoreSimulator/Devices/4EC5F74C-5A9C-4D89-8E44-374310E684AE/data, Contents Need Refresh: No) via CFPrefsSearchListSource<0x600002c0bb00> (Domain: com.apple.PrototypeTools, Container: (null) Non-launch persona: 0)
2026-08-17 11:34:37.168 Db YourSofia[1177:323578] [com.apple.defaults:User Defaults] looked up value 0 for key PrototypeSettingsEnabled in CFPrefsPlistSource<0x600002c09980> (Domain: com.apple.PrototypeTools, User: kCFPreferencesCurrentUser, ByHost: No, Container: /Users/valentinasenov/Library/Developer/CoreSimulator/Devices/4EC5F74C-5A9C-4D89-8E44-374310E684AE/data, Contents Need Refresh: No) via CFPrefsSearchListSource<0x600002c0bb00> (Domain: com.apple.PrototypeTools, Container: (null) Non-launch persona: 0)
2026-08-17 11:34:37.170 Db YourSofia[1177:323578] [com.apple.BackBoard:EventDelivery] flushing changes: {
    contentsMask: 0x8; keyCommandsRegistrations: [environment: keyboardFocus; token: 0x2949D35D; keyCommands: 35];
}
2026-08-17 11:34:37.171 Db YourSofia[1177:323578] [com.apple.defaults:User Defaults] found no value for key LogUpdateCycle.Stalls in CFPrefsSearchListSource<0x600002c05c00> (Domain: com.apple.UIKit, Container: (null) Non-launch persona: 0)
2026-08-17 11:34:37.171 Db YourSofia[1177:323578] [com.apple.defaults:User Defaults] found no value for key UseNewAXBundleLoader in CFPrefsSearchListSource<0x600002c29300> (Domain: com.apple.Accessibility, Container: /Users/valentinasenov/Library/Developer/CoreSimulator/Devices/4EC5F74C-5A9C-4D89-8E44-374310E684AE/data Non-launch persona: 0)
2026-08-17 11:34:37.171 Db YourSofia[1177:323578] [com.apple.defaults:User Defaults] found no value for key UseNewAXBundleLoader in CFPrefsSearchListSource<0x600002c08c00> (Domain: com.apple.Accessibility, Container: (null) Non-launch persona: 0)
2026-08-17 11:34:37.172 Db YourSofia[1177:323578] [com.apple.defaults:User Defaults] found no value for key UseNewAXBundleLoader in CFPrefsSearchListSource<0x600002c29300> (Domain: com.apple.Accessibility, Container: /Users/valentinasenov/Library/Developer/CoreSimulator/Devices/4EC5F74C-5A9C-4D89-8E44-374310E684AE/data Non-launch persona: 0)
2026-08-17 11:34:37.172 Db YourSofia[1177:323578] [com.apple.defaults:User Defaults] found no value for key UseNewAXBundleLoader in CFPrefsSearchListSource<0x600002c08c00> (Domain: com.apple.Accessibility, Container: (null) Non-launch persona: 0)
2026-08-17 11:34:37.172 Db YourSofia[1177:323578] [com.apple.defaults:User Defaults] found no value for key UseNewAXBundleLoader in CFPrefsSearchListSource<0x600002c29300> (Domain: com.apple.Accessibility, Container: /Users/valentinasenov/Library/Developer/CoreSimulator/Devices/4EC5F74C-5A9C-4D89-8E44-374310E684AE/data Non-launch persona: 0)
2026-08-17 11:34:37.172 Db YourSofia[1177:323578] [com.apple.defaults:User Defaults] found no value for key UseNewAXBundleLoader in CFPrefsSearchListSource<0x600002c08c00> (Domain: com.apple.Accessibility, Container: (null) Non-launch persona: 0)
2026-08-17 11:34:37.172 I  YourSofia[1177:323578] [com.apple.Accessibility:AXRuntimeNotifications] Attempting to send notification:  (1001) <private>
2026-08-17 11:34:37.172 Db YourSofia[1177:323578] [com.apple.defaults:User Defaults] found no value for key UseNewAXBundleLoader in CFPrefsSearchListSource<0x600002c29300> (Domain: com.apple.Accessibility, Container: /Users/valentinasenov/Library/Developer/CoreSimulator/Devices/4EC5F74C-5A9C-4D89-8E44-374310E684AE/data Non-launch persona: 0)
2026-08-17 11:34:37.172 Db YourSofia[1177:323578] [com.apple.defaults:User Defaults] found no value for key UseNewAXBundleLoader in CFPrefsSearchListSource<0x600002c08c00> (Domain: com.apple.Accessibility, Container: (null) Non-launch persona: 0)
2026-08-17 11:34:37.173 Db YourSofia[1177:323578] [com.apple.defaults:User Defaults] found no value for key UseNewAXBundleLoader in CFPrefsSearchListSource<0x600002c29300> (Domain: com.apple.Accessibility, Container: /Users/valentinasenov/Library/Developer/CoreSimulator/Devices/4EC5F74C-5A9C-4D89-8E44-374310E684AE/data Non-launch persona: 0)
2026-08-17 11:34:37.173 Db YourSofia[1177:323578] [com.apple.defaults:User Defaults] found no value for key UseNewAXBundleLoader in CFPrefsSearchListSource<0x600002c08c00> (Domain: com.apple.Accessibility, Container: (null) Non-launch persona: 0)
2026-08-17 11:34:37.173 Db YourSofia[1177:323578] [com.apple.defaults:User Defaults] found no value for key UseNewAXBundleLoader in CFPrefsSearchListSource<0x600002c29300> (Domain: com.apple.Accessibility, Container: /Users/valentinasenov/Library/Developer/CoreSimulator/Devices/4EC5F74C-5A9C-4D89-8E44-374310E684AE/data Non-launch persona: 0)
2026-08-17 11:34:37.173 Db YourSofia[1177:323578] [com.apple.defaults:User Defaults] found no value for key UseNewAXBundleLoader in CFPrefsSearchListSource<0x600002c08c00> (Domain: com.apple.Accessibility, Container: (null) Non-launch persona: 0)
2026-08-17 11:34:37.173 Db YourSofia[1177:323578] [com.apple.defaults:User Defaults] found no value for key UseNewAXBundleLoader in CFPrefsSearchListSource<0x600002c29300> (Domain: com.apple.Accessibility, Container: /Users/valentinasenov/Library/Developer/CoreSimulator/Devices/4EC5F74C-5A9C-4D89-8E44-374310E684AE/data Non-launch persona: 0)
2026-08-17 11:34:37.173 Db YourSofia[1177:323578] [com.apple.defaults:User Defaults] found no value for key UseNewAXBundleLoader in CFPrefsSearchListSource<0x600002c08c00> (Domain: com.apple.Accessibility, Container: (null) Non-launch persona: 0)
2026-08-17 11:34:37.173 Db YourSofia[1177:323578] [com.apple.defaults:User Defaults] found no value for key UseNewAXBundleLoader in CFPrefsSearchListSource<0x600002c29300> (Domain: com.apple.Accessibility, Container: /Users/valentinasenov/Library/Developer/CoreSimulator/Devices/4EC5F74C-5A9C-4D89-8E44-374310E684AE/data Non-launch persona: 0)
2026-08-17 11:34:37.173 Db YourSofia[1177:323578] [com.apple.defaults:User Defaults] found no value for key UseNewAXBundleLoader in CFPrefsSearchListSource<0x600002c08c00> (Domain: com.apple.Accessibility, Container: (null) Non-launch persona: 0)
2026-08-17 11:34:37.173 Db YourSofia[1177:323578] [com.apple.defaults:User Defaults] found no value for key UseNewAXBundleLoader in CFPrefsSearchListSource<0x600002c29300> (Domain: com.apple.Accessibility, Container: /Users/valentinasenov/Library/Developer/CoreSimulator/Devices/4EC5F74C-5A9C-4D89-8E44-374310E684AE/data Non-launch persona: 0)
2026-08-17 11:34:37.173 Db YourSofia[1177:323578] [com.apple.defaults:User Defaults] found no value for key UseNewAXBundleLoader in CFPrefsSearchListSource<0x600002c08c00> (Domain: com.apple.Accessibility, Container: (null) Non-launch persona: 0)
2026-08-17 11:34:37.173 Db YourSofia[1177:323578] [com.apple.defaults:User Defaults] found no value for key UseNewAXBundleLoader in CFPrefsSearchListSource<0x600002c29300> (Domain: com.apple.Accessibility, Container: /Users/valentinasenov/Library/Developer/CoreSimulator/Devices/4EC5F74C-5A9C-4D89-8E44-374310E684AE/data Non-launch persona: 0)
2026-08-17 11:34:37.173 Db YourSofia[1177:323578] [com.apple.defaults:User Defaults] found no value for key UseNewAXBundleLoader in CFPrefsSearchListSource<0x600002c08c00> (Domain: com.apple.Accessibility, Container: (null) Non-launch persona: 0)
2026-08-17 11:34:37.173 Db YourSofia[1177:323578] [com.apple.defaults:User Defaults] found no value for key UseNewAXBundleLoader in CFPrefsSearchListSource<0x600002c29300> (Domain: com.apple.Accessibility, Container: /Users/valentinasenov/Library/Developer/CoreSimulator/Devices/4EC5F74C-5A9C-4D89-8E44-374310E684AE/data Non-launch persona: 0)
2026-08-17 11:34:37.173 Db YourSofia[1177:323578] [com.apple.defaults:User Defaults] found no value for key UseNewAXBundleLoader in CFPrefsSearchListSource<0x600002c08c00> (Domain: com.apple.Accessibility, Container: (null) Non-launch persona: 0)
2026-08-17 11:34:37.173 Db YourSofia[1177:323578] [com.apple.defaults:User Defaults] found no value for key UseNewAXBundleLoader in CFPrefsSearchListSource<0x600002c29300> (Domain: com.apple.Accessibility, Container: /Users/valentinasenov/Library/Developer/CoreSimulator/Devices/4EC5F74C-5A9C-4D89-8E44-374310E684AE/data Non-launch persona: 0)
2026-08-17 11:34:37.173 Db YourSofia[1177:323578] [com.apple.defaults:User Defaults] found no value for key UseNewAXBundleLoader in CFPrefsSearchListSource<0x600002c08c00> (Domain: com.apple.Accessibility, Container: (null) Non-launch persona: 0)
2026-08-17 11:34:37.174 I  YourSofia[1177:323578] [com.wix.DetoxSync:RCTAnimatedNodeDTXSpy] [RCTAnimatedNode DTXSpy] Node <RCTValueAnimatedNode: 0x600002113a70> needs update
2026-08-17 11:34:37.174 I  YourSofia[1177:323578] [com.wix.DetoxSync:RCTAnimatedNodeDTXSpy] [RCTAnimatedNode DTXSpy] Node <RCTValueAnimatedNode: 0x600002113a20> needs update
2026-08-17 11:34:37.174 I  YourSofia[1177:323578] [com.wix.DetoxSync:RCTAnimatedNodeDTXSpy] [RCTAnimatedNode DTXSpy] Node <RCTValueAnimatedNode: 0x600002110140> needs update
2026-08-17 11:34:37.174 I  YourSofia[1177:323578] [com.wix.DetoxSync:RCTAnimatedNodeDTXSpy] [RCTAnimatedNode DTXSpy] Node <RCTValueAnimatedNode: 0x600002113070> needs update
2026-08-17 11:34:37.174 I  YourSofia[1177:323578] [com.wix.DetoxSync:RCTAnimatedNodeDTXSpy] [RCTAnimatedNode DTXSpy] Node <RCTValueAnimatedNode: 0x600002110eb0> needs update
2026-08-17 11:34:37.174 I  YourSofia[1177:323578] [com.wix.DetoxSync:RCTAnimatedNodeDTXSpy] [RCTAnimatedNode DTXSpy] Node <RCTValueAnimatedNode: 0x600002111360> needs update
2026-08-17 11:34:37.174 I  YourSofia[1177:323578] [com.wix.DetoxSync:RCTAnimatedNodeDTXSpy] [RCTAnimatedNode DTXSpy] Node <RCTValueAnimatedNode: 0x600002110550> needs update
2026-08-17 11:34:37.174 I  YourSofia[1177:323578] [com.wix.DetoxSync:RCTAnimatedNodeDTXSpy] [RCTAnimatedNode DTXSpy] Node <RCTValueAnimatedNode: 0x600002112d50> needs update
2026-08-17 11:34:37.175 Db YourSofia[1177:323578] [com.apple.defaults:User Defaults] found no value for key UseNewAXBundleLoader in CFPrefsSearchListSource<0x600002c29300> (Domain: com.apple.Accessibility, Container: /Users/valentinasenov/Library/Developer/CoreSimulator/Devices/4EC5F74C-5A9C-4D89-8E44-374310E684AE/data Non-launch persona: 0)
2026-08-17 11:34:37.175 Db YourSofia[1177:323578] [com.apple.defaults:User Defaults] found no value for key UseNewAXBundleLoader in CFPrefsSearchListSource<0x600002c08c00> (Domain: com.apple.Accessibility, Container: (null) Non-launch persona: 0)
2026-08-17 11:34:37.175 Db YourSofia[1177:323578] [com.apple.defaults:User Defaults] found no value for key UseNewAXBundleLoader in CFPrefsSearchListSource<0x600002c29300> (Domain: com.apple.Accessibility, Container: /Users/valentinasenov/Library/Developer/CoreSimulator/Devices/4EC5F74C-5A9C-4D89-8E44-374310E684AE/data Non-launch persona: 0)
2026-08-17 11:34:37.175 Db YourSofia[1177:323578] [com.apple.defaults:User Defaults] found no value for key UseNewAXBundleLoader in CFPrefsSearchListSource<0x600002c08c00> (Domain: com.apple.Accessibility, Container: (null) Non-launch persona: 0)
2026-08-17 11:34:37.175 Db YourSofia[1177:323578] [com.apple.defaults:User Defaults] found no value for key UseNewAXBundleLoader in CFPrefsSearchListSource<0x600002c29300> (Domain: com.apple.Accessibility, Container: /Users/valentinasenov/Library/Developer/CoreSimulator/Devices/4EC5F74C-5A9C-4D89-8E44-374310E684AE/data Non-launch persona: 0)
2026-08-17 11:34:37.175 Db YourSofia[1177:323578] [com.apple.defaults:User Defaults] found no value for key UseNewAXBundleLoader in CFPrefsSearchListSource<0x600002c08c00> (Domain: com.apple.Accessibility, Container: (null) Non-launch persona: 0)
2026-08-17 11:34:37.175 Db YourSofia[1177:323578] [com.apple.defaults:User Defaults] found no value for key UseNewAXBundleLoader in CFPrefsSearchListSource<0x600002c29300> (Domain: com.apple.Accessibility, Container: /Users/valentinasenov/Library/Developer/CoreSimulator/Devices/4EC5F74C-5A9C-4D89-8E44-374310E684AE/data Non-launch persona: 0)
2026-08-17 11:34:37.175 Db YourSofia[1177:323578] [com.apple.defaults:User Defaults] found no value for key UseNewAXBundleLoader in CFPrefsSearchListSource<0x600002c08c00> (Domain: com.apple.Accessibility, Container: (null) Non-launch persona: 0)
2026-08-17 11:34:37.175 Db YourSofia[1177:323578] [com.apple.defaults:User Defaults] found no value for key UseNewAXBundleLoader in CFPrefsSearchListSource<0x600002c29300> (Domain: com.apple.Accessibility, Container: /Users/valentinasenov/Library/Developer/CoreSimulator/Devices/4EC5F74C-5A9C-4D89-8E44-374310E684AE/data Non-launch persona: 0)
2026-08-17 11:34:37.175 Db YourSofia[1177:323578] [com.apple.defaults:User Defaults] found no value for key UseNewAXBundleLoader in CFPrefsSearchListSource<0x600002c08c00> (Domain: com.apple.Accessibility, Container: (null) Non-launch persona: 0)
2026-08-17 11:34:37.175 Db YourSofia[1177:323578] [com.apple.defaults:User Defaults] found no value for key UseNewAXBundleLoader in CFPrefsSearchListSource<0x600002c29300> (Domain: com.apple.Accessibility, Container: /Users/valentinasenov/Library/Developer/CoreSimulator/Devices/4EC5F74C-5A9C-4D89-8E44-374310E684AE/data Non-launch persona: 0)
2026-08-17 11:34:37.175 Db YourSofia[1177:323578] [com.apple.defaults:User Defaults] found no value for key UseNewAXBundleLoader in CFPrefsSearchListSource<0x600002c08c00> (Domain: com.apple.Accessibility, Container: (null) Non-launch persona: 0)
2026-08-17 11:34:37.176 Db YourSofia[1177:323578] [com.apple.defaults:User Defaults] found no value for key UseNewAXBundleLoader in CFPrefsSearchListSource<0x600002c29300> (Domain: com.apple.Accessibility, Container: /Users/valentinasenov/Library/Developer/CoreSimulator/Devices/4EC5F74C-5A9C-4D89-8E44-374310E684AE/data Non-launch persona: 0)
2026-08-17 11:34:37.176 Db YourSofia[1177:323578] [com.apple.defaults:User Defaults] found no value for key UseNewAXBundleLoader in CFPrefsSearchListSource<0x600002c08c00> (Domain: com.apple.Accessibility, Container: (null) Non-launch persona: 0)
2026-08-17 11:34:37.176 Db YourSofia[1177:323578] [com.apple.defaults:User Defaults] found no value for key UseNewAXBundleLoader in CFPrefsSearchListSource<0x600002c29300> (Domain: com.apple.Accessibility, Container: /Users/valentinasenov/Library/Developer/CoreSimulator/Devices/4EC5F74C-5A9C-4D89-8E44-374310E684AE/data Non-launch persona: 0)
2026-08-17 11:34:37.176 Db YourSofia[1177:323578] [com.apple.defaults:User Defaults] found no value for key UseNewAXBundleLoader in CFPrefsSearchListSource<0x600002c08c00> (Domain: com.apple.Accessibility, Container: (null) Non-launch persona: 0)
2026-08-17 11:34:37.176 Db YourSofia[1177:323578] [com.apple.defaults:User Defaults] found no value for key UseNewAXBundleLoader in CFPrefsSearchListSource<0x600002c29300> (Domain: com.apple.Accessibility, Container: /Users/valentinasenov/Library/Developer/CoreSimulator/Devices/4EC5F74C-5A9C-4D89-8E44-374310E684AE/data Non-launch persona: 0)
2026-08-17 11:34:37.176 Db YourSofia[1177:323578] [com.apple.defaults:User Defaults] found no value for key UseNewAXBundleLoader in CFPrefsSearchListSource<0x600002c08c00> (Domain: com.apple.Accessibility, Container: (null) Non-launch persona: 0)
2026-08-17 11:34:37.176 Db YourSofia[1177:323578] [com.apple.Accessibility:AXLoading] Accessibility Initialize Runtime Overrides
2026-08-17 11:34:37.177 Db YourSofia[1177:323578] [com.apple.defaults:User Defaults] found no value for key UseNewAXBundleLoader in CFPrefsSearchListSource<0x600002c29300> (Domain: com.apple.Accessibility, Container: /Users/valentinasenov/Library/Developer/CoreSimulator/Devices/4EC5F74C-5A9C-4D89-8E44-374310E684AE/data Non-launch persona: 0)
2026-08-17 11:34:37.177 Db YourSofia[1177:323578] [com.apple.defaults:User Defaults] found no value for key UseNewAXBundleLoader in CFPrefsSearchListSource<0x600002c08c00> (Domain: com.apple.Accessibility, Container: (null) Non-launch persona: 0)
2026-08-17 11:34:37.177 Db YourSofia[1177:323578] [com.apple.defaults:User Defaults] found no value for key UseNewAXBundleLoader in CFPrefsSearchListSource<0x600002c29300> (Domain: com.apple.Accessibility, Container: /Users/valentinasenov/Library/Developer/CoreSimulator/Devices/4EC5F74C-5A9C-4D89-8E44-374310E684AE/data Non-launch persona: 0)
2026-08-17 11:34:37.177 Db YourSofia[1177:323578] [com.apple.defaults:User Defaults] found no value for key UseNewAXBundleLoader in CFPrefsSearchListSource<0x600002c08c00> (Domain: com.apple.Accessibility, Container: (null) Non-launch persona: 0)
2026-08-17 11:34:37.177 Db YourSofia[1177:323578] [com.apple.defaults:User Defaults] found no value for key UseNewAXBundleLoader in CFPrefsSearchListSource<0x600002c29300> (Domain: com.apple.Accessibility, Container: /Users/valentinasenov/Library/Developer/CoreSimulator/Devices/4EC5F74C-5A9C-4D89-8E44-374310E684AE/data Non-launch persona: 0)
2026-08-17 11:34:37.177 Db YourSofia[1177:323578] [com.apple.defaults:User Defaults] found no value for key UseNewAXBundleLoader in CFPrefsSearchListSource<0x600002c08c00> (Domain: com.apple.Accessibility, Container: (null) Non-launch persona: 0)
2026-08-17 11:34:37.177 Db YourSofia[1177:323578] [com.apple.defaults:User Defaults] found no value for key UseNewAXBundleLoader in CFPrefsSearchListSource<0x600002c29300> (Domain: com.apple.Accessibility, Container: /Users/valentinasenov/Library/Developer/CoreSimulator/Devices/4EC5F74C-5A9C-4D89-8E44-374310E684AE/data Non-launch persona: 0)
2026-08-17 11:34:37.177 Db YourSofia[1177:323578] [com.apple.defaults:User Defaults] found no value for key UseNewAXBundleLoader in CFPrefsSearchListSource<0x600002c08c00> (Domain: com.apple.Accessibility, Container: (null) Non-launch persona: 0)
2026-08-17 11:34:37.178 I  YourSofia[1177:3235d5] [com.apple.Accessibility:AXLoading] Initial load did occur YourSofia
2026-08-17 11:34:37.178 Db YourSofia[1177:323578] [com.apple.defaults:User Defaults] found no value for key SerializationStyle in CFPrefsSearchListSource<0x600002c08c00> (Domain: com.apple.Accessibility, Container: (null) Non-launch persona: 0)
2026-08-17 11:34:37.178 Db YourSofia[1177:323578] [com.apple.BackBoard:Display] [FBSDisplaySource 1-1] raw config updated to <FBSDisplayConfiguration: 0x600003d2a580; Main; mode: "390x844@3x 60Hz p3 SDR"> {
    CADisplay.name = LCD;
    CADisplay.deviceName = PurpleMain;
    CADisplay.seed = 2;
    tags = 0;
    currentMode = <FBSDisplayMode: 0x6000021c8320; 390x844@3x (1170x2532/3) 60Hz p3 SDR>;
    overscanCompensation = n/a;
    safeOverscanRatio = {0.89999997615814209, 0.89999997615814209};
    pixelSize = {1170, 2532};
    bounds = {{0, 0}, {390, 844}};
    renderingCenter = {585, 1266};
    immutableCADisplay = 0x6000000334d0;
    CADisplay = 0x600000008840;
}
2026-08-17 11:34:37.178 Df YourSofia[1177:323578] [com.apple.BackBoard:Display] [FBSDisplaySource 1-1] silently connecting raw configuration: <FBSDisplayConfiguration: 0x600003d2a580; Main; mode: "390x844@3x 60Hz p3 SDR">
2026-08-17 11:34:37.178 Db YourSofia[1177:323578] [com.apple.BackBoard:Display] [FBSDisplaySource 2-2] raw config updated to (null)
2026-08-17 11:34:37.178 I  YourSofia[1177:323578] [com.apple.Accessibility:AXRuntimeNotifications] Did post notification. notification:  (1000) error:0 data:<private>
2026-08-17 11:34:37.179 I  YourSofia[1177:323578] [com.wix.DetoxSync:RCTAnimatedNodeDTXSpy] [RCTAnimatedNode DTXSpy] Node <RCTValueAnimatedNode: 0x600002111360> needs update
2026-08-17 11:34:37.179 I  YourSofia[1177:323578] [com.wix.DetoxSync:RCTAnimatedNodeDTXSpy] [RCTAnimatedNode DTXSpy] Node <RCTValueAnimatedNode: 0x600002110550> needs update
2026-08-17 11:34:37.179 I  YourSofia[1177:323578] [com.wix.DetoxSync:RCTAnimatedNodeDTXSpy] [RCTAnimatedNode DTXSpy] Node <RCTValueAnimatedNode: 0x600002112d50> needs update
2026-08-17 11:34:37.179 I  YourSofia[1177:323578] [com.wix.DetoxSync:RCTAnimatedNodeDTXSpy] [RCTAnimatedNode DTXSpy] Node <RCTValueAnimatedNode: 0x600002110eb0> performed update
2026-08-17 11:34:37.179 I  YourSofia[1177:323578] [com.wix.DetoxSync:DTXAnimationUpdateSyncResource] [AnimationUpdateSyncResource] Node <RCTValueAnimatedNode: 0x600002110eb0> performed update
2026-08-17 11:34:37.179 I  YourSofia[1177:323578] [com.wix.DetoxSync:RCTAnimatedNodeDTXSpy] [RCTAnimatedNode DTXSpy] Node <RCTValueAnimatedNode: 0x600002113a70> performed update
2026-08-17 11:34:37.179 I  YourSofia[1177:323578] [com.wix.DetoxSync:DTXAnimationUpdateSyncResource] [AnimationUpdateSyncResource] Node <RCTValueAnimatedNode: 0x600002113a70> performed update
2026-08-17 11:34:37.179 I  YourSofia[1177:323578] [com.wix.DetoxSync:RCTAnimatedNodeDTXSpy] [RCTAnimatedNode DTXSpy] Node <RCTValueAnimatedNode: 0x600002111360> performed update
2026-08-17 11:34:37.179 I  YourSofia[1177:323578] [com.wix.DetoxSync:DTXAnimationUpdateSyncResource] [AnimationUpdateSyncResource] Node <RCTValueAnimatedNode: 0x600002111360> performed update
2026-08-17 11:34:37.180 I  YourSofia[1177:323578] [com.wix.DetoxSync:RCTAnimatedNodeDTXSpy] [RCTAnimatedNode DTXSpy] Node <RCTValueAnimatedNode: 0x600002113a20> performed update
2026-08-17 11:34:37.180 I  YourSofia[1177:323578] [com.wix.DetoxSync:DTXAnimationUpdateSyncResource] [AnimationUpdateSyncResource] Node <RCTValueAnimatedNode: 0x600002113a20> performed update
2026-08-17 11:34:37.180 I  YourSofia[1177:323578] [com.wix.DetoxSync:RCTAnimatedNodeDTXSpy] [RCTAnimatedNode DTXSpy] Node <RCTValueAnimatedNode: 0x600002110550> performed update
2026-08-17 11:34:37.180 I  YourSofia[1177:323578] [com.wix.DetoxSync:DTXAnimationUpdateSyncResource] [AnimationUpdateSyncResource] Node <RCTValueAnimatedNode: 0x600002110550> performed update
2026-08-17 11:34:37.180 I  YourSofia[1177:323578] [com.wix.DetoxSync:RCTAnimatedNodeDTXSpy] [RCTAnimatedNode DTXSpy] Node <RCTValueAnimatedNode: 0x600002110140> performed update
2026-08-17 11:34:37.180 I  YourSofia[1177:323578] [com.wix.DetoxSync:DTXAnimationUpdateSyncResource] [AnimationUpdateSyncResource] Node <RCTValueAnimatedNode: 0x600002110140> performed update
2026-08-17 11:34:37.180 I  YourSofia[1177:323578] [com.wix.DetoxSync:RCTAnimatedNodeDTXSpy] [RCTAnimatedNode DTXSpy] Node <RCTValueAnimatedNode: 0x600002112d50> performed update
2026-08-17 11:34:37.180 I  YourSofia[1177:323578] [com.wix.DetoxSync:DTXAnimationUpdateSyncResource] [AnimationUpdateSyncResource] Node <RCTValueAnimatedNode: 0x600002112d50> performed update
2026-08-17 11:34:37.180 I  YourSofia[1177:323578] [com.wix.DetoxSync:RCTAnimatedNodeDTXSpy] [RCTAnimatedNode DTXSpy] Node <RCTValueAnimatedNode: 0x600002113070> performed update
2026-08-17 11:34:37.180 I  YourSofia[1177:323578] [com.wix.DetoxSync:DTXAnimationUpdateSyncResource] [AnimationUpdateSyncResource] Node <RCTValueAnimatedNode: 0x600002113070> performed update
2026-08-17 11:34:37.180 I  YourSofia[1177:323578] [com.wix.DetoxSync:RCTAnimatedNodeDTXSpy] [RCTAnimatedNode DTXSpy] Node <RCTValueAnimatedNode: 0x600002110eb0> needs update
2026-08-17 11:34:37.180 I  YourSofia[1177:323578] [com.wix.DetoxSync:RCTAnimatedNodeDTXSpy] [RCTAnimatedNode DTXSpy] Node <RCTValueAnimatedNode: 0x600002110eb0> performed update
2026-08-17 11:34:37.180 I  YourSofia[1177:323578] [com.wix.DetoxSync:DTXAnimationUpdateSyncResource] [AnimationUpdateSyncResource] Node <RCTValueAnimatedNode: 0x600002110eb0> performed update
2026-08-17 11:34:37.180 Db YourSofia[1177:323578] [com.apple.defaults:User Defaults] looked up value 0 for key PrototypeSettingsEnabled in CFPrefsPlistSource<0x600002c09980> (Domain: com.apple.PrototypeTools, User: kCFPreferencesCurrentUser, ByHost: No, Container: /Users/valentinasenov/Library/Developer/CoreSimulator/Devices/4EC5F74C-5A9C-4D89-8E44-374310E684AE/data, Contents Need Refresh: No) via CFPrefsSearchListSource<0x600002c0bb00> (Domain: com.apple.PrototypeTools, Container: (null) Non-launch persona: 0)
2026-08-17 11:34:37.183 I  YourSofia[1177:323578] [com.wix.DetoxSync:RCTAnimatedNodeDTXSpy] [RCTAnimatedNode DTXSpy] Node <RCTValueAnimatedNode: 0x600002110eb0> needs update
2026-08-17 11:34:37.183 I  YourSofia[1177:323578] [com.wix.DetoxSync:RCTAnimatedNodeDTXSpy] [RCTAnimatedNode DTXSpy] Node <RCTValueAnimatedNode: 0x600002110eb0> performed update
2026-08-17 11:34:37.183 I  YourSofia[1177:323578] [com.wix.DetoxSync:DTXAnimationUpdateSyncResource] [AnimationUpdateSyncResource] Node <RCTValueAnimatedNode: 0x600002110eb0> performed update
2026-08-17 11:34:37.186 Db YourSofia[1177:323578] [com.apple.defaults:User Defaults] found no value for key UIScrollPocketDebug in CFPrefsSearchListSource<0x600002c05c00> (Domain: com.apple.UIKit, Container: (null) Non-launch persona: 0)
2026-08-17 11:34:37.186 Db YourSofia[1177:323578] [com.apple.defaults:User Defaults] found no value for key UIScrollPocketDebugMask in CFPrefsSearchListSource<0x600002c05c00> (Domain: com.apple.UIKit, Container: (null) Non-launch persona: 0)
2026-08-17 11:34:37.186 Db YourSofia[1177:323578] [com.apple.defaults:User Defaults] found no value for key MPBackgroundScale in CFPrefsSearchListSource<0x600002c05c00> (Domain: com.apple.UIKit, Container: (null) Non-launch persona: 0)
2026-08-17 11:34:37.186 Db YourSofia[1177:323578] [com.apple.defaults:User Defaults] found no value for key MPBackgroundEnabled in CFPrefsSearchListSource<0x600002c05c00> (Domain: com.apple.UIKit, Container: (null) Non-launch persona: 0)
2026-08-17 11:34:37.186 Db YourSofia[1177:323578] [com.apple.defaults:User Defaults] found no value for key MPEffectScale in CFPrefsSearchListSource<0x600002c05c00> (Domain: com.apple.UIKit, Container: (null) Non-launch persona: 0)
2026-08-17 11:34:37.186 Db YourSofia[1177:323578] [com.apple.defaults:User Defaults] found no value for key MPEffectSoftFilter in CFPrefsSearchListSource<0x600002c05c00> (Domain: com.apple.UIKit, Container: (null) Non-launch persona: 0)
2026-08-17 11:34:37.186 Db YourSofia[1177:323578] [com.apple.defaults:User Defaults] found no value for key MPEffectHardFilter in CFPrefsSearchListSource<0x600002c05c00> (Domain: com.apple.UIKit, Container: (null) Non-launch persona: 0)
2026-08-17 11:34:37.186 Db YourSofia[1177:323578] [com.apple.defaults:User Defaults] found no value for key MPDimmingTopAlpha in CFPrefsSearchListSource<0x600002c05c00> (Domain: com.apple.UIKit, Container: (null) Non-launch persona: 0)
2026-08-17 11:34:37.186 Db YourSofia[1177:323578] [com.apple.defaults:User Defaults] found no value for key MPDimmingBottomAlpha in CFPrefsSearchListSource<0x600002c05c00> (Domain: com.apple.UIKit, Container: (null) Non-launch persona: 0)
2026-08-17 11:34:37.186 Db YourSofia[1177:323578] [com.apple.defaults:User Defaults] found no value for key MPRasterizePortals in CFPrefsSearchListSource<0x600002c05c00> (Domain: com.apple.UIKit, Container: (null) Non-launch persona: 0)
2026-08-17 11:34:37.186 Db YourSofia[1177:323578] [com.apple.defaults:User Defaults] found no value for key MPPocketRasterScale in CFPrefsSearchListSource<0x600002c05c00> (Domain: com.apple.UIKit, Container: (null) Non-launch persona: 0)
2026-08-17 11:34:37.186 Db YourSofia[1177:323578] [com.apple.defaults:User Defaults] found no value for key AdaptiveGlassHysteresisLightRangeArray in CFPrefsSearchListSource<0x600002c27080> (Domain: com.apple.SwiftUI, Container: (null) Non-launch persona: 0)
2026-08-17 11:34:37.186 Db YourSofia[1177:323578] [com.apple.defaults:User Defaults] found no value for key AdaptiveGlassHysteresisDarkRangeArray in CFPrefsSearchListSource<0x600002c27080> (Domain: com.apple.SwiftUI, Container: (null) Non-launch persona: 0)
2026-08-17 11:34:37.186 Db YourSofia[1177:323578] [com.apple.defaults:User Defaults] found no value for key MPLumaTrackingAnimationDuration in CFPrefsSearchListSource<0x600002c05c00> (Domain: com.apple.UIKit, Container: (null) Non-launch persona: 0)
2026-08-17 11:34:37.186 Db YourSofia[1177:323578] [com.apple.defaults:User Defaults] found no value for key MPLumaTrackingEMAWeight in CFPrefsSearchListSource<0x600002c05c00> (Domain: com.apple.UIKit, Container: (null) Non-launch persona: 0)
2026-08-17 11:34:37.186 Db YourSofia[1177:323578] [com.apple.defaults:User Defaults] found no value for key MPLumaTrackingEMASettleDelay in CFPrefsSearchListSource<0x600002c05c00> (Domain: com.apple.UIKit, Container: (null) Non-launch persona: 0)
2026-08-17 11:34:37.186 Db YourSofia[1177:323578] [com.apple.defaults:User Defaults] found no value for key MPMinimumAnimationFPS in CFPrefsSearchListSource<0x600002c05c00> (Domain: com.apple.UIKit, Container: (null) Non-launch persona: 0)
2026-08-17 11:34:37.186 Db YourSofia[1177:323578] [com.apple.CFBundle:resources] Language lookup at CFBundle 0x600003b29ea0 </Library/Developer/CoreSimulator/Volumes/iOS_23D8133/Library/Developer/CoreSimulator/Profiles/Runtimes/iOS 26.3.simruntime/Contents/Resources/RuntimeRoot/System/Library/PrivateFrameworks/UIKitCore.framework/Artwork.bundle> (not loaded)
	Localizations : [en]
	Dev language  : en
	User prefs    : [en-US, bg-US]
	Main bundle   : [en]
	Allow mixed   : 0 
	Result        : [en]
2026-08-17 11:34:37.186 Db YourSofia[1177:323578] [com.apple.CFBundle:resources] Resource lookup at CFBundle 0x600003b29ea0 </Library/Developer/CoreSimulator/Volumes/iOS_23D8133/Library/Developer/CoreSimulator/Profiles/Runtimes/iOS 26.3.simruntime/Contents/Resources/RuntimeRoot/System/Library/PrivateFrameworks/UIKitCore.framework/Artwork.bundle> (not loaded)
	Request       : Assets type: car
	Result        : file:///Library/Developer/CoreSimulator/Volumes/iOS_23D8133/Library/Developer/CoreSimulator/Profiles/Runtimes/iOS%2026.3.simruntime/Contents/Resources/RuntimeRoot/System/Library/PrivateFrameworks/UIKitCore.framework/Artwork.bundle/Assets.car
2026-08-17 11:34:37.187 I  YourSofia[1177:323578] [com.wix.DetoxSync:RCTAnimatedNodeDTXSpy] [RCTAnimatedNode DTXSpy] Node <RCTValueAnimatedNode: 0x600002110eb0> needs update
2026-08-17 11:34:37.187 I  YourSofia[1177:323578] [com.wix.DetoxSync:RCTAnimatedNodeDTXSpy] [RCTAnimatedNode DTXSpy] Node <RCTValueAnimatedNode: 0x600002110eb0> performed update
2026-08-17 11:34:37.187 I  YourSofia[1177:323578] [com.wix.DetoxSync:DTXAnimationUpdateSyncResource] [AnimationUpdateSyncResource] Node <RCTValueAnimatedNode: 0x600002110eb0> performed update
2026-08-17 11:34:37.188 Db YourSofia[1177:323578] [com.apple.CFBundle:resources] Resource lookup at CFBundle 0x600003b0c700 </Library/Developer/CoreSimulator/Volumes/iOS_23D8133/Library/Developer/CoreSimulator/Profiles/Runtimes/iOS 26.3.simruntime/Contents/Resources/RuntimeRoot/System/Library/PrivateFrameworks/CoreMaterial.framework> (framework, loaded)
	Request       : platformContentThickLight type: descendantrecipe
	Result        : None
2026-08-17 11:34:37.188 Db YourSofia[1177:323578] [com.apple.CFBundle:resources] Resource lookup at CFBundle 0x600003b0c700 </Library/Developer/CoreSimulator/Volumes/iOS_23D8133/Library/Developer/CoreSimulator/Profiles/Runtimes/iOS 26.3.simruntime/Contents/Resources/RuntimeRoot/System/Library/PrivateFrameworks/CoreMaterial.framework> (framework, loaded)
	Request       : platformContentThickLight type: materialrecipe
	Result        : file:///Library/Developer/CoreSimulator/Volumes/iOS_23D8133/Library/Developer/CoreSimulator/Profiles/Runtimes/iOS%2026.3.simruntime/Contents/Resources/RuntimeRoot/System/Library/PrivateFrameworks/CoreMaterial.framework/platformContentThickLight.materialrecipe
2026-08-17 11:34:37.190 Db YourSofia[1177:323578] [com.apple.defaults:User Defaults] found no value for key NSLayoutManagerUseCompositeCopy in CFPrefsSearchListSource<0x600002c04180> (Domain: bg.sofia.yoursofia, Container: (null) Non-launch persona: 0)
2026-08-17 11:34:37.190 Db YourSofia[1177:323578] [com.apple.defaults:User Defaults] found no value for key NSDebugBidi in CFPrefsSearchListSource<0x600002c04180> (Domain: bg.sofia.yoursofia, Container: (null) Non-launch persona: 0)
2026-08-17 11:34:37.190 Db YourSofia[1177:323578] [com.apple.defaults:User Defaults] found no value for key NSCorrectionUnderlineBehavior in CFPrefsSearchListSource<0x600002c04180> (Domain: bg.sofia.yoursofia, Container: (null) Non-launch persona: 0)
2026-08-17 11:34:37.209 Db YourSofia[1177:323578] [com.apple.BackBoard:EventDelivery] no-op flush
2026-08-17 11:34:37.209 I  YourSofia[1177:323578] [com.apple.Accessibility:AXRuntimeNotifications] Did post notification. notification:  (1001) error:0 data:<private>
2026-08-17 11:34:37.211 I  YourSofia[1177:323578] [com.apple.Accessibility:AXRuntimeNotifications] Attempting to send notification:  (1001) <private>
2026-08-17 11:34:37.211 Db YourSofia[1177:3235b7] [com.apple.CFBundle:resources] Resource lookup at CFBundle 0x600003b04540 </Users/valentinasenov/Library/Developer/CoreSimulator/Devices/4EC5F74C-5A9C-4D89-8E44-374310E684AE/data/Containers/Bundle/Application/F3147808-5ECA-491B-9ADC-3DA9921C01A2/YourSofia.app> (executable, loaded)
	Request       : embedded type: mobileprovision
	Result        : None
2026-08-17 11:34:37.211 I  YourSofia[1177:323578] [com.apple.Accessibility:AXLoading] UIApp ax initialize
2026-08-17 11:34:37.212 I  YourSofia[1177:323578] [com.apple.Accessibility:AXLoading] Load system app 0
2026-08-17 11:34:37.212 I  YourSofia[1177:323578] [com.apple.Accessibility:AXRuntimeNotifications] Attempting to send notification:  (3031) <private>
2026-08-17 11:34:37.212 I  YourSofia[1177:323578] [com.apple.Accessibility:AXRuntimeNotifications] Did post notification. notification:  (1001) error:0 data:<private>
2026-08-17 11:34:37.212 I  YourSofia[1177:323578] [com.apple.Accessibility:AXRuntimeNotifications] Did post notification. notification:  (3031) error:0 data:<private>
2026-08-17 11:34:37.213 A  YourSofia[1177:3235b7] (Security) SecItemCopyMatching_ios
2026-08-17 11:34:37.213 Df YourSofia[1177:3235b7] [com.apple.securityd:thread-local-client-debug] SecSecurityClientGet new thread!
2026-08-17 11:34:37.214 A  YourSofia[1177:3235b7] (Security) SecItemCopyMatching_ios
2026-08-17 11:34:37.215 I  YourSofia[1177:3235b7] [com.wix.DetoxSync:DTXJSTimerSyncResource] [DTXJSTimerSyncResource] Observing timer 5 with duration 0.00 ms
2026-08-17 11:34:37.215 A  YourSofia[1177:3235b7] (Security) SecItemCopyMatching_ios
2026-08-17 11:34:37.215 Df YourSofia[1177:3235d5] [com.apple.CFNetwork:Default] Task <CDC78FD9-BC6F-4A08-9302-4FB9B055F872>.<2> resuming, timeouts(0.0, 604800.0) qos(0x19) voucher((null)) activity(00000000-0000-0000-0000-000000000000)
2026-08-17 11:34:37.215 Db YourSofia[1177:3235d5] [com.apple.network:activity] Returning should log: 0 for activity cfnetwork:foreground_task
2026-08-17 11:34:37.215 Db YourSofia[1177:3235d5] [com.apple.network:activity] Domain cfnetwork rate configured in registry as 1 / 20000
2026-08-17 11:34:37.215 Db YourSofia[1177:3235d5] [com.apple.network:activity] Domain cfnetwork rate configured after remote default override as 1 / 20000
2026-08-17 11:34:37.215 Db YourSofia[1177:3235d5] [com.apple.network:activity] After reading settings plist, domain cfnetwork rate configured as 1 / 2000000
2026-08-17 11:34:37.215 Db YourSofia[1177:3235d5] [com.apple.network:activity] After settings override, domain cfnetwork rate configured as 1 / 2000000
2026-08-17 11:34:37.215 Db YourSofia[1177:3235d5] [com.apple.network:activity] Final domain cfnetwork rate configured as 1 / 2000000
2026-08-17 11:34:37.215 Db YourSofia[1177:3235d5] [com.apple.network:activity] <nw_activity 12:2 [No UUID] (reporting strategy default)> sampled at 1 / 2000000
2026-08-17 11:34:37.215 Db YourSofia[1177:3235d5] [com.apple.network:activity] Returning should log: 0 for activity cfnetwork:foreground_task
2026-08-17 11:34:37.215 Db YourSofia[1177:3235d5] [com.apple.network:activity] Returning should log: 0 for activity cfnetwork:foreground_task
2026-08-17 11:34:37.215 Db YourSofia[1177:3235d5] [com.apple.CFNetwork:Default] [Telemetry]: Activity <nw_activity 12:2 [E1BA1FF6-0E3A-469B-96AE-E3AE702F2B1F] (reporting strategy default)> on Task <CDC78FD9-BC6F-4A08-9302-4FB9B055F872>.<2> was not selected for reporting
2026-08-17 11:34:37.216 Db YourSofia[1177:3235b5] [com.apple.CFNetwork:ATS] Task <CDC78FD9-BC6F-4A08-9302-4FB9B055F872>.<2> {strength 1, tls 8, sub 0, sig 0, ciphers 1, bundle 0, builtin 0}
2026-08-17 11:34:37.216 Df YourSofia[1177:3235b7] [com.apple.CFNetwork:Default] Task <4176934E-1F63-4019-BA8C-C03933680B38>.<3> resuming, timeouts(0.0, 604800.0) qos(0x19) voucher((null)) activity(00000000-0000-0000-0000-000000000000)
2026-08-17 11:34:37.216 Db YourSofia[1177:3235b7] [com.apple.network:activity] Returning should log: 0 for activity cfnetwork:foreground_task
2026-08-17 11:34:37.216 Db YourSofia[1177:3235b7] [com.apple.network:activity] Domain cfnetwork rate configured in registry as 1 / 20000
2026-08-17 11:34:37.216 Db YourSofia[1177:3235b7] [com.apple.network:activity] Domain cfnetwork rate configured after remote default override as 1 / 20000
2026-08-17 11:34:37.216 Df YourSofia[1177:3235b5] [com.apple.CFNetwork:Default] Connection 0: creating secure tcp or quic connection
2026-08-17 11:34:37.216 Db YourSofia[1177:3235b7] [com.apple.network:activity] After reading settings plist, domain cfnetwork rate configured as 1 / 2000000
2026-08-17 11:34:37.216 Db YourSofia[1177:3235b7] [com.apple.network:activity] After settings override, domain cfnetwork rate configured as 1 / 2000000
2026-08-17 11:34:37.216 Db YourSofia[1177:3235b7] [com.apple.network:activity] Final domain cfnetwork rate configured as 1 / 2000000
2026-08-17 11:34:37.216 Db YourSofia[1177:3235b7] [com.apple.network:activity] <nw_activity 12:2 [No UUID] (reporting strategy default)> sampled at 1 / 2000000
2026-08-17 11:34:37.216 Db YourSofia[1177:3235b7] [com.apple.network:activity] Returning should log: 0 for activity cfnetwork:foreground_task
2026-08-17 11:34:37.216 Db YourSofia[1177:3235b7] [com.apple.network:activity] Returning should log: 0 for activity cfnetwork:foreground_task
2026-08-17 11:34:37.216 Db YourSofia[1177:3235b7] [com.apple.CFNetwork:Default] [Telemetry]: Activity <nw_activity 12:2 [3D0B7553-1460-4607-A676-2E7D960E987A] (reporting strategy default)> on Task <4176934E-1F63-4019-BA8C-C03933680B38>.<3> was not selected for reporting
2026-08-17 11:34:37.216 I  YourSofia[1177:3235b5] [com.apple.network:connection] nw_connection_create_with_id [C4] create connection to Hostname#a484d679:443
2026-08-17 11:34:37.216 I  YourSofia[1177:3235b5] [com.apple.network:connection] nw_connection_create_with_id_block_invoke [C4] has alternative UNKNOWN for quic
2026-08-17 11:34:37.216 Df YourSofia[1177:3235b5] [com.apple.CFNetwork:Default] Connection 4: enabling TLS
2026-08-17 11:34:37.216 Df YourSofia[1177:3235b5] [com.apple.CFNetwork:Default] Connection 4: starting, TC(0x0)
2026-08-17 11:34:37.216 Df YourSofia[1177:3235b5] [com.apple.network:connection] [C4 5A84154B-02D7-4666-AB9D-A9A2C1FBD0F1 Hostname#a484d679:443 quic-connection, url: https://exp.host/--/api/v2/push/updateDeviceToken, definite, attribution: developer, context: com.apple.CFNetwork.NSURLSession.{FFBAD065-B748-4491-8F4B-2F1D6F1BF620}{(null)}{Y}{2}{0x0} (private), proc: DDAE0ACD-06B9-3DE6-879D-DE3D6508ACC1, delegated upid: 0] start
2026-08-17 11:34:37.216 I  YourSofia[1177:3235b5] [com.apple.network:connection] nw_endpoint_handler_start [C4 Hostname#a484d679:443 initial parent-flow ((null))]
2026-08-17 11:34:37.216 Df YourSofia[1177:3235b5] [com.apple.network:connection] [C4 Hostname#a484d679:443 initial parent-flow ((null))] event: path:start @0.000s
2026-08-17 11:34:37.216 Db YourSofia[1177:3235b5] [com.apple.network:connection] nw_endpoint_handler_path_change [C4 Hostname#a484d679:443 waiting parent-flow (satisfied (Path is satisfied), interface: en0[802.11], uses wifi, LQM: unknown)]
2026-08-17 11:34:37.216 Db YourSofia[1177:3235b5] [com.apple.networkextension:] ne_tracker_check_is_hostname_blocked() proceeding with the in_the_app check for hostname: exp.host
2026-08-17 11:34:37.216 Db YourSofia[1177:3235b5] [com.apple.CFBundle:resources] Resource lookup at CFBundle 0x600003b04540 </Users/valentinasenov/Library/Developer/CoreSimulator/Devices/4EC5F74C-5A9C-4D89-8E44-374310E684AE/data/Containers/Bundle/Application/F3147808-5ECA-491B-9ADC-3DA9921C01A2/YourSofia.app> (executable, loaded)
	Request       : InfoPlist type: strings
	Result        : None
2026-08-17 11:34:37.216 Db YourSofia[1177:3235b5] [com.apple.CFBundle:resources] Resource lookup at CFBundle 0x600003b04540 </Users/valentinasenov/Library/Developer/CoreSimulator/Devices/4EC5F74C-5A9C-4D89-8E44-374310E684AE/data/Containers/Bundle/Application/F3147808-5ECA-491B-9ADC-3DA9921C01A2/YourSofia.app> (executable, loaded)
	Request       : InfoPlist type: stringsdict
	Result        : None
2026-08-17 11:34:37.216 Db YourSofia[1177:3235b5] [com.apple.networkextension:] ne_tracker_check_is_hostname_blocked(): hostname exp.host is not a tracker. Returning: ne_tracker_status_none
2026-08-17 11:34:37.216 Df YourSofia[1177:3235b5] [com.apple.network:connection] [C4 Hostname#a484d679:443 waiting parent-flow (satisfied (Path is satisfied), interface: en0[802.11], uses wifi, LQM: unknown)] event: path:satisfied @0.000s, uuid: 059CAE6B-FCF8-4861-913F-4F508CCD78A5
2026-08-17 11:34:37.216 I  YourSofia[1177:3235b5] [com.apple.network:connection] nw_connection_endpoint_report_on_nw_queue_block_invoke [C4 Hostname#a484d679:443 waiting parent-flow (satisfied (Path is satisfied), interface: en0[802.11], uses wifi, LQM: unknown)] skipping state update
2026-08-17 11:34:37.216 Db YourSofia[1177:3235b5] [com.apple.network:connection] nw_endpoint_flow_attach_protocols [C4 Hostname#a484d679:443 in_progress parent-flow (satisfied (Path is satisfied), interface: en0[802.11], uses wifi, LQM: unknown)]
2026-08-17 11:34:37.216 Db YourSofia[1177:3235b5] [com.apple.network:connection] nw_endpoint_flow_attach_protocols [C4 Hostname#a484d679:443 in_progress parent-flow (satisfied (Path is satisfied), interface: en0[802.11], uses wifi, LQM: unknown)] stopping after adding persistent application protocols
2026-08-17 11:34:37.216 Db YourSofia[1177:3235b5] [com.apple.network:connection] nw_endpoint_flow_setup_protocols [C4 Hostname#a484d679:443 in_progress parent-flow (satisfied (Path is satisfied), interface: en0[802.11], uses wifi, LQM: unknown)] persistent protocol stack, starting
2026-08-17 11:34:37.216 Df YourSofia[1177:3235b5] [com.apple.network:connection] [C4 Hostname#a484d679:443 in_progress parent-flow (satisfied (Path is satisfied), interface: en0[802.11], uses wifi, LQM: unknown)] event: flow:start_connect @0.000s
2026-08-17 11:34:37.216 Df YourSofia[1177:3235b5] [com.apple.network:connection] nw_connection_report_state_with_handler_on_nw_queue [C4] reporting state preparing
2026-08-17 11:34:37.216 I  YourSofia[1177:3235b5] [com.apple.network:connection] nw_endpoint_flow_connect [C4 Hostname#a484d679:443 in_progress parent-flow (satisfied (Path is satisfied), interface: en0[802.11], uses wifi, LQM: unknown)] connect bottom protocol
2026-08-17 11:34:37.216 Db YourSofia[1177:3235b5] [com.apple.network:connection] nw_endpoint_flow_start_child [C4 Hostname#a484d679:443 in_progress parent-flow (satisfied (Path is satisfied), interface: en0[802.11], uses wifi, LQM: unknown)] creating and starting child handler
2026-08-17 11:34:37.216 Db YourSofia[1177:3235b5] [com.apple.network:] nw_endpoint_proxy_handler_should_use_proxy Looking up proxy for hostname: exp.host, ifindex: 0
2026-08-17 11:34:37.216 Db YourSofia[1177:3235b5] [com.apple.SystemConfiguration:SCPreferences] create <SCPreferences 0x1053d8540 [0x1e6193a48]> {name = SCDynamicStoreCopyProxiesWithOptions, id = /Library/Managed Preferences/mobile/com.apple.SystemConfiguration.plist, path = /Library/Managed Preferences/mobile/com.apple.SystemConfiguration.plist}
2026-08-17 11:34:37.216 Db YourSofia[1177:3235b5] [com.apple.SystemConfiguration:SCPreferences] SCPreferences() access: /Library/Managed Preferences/mobile/com.apple.SystemConfiguration.plist, size=0
2026-08-17 11:34:37.216 Db YourSofia[1177:3235b5] [com.apple.SystemConfiguration:SCPreferences] release <SCPreferences 0x1053d8540 [0x1e6193a48]> {name = SCDynamicStoreCopyProxiesWithOptions, id = /Library/Managed Preferences/mobile/com.apple.SystemConfiguration.plist, path = /Library/Managed Preferences/mobile/com.apple.SystemConfiguration.plist, accessed}
2026-08-17 11:34:37.216 Df YourSofia[1177:3235b5] [com.apple.network:connection] [C4 Hostname#a484d679:443 in_progress parent-flow (satisfied (Path is satisfied), interface: en0[802.11], uses wifi, LQM: unknown)] event: flow:start_child @0.000s
2026-08-17 11:34:37.216 I  YourSofia[1177:3235b5] [com.apple.network:connection] nw_endpoint_handler_start [C4.1 Hostname#a484d679:443 initial path ((null))]
2026-08-17 11:34:37.216 Db YourSofia[1177:3235b5] [com.apple.network:connection] nw_endpoint_flow_receive_report [C4 Hostname#a484d679:443 in_progress parent-flow (satisfied (Path is satisfied), interface: en0[802.11], uses wifi, LQM: unknown)] received child report: [C4.1 Hostname#a484d679:443 initial path ((null))]
2026-08-17 11:34:37.216 Df YourSofia[1177:3235b5] [com.apple.network:connection] [C4.1 Hostname#a484d679:443 initial path ((null))] event: path:start @0.000s
2026-08-17 11:34:37.216 Db YourSofia[1177:3235b5] [com.apple.network:connection] nw_endpoint_handler_path_change [C4.1 Hostname#a484d679:443 waiting path (satisfied (Path is satisfied), interface: en0[802.11], uses wifi, LQM: unknown)]
2026-08-17 11:34:37.216 Db YourSofia[1177:3235b5] [com.apple.networkextension:] ne_tracker_check_is_hostname_blocked() proceeding with the in_the_app check for hostname: exp.host
2026-08-17 11:34:37.216 Db YourSofia[1177:3235b5] [com.apple.CFBundle:resources] Resource lookup at CFBundle 0x600003b04540 </Users/valentinasenov/Library/Developer/CoreSimulator/Devices/4EC5F74C-5A9C-4D89-8E44-374310E684AE/data/Containers/Bundle/Application/F3147808-5ECA-491B-9ADC-3DA9921C01A2/YourSofia.app> (executable, loaded)
	Request       : InfoPlist type: strings
	Result        : None
2026-08-17 11:34:37.216 Db YourSofia[1177:3235b5] [com.apple.CFBundle:resources] Resource lookup at CFBundle 0x600003b04540 </Users/valentinasenov/Library/Developer/CoreSimulator/Devices/4EC5F74C-5A9C-4D89-8E44-374310E684AE/data/Containers/Bundle/Application/F3147808-5ECA-491B-9ADC-3DA9921C01A2/YourSofia.app> (executable, loaded)
	Request       : InfoPlist type: stringsdict
	Result        : None
2026-08-17 11:34:37.216 Db YourSofia[1177:3235b5] [com.apple.networkextension:] ne_tracker_check_is_hostname_blocked(): hostname exp.host is not a tracker. Returning: ne_tracker_status_none
2026-08-17 11:34:37.216 Db YourSofia[1177:3235b5] [com.apple.network:connection] nw_endpoint_flow_receive_report [C4 Hostname#a484d679:443 in_progress parent-flow (satisfied (Path is satisfied), interface: en0[802.11], uses wifi, LQM: unknown)] received child report: [C4.1 Hostname#a484d679:443 waiting path (satisfied (Path is satisfied), interface: en0[802.11], uses wifi, LQM: unknown)]
2026-08-17 11:34:37.216 Df YourSofia[1177:3235b5] [com.apple.network:connection] [C4.1 Hostname#a484d679:443 waiting path (satisfied (Path is satisfied), interface: en0[802.11], uses wifi, LQM: unknown)] event: path:satisfied @0.000s, uuid: 059CAE6B-FCF8-4861-913F-4F508CCD78A5
2026-08-17 11:34:37.216 Db YourSofia[1177:3235b5] [com.apple.network:connection] -[NWConcrete_nw_endpoint_transform startWithHandler:] [C4.1 Hostname#a484d679:443 waiting transform (satisfied (Path is satisfied), interface: en0[802.11], uses wifi, LQM: unknown)]
2026-08-17 11:34:37.216 Db YourSofia[1177:3235b5] [com.apple.network:connection] nw_endpoint_flow_receive_report [C4 Hostname#a484d679:443 in_progress parent-flow (satisfied (Path is satisfied), interface: en0[802.11], uses wifi, LQM: unknown)] received child report: [C4.1 Hostname#a484d679:443 in_progress transform (satisfied (Path is satisfied), interface: en0[802.11], uses wifi, LQM: unknown)]
2026-08-17 11:34:37.216 Df YourSofia[1177:3235b5] [com.apple.network:connection] [C4.1 Hostname#a484d679:443 in_progress transform (satisfied (Path is satisfied), interface: en0[802.11], uses wifi, LQM: unknown)] event: transform:start @0.000s
2026-08-17 11:34:37.216 Db YourSofia[1177:3235b5] [com.apple.network:connection] nw_endpoint_transform_add_children_block_invoke [C4.1 Hostname#a484d679:443 in_progress transform (satisfied (Path is satisfied), interface: en0[802.11], uses wifi, LQM: unknown)] Transform including protocol quic cannot be used, unknown endpoint
2026-08-17 11:34:37.216 I  YourSofia[1177:3235b5] [com.apple.network:connection] nw_endpoint_handler_start [C4.1.1 Hostname#a484d679:443 initial path ((null))]
2026-08-17 11:34:37.217 Db YourSofia[1177:3235b5] [com.apple.network:connection] nw_endpoint_transform_receive_report [C4.1 Hostname#a484d679:443 in_progress transform (satisfied (Path is satisfied), interface: en0[802.11], uses wifi, LQM: unknown)] received child report: [C4.1.1 Hostname#a484d679:443 initial path ((null))]
2026-08-17 11:34:37.217 Db YourSofia[1177:3235b5] [com.apple.network:connection] nw_endpoint_flow_receive_report [C4 Hostname#a484d679:443 in_progress parent-flow (satisfied (Path is satisfied), interface: en0[802.11], uses wifi, LQM: unknown)] received child report: [C4.1.1 Hostname#a484d679:443 initial path ((null))]
2026-08-17 11:34:37.217 Df YourSofia[1177:3235b5] [com.apple.network:connection] [C4.1.1 Hostname#a484d679:443 initial path ((null))] event: path:start @0.000s
2026-08-17 11:34:37.217 Db YourSofia[1177:3235b5] [com.apple.network:connection] nw_endpoint_handler_path_change [C4.1.1 Hostname#a484d679:443 waiting path (satisfied (Path is satisfied), interface: en0[802.11], uses wifi, LQM: unknown)]
2026-08-17 11:34:37.217 Db YourSofia[1177:3235b5] [com.apple.networkextension:] ne_tracker_check_is_hostname_blocked() proceeding with the in_the_app check for hostname: exp.host
2026-08-17 11:34:37.217 Db YourSofia[1177:3235b5] [com.apple.CFBundle:resources] Resource lookup at CFBundle 0x600003b04540 </Users/valentinasenov/Library/Developer/CoreSimulator/Devices/4EC5F74C-5A9C-4D89-8E44-374310E684AE/data/Containers/Bundle/Application/F3147808-5ECA-491B-9ADC-3DA9921C01A2/YourSofia.app> (executable, loaded)
	Request       : InfoPlist type: strings
	Result        : None
2026-08-17 11:34:37.217 Db YourSofia[1177:3235b5] [com.apple.CFBundle:resources] Resource lookup at CFBundle 0x600003b04540 </Users/valentinasenov/Library/Developer/CoreSimulator/Devices/4EC5F74C-5A9C-4D89-8E44-374310E684AE/data/Containers/Bundle/Application/F3147808-5ECA-491B-9ADC-3DA9921C01A2/YourSofia.app> (executable, loaded)
	Request       : InfoPlist type: stringsdict
	Result        : None
2026-08-17 11:34:37.217 Db YourSofia[1177:3235b5] [com.apple.networkextension:] ne_tracker_check_is_hostname_blocked(): hostname exp.host is not a tracker. Returning: ne_tracker_status_none
2026-08-17 11:34:37.217 Db YourSofia[1177:3235b5] [com.apple.network:connection] nw_endpoint_transform_receive_report [C4.1 Hostname#a484d679:443 in_progress transform (satisfied (Path is satisfied), interface: en0[802.11], uses wifi, LQM: unknown)] received child report: [C4.1.1 Hostname#a484d679:443 waiting path (satisfied (Path is satisfied), interface: en0[802.11], uses wifi, LQM: unknown)]
2026-08-17 11:34:37.217 Db YourSofia[1177:3235b5] [com.apple.network:connection] nw_endpoint_flow_receive_report [C4 Hostname#a484d679:443 in_progress parent-flow (satisfied (Path is satisfied), interface: en0[802.11], uses wifi, LQM: unknown)] received child report: [C4.1.1 Hostname#a484d679:443 waiting path (satisfied (Path is satisfied), interface: en0[802.11], uses wifi, LQM: unknown)]
2026-08-17 11:34:37.217 Df YourSofia[1177:3235b5] [com.apple.network:connection] [C4.1.1 Hostname#a484d679:443 waiting path (satisfied (Path is satisfied), interface: en0[802.11], uses wifi, LQM: unknown)] event: path:satisfied @0.000s, uuid: 15561B74-8066-4CCC-9025-7289D5C73811
2026-08-17 11:34:37.217 Db YourSofia[1177:3235b5] [com.apple.network:] nw_endpoint_proxy_handler_should_use_proxy Looking up proxy for hostname: exp.host, ifindex: 0
2026-08-17 11:34:37.217 Db YourSofia[1177:3235b5] [com.apple.SystemConfiguration:SCPreferences] create <SCPreferences 0x1053d9480 [0x1e6193a48]> {name = SCDynamicStoreCopyProxiesWithOptions, id = /Library/Managed Preferences/mobile/com.apple.SystemConfiguration.plist, path = /Library/Managed Preferences/mobile/com.apple.SystemConfiguration.plist}
2026-08-17 11:34:37.217 Db YourSofia[1177:3235b5] [com.apple.SystemConfiguration:SCPreferences] SCPreferences() access: /Library/Managed Preferences/mobile/com.apple.SystemConfiguration.plist, size=0
2026-08-17 11:34:37.217 Db YourSofia[1177:3235b5] [com.apple.SystemConfiguration:SCPreferences] release <SCPreferences 0x1053d9480 [0x1e6193a48]> {name = SCDynamicStoreCopyProxiesWithOptions, id = /Library/Managed Preferences/mobile/com.apple.SystemConfiguration.plist, path = /Library/Managed Preferences/mobile/com.apple.SystemConfiguration.plist, accessed}
2026-08-17 11:34:37.217 Db YourSofia[1177:3235b5] [com.apple.network:connection] -[NWConcrete_nw_endpoint_resolver startWithHandler:] [C4.1.1 Hostname#a484d679:443 waiting resolver (satisfied (Path is satisfied), interface: en0[802.11], uses wifi, LQM: unknown)]
2026-08-17 11:34:37.217 Db YourSofia[1177:3235b5] [com.apple.network:connection] nw_endpoint_transform_receive_report [C4.1 Hostname#a484d679:443 in_progress transform (satisfied (Path is satisfied), interface: en0[802.11], uses wifi, LQM: unknown)] received child report: [C4.1.1 Hostname#a484d679:443 in_progress resolver (satisfied (Path is satisfied), interface: en0[802.11], uses wifi, LQM: unknown)]
2026-08-17 11:34:37.217 Db YourSofia[1177:3235b5] [com.apple.network:connection] nw_endpoint_flow_receive_report [C4 Hostname#a484d679:443 in_progress parent-flow (satisfied (Path is satisfied), interface: en0[802.11], uses wifi, LQM: unknown)] received child report: [C4.1.1 Hostname#a484d679:443 in_progress resolver (satisfied (Path is satisfied), interface: en0[802.11], uses wifi, LQM: unknown)]
2026-08-17 11:34:37.217 Df YourSofia[1177:3235b5] [com.apple.network:connection] [C4.1.1 Hostname#a484d679:443 in_progress resolver (satisfied (Path is satisfied), interface: en0[802.11], uses wifi, LQM: unknown)] event: resolver:start_dns @0.000s
2026-08-17 11:34:37.217 Db YourSofia[1177:3235b5] [com.apple.networkextension:] ne_tracker_check_is_hostname_blocked() proceeding with the in_the_app check for hostname: exp.host
2026-08-17 11:34:37.217 Db YourSofia[1177:3235b5] [com.apple.CFBundle:resources] Resource lookup at CFBundle 0x600003b04540 </Users/valentinasenov/Library/Developer/CoreSimulator/Devices/4EC5F74C-5A9C-4D89-8E44-374310E684AE/data/Containers/Bundle/Application/F3147808-5ECA-491B-9ADC-3DA9921C01A2/YourSofia.app> (executable, loaded)
	Request       : InfoPlist type: strings
	Result        : None
2026-08-17 11:34:37.217 Db YourSofia[1177:3235b5] [com.apple.CFBundle:resources] Resource lookup at CFBundle 0x600003b04540 </Users/valentinasenov/Library/Developer/CoreSimulator/Devices/4EC5F74C-5A9C-4D89-8E44-374310E684AE/data/Containers/Bundle/Application/F3147808-5ECA-491B-9ADC-3DA9921C01A2/YourSofia.app> (executable, loaded)
	Request       : InfoPlist type: stringsdict
	Result        : None
2026-08-17 11:34:37.217 Db YourSofia[1177:3235b5] [com.apple.networkextension:] ne_tracker_check_is_hostname_blocked(): hostname exp.host is not a tracker. Returning: ne_tracker_status_none
2026-08-17 11:34:37.217 I  YourSofia[1177:3235b5] [com.apple.network:connection] nw_resolver_create_dns_service_locked [C4.1.1] Starting host resolution Hostname#a484d679:443, flags 0xc000d000 proto 0
2026-08-17 11:34:37.217 Df YourSofia[1177:3235b5] [com.apple.CFNetwork:Default] Task <CDC78FD9-BC6F-4A08-9302-4FB9B055F872>.<2> setting up Connection 4
2026-08-17 11:34:37.217 Db YourSofia[1177:3235b5] [com.apple.network:activity] Returning should log: 0 for activity cfnetwork:foreground_task
2026-08-17 11:34:37.217 Db YourSofia[1177:3235b5] [com.apple.CFNetwork:ATS] Task <4176934E-1F63-4019-BA8C-C03933680B38>.<3> {strength 1, tls 8, sub 0, sig 0, ciphers 1, bundle 0, builtin 0}
2026-08-17 11:34:37.217 Df YourSofia[1177:3235b5] [com.apple.CFNetwork:Default] Task <4176934E-1F63-4019-BA8C-C03933680B38>.<3> waiting for setup of Connection 4
2026-08-17 11:34:37.217 I  YourSofia[1177:3235b5] [com.apple.network:connection] nw_resolver_host_resolve_callback [C4.1.1] flags=0x40000002 ifindex=0 error=NoSuchRecord(-65554) hostname=exp.host. addr=IN6ADDR_ANY ttl=60
2026-08-17 11:34:37.217 Db YourSofia[1177:3235b5] [com.apple.network:connection] nw_endpoint_resolver_update [C4.1.1 Hostname#a484d679:443 in_progress resolver (satisfied (Path is satisfied), interface: en0[802.11], uses wifi, LQM: unknown)] resolver is in_progress
2026-08-17 11:34:37.217 Db YourSofia[1177:3235b5] [com.apple.network:connection] nw_endpoint_resolver_update [C4.1.1 Hostname#a484d679:443 in_progress resolver (satisfied (Path is satisfied), interface: en0[802.11], uses wifi, LQM: unknown)] Updated endpoint list is ()
2026-08-17 11:34:37.218 I  YourSofia[1177:323578] [com.wix.DetoxSync:RCTAnimatedNodeDTXSpy] [RCTAnimatedNode DTXSpy] Node <RCTValueAnimatedNode: 0x600002111360> needs update
2026-08-17 11:34:37.218 I  YourSofia[1177:323578] [com.wix.DetoxSync:RCTAnimatedNodeDTXSpy] [RCTAnimatedNode DTXSpy] Node <RCTValueAnimatedNode: 0x600002110550> needs update
2026-08-17 11:34:37.218 I  YourSofia[1177:323578] [com.wix.DetoxSync:RCTAnimatedNodeDTXSpy] [RCTAnimatedNode DTXSpy] Node <RCTValueAnimatedNode: 0x600002112d50> needs update
2026-08-17 11:34:37.218 I  YourSofia[1177:323578] [com.wix.DetoxSync:RCTAnimatedNodeDTXSpy] [RCTAnimatedNode DTXSpy] Node <RCTValueAnimatedNode: 0x600002111360> performed update
2026-08-17 11:34:37.218 I  YourSofia[1177:323578] [com.wix.DetoxSync:DTXAnimationUpdateSyncResource] [AnimationUpdateSyncResource] Node <RCTValueAnimatedNode: 0x600002111360> performed update
2026-08-17 11:34:37.218 I  YourSofia[1177:323578] [com.wix.DetoxSync:RCTAnimatedNodeDTXSpy] [RCTAnimatedNode DTXSpy] Node <RCTValueAnimatedNode: 0x600002110550> performed update
2026-08-17 11:34:37.218 I  YourSofia[1177:323578] [com.wix.DetoxSync:DTXAnimationUpdateSyncResource] [AnimationUpdateSyncResource] Node <RCTValueAnimatedNode: 0x600002110550> performed update
2026-08-17 11:34:37.218 I  YourSofia[1177:323578] [com.wix.DetoxSync:RCTAnimatedNodeDTXSpy] [RCTAnimatedNode DTXSpy] Node <RCTValueAnimatedNode: 0x600002112d50> performed update
2026-08-17 11:34:37.218 I  YourSofia[1177:323578] [com.wix.DetoxSync:DTXAnimationUpdateSyncResource] [AnimationUpdateSyncResource] Node <RCTValueAnimatedNode: 0x600002112d50> performed update
2026-08-17 11:34:37.235 I  YourSofia[1177:323578] [com.wix.DetoxSync:RCTAnimatedNodeDTXSpy] [RCTAnimatedNode DTXSpy] Node <RCTValueAnimatedNode: 0x600002111360> needs update
2026-08-17 11:34:37.235 I  YourSofia[1177:323578] [com.wix.DetoxSync:RCTAnimatedNodeDTXSpy] [RCTAnimatedNode DTXSpy] Node <RCTValueAnimatedNode: 0x600002110550> needs update
2026-08-17 11:34:37.235 I  YourSofia[1177:323578] [com.wix.DetoxSync:RCTAnimatedNodeDTXSpy] [RCTAnimatedNode DTXSpy] Node <RCTValueAnimatedNode: 0x600002112d50> needs update
2026-08-17 11:34:37.235 I  YourSofia[1177:323578] [com.wix.DetoxSync:RCTAnimatedNodeDTXSpy] [RCTAnimatedNode DTXSpy] Node <RCTValueAnimatedNode: 0x600002111360> performed update
2026-08-17 11:34:37.235 I  YourSofia[1177:323578] [com.wix.DetoxSync:DTXAnimationUpdateSyncResource] [AnimationUpdateSyncResource] Node <RCTValueAnimatedNode: 0x600002111360> performed update
2026-08-17 11:34:37.235 I  YourSofia[1177:323578] [com.wix.DetoxSync:RCTAnimatedNodeDTXSpy] [RCTAnimatedNode DTXSpy] Node <RCTValueAnimatedNode: 0x600002110550> performed update
2026-08-17 11:34:37.235 I  YourSofia[1177:323578] [com.wix.DetoxSync:DTXAnimationUpdateSyncResource] [AnimationUpdateSyncResource] Node <RCTValueAnimatedNode: 0x600002110550> performed update
2026-08-17 11:34:37.235 I  YourSofia[1177:323578] [com.wix.DetoxSync:RCTAnimatedNodeDTXSpy] [RCTAnimatedNode DTXSpy] Node <RCTValueAnimatedNode: 0x600002112d50> performed update
2026-08-17 11:34:37.235 I  YourSofia[1177:323578] [com.wix.DetoxSync:DTXAnimationUpdateSyncResource] [AnimationUpdateSyncResource] Node <RCTValueAnimatedNode: 0x600002112d50> performed update
2026-08-17 11:34:37.244 I  YourSofia[1177:3235b5] [com.apple.network:connection] nw_resolver_host_resolve_callback [C4.1.1] flags=0x2 ifindex=0 error=NoError(0) hostname=exp.host. addr=IPv4#ae7337a4 ttl=377
2026-08-17 11:34:37.244 Db YourSofia[1177:3235b5] [com.apple.network:connection] nw_endpoint_resolver_update [C4.1.1 Hostname#a484d679:443 in_progress resolver (satisfied (Path is satisfied), interface: en0[802.11], uses wifi, LQM: unknown)] resolver is complete
2026-08-17 11:34:37.244 Df YourSofia[1177:3235b5] [com.apple.network:connection] nw_endpoint_resolver_update [C4.1.1 Hostname#a484d679:443 in_progress resolver (satisfied (Path is satisfied), interface: en0[802.11], uses wifi, LQM: unknown)] Adding endpoint handler for IPv4#218b38ea:443
2026-08-17 11:34:37.244 Db YourSofia[1177:3235b5] [com.apple.network:connection] nw_endpoint_resolver_update [C4.1.1 Hostname#a484d679:443 in_progress resolver (satisfied (Path is satisfied), interface: en0[802.11], uses wifi, LQM: unknown)] Updated endpoint list is (IPv4#218b38ea:443)
2026-08-17 11:34:37.244 Db YourSofia[1177:3235b5] [com.apple.network:connection] nw_endpoint_transform_receive_report [C4.1 Hostname#a484d679:443 in_progress transform (satisfied (Path is satisfied), interface: en0[802.11], uses wifi, LQM: unknown)] received child report: [C4.1.1 Hostname#a484d679:443 in_progress resolver (satisfied (Path is satisfied), interface: en0[802.11], uses wifi, LQM: unknown)]
2026-08-17 11:34:37.244 Db YourSofia[1177:3235b5] [com.apple.network:connection] nw_endpoint_flow_receive_report [C4 Hostname#a484d679:443 in_progress parent-flow (satisfied (Path is satisfied), interface: en0[802.11], uses wifi, LQM: unknown)] received child report: [C4.1.1 Hostname#a484d679:443 in_progress resolver (satisfied (Path is satisfied), interface: en0[802.11], uses wifi, LQM: unknown)]
2026-08-17 11:34:37.244 Df YourSofia[1177:3235b5] [com.apple.network:connection] [C4.1.1 Hostname#a484d679:443 in_progress resolver (satisfied (Path is satisfied), interface: en0[802.11], uses wifi, LQM: unknown)] event: resolver:receive_dns @0.028s
2026-08-17 11:34:37.244 I  YourSofia[1177:3235b5] [com.apple.network:connection] nw_endpoint_resolver_start_next_child [C4.1.1 Hostname#a484d679:443 in_progress resolver (satisfied (Path is satisfied), interface: en0[802.11], uses wifi, LQM: unknown)] starting child endpoint IPv4#218b38ea:443
2026-08-17 11:34:37.244 I  YourSofia[1177:3235b5] [com.apple.network:connection] nw_endpoint_handler_start [C4.1.1.1 IPv4#218b38ea:443 initial path ((null))]
2026-08-17 11:34:37.244 Db YourSofia[1177:3235b5] [com.apple.network:connection] nw_endpoint_resolver_receive_report [C4.1.1 Hostname#a484d679:443 in_progress resolver (satisfied (Path is satisfied), interface: en0[802.11], uses wifi, LQM: unknown)] received child report: [C4.1.1.1 IPv4#218b38ea:443 initial path ((null))]
2026-08-17 11:34:37.244 Db YourSofia[1177:3235b5] [com.apple.network:connection] nw_endpoint_transform_receive_report [C4.1 Hostname#a484d679:443 in_progress transform (satisfied (Path is satisfied), interface: en0[802.11], uses wifi, LQM: unknown)] received child report: [C4.1.1.1 IPv4#218b38ea:443 initial path ((null))]
2026-08-17 11:34:37.244 Db YourSofia[1177:3235b5] [com.apple.network:connection] nw_endpoint_flow_receive_report [C4 Hostname#a484d679:443 in_progress parent-flow (satisfied (Path is satisfied), interface: en0[802.11], uses wifi, LQM: unknown)] received child report: [C4.1.1.1 IPv4#218b38ea:443 initial path ((null))]
2026-08-17 11:34:37.244 Df YourSofia[1177:3235b5] [com.apple.network:connection] [C4.1.1.1 IPv4#218b38ea:443 initial path ((null))] event: path:start @0.028s
2026-08-17 11:34:37.245 Db YourSofia[1177:3235b5] [com.apple.network:connection] nw_endpoint_handler_path_change [C4.1.1.1 IPv4#218b38ea:443 waiting path (satisfied (Path is satisfied), interface: en0[802.11], uses wifi, LQM: unknown)]
2026-08-17 11:34:37.245 Db YourSofia[1177:3235b5] [com.apple.network:connection] nw_endpoint_resolver_receive_report [C4.1.1 Hostname#a484d679:443 in_progress resolver (satisfied (Path is satisfied), interface: en0[802.11], uses wifi, LQM: unknown)] received child report: [C4.1.1.1 IPv4#218b38ea:443 waiting path (satisfied (Path is satisfied), interface: en0[802.11], uses wifi, LQM: unknown)]
2026-08-17 11:34:37.245 Db YourSofia[1177:3235b5] [com.apple.network:connection] nw_endpoint_transform_receive_report [C4.1 Hostname#a484d679:443 in_progress transform (satisfied (Path is satisfied), interface: en0[802.11], uses wifi, LQM: unknown)] received child report: [C4.1.1.1 IPv4#218b38ea:443 waiting path (satisfied (Path is satisfied), interface: en0[802.11], uses wifi, LQM: unknown)]
2026-08-17 11:34:37.245 Db YourSofia[1177:3235b5] [com.apple.network:connection] nw_endpoint_flow_receive_report [C4 Hostname#a484d679:443 in_progress parent-flow (satisfied (Path is satisfied), interface: en0[802.11], uses wifi, LQM: unknown)] received child report: [C4.1.1.1 IPv4#218b38ea:443 waiting path (satisfied (Path is satisfied), interface: en0[802.11], uses wifi, LQM: unknown)]
2026-08-17 11:34:37.245 Df YourSofia[1177:3235b5] [com.apple.network:connection] [C4.1.1.1 IPv4#218b38ea:443 waiting path (satisfied (Path is satisfied), interface: en0[802.11], uses wifi, LQM: unknown)] event: path:satisfied @0.028s, uuid: 30AFFA4D-7BD6-4777-A931-9DCE9EB0D0FF
2026-08-17 11:34:37.245 Db YourSofia[1177:3235b5] [com.apple.network:] nw_endpoint_proxy_handler_should_use_proxy Looking up proxy for hostname: <nil>, ifindex: 0
2026-08-17 11:34:37.245 Db YourSofia[1177:3235b5] [com.apple.SystemConfiguration:SCPreferences] create <SCPreferences 0x10513d1e0 [0x1e6193a48]> {name = SCDynamicStoreCopyProxiesWithOptions, id = /Library/Managed Preferences/mobile/com.apple.SystemConfiguration.plist, path = /Library/Managed Preferences/mobile/com.apple.SystemConfiguration.plist}
2026-08-17 11:34:37.245 Db YourSofia[1177:3235b5] [com.apple.SystemConfiguration:SCPreferences] SCPreferences() access: /Library/Managed Preferences/mobile/com.apple.SystemConfiguration.plist, size=0
2026-08-17 11:34:37.245 Db YourSofia[1177:3235b5] [com.apple.SystemConfiguration:SCPreferences] release <SCPreferences 0x10513d1e0 [0x1e6193a48]> {name = SCDynamicStoreCopyProxiesWithOptions, id = /Library/Managed Preferences/mobile/com.apple.SystemConfiguration.plist, path = /Library/Managed Preferences/mobile/com.apple.SystemConfiguration.plist, accessed}
2026-08-17 11:34:37.245 I  YourSofia[1177:3235b5] [com.apple.network:connection] nw_association_create_flow <nw_association IPv4#218b38ea:443> Added association flow ID 03CE877F-1EFC-4525-86CA-54BC5E40EB2B
2026-08-17 11:34:37.245 I  YourSofia[1177:3235b5] [com.apple.network:connection] nw_endpoint_flow_setup_protocols [C4.1.1.1 IPv4#218b38ea:443 in_progress socket-flow (satisfied (Path is satisfied), interface: en0[802.11], uses wifi, LQM: unknown)] setup flow id 03CE877F-1EFC-4525-86CA-54BC5E40EB2B
2026-08-17 11:34:37.245 Db YourSofia[1177:3235b5] [com.apple.network:connection] nw_endpoint_flow_attach_protocols [C4.1.1.1 IPv4#218b38ea:443 in_progress socket-flow (satisfied (Path is satisfied), interface: en0[802.11], uses wifi, LQM: unknown)]
2026-08-17 11:34:37.245 Db YourSofia[1177:3235b5] [com.apple.network:connection] nw_endpoint_flow_attach_protocols_block_invoke [C4.1.1.1 IPv4#218b38ea:443 in_progress socket-flow (satisfied (Path is satisfied), interface: en0[802.11], uses wifi, LQM: unknown)] Attached application protocol: CFNetworkConnection-277997857
2026-08-17 11:34:37.245 Db YourSofia[1177:3235b5] [com.apple.network:connection] nw_endpoint_flow_attach_protocols_block_invoke [C4.1.1.1 IPv4#218b38ea:443 in_progress socket-flow (satisfied (Path is satisfied), interface: en0[802.11], uses wifi, LQM: unknown)] Attached application protocol: tls
2026-08-17 11:34:37.245 Db YourSofia[1177:3235b5] [com.apple.network:] nw_fd_wrapper_create Created <fd_wrapper 17, guarded: false>
2026-08-17 11:34:37.245 Db YourSofia[1177:3235b5] [com.apple.network:connection] nw_endpoint_flow_attach_protocols [C4.1.1.1 IPv4#218b38ea:443 in_progress socket-flow (satisfied (Path is satisfied), interface: en0[802.11], uses wifi, LQM: unknown)] Attached socket protocol
2026-08-17 11:34:37.245 Db YourSofia[1177:3235b5] [com.apple.network:connection] nw_endpoint_flow_setup_protocols [C4.1.1.1 IPv4#218b38ea:443 in_progress socket-flow (satisfied (Path is satisfied), interface: en0[802.11], uses wifi, LQM: unknown)] leaf flow starting
2026-08-17 11:34:37.245 Db YourSofia[1177:3235b5] [com.apple.network:connection] nw_endpoint_resolver_receive_report [C4.1.1 Hostname#a484d679:443 in_progress resolver (satisfied (Path is satisfied), interface: en0[802.11], uses wifi, LQM: unknown)] received child report: [C4.1.1.1 IPv4#218b38ea:443 in_progress socket-flow (satisfied (Path is satisfied), interface: en0[802.11], uses wifi, LQM: unknown)]
2026-08-17 11:34:37.245 Db YourSofia[1177:3235b5] [com.apple.network:connection] nw_endpoint_transform_receive_report [C4.1 Hostname#a484d679:443 in_progress transform (satisfied (Path is satisfied), interface: en0[802.11], uses wifi, LQM: unknown)] received child report: [C4.1.1.1 IPv4#218b38ea:443 in_progress socket-flow (satisfied (Path is satisfied), interface: en0[802.11], uses wifi, LQM: unknown)]
2026-08-17 11:34:37.245 Db YourSofia[1177:3235b5] [com.apple.network:connection] nw_endpoint_flow_receive_report [C4 Hostname#a484d679:443 in_progress parent-flow (satisfied (Path is satisfied), interface: en0[802.11], uses wifi, LQM: unknown)] received child report: [C4.1.1.1 IPv4#218b38ea:443 in_progress socket-flow (satisfied (Path is satisfied), interface: en0[802.11], uses wifi, LQM: unknown)]
2026-08-17 11:34:37.245 Df YourSofia[1177:3235b5] [com.apple.network:connection] [C4.1.1.1 IPv4#218b38ea:443 in_progress socket-flow (satisfied (Path is satisfied), interface: en0[802.11], uses wifi, LQM: unknown)] event: flow:start_connect @0.029s
2026-08-17 11:34:37.245 I  YourSofia[1177:3235b5] [com.apple.network:boringssl] boringssl_context_restore_ssl_context(2867) [0x10513d870] New context
2026-08-17 11:34:37.245 I  YourSofia[1177:3235b5] [com.apple.network:connection] nw_endpoint_resolver_start_next_child [C4.1.1 Hostname#a484d679:443 in_progress resolver (satisfied (Path is satisfied), interface: en0[802.11], uses wifi, LQM: unknown)] starting next child endpoint in 100ms
2026-08-17 11:34:37.252 I  YourSofia[1177:323578] [com.wix.DetoxSync:RCTAnimatedNodeDTXSpy] [RCTAnimatedNode DTXSpy] Node <RCTValueAnimatedNode: 0x600002111360> needs update
2026-08-17 11:34:37.252 I  YourSofia[1177:323578] [com.wix.DetoxSync:RCTAnimatedNodeDTXSpy] [RCTAnimatedNode DTXSpy] Node <RCTValueAnimatedNode: 0x600002110550> needs update
2026-08-17 11:34:37.252 I  YourSofia[1177:323578] [com.wix.DetoxSync:RCTAnimatedNodeDTXSpy] [RCTAnimatedNode DTXSpy] Node <RCTValueAnimatedNode: 0x600002112d50> needs update
2026-08-17 11:34:37.252 I  YourSofia[1177:323578] [com.wix.DetoxSync:RCTAnimatedNodeDTXSpy] [RCTAnimatedNode DTXSpy] Node <RCTValueAnimatedNode: 0x600002111360> performed update
2026-08-17 11:34:37.252 I  YourSofia[1177:323578] [com.wix.DetoxSync:DTXAnimationUpdateSyncResource] [AnimationUpdateSyncResource] Node <RCTValueAnimatedNode: 0x600002111360> performed update
2026-08-17 11:34:37.252 I  YourSofia[1177:323578] [com.wix.DetoxSync:RCTAnimatedNodeDTXSpy] [RCTAnimatedNode DTXSpy] Node <RCTValueAnimatedNode: 0x600002110550> performed update
2026-08-17 11:34:37.252 I  YourSofia[1177:323578] [com.wix.DetoxSync:DTXAnimationUpdateSyncResource] [AnimationUpdateSyncResource] Node <RCTValueAnimatedNode: 0x600002110550> performed update
2026-08-17 11:34:37.252 I  YourSofia[1177:323578] [com.wix.DetoxSync:RCTAnimatedNodeDTXSpy] [RCTAnimatedNode DTXSpy] Node <RCTValueAnimatedNode: 0x600002112d50> performed update
2026-08-17 11:34:37.252 I  YourSofia[1177:323578] [com.wix.DetoxSync:DTXAnimationUpdateSyncResource] [AnimationUpdateSyncResource] Node <RCTValueAnimatedNode: 0x600002112d50> performed update
2026-08-17 11:34:37.268 Db YourSofia[1177:3235b5] [com.apple.network:connection] nw_socket_handle_socket_event [C4.1.1.1:3] Event mask: 0x800
2026-08-17 11:34:37.268 Df YourSofia[1177:3235b5] [com.apple.network:connection] nw_socket_handle_socket_event [C4.1.1.1:3] Socket received CONNECTED event
2026-08-17 11:34:37.268 Db YourSofia[1177:3235b5] [com.apple.network:connection] nw_socket_setup_notsent_lowat [C4.1.1.1:3] Set TCP_NOTSENT_LOWAT(16384)
2026-08-17 11:34:37.268 Df YourSofia[1177:3235b5] [com.apple.network:connection] nw_flow_connected [C4.1.1.1 IPv4#218b38ea:443 in_progress socket-flow (satisfied (Path is satisfied), interface: en0[802.11], uses wifi, LQM: unknown)] Transport protocol connected (socket)
2026-08-17 11:34:37.268 Db YourSofia[1177:3235b5] [com.apple.network:connection] nw_endpoint_resolver_receive_report [C4.1.1 Hostname#a484d679:443 in_progress resolver (satisfied (Path is satisfied), interface: en0[802.11], uses wifi, LQM: unknown)] received child report: [C4.1.1.1 IPv4#218b38ea:443 in_progress socket-flow (satisfied (Path is satisfied), interface: en0[802.11], uses wifi, LQM: unknown)]
2026-08-17 11:34:37.268 Db YourSofia[1177:3235b5] [com.apple.network:connection] nw_endpoint_transform_receive_report [C4.1 Hostname#a484d679:443 in_progress transform (satisfied (Path is satisfied), interface: en0[802.11], uses wifi, LQM: unknown)] received child report: [C4.1.1.1 IPv4#218b38ea:443 in_progress socket-flow (satisfied (Path is satisfied), interface: en0[802.11], uses wifi, LQM: unknown)]
2026-08-17 11:34:37.268 Db YourSofia[1177:3235b5] [com.apple.network:connection] nw_endpoint_flow_receive_report [C4 Hostname#a484d679:443 in_progress parent-flow (satisfied (Path is satisfied), interface: en0[802.11], uses wifi, LQM: unknown)] received child report: [C4.1.1.1 IPv4#218b38ea:443 in_progress socket-flow (satisfied (Path is satisfied), interface: en0[802.11], uses wifi, LQM: unknown)]
2026-08-17 11:34:37.268 Df YourSofia[1177:3235b5] [com.apple.network:connection] [C4.1.1.1 IPv4#218b38ea:443 in_progress socket-flow (satisfied (Path is satisfied), interface: en0[802.11], uses wifi, LQM: unknown)] event: flow:finish_transport @0.051s
2026-08-17 11:34:37.268 I  YourSofia[1177:3235b5] [com.apple.network:connection] nw_endpoint_resolver_receive_report [C4.1.1 Hostname#a484d679:443 in_progress resolver (satisfied (Path is satisfied), interface: en0[802.11], uses wifi, LQM: unknown)] pushing out endpoint race by 2000ms
2026-08-17 11:34:37.268 I  YourSofia[1177:3235b5] [com.apple.network:boringssl] boringssl_context_set_ats_enforced(686) [C4.1.1.1:2][0x10513d870] set false
2026-08-17 11:34:37.268 I  YourSofia[1177:3235b5] [com.apple.network:boringssl] boringssl_context_set_ats_minimum_rsa_key_size(704) [C4.1.1.1:2][0x10513d870] set 0
2026-08-17 11:34:37.268 I  YourSofia[1177:3235b5] [com.apple.network:boringssl] boringssl_context_set_ats_minimum_ecdsa_key_size(713) [C4.1.1.1:2][0x10513d870] set 0
2026-08-17 11:34:37.268 I  YourSofia[1177:3235b5] [com.apple.network:boringssl] boringssl_context_set_ats_minimum_signature_algorithm(723) [C4.1.1.1:2][0x10513d870] set 0
2026-08-17 11:34:37.268 I  YourSofia[1177:3235b5] [com.apple.network:boringssl] boringssl_context_set_ats_non_pfs_ciphersuite_allowed(732) [C4.1.1.1:2][0x10513d870] set false
2026-08-17 11:34:37.268 I  YourSofia[1177:3235b5] [com.apple.network:boringssl] boringssl_context_set_old_ats_enforced(695) [C4.1.1.1:2][0x10513d870] set true
2026-08-17 11:34:37.268 Db YourSofia[1177:3235b5] [com.apple.network:boringssl] boringssl_session_apply_protocol_options_for_transport_block_invoke(2024) [C4.1.1.1:2][0x10513d870] ECH is disabled
2026-08-17 11:34:37.268 Df YourSofia[1177:3235b5] [com.apple.network:boringssl] boringssl_session_apply_protocol_options_for_transport_block_invoke_2(2324) [C4.1.1.1:2][0x10513d870] TLS configured [min_version(0x0303) max_version(0x0304) name(redacted) tickets(false) false_start(false) enforce_ev(false) enforce_ats(false) ats_non_pfs_ciphersuite_allowed(false) ech(false) pqtls(true), pake(false)]
2026-08-17 11:34:37.268 I  YourSofia[1177:3235b5] [com.apple.network:boringssl] boringssl_session_install_association_state(1546) [C4.1.1.1:2][0x10513d870] Client session cache miss
2026-08-17 11:34:37.268 Db YourSofia[1177:3235b5] [com.apple.network:boringssl] boringssl_session_set_state(830) [C4.1.1.1:2][0x10513d870] boringssl session state changed from idle to connecting
2026-08-17 11:34:37.268 Df YourSofia[1177:3235b5] [com.apple.network:boringssl] boringssl_context_info_handler(2449) [C4.1.1.1:2][0x10513d870] Client handshake started
2026-08-17 11:34:37.268 Db YourSofia[1177:3235b5] [com.apple.network:boringssl] boringssl_session_set_state(830) [C4.1.1.1:2][0x10513d870] boringssl session state changed from connecting to connecting
2026-08-17 11:34:37.268 Db YourSofia[1177:3235b5] [com.apple.network:boringssl] boringssl_context_log_message(2529) [C4.1.1.1:2][0x10513d870] Writing SSL3_RT_HANDSHAKE 1512 bytes
2026-08-17 11:34:37.268 Df YourSofia[1177:3235b5] [com.apple.network:boringssl] boringssl_context_info_handler(2466) [C4.1.1.1:2][0x10513d870] Client handshake state: TLS client enter_early_data
2026-08-17 11:34:37.268 Db YourSofia[1177:3235b5] [com.apple.network:boringssl] nw_protocol_boringssl_write_bytes(260) [C4.1.1.1:2][0x10513d870] write request: 1517
2026-08-17 11:34:37.268 Db YourSofia[1177:3235b5] [com.apple.network:boringssl] nw_protocol_boringssl_allocate_batching_frame(236) [C4.1.1.1:2][0x10513d870] allocated new batching frame: 1517 bytes capacity
2026-08-17 11:34:37.268 Db YourSofia[1177:3235b5] [com.apple.network:boringssl] nw_protocol_boringssl_write_to_batching_frame(186) [C4.1.1.1:2][0x10513d870] wrote 1517 bytes to batching frame
2026-08-17 11:34:37.268 Db YourSofia[1177:3235b5] [com.apple.network:boringssl] nw_protocol_boringssl_flush_batching_frame(144) [C4.1.1.1:2][0x10513d870] flushed batching frame: frame full
2026-08-17 11:34:37.268 Db YourSofia[1177:3235b5] [com.apple.network:boringssl] nw_protocol_boringssl_write_bytes(305) [C4.1.1.1:2][0x10513d870] total bytes written: 1517
2026-08-17 11:34:37.268 Df YourSofia[1177:3235b5] [com.apple.network:boringssl] boringssl_context_info_handler(2466) [C4.1.1.1:2][0x10513d870] Client handshake state: TLS client read_server_hello
2026-08-17 11:34:37.268 Db YourSofia[1177:3235b5] [com.apple.network:boringssl] nw_protocol_boringssl_read_bytes(370) [C4.1.1.1:2][0x10513d870] read request: 5 byte(s)
2026-08-17 11:34:37.268 Db YourSofia[1177:3235b5] [com.apple.network:boringssl] nw_protocol_boringssl_read_bytes(385) [C4.1.1.1:2][0x10513d870] no input frames available
2026-08-17 11:34:37.268 I  YourSofia[1177:3235b5] [com.apple.network:boringssl] boringssl_session_handshake_incomplete(257) [C4.1.1.1:2][0x10513d870] Handshake incomplete: waiting for data to read [2]
2026-08-17 11:34:37.268 Db YourSofia[1177:3235b5] [com.apple.network:boringssl] nw_protocol_boringssl_read_bytes(370) [C4.1.1.1:2][0x10513d870] read request: 5 byte(s)
2026-08-17 11:34:37.268 Db YourSofia[1177:3235b5] [com.apple.network:boringssl] nw_protocol_boringssl_read_bytes(385) [C4.1.1.1:2][0x10513d870] no input frames available
2026-08-17 11:34:37.268 I  YourSofia[1177:3235b5] [com.apple.network:boringssl] boringssl_session_handshake_incomplete(257) [C4.1.1.1:2][0x10513d870] Handshake incomplete: waiting for data to read [2]
2026-08-17 11:34:37.269 I  YourSofia[1177:323578] [com.wix.DetoxSync:RCTAnimatedNodeDTXSpy] [RCTAnimatedNode DTXSpy] Node <RCTValueAnimatedNode: 0x600002111360> needs update
2026-08-17 11:34:37.269 I  YourSofia[1177:323578] [com.wix.DetoxSync:RCTAnimatedNodeDTXSpy] [RCTAnimatedNode DTXSpy] Node <RCTValueAnimatedNode: 0x600002110550> needs update
2026-08-17 11:34:37.269 I  YourSofia[1177:323578] [com.wix.DetoxSync:RCTAnimatedNodeDTXSpy] [RCTAnimatedNode DTXSpy] Node <RCTValueAnimatedNode: 0x600002112d50> needs update
2026-08-17 11:34:37.269 I  YourSofia[1177:323578] [com.wix.DetoxSync:RCTAnimatedNodeDTXSpy] [RCTAnimatedNode DTXSpy] Node <RCTValueAnimatedNode: 0x600002111360> performed update
2026-08-17 11:34:37.269 I  YourSofia[1177:323578] [com.wix.DetoxSync:DTXAnimationUpdateSyncResource] [AnimationUpdateSyncResource] Node <RCTValueAnimatedNode: 0x600002111360> performed update
2026-08-17 11:34:37.269 I  YourSofia[1177:323578] [com.wix.DetoxSync:RCTAnimatedNodeDTXSpy] [RCTAnimatedNode DTXSpy] Node <RCTValueAnimatedNode: 0x600002110550> performed update
2026-08-17 11:34:37.269 I  YourSofia[1177:323578] [com.wix.DetoxSync:DTXAnimationUpdateSyncResource] [AnimationUpdateSyncResource] Node <RCTValueAnimatedNode: 0x600002110550> performed update
2026-08-17 11:34:37.269 I  YourSofia[1177:323578] [com.wix.DetoxSync:RCTAnimatedNodeDTXSpy] [RCTAnimatedNode DTXSpy] Node <RCTValueAnimatedNode: 0x600002112d50> performed update
2026-08-17 11:34:37.269 I  YourSofia[1177:323578] [com.wix.DetoxSync:DTXAnimationUpdateSyncResource] [AnimationUpdateSyncResource] Node <RCTValueAnimatedNode: 0x600002112d50> performed update
2026-08-17 11:34:37.285 I  YourSofia[1177:323578] [com.wix.DetoxSync:RCTAnimatedNodeDTXSpy] [RCTAnimatedNode DTXSpy] Node <RCTValueAnimatedNode: 0x600002111360> needs update
2026-08-17 11:34:37.285 I  YourSofia[1177:323578] [com.wix.DetoxSync:RCTAnimatedNodeDTXSpy] [RCTAnimatedNode DTXSpy] Node <RCTValueAnimatedNode: 0x600002110550> needs update
2026-08-17 11:34:37.285 I  YourSofia[1177:323578] [com.wix.DetoxSync:RCTAnimatedNodeDTXSpy] [RCTAnimatedNode DTXSpy] Node <RCTValueAnimatedNode: 0x600002112d50> needs update
2026-08-17 11:34:37.285 I  YourSofia[1177:323578] [com.wix.DetoxSync:RCTAnimatedNodeDTXSpy] [RCTAnimatedNode DTXSpy] Node <RCTValueAnimatedNode: 0x600002111360> performed update
2026-08-17 11:34:37.285 I  YourSofia[1177:323578] [com.wix.DetoxSync:DTXAnimationUpdateSyncResource] [AnimationUpdateSyncResource] Node <RCTValueAnimatedNode: 0x600002111360> performed update
2026-08-17 11:34:37.285 I  YourSofia[1177:323578] [com.wix.DetoxSync:RCTAnimatedNodeDTXSpy] [RCTAnimatedNode DTXSpy] Node <RCTValueAnimatedNode: 0x600002110550> performed update
2026-08-17 11:34:37.285 I  YourSofia[1177:323578] [com.wix.DetoxSync:DTXAnimationUpdateSyncResource] [AnimationUpdateSyncResource] Node <RCTValueAnimatedNode: 0x600002110550> performed update
2026-08-17 11:34:37.285 I  YourSofia[1177:323578] [com.wix.DetoxSync:RCTAnimatedNodeDTXSpy] [RCTAnimatedNode DTXSpy] Node <RCTValueAnimatedNode: 0x600002112d50> performed update
2026-08-17 11:34:37.285 I  YourSofia[1177:323578] [com.wix.DetoxSync:DTXAnimationUpdateSyncResource] [AnimationUpdateSyncResource] Node <RCTValueAnimatedNode: 0x600002112d50> performed update
2026-08-17 11:34:37.294 Db YourSofia[1177:3235b5] [com.apple.network:boringssl] nw_protocol_boringssl_input_available(1644) [C4.1.1.1:2][0x10513d870] triggering input available
2026-08-17 11:34:37.294 Db YourSofia[1177:3235b5] [com.apple.network:boringssl] nw_protocol_boringssl_read_bytes(370) [C4.1.1.1:2][0x10513d870] read request: 5 byte(s)
2026-08-17 11:34:37.294 Db YourSofia[1177:3235b5] [com.apple.network:boringssl] nw_protocol_boringssl_read_bytes(446) [C4.1.1.1:2][0x10513d870] total bytes read: 5
2026-08-17 11:34:37.294 Db YourSofia[1177:3235b5] [com.apple.network:boringssl] nw_protocol_boringssl_read_bytes(370) [C4.1.1.1:2][0x10513d870] read request: 122 byte(s)
2026-08-17 11:34:37.294 Db YourSofia[1177:3235b5] [com.apple.network:boringssl] nw_protocol_boringssl_read_bytes(446) [C4.1.1.1:2][0x10513d870] total bytes read: 122
2026-08-17 11:34:37.294 Db YourSofia[1177:3235b5] [com.apple.network:boringssl] boringssl_context_log_message(2529) [C4.1.1.1:2][0x10513d870] Reading SSL3_RT_HANDSHAKE 122 bytes
2026-08-17 11:34:37.294 Df YourSofia[1177:3235b5] [com.apple.network:boringssl] boringssl_context_info_handler(2466) [C4.1.1.1:2][0x10513d870] Client handshake state: TLS 1.3 client read_hello_retry_request
2026-08-17 11:34:37.294 Db YourSofia[1177:3235b5] [com.apple.network:boringssl] boringssl_context_log_message(2529) [C4.1.1.1:2][0x10513d870] Writing SSL3_RT_CHANGE_CIPHER_SPEC 1 bytes
2026-08-17 11:34:37.294 Df YourSofia[1177:3235b5] [com.apple.network:boringssl] boringssl_context_info_handler(2466) [C4.1.1.1:2][0x10513d870] Client handshake state: TLS 1.3 client read_server_hello
2026-08-17 11:34:37.294 Df YourSofia[1177:3235b5] [com.apple.network:boringssl] boringssl_context_info_handler(2466) [C4.1.1.1:2][0x10513d870] Client handshake state: TLS 1.3 client read_encrypted_extensions
2026-08-17 11:34:37.294 Db YourSofia[1177:3235b5] [com.apple.network:boringssl] nw_protocol_boringssl_read_bytes(370) [C4.1.1.1:2][0x10513d870] read request: 5 byte(s)
2026-08-17 11:34:37.294 Db YourSofia[1177:3235b5] [com.apple.network:boringssl] nw_protocol_boringssl_read_bytes(446) [C4.1.1.1:2][0x10513d870] total bytes read: 5
2026-08-17 11:34:37.294 Db YourSofia[1177:3235b5] [com.apple.network:boringssl] nw_protocol_boringssl_read_bytes(370) [C4.1.1.1:2][0x10513d870] read request: 1 byte(s)
2026-08-17 11:34:37.294 Db YourSofia[1177:3235b5] [com.apple.network:boringssl] nw_protocol_boringssl_read_bytes(446) [C4.1.1.1:2][0x10513d870] total bytes read: 1
2026-08-17 11:34:37.294 Db YourSofia[1177:3235b5] [com.apple.network:boringssl] nw_protocol_boringssl_read_bytes(370) [C4.1.1.1:2][0x10513d870] read request: 5 byte(s)
2026-08-17 11:34:37.294 Db YourSofia[1177:3235b5] [com.apple.network:boringssl] nw_protocol_boringssl_read_bytes(446) [C4.1.1.1:2][0x10513d870] total bytes read: 5
2026-08-17 11:34:37.294 Db YourSofia[1177:3235b5] [com.apple.network:boringssl] nw_protocol_boringssl_read_bytes(370) [C4.1.1.1:2][0x10513d870] read request: 4363 byte(s)
2026-08-17 11:34:37.294 Db YourSofia[1177:3235b5] [com.apple.network:boringssl] nw_protocol_boringssl_read_bytes(446) [C4.1.1.1:2][0x10513d870] total bytes read: 2662
2026-08-17 11:34:37.294 Db YourSofia[1177:3235b5] [com.apple.network:boringssl] nw_protocol_boringssl_read_bytes(370) [C4.1.1.1:2][0x10513d870] read request: 1701 byte(s)
2026-08-17 11:34:37.294 Db YourSofia[1177:3235b5] [com.apple.network:boringssl] nw_protocol_boringssl_read_bytes(446) [C4.1.1.1:2][0x10513d870] total bytes read: 1400
2026-08-17 11:34:37.294 Db YourSofia[1177:3235b5] [com.apple.network:boringssl] nw_protocol_boringssl_read_bytes(370) [C4.1.1.1:2][0x10513d870] read request: 301 byte(s)
2026-08-17 11:34:37.294 Db YourSofia[1177:3235b5] [com.apple.network:boringssl] nw_protocol_boringssl_read_bytes(385) [C4.1.1.1:2][0x10513d870] no input frames available
2026-08-17 11:34:37.294 I  YourSofia[1177:3235b5] [com.apple.network:boringssl] boringssl_session_handshake_incomplete(257) [C4.1.1.1:2][0x10513d870] Handshake incomplete: waiting for data to read [2]
2026-08-17 11:34:37.294 Db YourSofia[1177:3235b5] [com.apple.network:boringssl] nw_protocol_boringssl_input_available(1644) [C4.1.1.1:2][0x10513d870] triggering input available
2026-08-17 11:34:37.294 Db YourSofia[1177:3235b5] [com.apple.network:boringssl] nw_protocol_boringssl_read_bytes(370) [C4.1.1.1:2][0x10513d870] read request: 301 byte(s)
2026-08-17 11:34:37.294 Db YourSofia[1177:3235b5] [com.apple.network:boringssl] nw_protocol_boringssl_read_bytes(446) [C4.1.1.1:2][0x10513d870] total bytes read: 301
2026-08-17 11:34:37.294 Db YourSofia[1177:3235b5] [com.apple.network:boringssl] boringssl_context_log_message(2529) [C4.1.1.1:2][0x10513d870] Reading SSL3_RT_HANDSHAKE 19 bytes
2026-08-17 11:34:37.294 Df YourSofia[1177:3235b5] [com.apple.network:boringssl] boringssl_context_info_handler(2466) [C4.1.1.1:2][0x10513d870] Client handshake state: TLS 1.3 client read_certificate_request
2026-08-17 11:34:37.294 Db YourSofia[1177:3235b5] [com.apple.network:boringssl] boringssl_context_log_message(2529) [C4.1.1.1:2][0x10513d870] Reading SSL3_RT_HANDSHAKE 4011 bytes
2026-08-17 11:34:37.294 Df YourSofia[1177:3235b5] [com.apple.network:boringssl] boringssl_context_info_handler(2466) [C4.1.1.1:2][0x10513d870] Client handshake state: TLS 1.3 client read_server_certificate
2026-08-17 11:34:37.294 Df YourSofia[1177:3235b5] [com.apple.network:boringssl] boringssl_context_info_handler(2466) [C4.1.1.1:2][0x10513d870] Client handshake state: TLS 1.3 client read_server_certificate_verify
2026-08-17 11:34:37.295 Db YourSofia[1177:3235b5] [com.apple.network:boringssl] boringssl_context_log_message(2529) [C4.1.1.1:2][0x10513d870] Reading SSL3_RT_HANDSHAKE 264 bytes
2026-08-17 11:34:37.295 Db YourSofia[1177:3235b5] [com.apple.network:boringssl] boringssl_helper_create_sec_trust_with_certificates(631) [C4.1.1.1:2][0x10513d870] Key usage requirement set to 1
2026-08-17 11:34:37.295 Db YourSofia[1177:3235b5] [com.apple.network:boringssl] boringssl_helper_create_sec_trust_with_certificates(637) [C4.1.1.1:2][0x10513d870] SecTrustCreateWithCertificates result: 0
2026-08-17 11:34:37.295 Db YourSofia[1177:3235b5] [com.apple.network:boringssl] boringssl_helper_create_sec_trust_with_certificates(643) [C4.1.1.1:2][0x10513d870] SecTrustSetURLRequestAttribution(0) result: 0
2026-08-17 11:34:37.295 Db YourSofia[1177:3235b5] [com.apple.network:boringssl] boringssl_helper_create_sec_trust_with_certificates(651) [C4.1.1.1:2][0x10513d870] No TLS-provided OCSP response
2026-08-17 11:34:37.295 Db YourSofia[1177:3235b5] [com.apple.network:boringssl] boringssl_helper_create_sec_trust_with_certificates(658) [C4.1.1.1:2][0x10513d870] No TLS-provided SCTs
2026-08-17 11:34:37.295 Db YourSofia[1177:3235b5] [com.apple.network:boringssl] boringssl_session_set_peer_verification_state_from_session(496) [C4.1.1.1:2][0x10513d870] Set peer trust data
2026-08-17 11:34:37.295 Df YourSofia[1177:3235b5] [com.apple.network:boringssl] boringssl_context_evaluate_trust_async(1892) [C4.1.1.1:2][0x10513d870] Performing external trust evaluation
2026-08-17 11:34:37.295 A  YourSofia[1177:3235b5] (Security) SecKeyCopyPublicBytes
2026-08-17 11:34:37.295 Df YourSofia[1177:3235b5] [com.apple.network:boringssl] boringssl_context_evaluate_trust_async_external(1877) [C4.1.1.1:2][0x10513d870] Asyncing for external verify block
2026-08-17 11:34:37.295 I  YourSofia[1177:3235b5] [com.apple.network:boringssl] boringssl_session_handshake_incomplete(257) [C4.1.1.1:2][0x10513d870] Handshake incomplete: certificate evaluation result pending [16]
2026-08-17 11:34:37.295 Db YourSofia[1177:3235b5] [com.apple.network:boringssl] boringssl_context_evaluate_trust_async_external_block_invoke(1872) [C4.1.1.1:2][0x10513d870] Invoking verify block
2026-08-17 11:34:37.295 Df YourSofia[1177:3235b5] [com.apple.CFNetwork:Default] Connection 4: asked to evaluate TLS Trust
2026-08-17 11:34:37.295 Db YourSofia[1177:3235b5] [com.apple.CFNetwork:Default] [TLSCBQ] Need to invoke to satisfy trust callback
2026-08-17 11:34:37.295 Df YourSofia[1177:3235b5] [com.apple.CFNetwork:Default] Task <CDC78FD9-BC6F-4A08-9302-4FB9B055F872>.<2> auth completion disp=1 cred=0x0
2026-08-17 11:34:37.295 Db YourSofia[1177:3235d5] [com.apple.securityd:trust] (Trust 0x60000352e5d0) waiting for queue
2026-08-17 11:34:37.295 Df YourSofia[1177:3235d5] [com.apple.securityd:trust] (Trust 0x60000352e5d0) No pending evals, starting
2026-08-17 11:34:37.295 Db YourSofia[1177:3235d5] [com.apple.securityd:trust] (Trust 0x60000352e5d0) Started eval block
2026-08-17 11:34:37.295 A  YourSofia[1177:3235d5] (Security) SecTrustEvaluateIfNecessaryFastAsync
2026-08-17 11:34:37.295 Db YourSofia[1177:3235d5] [com.apple.securityd:xpc] user sessions enabled, targeting 501
2026-08-17 11:34:37.295 Df YourSofia[1177:3235d5] [com.apple.xpc:connection] [0x10528eff0] activating connection: mach=true listener=false peer=false name=com.apple.trustd
2026-08-17 11:34:37.295 Df YourSofia[1177:3235d5] [com.apple.securityd:trust] (Trust 0x60000352e5d0) Completed async eval kickoff
2026-08-17 11:34:37.299 Df YourSofia[1177:3235d5] [com.apple.securityd:trust] (Trust 0x60000352e5d0) trustd returned 4
2026-08-17 11:34:37.299 Db YourSofia[1177:3235d5] [com.apple.securityd:trust] (Trust 0x60000352e5d0) Kick off pending evals
2026-08-17 11:34:37.299 Db YourSofia[1177:3235d5] [com.apple.securityd:trust] (Trust 0x60000352e5d0) Calling completion block after async xpc
2026-08-17 11:34:37.299 Df YourSofia[1177:3235d5] [com.apple.CFNetwork:Default] System Trust Evaluation yielded status(0)
2026-08-17 11:34:37.299 Db YourSofia[1177:3235d5] [com.apple.securityd:trust] (Trust 0x600003535ad0) waiting for queue
2026-08-17 11:34:37.299 Df YourSofia[1177:3235d5] [com.apple.securityd:trust] (Trust 0x600003535ad0) No pending evals, starting
2026-08-17 11:34:37.299 Db YourSofia[1177:3235d5] [com.apple.securityd:trust] (Trust 0x600003535ad0) Started eval block
2026-08-17 11:34:37.299 A  YourSofia[1177:3235d5] (Security) SecTrustEvaluateIfNecessaryFastAsync
2026-08-17 11:34:37.299 Db YourSofia[1177:3235d5] [com.apple.securityd:xpc] user sessions enabled, targeting 501
2026-08-17 11:34:37.299 Df YourSofia[1177:3235d5] [com.apple.xpc:connection] [0x105168620] activating connection: mach=true listener=false peer=false name=com.apple.trustd
2026-08-17 11:34:37.299 Df YourSofia[1177:3235d5] [com.apple.securityd:trust] (Trust 0x600003535ad0) Completed async eval kickoff
2026-08-17 11:34:37.300 Db YourSofia[1177:3235d5] [com.apple.securityd:xpc] cleaning up unpooled xpc conn to trustd 0x10528eff0
2026-08-17 11:34:37.300 Df YourSofia[1177:3235d5] [com.apple.xpc:connection] [0x10528eff0] invalidated because the current process cancelled the connection by calling xpc_connection_cancel()
2026-08-17 11:34:37.300 Db YourSofia[1177:3235d5] [com.apple.securityd:xpc] got event: Connection invalid
2026-08-17 11:34:37.300 Df YourSofia[1177:3235b7] [com.apple.securityd:trust] (Trust 0x600003535ad0) trustd returned 4
2026-08-17 11:34:37.300 Db YourSofia[1177:3235b7] [com.apple.securityd:trust] (Trust 0x600003535ad0) Kick off pending evals
2026-08-17 11:34:37.300 Db YourSofia[1177:3235b7] [com.apple.securityd:trust] (Trust 0x600003535ad0) Calling completion block after async xpc
2026-08-17 11:34:37.300 Df YourSofia[1177:3235b7] [com.apple.CFNetwork:Default] Connection 4: TLS Trust result 0
2026-08-17 11:34:37.300 Df YourSofia[1177:3235b7] [com.apple.network:boringssl] boringssl_context_evaluate_trust_async_external_block_invoke_3(1819) [C4.1.1.1:2][0x10513d870] Returning from external verify block with result: true
2026-08-17 11:34:37.300 Db YourSofia[1177:3235b7] [com.apple.network:boringssl] boringssl_context_evaluate_trust_async_external_block_invoke(1835) [C4.1.1.1:2][0x10513d870] Certificate signature alg: 5
2026-08-17 11:34:37.300 Db YourSofia[1177:3235b7] [com.apple.network:boringssl] boringssl_context_evaluate_trust_async_external_block_invoke_2(1860) [C4.1.1.1:2][0x10513d870] Setting verify result to true
2026-08-17 11:34:37.300 Df YourSofia[1177:3235b7] [com.apple.network:boringssl] boringssl_context_certificate_verify_callback(2073) [C4.1.1.1:2][0x10513d870] Certificate verification result: OK
2026-08-17 11:34:37.300 Df YourSofia[1177:3235b7] [com.apple.network:boringssl] boringssl_context_info_handler(2466) [C4.1.1.1:2][0x10513d870] Client handshake state: TLS 1.3 client read_server_finished
2026-08-17 11:34:37.300 Db YourSofia[1177:3235b7] [com.apple.network:boringssl] boringssl_context_log_message(2529) [C4.1.1.1:2][0x10513d870] Reading SSL3_RT_HANDSHAKE 52 bytes
2026-08-17 11:34:37.301 Df YourSofia[1177:3235b7] [com.apple.network:boringssl] boringssl_context_info_handler(2466) [C4.1.1.1:2][0x10513d870] Client handshake state: TLS 1.3 client send_end_of_early_data
2026-08-17 11:34:37.301 Df YourSofia[1177:3235b7] [com.apple.network:boringssl] boringssl_context_info_handler(2466) [C4.1.1.1:2][0x10513d870] Client handshake state: TLS 1.3 client send_client_encrypted_extensions
2026-08-17 11:34:37.301 Df YourSofia[1177:3235b7] [com.apple.network:boringssl] boringssl_context_info_handler(2466) [C4.1.1.1:2][0x10513d870] Client handshake state: TLS 1.3 client send_client_certificate
2026-08-17 11:34:37.301 Df YourSofia[1177:3235b7] [com.apple.network:boringssl] boringssl_context_info_handler(2466) [C4.1.1.1:2][0x10513d870] Client handshake state: TLS 1.3 client complete_second_flight
2026-08-17 11:34:37.301 Db YourSofia[1177:3235b7] [com.apple.network:boringssl] boringssl_context_log_message(2529) [C4.1.1.1:2][0x10513d870] Writing SSL3_RT_HANDSHAKE 52 bytes
2026-08-17 11:34:37.301 Df YourSofia[1177:3235b7] [com.apple.network:boringssl] boringssl_context_info_handler(2466) [C4.1.1.1:2][0x10513d870] Client handshake state: TLS 1.3 client done
2026-08-17 11:34:37.301 Db YourSofia[1177:3235b7] [com.apple.network:boringssl] nw_protocol_boringssl_write_bytes(260) [C4.1.1.1:2][0x10513d870] write request: 80
2026-08-17 11:34:37.301 Db YourSofia[1177:3235b7] [com.apple.network:boringssl] nw_protocol_boringssl_allocate_batching_frame(236) [C4.1.1.1:2][0x10513d870] allocated new batching frame: 80 bytes capacity
2026-08-17 11:34:37.301 Db YourSofia[1177:3235b7] [com.apple.network:boringssl] nw_protocol_boringssl_write_to_batching_frame(186) [C4.1.1.1:2][0x10513d870] wrote 80 bytes to batching frame
2026-08-17 11:34:37.301 Db YourSofia[1177:3235b7] [com.apple.network:boringssl] nw_protocol_boringssl_flush_batching_frame(144) [C4.1.1.1:2][0x10513d870] flushed batching frame: frame full
2026-08-17 11:34:37.301 Db YourSofia[1177:3235b7] [com.apple.network:boringssl] nw_protocol_boringssl_write_bytes(305) [C4.1.1.1:2][0x10513d870] total bytes written: 80
2026-08-17 11:34:37.301 Df YourSofia[1177:3235b7] [com.apple.network:boringssl] boringssl_context_info_handler(2466) [C4.1.1.1:2][0x10513d870] Client handshake state: TLS client finish_client_handshake
2026-08-17 11:34:37.301 Df YourSofia[1177:3235b7] [com.apple.network:boringssl] boringssl_context_info_handler(2466) [C4.1.1.1:2][0x10513d870] Client handshake state: TLS client done
2026-08-17 11:34:37.301 Df YourSofia[1177:3235b7] [com.apple.network:boringssl] boringssl_context_info_handler(2455) [C4.1.1.1:2][0x10513d870] Client handshake done
2026-08-17 11:34:37.301 Db YourSofia[1177:3235b7] [com.apple.network:boringssl] boringssl_helper_create_sec_trust_with_certificates(631) [C4.1.1.1:2][0x10513d870] Key usage requirement set to 1
2026-08-17 11:34:37.301 Db YourSofia[1177:3235b7] [com.apple.network:boringssl] boringssl_helper_create_sec_trust_with_certificates(637) [C4.1.1.1:2][0x10513d870] SecTrustCreateWithCertificates result: 0
2026-08-17 11:34:37.301 Db YourSofia[1177:3235b7] [com.apple.network:boringssl] boringssl_helper_create_sec_trust_with_certificates(643) [C4.1.1.1:2][0x10513d870] SecTrustSetURLRequestAttribution(0) result: 0
2026-08-17 11:34:37.301 Db YourSofia[1177:3235b7] [com.apple.network:boringssl] boringssl_helper_create_sec_trust_with_certificates(651) [C4.1.1.1:2][0x10513d870] No TLS-provided OCSP response
2026-08-17 11:34:37.301 Db YourSofia[1177:3235b7] [com.apple.network:boringssl] boringssl_helper_create_sec_trust_with_certificates(658) [C4.1.1.1:2][0x10513d870] No TLS-provided SCTs
2026-08-17 11:34:37.301 Db YourSofia[1177:3235b7] [com.apple.network:boringssl] boringssl_session_set_peer_verification_state_from_session(496) [C4.1.1.1:2][0x10513d870] Set peer trust data
2026-08-17 11:34:37.301 Db YourSofia[1177:3235b7] [com.apple.network:boringssl] boringssl_session_set_state(830) [C4.1.1.1:2][0x10513d870] boringssl session state changed from connecting to connected
2026-08-17 11:34:37.301 A  YourSofia[1177:3235b7] (Security) SecKeyCopyPublicBytes
2026-08-17 11:34:37.301 Df YourSofia[1177:3235b7] [com.apple.network:boringssl] nw_protocol_boringssl_signal_connected(895) [C4.1.1.1:2][0x10513d870] TLS connected [server(0) version(0x0304) ciphersuite(TLS_AES_256_GCM_SHA384) group(0x001d) signature_alg(0x0804) alpn(h2) resumed(0) offered_ticket(0) in_early_data(0) early_data_accepted(0) false_started(0) ocsp_received(0) sct_received(0) connect_time(33ms) flight_time(26ms) rtt(26ms) write_stalls(0) read_stalls(3) pake(0x0000)]
2026-08-17 11:34:37.301 Db YourSofia[1177:3235b7] [com.apple.network:boringssl] nw_protocol_boringssl_waiting_for_output(2357) [C4.1.1.1:2][0x10513d870] Waiting for output: false
2026-08-17 11:34:37.301 Db YourSofia[1177:3235b7] [com.apple.network:boringssl] nw_protocol_boringssl_waiting_for_output(2357) [C4.1.1.1:2][0x10513d870] Waiting for output: false
2026-08-17 11:34:37.301 Df YourSofia[1177:3235b7] [com.apple.network:connection] nw_flow_connected [C4.1.1.1 IPv4#218b38ea:443 in_progress socket-flow (satisfied (Path is satisfied), interface: en0[802.11], uses wifi, LQM: unknown)] Output protocol connected (CFNetworkConnection-277997857)
2026-08-17 11:34:37.301 Db YourSofia[1177:3235b7] [com.apple.network:connection] nw_endpoint_flow_connected_path_change [C4.1.1.1 IPv4#218b38ea:443 ready socket-flow (satisfied (Path is satisfied), interface: en0[802.11], uses wifi, LQM: unknown)]
2026-08-17 11:34:37.301 I  YourSofia[1177:3235b7] [com.apple.network:connection] nw_endpoint_flow_connected_path_change [C4.1.1.1 IPv4#218b38ea:443 ready socket-flow (satisfied (Path is satisfied), interface: en0[802.11], uses wifi, LQM: unknown)] Connected path is satisfied, not viable
2026-08-17 11:34:37.301 Db YourSofia[1177:3235b7] [com.apple.network:connection] nw_endpoint_resolver_receive_report [C4.1.1 Hostname#a484d679:443 in_progress resolver (satisfied (Path is satisfied), interface: en0[802.11], uses wifi, LQM: unknown)] received child report: [C4.1.1.1 IPv4#218b38ea:443 ready socket-flow (satisfied (Path is satisfied), interface: en0[802.11], uses wifi, LQM: unknown)]
2026-08-17 11:34:37.301 Db YourSofia[1177:3235b7] [com.apple.network:connection] nw_endpoint_transform_receive_report [C4.1 Hostname#a484d679:443 in_progress transform (satisfied (Path is satisfied), interface: en0[802.11], uses wifi, LQM: unknown)] received child report: [C4.1.1.1 IPv4#218b38ea:443 ready socket-flow (satisfied (Path is satisfied), interface: en0[802.11], uses wifi, LQM: unknown)]
2026-08-17 11:34:37.301 Db YourSofia[1177:3235b7] [com.apple.network:connection] nw_endpoint_flow_receive_report [C4 Hostname#a484d679:443 in_progress parent-flow (satisfied (Path is satisfied), interface: en0[802.11], uses wifi, LQM: unknown)] received child report: [C4.1.1.1 IPv4#218b38ea:443 ready socket-flow (satisfied (Path is satisfied), interface: en0[802.11], uses wifi, LQM: unknown)]
2026-08-17 11:34:37.301 Df YourSofia[1177:3235b7] [com.apple.network:connection] [C4.1.1.1 IPv4#218b38ea:443 ready socket-flow (satisfied (Path is satisfied), interface: en0[802.11], uses wifi, LQM: unknown)] event: flow:child_finish_connect @0.085s
2026-08-17 11:34:37.301 Db YourSofia[1177:3235b7] [com.apple.network:connection] nw_endpoint_flow_receive_report [C4 IPv4#218b38ea:443 in_progress parent-flow (satisfied (Path is satisfied), interface: en0[802.11], uses wifi, LQM: unknown)] connecting endpoint_flow to child's shared protocol
2026-08-17 11:34:37.301 Db YourSofia[1177:3235b7] [com.apple.network:connection] nw_endpoint_flow_setup_protocols [C4 IPv4#218b38ea:443 in_progress parent-flow (satisfied (Path is satisfied), interface: en0[802.11], uses wifi, LQM: unknown)] already set up
2026-08-17 11:34:37.301 Db YourSofia[1177:3235b7] [com.apple.network:connection] nw_endpoint_flow_setup_protocols [C4 IPv4#218b38ea:443 in_progress parent-flow (satisfied (Path is satisfied), interface: en0[802.11], uses wifi, LQM: unknown)] child flow connected, starting
2026-08-17 11:34:37.301 Db YourSofia[1177:3235b7] [com.apple.network:connection] nw_endpoint_flow_setup_protocols [C4 IPv4#218b38ea:443 in_progress parent-flow (satisfied (Path is satisfied), interface: en0[802.11], uses wifi, LQM: unknown)] already started
2026-08-17 11:34:37.301 Db YourSofia[1177:3235b7] [com.apple.network:connection] nw_endpoint_transform_receive_report [C4.1 Hostname#a484d679:443 in_progress transform (satisfied (Path is satisfied), interface: en0[802.11], uses wifi, LQM: unknown)] received child report: [C4.1.1 Hostname#a484d679:443 ready resolver (satisfied (Path is satisfied), interface: en0[802.11], uses wifi, LQM: unknown)]
2026-08-17 11:34:37.301 Db YourSofia[1177:3235b7] [com.apple.network:connection] nw_endpoint_flow_receive_report [C4 IPv4#218b38ea:443 in_progress parent-flow (satisfied (Path is satisfied), interface: en0[802.11], uses wifi, LQM: unknown)] received child report: [C4.1.1 Hostname#a484d679:443 ready resolver (satisfied (Path is satisfied), interface: en0[802.11], uses wifi, LQM: unknown)]
2026-08-17 11:34:37.301 Df YourSofia[1177:3235b7] [com.apple.network:connection] [C4.1.1 Hostname#a484d679:443 ready resolver (satisfied (Path is satisfied), interface: en0[802.11], uses wifi, LQM: unknown)] event: flow:child_finish_connect @0.085s
2026-08-17 11:34:37.301 Db YourSofia[1177:3235b7] [com.apple.network:connection] nw_endpoint_flow_receive_report [C4 IPv4#218b38ea:443 in_progress parent-flow (satisfied (Path is satisfied), interface: en0[802.11], uses wifi, LQM: unknown)] received child report: [C4.1 Hostname#a484d679:443 ready transform (satisfied (Path is satisfied), interface: en0[802.11], uses wifi, LQM: unknown)]
2026-08-17 11:34:37.301 Df YourSofia[1177:3235b7] [com.apple.network:connection] [C4.1 Hostname#a484d679:443 ready transform (satisfied (Path is satisfied), interface: en0[802.11], uses wifi, LQM: unknown)] event: flow:child_finish_connect @0.085s
2026-08-17 11:34:37.301 Db YourSofia[1177:3235b7] [com.apple.network:boringssl] nw_protocol_boringssl_waiting_for_output(2357) [C4.1.1.1:2][0x10513d870] Waiting for output: false
2026-08-17 11:34:37.301 Df YourSofia[1177:3235b7] [com.apple.network:connection] nw_flow_connected [C4 IPv4#218b38ea:443 in_progress parent-flow (satisfied (Path is satisfied), interface: en0[802.11], uses wifi, LQM: unknown)] Output protocol connected (endpoint_flow)
2026-08-17 11:34:37.301 Db YourSofia[1177:3235b7] [com.apple.network:connection] nw_endpoint_flow_connected_path_change [C4 IPv4#218b38ea:443 ready parent-flow (satisfied (Path is satisfied), interface: en0[802.11], uses wifi, LQM: unknown)]
2026-08-17 11:34:37.301 I  YourSofia[1177:3235b7] [com.apple.network:connection] nw_endpoint_flow_connected_path_change [C4 IPv4#218b38ea:443 ready parent-flow (satisfied (Path is satisfied), interface: en0[802.11], uses wifi, LQM: unknown)] Connected path is satisfied, child is not viable
2026-08-17 11:34:37.301 Df YourSofia[1177:3235b7] [com.apple.network:connection] [C4 IPv4#218b38ea:443 ready parent-flow (satisfied (Path is satisfied), interface: en0[802.11], uses wifi, LQM: unknown)] event: flow:finish_connect @0.085s
2026-08-17 11:34:37.301 Db YourSofia[1177:3235b7] [com.apple.network:connection] nw_connection_run_pqtls_probe_locked_on_nw_queue [C4] PQ-TLS probes not enabled on this network
2026-08-17 11:34:37.301 Db YourSofia[1177:3235b7] [com.apple.network:connection] nw_connection_run_pqtls_probe_locked_on_nw_queue [C4] probe enabled 0 0
2026-08-17 11:34:37.301 Db YourSofia[1177:3235b7] [com.apple.network:connection] nw_connection_run_pqtls_probe_locked_on_nw_queue [C4] connection wasn't sampled for PQ-TLS probe
2026-08-17 11:34:37.301 Db YourSofia[1177:3235b7] [com.apple.network:connection] nw_connection_run_ech_probe_locked_on_nw_queue [C4] stack doesn't include TLS; not running ECH probe
2026-08-17 11:34:37.301 Db YourSofia[1177:3235b7] [com.apple.network:connection] nw_connection_endpoint_report_on_nw_queue_block_invoke [C4] Connected fallback generation 0
2026-08-17 11:34:37.301 I  YourSofia[1177:3235b7] [com.apple.network:connection] nw_connection_start_candidate_manager_if_needed_locked [C4] Checking whether to start candidate manager
2026-08-17 11:34:37.301 Db YourSofia[1177:3235b7] [com.apple.network:connection] nw_connection_start_candidate_manager_if_needed_locked [C4] Connection does not support multipath, not starting candidate manager
2026-08-17 11:34:37.301 Df YourSofia[1177:3235b7] [com.apple.network:connection] nw_connection_report_state_with_handler_on_nw_queue [C4] reporting state ready
2026-08-17 11:34:37.301 Db YourSofia[1177:3235b7] [com.apple.securityd:xpc] cleaning up unpooled xpc conn to trustd 0x105168620
2026-08-17 11:34:37.301 Df YourSofia[1177:3235b7] [com.apple.xpc:connection] [0x105168620] invalidated because the current process cancelled the connection by calling xpc_connection_cancel()
2026-08-17 11:34:37.301 Df YourSofia[1177:3235b7] [com.apple.CFNetwork:Default] Connection 4: connected successfully
2026-08-17 11:34:37.301 Db YourSofia[1177:3235b5] [com.apple.securityd:xpc] got event: Connection invalid
2026-08-17 11:34:37.301 Df YourSofia[1177:3235b7] [com.apple.CFNetwork:Default] Connection 4: TLS handshake complete
2026-08-17 11:34:37.301 Df YourSofia[1177:3235b7] [com.apple.CFNetwork:Default] Connection 4: ready C(N) E(N)
2026-08-17 11:34:37.301 Db YourSofia[1177:3235b7] [com.apple.CFNetwork:Default] Task <CDC78FD9-BC6F-4A08-9302-4FB9B055F872>.<2> done setting up Connection 4
2026-08-17 11:34:37.301 Db YourSofia[1177:3235b7] [com.apple.network:activity] Returning should log: 0 for activity cfnetwork:foreground_task
2026-08-17 11:34:37.301 Db YourSofia[1177:3235b7] [com.apple.CFNetwork:Coalescing] new connection to exp.host config 0x6000002e7000
2026-08-17 11:34:37.301 Db YourSofia[1177:3235b7] [com.apple.CFNetwork:Default] Connection 4: set is idle false
2026-08-17 11:34:37.301 Df YourSofia[1177:3235b7] [com.apple.network:connection] [C4] event: client:connection_reused @0.085s
2026-08-17 11:34:37.301 I  YourSofia[1177:3235b7] [com.apple.network:connection] nw_endpoint_handler_report_connection_idle [C4 IPv4#218b38ea:443 ready parent-flow (satisfied (Path is satisfied), interface: en0[802.11], uses wifi, LQM: unknown)] Reporting connection not idle to protocols
2026-08-17 11:34:37.301 I  YourSofia[1177:3235b7] [com.apple.network:connection] nw_flow_passthrough_notify [C4.1.1.1 IPv4#218b38ea:443 ready socket-flow (satisfied (Path is satisfied), interface: en0[802.11], uses wifi, LQM: unknown)] received notification connection_idle
2026-08-17 11:34:37.301 Df YourSofia[1177:3235b7] [com.apple.network:connection] nw_protocol_socket_notify [C4.1.1.1:3] nw_protocol_notification_type_connection_idle is false
2026-08-17 11:34:37.301 Df YourSofia[1177:3235b7] [com.apple.CFNetwork:Default] Task <CDC78FD9-BC6F-4A08-9302-4FB9B055F872>.<2> now using Connection 4
2026-08-17 11:34:37.302 Db YourSofia[1177:3235b7] [com.apple.network:activity] Returning should log: 0 for activity cfnetwork:foreground_task
2026-08-17 11:34:37.302 Db YourSofia[1177:3235b7] [com.apple.network:connection] nw_connection_modify_estimated_bytes_block_invoke [C4] Incremented estimated bytes to send by 291, total now 291
2026-08-17 11:34:37.302 Db YourSofia[1177:3235b7] [com.apple.network:connection] nw_connection_modify_estimated_bytes_block_invoke [C4] Using lower threshold 12582912, upper threshold 31457280
2026-08-17 11:34:37.302 Df YourSofia[1177:3235b7] [com.apple.CFNetwork:Default] Task <4176934E-1F63-4019-BA8C-C03933680B38>.<3> now using Connection 4
2026-08-17 11:34:37.302 Db YourSofia[1177:3235b7] [com.apple.network:activity] Returning should log: 0 for activity cfnetwork:foreground_task
2026-08-17 11:34:37.302 Db YourSofia[1177:3235b7] [com.apple.network:connection] nw_connection_modify_estimated_bytes_block_invoke [C4] Incremented estimated bytes to send by 291, total now 582
2026-08-17 11:34:37.302 Db YourSofia[1177:3235b7] [com.apple.network:connection] nw_connection_modify_estimated_bytes_block_invoke [C4] Using lower threshold 12582912, upper threshold 31457280
2026-08-17 11:34:37.302 Df YourSofia[1177:3235b7] [com.apple.CFNetwork:Default] Task <CDC78FD9-BC6F-4A08-9302-4FB9B055F872>.<2> sent request, body S 291
2026-08-17 11:34:37.302 Df YourSofia[1177:3235b7] [com.apple.CFNetwork:Default] Task <4176934E-1F63-4019-BA8C-C03933680B38>.<3> sent request, body S 291
2026-08-17 11:34:37.302 I  YourSofia[1177:323578] [com.wix.DetoxSync:RCTAnimatedNodeDTXSpy] [RCTAnimatedNode DTXSpy] Node <RCTValueAnimatedNode: 0x600002111360> needs update
2026-08-17 11:34:37.302 I  YourSofia[1177:323578] [com.wix.DetoxSync:RCTAnimatedNodeDTXSpy] [RCTAnimatedNode DTXSpy] Node <RCTValueAnimatedNode: 0x600002110550> needs update
2026-08-17 11:34:37.302 I  YourSofia[1177:323578] [com.wix.DetoxSync:RCTAnimatedNodeDTXSpy] [RCTAnimatedNode DTXSpy] Node <RCTValueAnimatedNode: 0x600002112d50> needs update
2026-08-17 11:34:37.302 I  YourSofia[1177:323578] [com.wix.DetoxSync:RCTAnimatedNodeDTXSpy] [RCTAnimatedNode DTXSpy] Node <RCTValueAnimatedNode: 0x600002111360> performed update
2026-08-17 11:34:37.302 I  YourSofia[1177:323578] [com.wix.DetoxSync:DTXAnimationUpdateSyncResource] [AnimationUpdateSyncResource] Node <RCTValueAnimatedNode: 0x600002111360> performed update
2026-08-17 11:34:37.302 I  YourSofia[1177:323578] [com.wix.DetoxSync:RCTAnimatedNodeDTXSpy] [RCTAnimatedNode DTXSpy] Node <RCTValueAnimatedNode: 0x600002110550> performed update
2026-08-17 11:34:37.302 I  YourSofia[1177:323578] [com.wix.DetoxSync:DTXAnimationUpdateSyncResource] [AnimationUpdateSyncResource] Node <RCTValueAnimatedNode: 0x600002110550> performed update
2026-08-17 11:34:37.302 I  YourSofia[1177:323578] [com.wix.DetoxSync:RCTAnimatedNodeDTXSpy] [RCTAnimatedNode DTXSpy] Node <RCTValueAnimatedNode: 0x600002112d50> performed update
2026-08-17 11:34:37.302 I  YourSofia[1177:323578] [com.wix.DetoxSync:DTXAnimationUpdateSyncResource] [AnimationUpdateSyncResource] Node <RCTValueAnimatedNode: 0x600002112d50> performed update
2026-08-17 11:34:37.318 I  YourSofia[1177:323578] [com.wix.DetoxSync:RCTAnimatedNodeDTXSpy] [RCTAnimatedNode DTXSpy] Node <RCTValueAnimatedNode: 0x600002111360> needs update
2026-08-17 11:34:37.318 I  YourSofia[1177:323578] [com.wix.DetoxSync:RCTAnimatedNodeDTXSpy] [RCTAnimatedNode DTXSpy] Node <RCTValueAnimatedNode: 0x600002110550> needs update
2026-08-17 11:34:37.318 I  YourSofia[1177:323578] [com.wix.DetoxSync:RCTAnimatedNodeDTXSpy] [RCTAnimatedNode DTXSpy] Node <RCTValueAnimatedNode: 0x600002112d50> needs update
2026-08-17 11:34:37.318 I  YourSofia[1177:323578] [com.wix.DetoxSync:RCTAnimatedNodeDTXSpy] [RCTAnimatedNode DTXSpy] Node <RCTValueAnimatedNode: 0x600002111360> performed update
2026-08-17 11:34:37.319 I  YourSofia[1177:323578] [com.wix.DetoxSync:DTXAnimationUpdateSyncResource] [AnimationUpdateSyncResource] Node <RCTValueAnimatedNode: 0x600002111360> performed update
2026-08-17 11:34:37.319 I  YourSofia[1177:323578] [com.wix.DetoxSync:RCTAnimatedNodeDTXSpy] [RCTAnimatedNode DTXSpy] Node <RCTValueAnimatedNode: 0x600002110550> performed update
2026-08-17 11:34:37.319 I  YourSofia[1177:323578] [com.wix.DetoxSync:DTXAnimationUpdateSyncResource] [AnimationUpdateSyncResource] Node <RCTValueAnimatedNode: 0x600002110550> performed update
2026-08-17 11:34:37.319 I  YourSofia[1177:323578] [com.wix.DetoxSync:RCTAnimatedNodeDTXSpy] [RCTAnimatedNode DTXSpy] Node <RCTValueAnimatedNode: 0x600002112d50> performed update
2026-08-17 11:34:37.319 I  YourSofia[1177:323578] [com.wix.DetoxSync:DTXAnimationUpdateSyncResource] [AnimationUpdateSyncResource] Node <RCTValueAnimatedNode: 0x600002112d50> performed update
2026-08-17 11:34:37.322 Db YourSofia[1177:3235b5] [com.apple.network:boringssl] boringssl_context_log_message(2529) [C4.1.1.1:2][0x10513d870] Reading SSL3_RT_HANDSHAKE 284 bytes
2026-08-17 11:34:37.322 I  YourSofia[1177:3235b5] [com.apple.network:boringssl] boringssl_context_new_session_handler(1541) [C4.1.1.1:2][0x10513d870] New session available
2026-08-17 11:34:37.322 A  YourSofia[1177:3235b5] (Security) SecKeyCopyPublicBytes
2026-08-17 11:34:37.322 Db YourSofia[1177:3235b5] [com.apple.network:boringssl] boringssl_context_new_session_handler(1573) [C4.1.1.1:2][0x10513d870] Installing session cache state
2026-08-17 11:34:37.322 Db YourSofia[1177:3235b5] [com.apple.network:boringssl] boringssl_context_log_message(2529) [C4.1.1.1:2][0x10513d870] Reading SSL3_RT_HANDSHAKE 284 bytes
2026-08-17 11:34:37.322 I  YourSofia[1177:3235b5] [com.apple.network:boringssl] boringssl_context_new_session_handler(1541) [C4.1.1.1:2][0x10513d870] New session available
2026-08-17 11:34:37.323 A  YourSofia[1177:3235b5] (Security) SecKeyCopyPublicBytes
2026-08-17 11:34:37.323 Db YourSofia[1177:3235b5] [com.apple.network:boringssl] boringssl_context_new_session_handler(1573) [C4.1.1.1:2][0x10513d870] Installing session cache state
2026-08-17 11:34:37.335 I  YourSofia[1177:323578] [com.wix.DetoxSync:RCTAnimatedNodeDTXSpy] [RCTAnimatedNode DTXSpy] Node <RCTValueAnimatedNode: 0x600002111360> needs update
2026-08-17 11:34:37.335 I  YourSofia[1177:323578] [com.wix.DetoxSync:RCTAnimatedNodeDTXSpy] [RCTAnimatedNode DTXSpy] Node <RCTValueAnimatedNode: 0x600002110550> needs update
2026-08-17 11:34:37.335 I  YourSofia[1177:323578] [com.wix.DetoxSync:RCTAnimatedNodeDTXSpy] [RCTAnimatedNode DTXSpy] Node <RCTValueAnimatedNode: 0x600002112d50> needs update
2026-08-17 11:34:37.335 I  YourSofia[1177:323578] [com.wix.DetoxSync:RCTAnimatedNodeDTXSpy] [RCTAnimatedNode DTXSpy] Node <RCTValueAnimatedNode: 0x600002111360> performed update
2026-08-17 11:34:37.335 I  YourSofia[1177:323578] [com.wix.DetoxSync:DTXAnimationUpdateSyncResource] [AnimationUpdateSyncResource] Node <RCTValueAnimatedNode: 0x600002111360> performed update
2026-08-17 11:34:37.335 I  YourSofia[1177:323578] [com.wix.DetoxSync:RCTAnimatedNodeDTXSpy] [RCTAnimatedNode DTXSpy] Node <RCTValueAnimatedNode: 0x600002110550> performed update
2026-08-17 11:34:37.335 I  YourSofia[1177:323578] [com.wix.DetoxSync:DTXAnimationUpdateSyncResource] [AnimationUpdateSyncResource] Node <RCTValueAnimatedNode: 0x600002110550> performed update
2026-08-17 11:34:37.335 I  YourSofia[1177:323578] [com.wix.DetoxSync:RCTAnimatedNodeDTXSpy] [RCTAnimatedNode DTXSpy] Node <RCTValueAnimatedNode: 0x600002112d50> performed update
2026-08-17 11:34:37.335 I  YourSofia[1177:323578] [com.wix.DetoxSync:DTXAnimationUpdateSyncResource] [AnimationUpdateSyncResource] Node <RCTValueAnimatedNode: 0x600002112d50> performed update
2026-08-17 11:34:37.352 I  YourSofia[1177:323578] [com.wix.DetoxSync:RCTAnimatedNodeDTXSpy] [RCTAnimatedNode DTXSpy] Node <RCTValueAnimatedNode: 0x600002111360> needs update
2026-08-17 11:34:37.352 I  YourSofia[1177:323578] [com.wix.DetoxSync:RCTAnimatedNodeDTXSpy] [RCTAnimatedNode DTXSpy] Node <RCTValueAnimatedNode: 0x600002110550> needs update
2026-08-17 11:34:37.352 I  YourSofia[1177:323578] [com.wix.DetoxSync:RCTAnimatedNodeDTXSpy] [RCTAnimatedNode DTXSpy] Node <RCTValueAnimatedNode: 0x600002112d50> needs update
2026-08-17 11:34:37.352 I  YourSofia[1177:323578] [com.wix.DetoxSync:RCTAnimatedNodeDTXSpy] [RCTAnimatedNode DTXSpy] Node <RCTValueAnimatedNode: 0x600002111360> performed update
2026-08-17 11:34:37.352 I  YourSofia[1177:323578] [com.wix.DetoxSync:DTXAnimationUpdateSyncResource] [AnimationUpdateSyncResource] Node <RCTValueAnimatedNode: 0x600002111360> performed update
2026-08-17 11:34:37.352 I  YourSofia[1177:323578] [com.wix.DetoxSync:RCTAnimatedNodeDTXSpy] [RCTAnimatedNode DTXSpy] Node <RCTValueAnimatedNode: 0x600002110550> performed update
2026-08-17 11:34:37.352 I  YourSofia[1177:323578] [com.wix.DetoxSync:DTXAnimationUpdateSyncResource] [AnimationUpdateSyncResource] Node <RCTValueAnimatedNode: 0x600002110550> performed update
2026-08-17 11:34:37.352 I  YourSofia[1177:323578] [com.wix.DetoxSync:RCTAnimatedNodeDTXSpy] [RCTAnimatedNode DTXSpy] Node <RCTValueAnimatedNode: 0x600002112d50> performed update
2026-08-17 11:34:37.352 I  YourSofia[1177:323578] [com.wix.DetoxSync:DTXAnimationUpdateSyncResource] [AnimationUpdateSyncResource] Node <RCTValueAnimatedNode: 0x600002112d50> performed update
2026-08-17 11:34:37.368 I  YourSofia[1177:323578] [com.wix.DetoxSync:RCTAnimatedNodeDTXSpy] [RCTAnimatedNode DTXSpy] Node <RCTValueAnimatedNode: 0x600002111360> needs update
2026-08-17 11:34:37.368 I  YourSofia[1177:323578] [com.wix.DetoxSync:RCTAnimatedNodeDTXSpy] [RCTAnimatedNode DTXSpy] Node <RCTValueAnimatedNode: 0x600002110550> needs update
2026-08-17 11:34:37.368 I  YourSofia[1177:323578] [com.wix.DetoxSync:RCTAnimatedNodeDTXSpy] [RCTAnimatedNode DTXSpy] Node <RCTValueAnimatedNode: 0x600002112d50> needs update
2026-08-17 11:34:37.368 I  YourSofia[1177:323578] [com.wix.DetoxSync:RCTAnimatedNodeDTXSpy] [RCTAnimatedNode DTXSpy] Node <RCTValueAnimatedNode: 0x600002111360> performed update
2026-08-17 11:34:37.368 I  YourSofia[1177:323578] [com.wix.DetoxSync:DTXAnimationUpdateSyncResource] [AnimationUpdateSyncResource] Node <RCTValueAnimatedNode: 0x600002111360> performed update
2026-08-17 11:34:37.368 I  YourSofia[1177:323578] [com.wix.DetoxSync:RCTAnimatedNodeDTXSpy] [RCTAnimatedNode DTXSpy] Node <RCTValueAnimatedNode: 0x600002110550> performed update
2026-08-17 11:34:37.368 I  YourSofia[1177:323578] [com.wix.DetoxSync:DTXAnimationUpdateSyncResource] [AnimationUpdateSyncResource] Node <RCTValueAnimatedNode: 0x600002110550> performed update
2026-08-17 11:34:37.368 I  YourSofia[1177:323578] [com.wix.DetoxSync:RCTAnimatedNodeDTXSpy] [RCTAnimatedNode DTXSpy] Node <RCTValueAnimatedNode: 0x600002112d50> performed update
2026-08-17 11:34:37.369 I  YourSofia[1177:323578] [com.wix.DetoxSync:DTXAnimationUpdateSyncResource] [AnimationUpdateSyncResource] Node <RCTValueAnimatedNode: 0x600002112d50> performed update
2026-08-17 11:34:37.385 I  YourSofia[1177:323578] [com.wix.DetoxSync:RCTAnimatedNodeDTXSpy] [RCTAnimatedNode DTXSpy] Node <RCTValueAnimatedNode: 0x600002111360> needs update
2026-08-17 11:34:37.385 I  YourSofia[1177:323578] [com.wix.DetoxSync:RCTAnimatedNodeDTXSpy] [RCTAnimatedNode DTXSpy] Node <RCTValueAnimatedNode: 0x600002110550> needs update
2026-08-17 11:34:37.385 I  YourSofia[1177:323578] [com.wix.DetoxSync:RCTAnimatedNodeDTXSpy] [RCTAnimatedNode DTXSpy] Node <RCTValueAnimatedNode: 0x600002112d50> needs update
2026-08-17 11:34:37.385 I  YourSofia[1177:323578] [com.wix.DetoxSync:RCTAnimatedNodeDTXSpy] [RCTAnimatedNode DTXSpy] Node <RCTValueAnimatedNode: 0x600002111360> performed update
2026-08-17 11:34:37.385 I  YourSofia[1177:323578] [com.wix.DetoxSync:DTXAnimationUpdateSyncResource] [AnimationUpdateSyncResource] Node <RCTValueAnimatedNode: 0x600002111360> performed update
2026-08-17 11:34:37.385 I  YourSofia[1177:323578] [com.wix.DetoxSync:RCTAnimatedNodeDTXSpy] [RCTAnimatedNode DTXSpy] Node <RCTValueAnimatedNode: 0x600002110550> performed update
2026-08-17 11:34:37.385 I  YourSofia[1177:323578] [com.wix.DetoxSync:DTXAnimationUpdateSyncResource] [AnimationUpdateSyncResource] Node <RCTValueAnimatedNode: 0x600002110550> performed update
2026-08-17 11:34:37.385 I  YourSofia[1177:323578] [com.wix.DetoxSync:RCTAnimatedNodeDTXSpy] [RCTAnimatedNode DTXSpy] Node <RCTValueAnimatedNode: 0x600002112d50> performed update
2026-08-17 11:34:37.385 I  YourSofia[1177:323578] [com.wix.DetoxSync:DTXAnimationUpdateSyncResource] [AnimationUpdateSyncResource] Node <RCTValueAnimatedNode: 0x600002112d50> performed update
2026-08-17 11:34:37.402 I  YourSofia[1177:323578] [com.wix.DetoxSync:RCTAnimatedNodeDTXSpy] [RCTAnimatedNode DTXSpy] Node <RCTValueAnimatedNode: 0x600002111360> needs update
2026-08-17 11:34:37.402 I  YourSofia[1177:323578] [com.wix.DetoxSync:RCTAnimatedNodeDTXSpy] [RCTAnimatedNode DTXSpy] Node <RCTValueAnimatedNode: 0x600002110550> needs update
2026-08-17 11:34:37.402 I  YourSofia[1177:323578] [com.wix.DetoxSync:RCTAnimatedNodeDTXSpy] [RCTAnimatedNode DTXSpy] Node <RCTValueAnimatedNode: 0x600002112d50> needs update
2026-08-17 11:34:37.402 I  YourSofia[1177:323578] [com.wix.DetoxSync:RCTAnimatedNodeDTXSpy] [RCTAnimatedNode DTXSpy] Node <RCTValueAnimatedNode: 0x600002111360> performed update
2026-08-17 11:34:37.402 I  YourSofia[1177:323578] [com.wix.DetoxSync:DTXAnimationUpdateSyncResource] [AnimationUpdateSyncResource] Node <RCTValueAnimatedNode: 0x600002111360> performed update
2026-08-17 11:34:37.402 I  YourSofia[1177:323578] [com.wix.DetoxSync:RCTAnimatedNodeDTXSpy] [RCTAnimatedNode DTXSpy] Node <RCTValueAnimatedNode: 0x600002110550> performed update
2026-08-17 11:34:37.402 I  YourSofia[1177:323578] [com.wix.DetoxSync:DTXAnimationUpdateSyncResource] [AnimationUpdateSyncResource] Node <RCTValueAnimatedNode: 0x600002110550> performed update
2026-08-17 11:34:37.402 I  YourSofia[1177:323578] [com.wix.DetoxSync:RCTAnimatedNodeDTXSpy] [RCTAnimatedNode DTXSpy] Node <RCTValueAnimatedNode: 0x600002112d50> performed update
2026-08-17 11:34:37.402 I  YourSofia[1177:323578] [com.wix.DetoxSync:DTXAnimationUpdateSyncResource] [AnimationUpdateSyncResource] Node <RCTValueAnimatedNode: 0x600002112d50> performed update
2026-08-17 11:34:37.419 I  YourSofia[1177:323578] [com.wix.DetoxSync:RCTAnimatedNodeDTXSpy] [RCTAnimatedNode DTXSpy] Node <RCTValueAnimatedNode: 0x600002111360> needs update
2026-08-17 11:34:37.419 I  YourSofia[1177:323578] [com.wix.DetoxSync:RCTAnimatedNodeDTXSpy] [RCTAnimatedNode DTXSpy] Node <RCTValueAnimatedNode: 0x600002110550> needs update
2026-08-17 11:34:37.419 I  YourSofia[1177:323578] [com.wix.DetoxSync:RCTAnimatedNodeDTXSpy] [RCTAnimatedNode DTXSpy] Node <RCTValueAnimatedNode: 0x600002112d50> needs update
2026-08-17 11:34:37.419 I  YourSofia[1177:323578] [com.wix.DetoxSync:RCTAnimatedNodeDTXSpy] [RCTAnimatedNode DTXSpy] Node <RCTValueAnimatedNode: 0x600002111360> performed update
2026-08-17 11:34:37.419 I  YourSofia[1177:323578] [com.wix.DetoxSync:DTXAnimationUpdateSyncResource] [AnimationUpdateSyncResource] Node <RCTValueAnimatedNode: 0x600002111360> performed update
2026-08-17 11:34:37.419 I  YourSofia[1177:323578] [com.wix.DetoxSync:RCTAnimatedNodeDTXSpy] [RCTAnimatedNode DTXSpy] Node <RCTValueAnimatedNode: 0x600002110550> performed update
2026-08-17 11:34:37.419 I  YourSofia[1177:323578] [com.wix.DetoxSync:DTXAnimationUpdateSyncResource] [AnimationUpdateSyncResource] Node <RCTValueAnimatedNode: 0x600002110550> performed update
2026-08-17 11:34:37.419 I  YourSofia[1177:323578] [com.wix.DetoxSync:RCTAnimatedNodeDTXSpy] [RCTAnimatedNode DTXSpy] Node <RCTValueAnimatedNode: 0x600002112d50> performed update
2026-08-17 11:34:37.419 I  YourSofia[1177:323578] [com.wix.DetoxSync:DTXAnimationUpdateSyncResource] [AnimationUpdateSyncResource] Node <RCTValueAnimatedNode: 0x600002112d50> performed update
2026-08-17 11:34:37.435 I  YourSofia[1177:323578] [com.wix.DetoxSync:RCTAnimatedNodeDTXSpy] [RCTAnimatedNode DTXSpy] Node <RCTValueAnimatedNode: 0x600002111360> needs update
2026-08-17 11:34:37.435 I  YourSofia[1177:323578] [com.wix.DetoxSync:RCTAnimatedNodeDTXSpy] [RCTAnimatedNode DTXSpy] Node <RCTValueAnimatedNode: 0x600002110550> needs update
2026-08-17 11:34:37.435 I  YourSofia[1177:323578] [com.wix.DetoxSync:RCTAnimatedNodeDTXSpy] [RCTAnimatedNode DTXSpy] Node <RCTValueAnimatedNode: 0x600002112d50> needs update
2026-08-17 11:34:37.435 I  YourSofia[1177:323578] [com.wix.DetoxSync:RCTAnimatedNodeDTXSpy] [RCTAnimatedNode DTXSpy] Node <RCTValueAnimatedNode: 0x600002111360> performed update
2026-08-17 11:34:37.435 I  YourSofia[1177:323578] [com.wix.DetoxSync:DTXAnimationUpdateSyncResource] [AnimationUpdateSyncResource] Node <RCTValueAnimatedNode: 0x600002111360> performed update
2026-08-17 11:34:37.435 I  YourSofia[1177:323578] [com.wix.DetoxSync:RCTAnimatedNodeDTXSpy] [RCTAnimatedNode DTXSpy] Node <RCTValueAnimatedNode: 0x600002110550> performed update
2026-08-17 11:34:37.435 I  YourSofia[1177:323578] [com.wix.DetoxSync:DTXAnimationUpdateSyncResource] [AnimationUpdateSyncResource] Node <RCTValueAnimatedNode: 0x600002110550> performed update
2026-08-17 11:34:37.435 I  YourSofia[1177:323578] [com.wix.DetoxSync:RCTAnimatedNodeDTXSpy] [RCTAnimatedNode DTXSpy] Node <RCTValueAnimatedNode: 0x600002112d50> performed update
2026-08-17 11:34:37.435 I  YourSofia[1177:323578] [com.wix.DetoxSync:DTXAnimationUpdateSyncResource] [AnimationUpdateSyncResource] Node <RCTValueAnimatedNode: 0x600002112d50> performed update
2026-08-17 11:34:37.452 I  YourSofia[1177:323578] [com.wix.DetoxSync:RCTAnimatedNodeDTXSpy] [RCTAnimatedNode DTXSpy] Node <RCTValueAnimatedNode: 0x600002111360> needs update
2026-08-17 11:34:37.452 I  YourSofia[1177:323578] [com.wix.DetoxSync:RCTAnimatedNodeDTXSpy] [RCTAnimatedNode DTXSpy] Node <RCTValueAnimatedNode: 0x600002110550> needs update
2026-08-17 11:34:37.452 I  YourSofia[1177:323578] [com.wix.DetoxSync:RCTAnimatedNodeDTXSpy] [RCTAnimatedNode DTXSpy] Node <RCTValueAnimatedNode: 0x600002112d50> needs update
2026-08-17 11:34:37.452 I  YourSofia[1177:323578] [com.wix.DetoxSync:RCTAnimatedNodeDTXSpy] [RCTAnimatedNode DTXSpy] Node <RCTValueAnimatedNode: 0x600002111360> performed update
2026-08-17 11:34:37.452 I  YourSofia[1177:323578] [com.wix.DetoxSync:DTXAnimationUpdateSyncResource] [AnimationUpdateSyncResource] Node <RCTValueAnimatedNode: 0x600002111360> performed update
2026-08-17 11:34:37.452 I  YourSofia[1177:323578] [com.wix.DetoxSync:RCTAnimatedNodeDTXSpy] [RCTAnimatedNode DTXSpy] Node <RCTValueAnimatedNode: 0x600002110550> performed update
2026-08-17 11:34:37.452 I  YourSofia[1177:323578] [com.wix.DetoxSync:DTXAnimationUpdateSyncResource] [AnimationUpdateSyncResource] Node <RCTValueAnimatedNode: 0x600002110550> performed update
2026-08-17 11:34:37.452 I  YourSofia[1177:323578] [com.wix.DetoxSync:RCTAnimatedNodeDTXSpy] [RCTAnimatedNode DTXSpy] Node <RCTValueAnimatedNode: 0x600002112d50> performed update
2026-08-17 11:34:37.452 I  YourSofia[1177:323578] [com.wix.DetoxSync:DTXAnimationUpdateSyncResource] [AnimationUpdateSyncResource] Node <RCTValueAnimatedNode: 0x600002112d50> performed update
2026-08-17 11:34:37.463 Db YourSofia[1177:3235b7] [com.apple.CFBundle:loading] dlfcn check load bundle CFBundle 0x600003b2eae0 </Library/Developer/CoreSimulator/Volumes/iOS_23D8133/Library/Developer/CoreSimulator/Profiles/Runtimes/iOS 26.3.simruntime/Contents/Resources/RuntimeRoot/System/Library/AccessibilityBundles/SharedWithYouFramework.axbundle> (not loaded), dlopen of /Library/Developer/CoreSimulator/Volumes/iOS_23D8133/Library/Developer/CoreSimulator/Profiles/Runtimes/iOS 26.3.simruntime/Contents/Resources/RuntimeRoot/System/Library/AccessibilityBundles/SharedWithYouFramework.axbundle/SharedWithYouFramework mode 0x115 no handle
2026-08-17 11:34:37.468 I  YourSofia[1177:323578] [com.wix.DetoxSync:RCTAnimatedNodeDTXSpy] [RCTAnimatedNode DTXSpy] Node <RCTValueAnimatedNode: 0x600002111360> needs update
2026-08-17 11:34:37.468 I  YourSofia[1177:323578] [com.wix.DetoxSync:RCTAnimatedNodeDTXSpy] [RCTAnimatedNode DTXSpy] Node <RCTValueAnimatedNode: 0x600002110550> needs update
2026-08-17 11:34:37.468 I  YourSofia[1177:323578] [com.wix.DetoxSync:RCTAnimatedNodeDTXSpy] [RCTAnimatedNode DTXSpy] Node <RCTValueAnimatedNode: 0x600002112d50> needs update
2026-08-17 11:34:37.468 I  YourSofia[1177:323578] [com.wix.DetoxSync:RCTAnimatedNodeDTXSpy] [RCTAnimatedNode DTXSpy] Node <RCTValueAnimatedNode: 0x600002111360> performed update
2026-08-17 11:34:37.468 I  YourSofia[1177:323578] [com.wix.DetoxSync:DTXAnimationUpdateSyncResource] [AnimationUpdateSyncResource] Node <RCTValueAnimatedNode: 0x600002111360> performed update
2026-08-17 11:34:37.468 I  YourSofia[1177:323578] [com.wix.DetoxSync:RCTAnimatedNodeDTXSpy] [RCTAnimatedNode DTXSpy] Node <RCTValueAnimatedNode: 0x600002110550> performed update
2026-08-17 11:34:37.468 I  YourSofia[1177:323578] [com.wix.DetoxSync:DTXAnimationUpdateSyncResource] [AnimationUpdateSyncResource] Node <RCTValueAnimatedNode: 0x600002110550> performed update
2026-08-17 11:34:37.468 I  YourSofia[1177:323578] [com.wix.DetoxSync:RCTAnimatedNodeDTXSpy] [RCTAnimatedNode DTXSpy] Node <RCTValueAnimatedNode: 0x600002112d50> performed update
2026-08-17 11:34:37.468 I  YourSofia[1177:323578] [com.wix.DetoxSync:DTXAnimationUpdateSyncResource] [AnimationUpdateSyncResource] Node <RCTValueAnimatedNode: 0x600002112d50> performed update
2026-08-17 11:34:37.470 Db YourSofia[1177:3235b7] [com.apple.CFBundle:loading] dlfcn load framework CFBundle 0x600003b2eae0 </Library/Developer/CoreSimulator/Volumes/iOS_23D8133/Library/Developer/CoreSimulator/Profiles/Runtimes/iOS 26.3.simruntime/Contents/Resources/RuntimeRoot/System/Library/AccessibilityBundles/SharedWithYouFramework.axbundle> (framework, not loaded), dlopen of /Library/Developer/CoreSimulator/Volumes/iOS_23D8133/Library/Developer/CoreSimulator/Profiles/Runtimes/iOS 26.3.simruntime/Contents/Resources/RuntimeRoot/System/Library/AccessibilityBundles/SharedWithYouFramework.axbundle/SharedWithYouFramework mode 0x109 returns handle 0xf87a81
2026-08-17 11:34:37.471 Db YourSofia[1177:3235b7] [com.apple.defaults:User Defaults] found no value for key UseNewAXBundleLoader in CFPrefsSearchListSource<0x600002c29300> (Domain: com.apple.Accessibility, Container: /Users/valentinasenov/Library/Developer/CoreSimulator/Devices/4EC5F74C-5A9C-4D89-8E44-374310E684AE/data Non-launch persona: 0)
2026-08-17 11:34:37.471 Db YourSofia[1177:3235b7] [com.apple.defaults:User Defaults] found no value for key UseNewAXBundleLoader in CFPrefsSearchListSource<0x600002c08c00> (Domain: com.apple.Accessibility, Container: (null) Non-launch persona: 0)
2026-08-17 11:34:37.471 Db YourSofia[1177:323578] [com.apple.defaults:User Defaults] found no value for key UseNewAXBundleLoader in CFPrefsSearchListSource<0x600002c29300> (Domain: com.apple.Accessibility, Container: /Users/valentinasenov/Library/Developer/CoreSimulator/Devices/4EC5F74C-5A9C-4D89-8E44-374310E684AE/data Non-launch persona: 0)
2026-08-17 11:34:37.471 Db YourSofia[1177:323578] [com.apple.defaults:User Defaults] found no value for key UseNewAXBundleLoader in CFPrefsSearchListSource<0x600002c08c00> (Domain: com.apple.Accessibility, Container: (null) Non-launch persona: 0)
2026-08-17 11:34:37.471 Db YourSofia[1177:3235b7] [com.apple.CFBundle:loading] dlfcn check load bundle CFBundle 0x600003b48fc0 </Library/Developer/CoreSimulator/Volumes/iOS_23D8133/Library/Developer/CoreSimulator/Profiles/Runtimes/iOS 26.3.simruntime/Contents/Resources/RuntimeRoot/System/Library/AccessibilityBundles/CoverSheetKit.axbundle> (not loaded), dlopen of /Library/Developer/CoreSimulator/Volumes/iOS_23D8133/Library/Developer/CoreSimulator/Profiles/Runtimes/iOS 26.3.simruntime/Contents/Resources/RuntimeRoot/System/Library/AccessibilityBundles/CoverSheetKit.axbundle/CoverSheetKit mode 0x115 no handle
2026-08-17 11:34:37.478 Db YourSofia[1177:3235b7] [com.apple.CFBundle:loading] dlfcn load framework CFBundle 0x600003b48fc0 </Library/Developer/CoreSimulator/Volumes/iOS_23D8133/Library/Developer/CoreSimulator/Profiles/Runtimes/iOS 26.3.simruntime/Contents/Resources/RuntimeRoot/System/Library/AccessibilityBundles/CoverSheetKit.axbundle> (framework, not loaded), dlopen of /Library/Developer/CoreSimulator/Volumes/iOS_23D8133/Library/Developer/CoreSimulator/Profiles/Runtimes/iOS 26.3.simruntime/Contents/Resources/RuntimeRoot/System/Library/AccessibilityBundles/CoverSheetKit.axbundle/CoverSheetKit mode 0x109 returns handle 0xf87e71
2026-08-17 11:34:37.478 Db YourSofia[1177:3235b7] [com.apple.defaults:User Defaults] found no value for key UseNewAXBundleLoader in CFPrefsSearchListSource<0x600002c29300> (Domain: com.apple.Accessibility, Container: /Users/valentinasenov/Library/Developer/CoreSimulator/Devices/4EC5F74C-5A9C-4D89-8E44-374310E684AE/data Non-launch persona: 0)
2026-08-17 11:34:37.478 Db YourSofia[1177:3235b7] [com.apple.defaults:User Defaults] found no value for key UseNewAXBundleLoader in CFPrefsSearchListSource<0x600002c08c00> (Domain: com.apple.Accessibility, Container: (null) Non-launch persona: 0)
2026-08-17 11:34:37.478 Db YourSofia[1177:323578] [com.apple.defaults:User Defaults] found no value for key UseNewAXBundleLoader in CFPrefsSearchListSource<0x600002c29300> (Domain: com.apple.Accessibility, Container: /Users/valentinasenov/Library/Developer/CoreSimulator/Devices/4EC5F74C-5A9C-4D89-8E44-374310E684AE/data Non-launch persona: 0)
2026-08-17 11:34:37.478 Db YourSofia[1177:323578] [com.apple.defaults:User Defaults] found no value for key UseNewAXBundleLoader in CFPrefsSearchListSource<0x600002c08c00> (Domain: com.apple.Accessibility, Container: (null) Non-launch persona: 0)
2026-08-17 11:34:37.479 Db YourSofia[1177:3235b7] [com.apple.CFBundle:loading] dlfcn check load bundle CFBundle 0x600003b490a0 </Library/Developer/CoreSimulator/Volumes/iOS_23D8133/Library/Developer/CoreSimulator/Profiles/Runtimes/iOS 26.3.simruntime/Contents/Resources/RuntimeRoot/System/Library/AccessibilityBundles/SocialFramework.axbundle> (not loaded), dlopen of /Library/Developer/CoreSimulator/Volumes/iOS_23D8133/Library/Developer/CoreSimulator/Profiles/Runtimes/iOS 26.3.simruntime/Contents/Resources/RuntimeRoot/System/Library/AccessibilityBundles/SocialFramework.axbundle/SocialFramework mode 0x115 no handle
2026-08-17 11:34:37.485 Db YourSofia[1177:3235b7] [com.apple.CFBundle:loading] dlfcn load framework CFBundle 0x600003b490a0 </Library/Developer/CoreSimulator/Volumes/iOS_23D8133/Library/Developer/CoreSimulator/Profiles/Runtimes/iOS 26.3.simruntime/Contents/Resources/RuntimeRoot/System/Library/AccessibilityBundles/SocialFramework.axbundle> (framework, not loaded), dlopen of /Library/Developer/CoreSimulator/Volumes/iOS_23D8133/Library/Developer/CoreSimulator/Profiles/Runtimes/iOS 26.3.simruntime/Contents/Resources/RuntimeRoot/System/Library/AccessibilityBundles/SocialFramework.axbundle/SocialFramework mode 0x109 returns handle 0xf88251
2026-08-17 11:34:37.485 I  YourSofia[1177:323578] [com.wix.DetoxSync:RCTAnimatedNodeDTXSpy] [RCTAnimatedNode DTXSpy] Node <RCTValueAnimatedNode: 0x600002111360> needs update
2026-08-17 11:34:37.485 I  YourSofia[1177:323578] [com.wix.DetoxSync:RCTAnimatedNodeDTXSpy] [RCTAnimatedNode DTXSpy] Node <RCTValueAnimatedNode: 0x600002110550> needs update
2026-08-17 11:34:37.485 I  YourSofia[1177:323578] [com.wix.DetoxSync:RCTAnimatedNodeDTXSpy] [RCTAnimatedNode DTXSpy] Node <RCTValueAnimatedNode: 0x600002112d50> needs update
2026-08-17 11:34:37.485 I  YourSofia[1177:323578] [com.wix.DetoxSync:RCTAnimatedNodeDTXSpy] [RCTAnimatedNode DTXSpy] Node <RCTValueAnimatedNode: 0x600002111360> performed update
2026-08-17 11:34:37.485 I  YourSofia[1177:323578] [com.wix.DetoxSync:DTXAnimationUpdateSyncResource] [AnimationUpdateSyncResource] Node <RCTValueAnimatedNode: 0x600002111360> performed update
2026-08-17 11:34:37.485 I  YourSofia[1177:323578] [com.wix.DetoxSync:RCTAnimatedNodeDTXSpy] [RCTAnimatedNode DTXSpy] Node <RCTValueAnimatedNode: 0x600002110550> performed update
2026-08-17 11:34:37.485 I  YourSofia[1177:323578] [com.wix.DetoxSync:DTXAnimationUpdateSyncResource] [AnimationUpdateSyncResource] Node <RCTValueAnimatedNode: 0x600002110550> performed update
2026-08-17 11:34:37.485 I  YourSofia[1177:323578] [com.wix.DetoxSync:RCTAnimatedNodeDTXSpy] [RCTAnimatedNode DTXSpy] Node <RCTValueAnimatedNode: 0x600002112d50> performed update
2026-08-17 11:34:37.485 I  YourSofia[1177:323578] [com.wix.DetoxSync:DTXAnimationUpdateSyncResource] [AnimationUpdateSyncResource] Node <RCTValueAnimatedNode: 0x600002112d50> performed update
2026-08-17 11:34:37.485 Db YourSofia[1177:3235b7] [com.apple.defaults:User Defaults] found no value for key UseNewAXBundleLoader in CFPrefsSearchListSource<0x600002c29300> (Domain: com.apple.Accessibility, Container: /Users/valentinasenov/Library/Developer/CoreSimulator/Devices/4EC5F74C-5A9C-4D89-8E44-374310E684AE/data Non-launch persona: 0)
2026-08-17 11:34:37.485 Db YourSofia[1177:3235b7] [com.apple.defaults:User Defaults] found no value for key UseNewAXBundleLoader in CFPrefsSearchListSource<0x600002c08c00> (Domain: com.apple.Accessibility, Container: (null) Non-launch persona: 0)
2026-08-17 11:34:37.485 Db YourSofia[1177:323578] [com.apple.defaults:User Defaults] found no value for key UseNewAXBundleLoader in CFPrefsSearchListSource<0x600002c29300> (Domain: com.apple.Accessibility, Container: /Users/valentinasenov/Library/Developer/CoreSimulator/Devices/4EC5F74C-5A9C-4D89-8E44-374310E684AE/data Non-launch persona: 0)
2026-08-17 11:34:37.485 Db YourSofia[1177:323578] [com.apple.defaults:User Defaults] found no value for key UseNewAXBundleLoader in CFPrefsSearchListSource<0x600002c08c00> (Domain: com.apple.Accessibility, Container: (null) Non-launch persona: 0)
2026-08-17 11:34:37.486 Db YourSofia[1177:3235b7] [com.apple.CFBundle:loading] dlfcn check load bundle CFBundle 0x600003b36d80 </Library/Developer/CoreSimulator/Volumes/iOS_23D8133/Library/Developer/CoreSimulator/Profiles/Runtimes/iOS 26.3.simruntime/Contents/Resources/RuntimeRoot/System/Library/AccessibilityBundles/SocialLayer.axbundle> (not loaded), dlopen of /Library/Developer/CoreSimulator/Volumes/iOS_23D8133/Library/Developer/CoreSimulator/Profiles/Runtimes/iOS 26.3.simruntime/Contents/Resources/RuntimeRoot/System/Library/AccessibilityBundles/SocialLayer.axbundle/SocialLayer mode 0x115 no handle
2026-08-17 11:34:37.493 Db YourSofia[1177:3235b7] [com.apple.CFBundle:loading] dlfcn load framework CFBundle 0x600003b36d80 </Library/Developer/CoreSimulator/Volumes/iOS_23D8133/Library/Developer/CoreSimulator/Profiles/Runtimes/iOS 26.3.simruntime/Contents/Resources/RuntimeRoot/System/Library/AccessibilityBundles/SocialLayer.axbundle> (framework, not loaded), dlopen of /Library/Developer/CoreSimulator/Volumes/iOS_23D8133/Library/Developer/CoreSimulator/Profiles/Runtimes/iOS 26.3.simruntime/Contents/Resources/RuntimeRoot/System/Library/AccessibilityBundles/SocialLayer.axbundle/SocialLayer mode 0x109 returns handle 0xf88621
2026-08-17 11:34:37.493 Db YourSofia[1177:3235b7] [com.apple.defaults:User Defaults] found no value for key UseNewAXBundleLoader in CFPrefsSearchListSource<0x600002c29300> (Domain: com.apple.Accessibility, Container: /Users/valentinasenov/Library/Developer/CoreSimulator/Devices/4EC5F74C-5A9C-4D89-8E44-374310E684AE/data Non-launch persona: 0)
2026-08-17 11:34:37.493 Db YourSofia[1177:3235b7] [com.apple.defaults:User Defaults] found no value for key UseNewAXBundleLoader in CFPrefsSearchListSource<0x600002c08c00> (Domain: com.apple.Accessibility, Container: (null) Non-launch persona: 0)
2026-08-17 11:34:37.493 Db YourSofia[1177:323578] [com.apple.defaults:User Defaults] found no value for key UseNewAXBundleLoader in CFPrefsSearchListSource<0x600002c29300> (Domain: com.apple.Accessibility, Container: /Users/valentinasenov/Library/Developer/CoreSimulator/Devices/4EC5F74C-5A9C-4D89-8E44-374310E684AE/data Non-launch persona: 0)
2026-08-17 11:34:37.493 Db YourSofia[1177:323578] [com.apple.defaults:User Defaults] found no value for key UseNewAXBundleLoader in CFPrefsSearchListSource<0x600002c08c00> (Domain: com.apple.Accessibility, Container: (null) Non-launch persona: 0)
2026-08-17 11:34:37.493 Db YourSofia[1177:3235b7] [com.apple.CFBundle:loading] dlfcn check load bundle CFBundle 0x600003b49500 </Library/Developer/CoreSimulator/Volumes/iOS_23D8133/Library/Developer/CoreSimulator/Profiles/Runtimes/iOS 26.3.simruntime/Contents/Resources/RuntimeRoot/System/Library/AccessibilityBundles/AnnotationKit.axbundle> (not loaded), dlopen of /Library/Developer/CoreSimulator/Volumes/iOS_23D8133/Library/Developer/CoreSimulator/Profiles/Runtimes/iOS 26.3.simruntime/Contents/Resources/RuntimeRoot/System/Library/AccessibilityBundles/AnnotationKit.axbundle/AnnotationKit mode 0x115 no handle
2026-08-17 11:34:37.499 Db YourSofia[1177:3235b7] [com.apple.CFBundle:loading] dlfcn load framework CFBundle 0x600003b49500 </Library/Developer/CoreSimulator/Volumes/iOS_23D8133/Library/Developer/CoreSimulator/Profiles/Runtimes/iOS 26.3.simruntime/Contents/Resources/RuntimeRoot/System/Library/AccessibilityBundles/AnnotationKit.axbundle> (framework, not loaded), dlopen of /Library/Developer/CoreSimulator/Volumes/iOS_23D8133/Library/Developer/CoreSimulator/Profiles/Runtimes/iOS 26.3.simruntime/Contents/Resources/RuntimeRoot/System/Library/AccessibilityBundles/AnnotationKit.axbundle/AnnotationKit mode 0x109 returns handle 0xf889f1
2026-08-17 11:34:37.499 Db YourSofia[1177:3235b7] [com.apple.defaults:User Defaults] found no value for key UseNewAXBundleLoader in CFPrefsSearchListSource<0x600002c29300> (Domain: com.apple.Accessibility, Container: /Users/valentinasenov/Library/Developer/CoreSimulator/Devices/4EC5F74C-5A9C-4D89-8E44-374310E684AE/data Non-launch persona: 0)
2026-08-17 11:34:37.500 Db YourSofia[1177:3235b7] [com.apple.defaults:User Defaults] found no value for key UseNewAXBundleLoader in CFPrefsSearchListSource<0x600002c08c00> (Domain: com.apple.Accessibility, Container: (null) Non-launch persona: 0)
2026-08-17 11:34:37.500 Db YourSofia[1177:323578] [com.apple.defaults:User Defaults] found no value for key UseNewAXBundleLoader in CFPrefsSearchListSource<0x600002c29300> (Domain: com.apple.Accessibility, Container: /Users/valentinasenov/Library/Developer/CoreSimulator/Devices/4EC5F74C-5A9C-4D89-8E44-374310E684AE/data Non-launch persona: 0)
2026-08-17 11:34:37.500 Db YourSofia[1177:323578] [com.apple.defaults:User Defaults] found no value for key UseNewAXBundleLoader in CFPrefsSearchListSource<0x600002c08c00> (Domain: com.apple.Accessibility, Container: (null) Non-launch persona: 0)
2026-08-17 11:34:37.500 Db YourSofia[1177:3235b7] [com.apple.CFBundle:loading] dlfcn check load bundle CFBundle 0x600003b2a300 </Library/Developer/CoreSimulator/Volumes/iOS_23D8133/Library/Developer/CoreSimulator/Profiles/Runtimes/iOS 26.3.simruntime/Contents/Resources/RuntimeRoot/System/Library/AccessibilityBundles/SceneKit.axbundle> (not loaded), dlopen of /Library/Developer/CoreSimulator/Volumes/iOS_23D8133/Library/Developer/CoreSimulator/Profiles/Runtimes/iOS 26.3.simruntime/Contents/Resources/RuntimeRoot/System/Library/AccessibilityBundles/SceneKit.axbundle/SceneKit mode 0x115 no handle
2026-08-17 11:34:37.506 Df YourSofia[1177:3235d5] [com.apple.CFNetwork:Default] Task <4176934E-1F63-4019-BA8C-C03933680B38>.<3> received response, status 200 content K
2026-08-17 11:34:37.506 Df YourSofia[1177:3235d5] [com.apple.CFNetwork:Default] Task <4176934E-1F63-4019-BA8C-C03933680B38>.<3> done using Connection 4
2026-08-17 11:34:37.507 Db YourSofia[1177:3235d5] [com.apple.network:activity] Returning should log: 0 for activity cfnetwork:foreground_task
2026-08-17 11:34:37.507 Db YourSofia[1177:3235d5] [com.apple.CFNetwork:Default] HTTP/2 Connection 4 Stream 3 ended. Connection considered operational true
2026-08-17 11:34:37.507 Db YourSofia[1177:3235b7] [com.apple.CFBundle:loading] dlfcn load framework CFBundle 0x600003b2a300 </Library/Developer/CoreSimulator/Volumes/iOS_23D8133/Library/Developer/CoreSimulator/Profiles/Runtimes/iOS 26.3.simruntime/Contents/Resources/RuntimeRoot/System/Library/AccessibilityBundles/SceneKit.axbundle> (framework, not loaded), dlopen of /Library/Developer/CoreSimulator/Volumes/iOS_23D8133/Library/Developer/CoreSimulator/Profiles/Runtimes/iOS 26.3.simruntime/Contents/Resources/RuntimeRoot/System/Library/AccessibilityBundles/SceneKit.axbundle/SceneKit mode 0x109 returns handle 0xf88de1
2026-08-17 11:34:37.507 I  YourSofia[1177:323578] [com.wix.DetoxSync:RCTAnimatedNodeDTXSpy] [RCTAnimatedNode DTXSpy] Node <RCTValueAnimatedNode: 0x600002111360> needs update
2026-08-17 11:34:37.507 I  YourSofia[1177:323578] [com.wix.DetoxSync:RCTAnimatedNodeDTXSpy] [RCTAnimatedNode DTXSpy] Node <RCTValueAnimatedNode: 0x600002110550> needs update
2026-08-17 11:34:37.507 I  YourSofia[1177:323578] [com.wix.DetoxSync:RCTAnimatedNodeDTXSpy] [RCTAnimatedNode DTXSpy] Node <RCTValueAnimatedNode: 0x600002112d50> needs update
2026-08-17 11:34:37.507 Db YourSofia[1177:3235d5] [com.apple.CFNetwork:Default] Task <4176934E-1F63-4019-BA8C-C03933680B38>.<3> request <private> is NOT allowed to set HSTS for main doc <private>
2026-08-17 11:34:37.507 I  YourSofia[1177:323578] [com.wix.DetoxSync:RCTAnimatedNodeDTXSpy] [RCTAnimatedNode DTXSpy] Node <RCTValueAnimatedNode: 0x600002111360> performed update
2026-08-17 11:34:37.507 I  YourSofia[1177:323578] [com.wix.DetoxSync:DTXAnimationUpdateSyncResource] [AnimationUpdateSyncResource] Node <RCTValueAnimatedNode: 0x600002111360> performed update
2026-08-17 11:34:37.507 I  YourSofia[1177:323578] [com.wix.DetoxSync:RCTAnimatedNodeDTXSpy] [RCTAnimatedNode DTXSpy] Node <RCTValueAnimatedNode: 0x600002110550> performed update
2026-08-17 11:34:37.507 I  YourSofia[1177:323578] [com.wix.DetoxSync:DTXAnimationUpdateSyncResource] [AnimationUpdateSyncResource] Node <RCTValueAnimatedNode: 0x600002110550> performed update
2026-08-17 11:34:37.507 I  YourSofia[1177:323578] [com.wix.DetoxSync:RCTAnimatedNodeDTXSpy] [RCTAnimatedNode DTXSpy] Node <RCTValueAnimatedNode: 0x600002112d50> performed update
2026-08-17 11:34:37.507 I  YourSofia[1177:323578] [com.wix.DetoxSync:DTXAnimationUpdateSyncResource] [AnimationUpdateSyncResource] Node <RCTValueAnimatedNode: 0x600002112d50> performed update
2026-08-17 11:34:37.507 A  YourSofia[1177:3235d5] (Security) SecTrustEvaluateIfNecessary
2026-08-17 11:34:37.507 Db YourSofia[1177:3235b7] [com.apple.defaults:User Defaults] found no value for key UseNewAXBundleLoader in CFPrefsSearchListSource<0x600002c29300> (Domain: com.apple.Accessibility, Container: /Users/valentinasenov/Library/Developer/CoreSimulator/Devices/4EC5F74C-5A9C-4D89-8E44-374310E684AE/data Non-launch persona: 0)
2026-08-17 11:34:37.507 Db YourSofia[1177:3235b7] [com.apple.defaults:User Defaults] found no value for key UseNewAXBundleLoader in CFPrefsSearchListSource<0x600002c08c00> (Domain: com.apple.Accessibility, Container: (null) Non-launch persona: 0)
2026-08-17 11:34:37.507 Db YourSofia[1177:323578] [com.apple.defaults:User Defaults] found no value for key UseNewAXBundleLoader in CFPrefsSearchListSource<0x600002c29300> (Domain: com.apple.Accessibility, Container: /Users/valentinasenov/Library/Developer/CoreSimulator/Devices/4EC5F74C-5A9C-4D89-8E44-374310E684AE/data Non-launch persona: 0)
2026-08-17 11:34:37.507 Db YourSofia[1177:3235d5] [com.apple.securityd:xpc] user sessions enabled, targeting 501
2026-08-17 11:34:37.507 Db YourSofia[1177:323578] [com.apple.defaults:User Defaults] found no value for key UseNewAXBundleLoader in CFPrefsSearchListSource<0x600002c08c00> (Domain: com.apple.Accessibility, Container: (null) Non-launch persona: 0)
2026-08-17 11:34:37.507 Df YourSofia[1177:3235d5] [com.apple.xpc:connection] [0x1053d6480] activating connection: mach=true listener=false peer=false name=com.apple.trustd
2026-08-17 11:34:37.508 Db YourSofia[1177:3235b7] [com.apple.CFBundle:loading] dlfcn check load bundle CFBundle 0x600003b49880 </Library/Developer/CoreSimulator/Volumes/iOS_23D8133/Library/Developer/CoreSimulator/Profiles/Runtimes/iOS 26.3.simruntime/Contents/Resources/RuntimeRoot/System/Library/AccessibilityBundles/PhotoLibraryFramework.axbundle> (not loaded), dlopen of /Library/Developer/CoreSimulator/Volumes/iOS_23D8133/Library/Developer/CoreSimulator/Profiles/Runtimes/iOS 26.3.simruntime/Contents/Resources/RuntimeRoot/System/Library/AccessibilityBundles/PhotoLibraryFramework.axbundle/PhotoLibraryFramework mode 0x115 no handle
2026-08-17 11:34:37.508 Db YourSofia[1177:3235d5] [com.apple.securityd:xpc] cleaning up unpooled xpc conn to trustd 0x1053d6480
2026-08-17 11:34:37.514 Df YourSofia[1177:3235d5] [com.apple.xpc:connection] [0x1053d6480] invalidated because the current process cancelled the connection by calling xpc_connection_cancel()
2026-08-17 11:34:37.514 Db YourSofia[1177:3235b5] [com.apple.securityd:xpc] got event: Connection invalid
2026-08-17 11:34:37.514 Db YourSofia[1177:3235d5] [com.apple.network:connection] nw_connection_modify_estimated_bytes_block_invoke [C4] Incremented estimated bytes to receive by 2, total now 2
2026-08-17 11:34:37.514 Db YourSofia[1177:3235d5] [com.apple.network:connection] nw_connection_modify_estimated_bytes_block_invoke [C4] Using lower threshold 12582912, upper threshold 31457280
2026-08-17 11:34:37.514 Df YourSofia[1177:3235d5] [com.apple.CFNetwork:Default] Task <4176934E-1F63-4019-BA8C-C03933680B38>.<3> response ended
2026-08-17 11:34:37.514 I  YourSofia[1177:3235b6] [com.apple.runningboard:assertion] Acquiring assertion: <RBSAssertionDescriptor| "com.apple.CFNetwork.StorageDB" ID:(null) target:1177>
2026-08-17 11:34:37.514 Df YourSofia[1177:3235b5] [com.apple.CFNetwork:Summary] Task <4176934E-1F63-4019-BA8C-C03933680B38>.<3> summary for task success {transaction_duration_ms=298, response_status=200, connection=4, reused=1, reused_after_ms=0, request_start_ms=85, request_duration_ms=0, response_start_ms=289, response_duration_ms=8, request_bytes=349, request_throughput_kbps=27392, response_bytes=460, response_throughput_kbps=424, cache_hit=false}
2026-08-17 11:34:37.514 Df YourSofia[1177:3235b5] [com.apple.CFNetwork:Default] Task <4176934E-1F63-4019-BA8C-C03933680B38>.<3> finished successfully
2026-08-17 11:34:37.514 Db YourSofia[1177:3235b5] [com.apple.network:activity] Returning should log: 0 for activity cfnetwork:foreground_task
2026-08-17 11:34:37.514 Db YourSofia[1177:3235b5] [com.apple.network:activity] Returning should log: 0 for activity cfnetwork:foreground_task
2026-08-17 11:34:37.514 Db YourSofia[1177:3235b5] [com.apple.network:activity] No threshold for cfnetwork:foreground_task, returning NW_ACTIVITY_DURATION_INVALID
2026-08-17 11:34:37.514 Db YourSofia[1177:3235b5] [com.apple.network:activity] No threshold for activity <nw_activity 12:2 [3D0B7553-1460-4607-A676-2E7D960E987A] (reporting strategy default) complete (reason success)>
2026-08-17 11:34:37.515 Db YourSofia[1177:3235b7] [com.apple.CFBundle:loading] dlfcn load framework CFBundle 0x600003b49880 </Library/Developer/CoreSimulator/Volumes/iOS_23D8133/Library/Developer/CoreSimulator/Profiles/Runtimes/iOS 26.3.simruntime/Contents/Resources/RuntimeRoot/System/Library/AccessibilityBundles/PhotoLibraryFramework.axbundle> (framework, not loaded), dlopen of /Library/Developer/CoreSimulator/Volumes/iOS_23D8133/Library/Developer/CoreSimulator/Profiles/Runtimes/iOS 26.3.simruntime/Contents/Resources/RuntimeRoot/System/Library/AccessibilityBundles/PhotoLibraryFramework.axbundle/PhotoLibraryFramework mode 0x109 returns handle 0xf891b1
2026-08-17 11:34:37.515 Db YourSofia[1177:3235b6] [com.apple.runningboard:assertion] Adding assertion 99881-1177-1009 to dictionary
2026-08-17 11:34:37.515 I  YourSofia[1177:3235bc] [com.wix.DetoxSync:DTXJSTimerSyncResource] [DTXJSTimerSyncResource] Observing timer 6 with duration 0.00 ms
2026-08-17 11:34:37.515 Db YourSofia[1177:3235b7] [com.apple.defaults:User Defaults] found no value for key UseNewAXBundleLoader in CFPrefsSearchListSource<0x600002c29300> (Domain: com.apple.Accessibility, Container: /Users/valentinasenov/Library/Developer/CoreSimulator/Devices/4EC5F74C-5A9C-4D89-8E44-374310E684AE/data Non-launch persona: 0)
2026-08-17 11:34:37.515 Db YourSofia[1177:3235b7] [com.apple.defaults:User Defaults] found no value for key UseNewAXBundleLoader in CFPrefsSearchListSource<0x600002c08c00> (Domain: com.apple.Accessibility, Container: (null) Non-launch persona: 0)
2026-08-17 11:34:37.515 Db YourSofia[1177:323578] [com.apple.defaults:User Defaults] found no value for key UseNewAXBundleLoader in CFPrefsSearchListSource<0x600002c29300> (Domain: com.apple.Accessibility, Container: /Users/valentinasenov/Library/Developer/CoreSimulator/Devices/4EC5F74C-5A9C-4D89-8E44-374310E684AE/data Non-launch persona: 0)
2026-08-17 11:34:37.515 Db YourSofia[1177:323578] [com.apple.defaults:User Defaults] found no value for key UseNewAXBundleLoader in CFPrefsSearchListSource<0x600002c08c00> (Domain: com.apple.Accessibility, Container: (null) Non-launch persona: 0)
2026-08-17 11:34:37.516 Db YourSofia[1177:3235b7] [com.apple.CFBundle:loading] dlfcn check load bundle CFBundle 0x600003b36f40 </Library/Developer/CoreSimulator/Volumes/iOS_23D8133/Library/Developer/CoreSimulator/Profiles/Runtimes/iOS 26.3.simruntime/Contents/Resources/RuntimeRoot/System/Library/AccessibilityBundles/PhotosUICore.axbundle> (not loaded), dlopen of /Library/Developer/CoreSimulator/Volumes/iOS_23D8133/Library/Developer/CoreSimulator/Profiles/Runtimes/iOS 26.3.simruntime/Contents/Resources/RuntimeRoot/System/Library/AccessibilityBundles/PhotosUICore.axbundle/PhotosUICore mode 0x115 no handle
2026-08-17 11:34:37.518 I  YourSofia[1177:323578] [com.wix.DetoxSync:RCTAnimatedNodeDTXSpy] [RCTAnimatedNode DTXSpy] Node <RCTValueAnimatedNode: 0x600002111360> needs update
2026-08-17 11:34:37.518 I  YourSofia[1177:323578] [com.wix.DetoxSync:RCTAnimatedNodeDTXSpy] [RCTAnimatedNode DTXSpy] Node <RCTValueAnimatedNode: 0x600002110550> needs update
2026-08-17 11:34:37.518 I  YourSofia[1177:323578] [com.wix.DetoxSync:RCTAnimatedNodeDTXSpy] [RCTAnimatedNode DTXSpy] Node <RCTValueAnimatedNode: 0x600002112d50> needs update
2026-08-17 11:34:37.518 I  YourSofia[1177:323578] [com.wix.DetoxSync:RCTAnimatedNodeDTXSpy] [RCTAnimatedNode DTXSpy] Node <RCTValueAnimatedNode: 0x600002111360> performed update
2026-08-17 11:34:37.518 I  YourSofia[1177:323578] [com.wix.DetoxSync:DTXAnimationUpdateSyncResource] [AnimationUpdateSyncResource] Node <RCTValueAnimatedNode: 0x600002111360> performed update
2026-08-17 11:34:37.518 I  YourSofia[1177:323578] [com.wix.DetoxSync:RCTAnimatedNodeDTXSpy] [RCTAnimatedNode DTXSpy] Node <RCTValueAnimatedNode: 0x600002110550> performed update
2026-08-17 11:34:37.518 I  YourSofia[1177:323578] [com.wix.DetoxSync:DTXAnimationUpdateSyncResource] [AnimationUpdateSyncResource] Node <RCTValueAnimatedNode: 0x600002110550> performed update
2026-08-17 11:34:37.518 I  YourSofia[1177:323578] [com.wix.DetoxSync:RCTAnimatedNodeDTXSpy] [RCTAnimatedNode DTXSpy] Node <RCTValueAnimatedNode: 0x600002112d50> performed update
2026-08-17 11:34:37.518 I  YourSofia[1177:323578] [com.wix.DetoxSync:DTXAnimationUpdateSyncResource] [AnimationUpdateSyncResource] Node <RCTValueAnimatedNode: 0x600002112d50> performed update
2026-08-17 11:34:37.524 Db YourSofia[1177:3235b7] [com.apple.CFBundle:loading] dlfcn load framework CFBundle 0x600003b36f40 </Library/Developer/CoreSimulator/Volumes/iOS_23D8133/Library/Developer/CoreSimulator/Profiles/Runtimes/iOS 26.3.simruntime/Contents/Resources/RuntimeRoot/System/Library/AccessibilityBundles/PhotosUICore.axbundle> (framework, not loaded), dlopen of /Library/Developer/CoreSimulator/Volumes/iOS_23D8133/Library/Developer/CoreSimulator/Profiles/Runtimes/iOS 26.3.simruntime/Contents/Resources/RuntimeRoot/System/Library/AccessibilityBundles/PhotosUICore.axbundle/PhotosUICore mode 0x109 returns handle 0xf895b1
2026-08-17 11:34:37.524 Db YourSofia[1177:3235b7] [com.apple.defaults:User Defaults] found no value for key UseNewAXBundleLoader in CFPrefsSearchListSource<0x600002c29300> (Domain: com.apple.Accessibility, Container: /Users/valentinasenov/Library/Developer/CoreSimulator/Devices/4EC5F74C-5A9C-4D89-8E44-374310E684AE/data Non-launch persona: 0)
2026-08-17 11:34:37.524 Db YourSofia[1177:3235b7] [com.apple.defaults:User Defaults] found no value for key UseNewAXBundleLoader in CFPrefsSearchListSource<0x600002c08c00> (Domain: com.apple.Accessibility, Container: (null) Non-launch persona: 0)
2026-08-17 11:34:37.524 Db YourSofia[1177:323578] [com.apple.defaults:User Defaults] found no value for key UseNewAXBundleLoader in CFPrefsSearchListSource<0x600002c29300> (Domain: com.apple.Accessibility, Container: /Users/valentinasenov/Library/Developer/CoreSimulator/Devices/4EC5F74C-5A9C-4D89-8E44-374310E684AE/data Non-launch persona: 0)
2026-08-17 11:34:37.524 Db YourSofia[1177:323578] [com.apple.defaults:User Defaults] found no value for key UseNewAXBundleLoader in CFPrefsSearchListSource<0x600002c08c00> (Domain: com.apple.Accessibility, Container: (null) Non-launch persona: 0)
2026-08-17 11:34:37.532 Df YourSofia[1177:3235b6] [com.apple.CFNetwork:Default] Task <CDC78FD9-BC6F-4A08-9302-4FB9B055F872>.<2> received response, status 200 content K
2026-08-17 11:34:37.532 Df YourSofia[1177:3235b7] [com.apple.CFNetwork:Default] Task <CDC78FD9-BC6F-4A08-9302-4FB9B055F872>.<2> done using Connection 4
2026-08-17 11:34:37.532 Db YourSofia[1177:3235b7] [com.apple.network:activity] Returning should log: 0 for activity cfnetwork:foreground_task
2026-08-17 11:34:37.532 Db YourSofia[1177:3235b7] [com.apple.CFNetwork:Default] Connection 4: set is idle true
2026-08-17 11:34:37.532 Df YourSofia[1177:3235b7] [com.apple.network:connection] [C4] event: client:connection_idle @0.316s
2026-08-17 11:34:37.532 I  YourSofia[1177:3235b7] [com.apple.network:connection] nw_endpoint_handler_report_connection_idle [C4 IPv4#218b38ea:443 ready parent-flow (satisfied (Path is satisfied), interface: en0[802.11], uses wifi, LQM: unknown)] Reporting connection idle to protocols
2026-08-17 11:34:37.532 I  YourSofia[1177:3235b7] [com.apple.network:connection] nw_flow_passthrough_notify [C4.1.1.1 IPv4#218b38ea:443 ready socket-flow (satisfied (Path is satisfied), interface: en0[802.11], uses wifi, LQM: unknown)] received notification connection_idle
2026-08-17 11:34:37.532 Df YourSofia[1177:3235b7] [com.apple.network:connection] nw_protocol_socket_notify [C4.1.1.1:3] nw_protocol_notification_type_connection_idle is true
2026-08-17 11:34:37.532 Db YourSofia[1177:3235b7] [com.apple.CFNetwork:Default] HTTP/2 Connection 4 Stream 1 ended. Connection considered operational true
2026-08-17 11:34:37.532 Db YourSofia[1177:3235b7] [com.apple.CFNetwork:Default] Task <CDC78FD9-BC6F-4A08-9302-4FB9B055F872>.<2> request <private> is NOT allowed to set HSTS for main doc <private>
2026-08-17 11:34:37.532 Db YourSofia[1177:3235b7] [com.apple.CFNetwork:Default] Ignoring alt-svc entry
2026-08-17 11:34:37.532 Db YourSofia[1177:3235b7] [com.apple.network:connection] nw_connection_modify_estimated_bytes_block_invoke [C4] Incremented estimated bytes to receive by 2, total now 4
2026-08-17 11:34:37.532 Db YourSofia[1177:3235b7] [com.apple.network:connection] nw_connection_modify_estimated_bytes_block_invoke [C4] Using lower threshold 12582912, upper threshold 31457280
2026-08-17 11:34:37.532 Df YourSofia[1177:3235b7] [com.apple.CFNetwork:Default] Task <CDC78FD9-BC6F-4A08-9302-4FB9B055F872>.<2> response ended
2026-08-17 11:34:37.532 Df YourSofia[1177:3235b6] [com.apple.CFNetwork:Summary] Task <CDC78FD9-BC6F-4A08-9302-4FB9B055F872>.<2> summary for task success {transaction_duration_ms=316, response_status=200, connection=4, protocol="h2", domain_lookup_duration_ms=28, connect_duration_ms=56, secure_connection_duration_ms=33, private_relay=false, request_start_ms=86, request_duration_ms=0, response_start_ms=316, response_duration_ms=0, request_bytes=447, request_throughput_kbps=47018, response_bytes=56, response_throughput_kbps=826, cache_hit=false}
2026-08-17 11:34:37.532 Df YourSofia[1177:3235b6] [com.apple.CFNetwork:Default] Task <CDC78FD9-BC6F-4A08-9302-4FB9B055F872>.<2> finished successfully
2026-08-17 11:34:37.532 Db YourSofia[1177:3235b6] [com.apple.network:activity] Returning should log: 0 for activity cfnetwork:foreground_task
2026-08-17 11:34:37.532 Db YourSofia[1177:3235b6] [com.apple.network:activity] Returning should log: 0 for activity cfnetwork:foreground_task
2026-08-17 11:34:37.532 Db YourSofia[1177:3235b6] [com.apple.network:activity] No threshold for cfnetwork:foreground_task, returning NW_ACTIVITY_DURATION_INVALID
2026-08-17 11:34:37.532 Db YourSofia[1177:3235b6] [com.apple.network:activity] No threshold for activity <nw_activity 12:2 [E1BA1FF6-0E3A-469B-96AE-E3AE702F2B1F] (reporting strategy default) complete (reason success)>
2026-08-17 11:34:37.535 I  YourSofia[1177:323578] [com.wix.DetoxSync:RCTAnimatedNodeDTXSpy] [RCTAnimatedNode DTXSpy] Node <RCTValueAnimatedNode: 0x600002111360> needs update
2026-08-17 11:34:37.535 I  YourSofia[1177:323578] [com.wix.DetoxSync:RCTAnimatedNodeDTXSpy] [RCTAnimatedNode DTXSpy] Node <RCTValueAnimatedNode: 0x600002110550> needs update
2026-08-17 11:34:37.535 I  YourSofia[1177:323578] [com.wix.DetoxSync:RCTAnimatedNodeDTXSpy] [RCTAnimatedNode DTXSpy] Node <RCTValueAnimatedNode: 0x600002112d50> needs update
2026-08-17 11:34:37.535 I  YourSofia[1177:323578] [com.wix.DetoxSync:RCTAnimatedNodeDTXSpy] [RCTAnimatedNode DTXSpy] Node <RCTValueAnimatedNode: 0x600002111360> performed update
2026-08-17 11:34:37.535 I  YourSofia[1177:323578] [com.wix.DetoxSync:DTXAnimationUpdateSyncResource] [AnimationUpdateSyncResource] Node <RCTValueAnimatedNode: 0x600002111360> performed update
2026-08-17 11:34:37.535 I  YourSofia[1177:323578] [com.wix.DetoxSync:RCTAnimatedNodeDTXSpy] [RCTAnimatedNode DTXSpy] Node <RCTValueAnimatedNode: 0x600002110550> performed update
2026-08-17 11:34:37.535 I  YourSofia[1177:323578] [com.wix.DetoxSync:DTXAnimationUpdateSyncResource] [AnimationUpdateSyncResource] Node <RCTValueAnimatedNode: 0x600002110550> performed update
2026-08-17 11:34:37.535 I  YourSofia[1177:323578] [com.wix.DetoxSync:RCTAnimatedNodeDTXSpy] [RCTAnimatedNode DTXSpy] Node <RCTValueAnimatedNode: 0x600002112d50> performed update
2026-08-17 11:34:37.535 I  YourSofia[1177:323578] [com.wix.DetoxSync:DTXAnimationUpdateSyncResource] [AnimationUpdateSyncResource] Node <RCTValueAnimatedNode: 0x600002112d50> performed update
2026-08-17 11:34:37.551 Db YourSofia[1177:323578] [com.apple.defaults:User Defaults] found no value for key QuickSpeak in CFPrefsSearchListSource<0x600002c08c00> (Domain: com.apple.Accessibility, Container: (null) Non-launch persona: 0)
2026-08-17 11:34:37.551 Db YourSofia[1177:323578] [com.apple.Accessibility:AXSupportCommon] CF Read: domain = com.apple.Accessibility, preference = QuickSpeak, appID = (null) result = (null) (-1 - empty, 0 - false, 1 - true)
2026-08-17 11:34:37.551 Db YourSofia[1177:323578] [com.apple.defaults:User Defaults] found no value for key QuickSpeak in CFPrefsPlistSource<0x600002c08f00> (Domain: com.apple.Accessibility, User: kCFPreferencesCurrentUser, ByHost: No, Container: /Users/valentinasenov/Library/Developer/CoreSimulator/Devices/4EC5F74C-5A9C-4D89-8E44-374310E684AE/data, Contents Need Refresh: No)
2026-08-17 11:34:37.552 I  YourSofia[1177:323578] [com.wix.DetoxSync:RCTAnimatedNodeDTXSpy] [RCTAnimatedNode DTXSpy] Node <RCTValueAnimatedNode: 0x600002111360> needs update
2026-08-17 11:34:37.552 I  YourSofia[1177:323578] [com.wix.DetoxSync:RCTAnimatedNodeDTXSpy] [RCTAnimatedNode DTXSpy] Node <RCTValueAnimatedNode: 0x600002110550> needs update
2026-08-17 11:34:37.552 I  YourSofia[1177:323578] [com.wix.DetoxSync:RCTAnimatedNodeDTXSpy] [RCTAnimatedNode DTXSpy] Node <RCTValueAnimatedNode: 0x600002112d50> needs update
2026-08-17 11:34:37.552 I  YourSofia[1177:323578] [com.wix.DetoxSync:RCTAnimatedNodeDTXSpy] [RCTAnimatedNode DTXSpy] Node <RCTValueAnimatedNode: 0x600002111360> performed update
2026-08-17 11:34:37.552 I  YourSofia[1177:323578] [com.wix.DetoxSync:DTXAnimationUpdateSyncResource] [AnimationUpdateSyncResource] Node <RCTValueAnimatedNode: 0x600002111360> performed update
2026-08-17 11:34:37.552 I  YourSofia[1177:323578] [com.wix.DetoxSync:RCTAnimatedNodeDTXSpy] [RCTAnimatedNode DTXSpy] Node <RCTValueAnimatedNode: 0x600002110550> performed update
2026-08-17 11:34:37.552 I  YourSofia[1177:323578] [com.wix.DetoxSync:DTXAnimationUpdateSyncResource] [AnimationUpdateSyncResource] Node <RCTValueAnimatedNode: 0x600002110550> performed update
2026-08-17 11:34:37.552 I  YourSofia[1177:323578] [com.wix.DetoxSync:RCTAnimatedNodeDTXSpy] [RCTAnimatedNode DTXSpy] Node <RCTValueAnimatedNode: 0x600002112d50> performed update
2026-08-17 11:34:37.552 I  YourSofia[1177:323578] [com.wix.DetoxSync:DTXAnimationUpdateSyncResource] [AnimationUpdateSyncResource] Node <RCTValueAnimatedNode: 0x600002112d50> performed update
2026-08-17 11:34:37.568 I  YourSofia[1177:323578] [com.wix.DetoxSync:RCTAnimatedNodeDTXSpy] [RCTAnimatedNode DTXSpy] Node <RCTValueAnimatedNode: 0x600002111360> needs update
2026-08-17 11:34:37.568 I  YourSofia[1177:323578] [com.wix.DetoxSync:RCTAnimatedNodeDTXSpy] [RCTAnimatedNode DTXSpy] Node <RCTValueAnimatedNode: 0x600002110550> needs update
2026-08-17 11:34:37.568 I  YourSofia[1177:323578] [com.wix.DetoxSync:RCTAnimatedNodeDTXSpy] [RCTAnimatedNode DTXSpy] Node <RCTValueAnimatedNode: 0x600002112d50> needs update
2026-08-17 11:34:37.568 I  YourSofia[1177:323578] [com.wix.DetoxSync:RCTAnimatedNodeDTXSpy] [RCTAnimatedNode DTXSpy] Node <RCTValueAnimatedNode: 0x600002111360> performed update
2026-08-17 11:34:37.568 I  YourSofia[1177:323578] [com.wix.DetoxSync:DTXAnimationUpdateSyncResource] [AnimationUpdateSyncResource] Node <RCTValueAnimatedNode: 0x600002111360> performed update
2026-08-17 11:34:37.568 I  YourSofia[1177:323578] [com.wix.DetoxSync:RCTAnimatedNodeDTXSpy] [RCTAnimatedNode DTXSpy] Node <RCTValueAnimatedNode: 0x600002110550> performed update
2026-08-17 11:34:37.568 I  YourSofia[1177:323578] [com.wix.DetoxSync:DTXAnimationUpdateSyncResource] [AnimationUpdateSyncResource] Node <RCTValueAnimatedNode: 0x600002110550> performed update
2026-08-17 11:34:37.568 I  YourSofia[1177:323578] [com.wix.DetoxSync:RCTAnimatedNodeDTXSpy] [RCTAnimatedNode DTXSpy] Node <RCTValueAnimatedNode: 0x600002112d50> performed update
2026-08-17 11:34:37.569 I  YourSofia[1177:323578] [com.wix.DetoxSync:DTXAnimationUpdateSyncResource] [AnimationUpdateSyncResource] Node <RCTValueAnimatedNode: 0x600002112d50> performed update
2026-08-17 11:34:37.570 Db YourSofia[1177:323578] [com.apple.defaults:User Defaults] found no value for key ButtonShapesEnabled in CFPrefsSearchListSource<0x600002c04180> (Domain: bg.sofia.yoursofia, Container: (null) Non-launch persona: 0)
2026-08-17 11:34:37.570 Db YourSofia[1177:323578] [com.apple.Accessibility:AXSupportCommon] CF Read: domain = bg.sofia.yoursofia, preference = ButtonShapesEnabled, appID = bg.sofia.yoursofia result = (null) (-1 - empty, 0 - false, 1 - true)
2026-08-17 11:34:37.585 I  YourSofia[1177:323578] [com.wix.DetoxSync:RCTAnimatedNodeDTXSpy] [RCTAnimatedNode DTXSpy] Node <RCTValueAnimatedNode: 0x600002111360> needs update
2026-08-17 11:34:37.585 I  YourSofia[1177:323578] [com.wix.DetoxSync:RCTAnimatedNodeDTXSpy] [RCTAnimatedNode DTXSpy] Node <RCTValueAnimatedNode: 0x600002110550> needs update
2026-08-17 11:34:37.585 I  YourSofia[1177:323578] [com.wix.DetoxSync:RCTAnimatedNodeDTXSpy] [RCTAnimatedNode DTXSpy] Node <RCTValueAnimatedNode: 0x600002112d50> needs update
2026-08-17 11:34:37.585 I  YourSofia[1177:323578] [com.wix.DetoxSync:RCTAnimatedNodeDTXSpy] [RCTAnimatedNode DTXSpy] Node <RCTValueAnimatedNode: 0x600002111360> performed update
2026-08-17 11:34:37.585 I  YourSofia[1177:323578] [com.wix.DetoxSync:DTXAnimationUpdateSyncResource] [AnimationUpdateSyncResource] Node <RCTValueAnimatedNode: 0x600002111360> performed update
2026-08-17 11:34:37.585 I  YourSofia[1177:323578] [com.wix.DetoxSync:RCTAnimatedNodeDTXSpy] [RCTAnimatedNode DTXSpy] Node <RCTValueAnimatedNode: 0x600002110550> performed update
2026-08-17 11:34:37.585 I  YourSofia[1177:323578] [com.wix.DetoxSync:DTXAnimationUpdateSyncResource] [AnimationUpdateSyncResource] Node <RCTValueAnimatedNode: 0x600002110550> performed update
2026-08-17 11:34:37.585 I  YourSofia[1177:323578] [com.wix.DetoxSync:RCTAnimatedNodeDTXSpy] [RCTAnimatedNode DTXSpy] Node <RCTValueAnimatedNode: 0x600002112d50> performed update
2026-08-17 11:34:37.585 I  YourSofia[1177:323578] [com.wix.DetoxSync:DTXAnimationUpdateSyncResource] [AnimationUpdateSyncResource] Node <RCTValueAnimatedNode: 0x600002112d50> performed update
2026-08-17 11:34:37.602 I  YourSofia[1177:323578] [com.wix.DetoxSync:RCTAnimatedNodeDTXSpy] [RCTAnimatedNode DTXSpy] Node <RCTValueAnimatedNode: 0x600002111360> needs update
2026-08-17 11:34:37.602 I  YourSofia[1177:323578] [com.wix.DetoxSync:RCTAnimatedNodeDTXSpy] [RCTAnimatedNode DTXSpy] Node <RCTValueAnimatedNode: 0x600002110550> needs update
2026-08-17 11:34:37.602 I  YourSofia[1177:323578] [com.wix.DetoxSync:RCTAnimatedNodeDTXSpy] [RCTAnimatedNode DTXSpy] Node <RCTValueAnimatedNode: 0x600002112d50> needs update
2026-08-17 11:34:37.602 I  YourSofia[1177:323578] [com.wix.DetoxSync:RCTAnimatedNodeDTXSpy] [RCTAnimatedNode DTXSpy] Node <RCTValueAnimatedNode: 0x600002111360> performed update
2026-08-17 11:34:37.602 I  YourSofia[1177:323578] [com.wix.DetoxSync:DTXAnimationUpdateSyncResource] [AnimationUpdateSyncResource] Node <RCTValueAnimatedNode: 0x600002111360> performed update
2026-08-17 11:34:37.602 I  YourSofia[1177:323578] [com.wix.DetoxSync:RCTAnimatedNodeDTXSpy] [RCTAnimatedNode DTXSpy] Node <RCTValueAnimatedNode: 0x600002110550> performed update
2026-08-17 11:34:37.602 I  YourSofia[1177:323578] [com.wix.DetoxSync:DTXAnimationUpdateSyncResource] [AnimationUpdateSyncResource] Node <RCTValueAnimatedNode: 0x600002110550> performed update
2026-08-17 11:34:37.602 I  YourSofia[1177:323578] [com.wix.DetoxSync:RCTAnimatedNodeDTXSpy] [RCTAnimatedNode DTXSpy] Node <RCTValueAnimatedNode: 0x600002112d50> performed update
2026-08-17 11:34:37.602 I  YourSofia[1177:323578] [com.wix.DetoxSync:DTXAnimationUpdateSyncResource] [AnimationUpdateSyncResource] Node <RCTValueAnimatedNode: 0x600002112d50> performed update
2026-08-17 11:34:37.618 I  YourSofia[1177:323578] [com.wix.DetoxSync:RCTAnimatedNodeDTXSpy] [RCTAnimatedNode DTXSpy] Node <RCTValueAnimatedNode: 0x600002111360> needs update
2026-08-17 11:34:37.618 I  YourSofia[1177:323578] [com.wix.DetoxSync:RCTAnimatedNodeDTXSpy] [RCTAnimatedNode DTXSpy] Node <RCTValueAnimatedNode: 0x600002110550> needs update
2026-08-17 11:34:37.618 I  YourSofia[1177:323578] [com.wix.DetoxSync:RCTAnimatedNodeDTXSpy] [RCTAnimatedNode DTXSpy] Node <RCTValueAnimatedNode: 0x600002112d50> needs update
2026-08-17 11:34:37.618 I  YourSofia[1177:323578] [com.wix.DetoxSync:RCTAnimatedNodeDTXSpy] [RCTAnimatedNode DTXSpy] Node <RCTValueAnimatedNode: 0x600002111360> performed update
2026-08-17 11:34:37.618 I  YourSofia[1177:323578] [com.wix.DetoxSync:DTXAnimationUpdateSyncResource] [AnimationUpdateSyncResource] Node <RCTValueAnimatedNode: 0x600002111360> performed update
2026-08-17 11:34:37.618 I  YourSofia[1177:323578] [com.wix.DetoxSync:RCTAnimatedNodeDTXSpy] [RCTAnimatedNode DTXSpy] Node <RCTValueAnimatedNode: 0x600002110550> performed update
2026-08-17 11:34:37.618 I  YourSofia[1177:323578] [com.wix.DetoxSync:DTXAnimationUpdateSyncResource] [AnimationUpdateSyncResource] Node <RCTValueAnimatedNode: 0x600002110550> performed update
2026-08-17 11:34:37.618 I  YourSofia[1177:323578] [com.wix.DetoxSync:RCTAnimatedNodeDTXSpy] [RCTAnimatedNode DTXSpy] Node <RCTValueAnimatedNode: 0x600002112d50> performed update
2026-08-17 11:34:37.618 I  YourSofia[1177:323578] [com.wix.DetoxSync:DTXAnimationUpdateSyncResource] [AnimationUpdateSyncResource] Node <RCTValueAnimatedNode: 0x600002112d50> performed update
2026-08-17 11:34:37.635 I  YourSofia[1177:323578] [com.wix.DetoxSync:RCTAnimatedNodeDTXSpy] [RCTAnimatedNode DTXSpy] Node <RCTValueAnimatedNode: 0x600002111360> needs update
2026-08-17 11:34:37.635 I  YourSofia[1177:323578] [com.wix.DetoxSync:RCTAnimatedNodeDTXSpy] [RCTAnimatedNode DTXSpy] Node <RCTValueAnimatedNode: 0x600002110550> needs update
2026-08-17 11:34:37.635 I  YourSofia[1177:323578] [com.wix.DetoxSync:RCTAnimatedNodeDTXSpy] [RCTAnimatedNode DTXSpy] Node <RCTValueAnimatedNode: 0x600002112d50> needs update
2026-08-17 11:34:37.635 I  YourSofia[1177:323578] [com.wix.DetoxSync:RCTAnimatedNodeDTXSpy] [RCTAnimatedNode DTXSpy] Node <RCTValueAnimatedNode: 0x600002111360> performed update
2026-08-17 11:34:37.635 I  YourSofia[1177:323578] [com.wix.DetoxSync:DTXAnimationUpdateSyncResource] [AnimationUpdateSyncResource] Node <RCTValueAnimatedNode: 0x600002111360> performed update
2026-08-17 11:34:37.635 I  YourSofia[1177:323578] [com.wix.DetoxSync:RCTAnimatedNodeDTXSpy] [RCTAnimatedNode DTXSpy] Node <RCTValueAnimatedNode: 0x600002110550> performed update
2026-08-17 11:34:37.635 I  YourSofia[1177:323578] [com.wix.DetoxSync:DTXAnimationUpdateSyncResource] [AnimationUpdateSyncResource] Node <RCTValueAnimatedNode: 0x600002110550> performed update
2026-08-17 11:34:37.635 I  YourSofia[1177:323578] [com.wix.DetoxSync:RCTAnimatedNodeDTXSpy] [RCTAnimatedNode DTXSpy] Node <RCTValueAnimatedNode: 0x600002112d50> performed update
2026-08-17 11:34:37.635 I  YourSofia[1177:323578] [com.wix.DetoxSync:DTXAnimationUpdateSyncResource] [AnimationUpdateSyncResource] Node <RCTValueAnimatedNode: 0x600002112d50> performed update
2026-08-17 11:34:37.643 Db YourSofia[1177:323578] [com.apple.defaults:User Defaults] found no value for key ReduceMotionReduceSlideTransitionsPreference in CFPrefsSearchListSource<0x600002c04180> (Domain: bg.sofia.yoursofia, Container: (null) Non-launch persona: 0)
2026-08-17 11:34:37.643 Db YourSofia[1177:323578] [com.apple.Accessibility:AXSupportCommon] CF Read: domain = bg.sofia.yoursofia, preference = ReduceMotionReduceSlideTransitionsPreference, appID = bg.sofia.yoursofia result = (null) (-1 - empty, 0 - false, 1 - true)
2026-08-17 11:34:37.652 I  YourSofia[1177:323578] [com.wix.DetoxSync:RCTAnimatedNodeDTXSpy] [RCTAnimatedNode DTXSpy] Node <RCTValueAnimatedNode: 0x600002111360> needs update
2026-08-17 11:34:37.652 I  YourSofia[1177:323578] [com.wix.DetoxSync:RCTAnimatedNodeDTXSpy] [RCTAnimatedNode DTXSpy] Node <RCTValueAnimatedNode: 0x600002110550> needs update
2026-08-17 11:34:37.652 I  YourSofia[1177:323578] [com.wix.DetoxSync:RCTAnimatedNodeDTXSpy] [RCTAnimatedNode DTXSpy] Node <RCTValueAnimatedNode: 0x600002112d50> needs update
2026-08-17 11:34:37.652 I  YourSofia[1177:323578] [com.wix.DetoxSync:RCTAnimatedNodeDTXSpy] [RCTAnimatedNode DTXSpy] Node <RCTValueAnimatedNode: 0x600002111360> performed update
2026-08-17 11:34:37.652 I  YourSofia[1177:323578] [com.wix.DetoxSync:DTXAnimationUpdateSyncResource] [AnimationUpdateSyncResource] Node <RCTValueAnimatedNode: 0x600002111360> performed update
2026-08-17 11:34:37.652 I  YourSofia[1177:323578] [com.wix.DetoxSync:RCTAnimatedNodeDTXSpy] [RCTAnimatedNode DTXSpy] Node <RCTValueAnimatedNode: 0x600002110550> performed update
2026-08-17 11:34:37.652 I  YourSofia[1177:323578] [com.wix.DetoxSync:DTXAnimationUpdateSyncResource] [AnimationUpdateSyncResource] Node <RCTValueAnimatedNode: 0x600002110550> performed update
2026-08-17 11:34:37.652 I  YourSofia[1177:323578] [com.wix.DetoxSync:RCTAnimatedNodeDTXSpy] [RCTAnimatedNode DTXSpy] Node <RCTValueAnimatedNode: 0x600002112d50> performed update
2026-08-17 11:34:37.652 I  YourSofia[1177:323578] [com.wix.DetoxSync:DTXAnimationUpdateSyncResource] [AnimationUpdateSyncResource] Node <RCTValueAnimatedNode: 0x600002112d50> performed update
2026-08-17 11:34:37.668 I  YourSofia[1177:323578] [com.wix.DetoxSync:RCTAnimatedNodeDTXSpy] [RCTAnimatedNode DTXSpy] Node <RCTValueAnimatedNode: 0x600002111360> needs update
2026-08-17 11:34:37.668 I  YourSofia[1177:323578] [com.wix.DetoxSync:RCTAnimatedNodeDTXSpy] [RCTAnimatedNode DTXSpy] Node <RCTValueAnimatedNode: 0x600002110550> needs update
2026-08-17 11:34:37.668 I  YourSofia[1177:323578] [com.wix.DetoxSync:RCTAnimatedNodeDTXSpy] [RCTAnimatedNode DTXSpy] Node <RCTValueAnimatedNode: 0x600002112d50> needs update
2026-08-17 11:34:37.668 I  YourSofia[1177:323578] [com.wix.DetoxSync:RCTAnimatedNodeDTXSpy] [RCTAnimatedNode DTXSpy] Node <RCTValueAnimatedNode: 0x600002111360> performed update
2026-08-17 11:34:37.668 I  YourSofia[1177:323578] [com.wix.DetoxSync:DTXAnimationUpdateSyncResource] [AnimationUpdateSyncResource] Node <RCTValueAnimatedNode: 0x600002111360> performed update
2026-08-17 11:34:37.668 I  YourSofia[1177:323578] [com.wix.DetoxSync:RCTAnimatedNodeDTXSpy] [RCTAnimatedNode DTXSpy] Node <RCTValueAnimatedNode: 0x600002110550> performed update
2026-08-17 11:34:37.668 I  YourSofia[1177:323578] [com.wix.DetoxSync:DTXAnimationUpdateSyncResource] [AnimationUpdateSyncResource] Node <RCTValueAnimatedNode: 0x600002110550> performed update
2026-08-17 11:34:37.668 I  YourSofia[1177:323578] [com.wix.DetoxSync:RCTAnimatedNodeDTXSpy] [RCTAnimatedNode DTXSpy] Node <RCTValueAnimatedNode: 0x600002112d50> performed update
2026-08-17 11:34:37.668 I  YourSofia[1177:323578] [com.wix.DetoxSync:DTXAnimationUpdateSyncResource] [AnimationUpdateSyncResource] Node <RCTValueAnimatedNode: 0x600002112d50> performed update
2026-08-17 11:34:37.685 I  YourSofia[1177:323578] [com.wix.DetoxSync:RCTAnimatedNodeDTXSpy] [RCTAnimatedNode DTXSpy] Node <RCTValueAnimatedNode: 0x600002111360> needs update
2026-08-17 11:34:37.685 I  YourSofia[1177:323578] [com.wix.DetoxSync:RCTAnimatedNodeDTXSpy] [RCTAnimatedNode DTXSpy] Node <RCTValueAnimatedNode: 0x600002110550> needs update
2026-08-17 11:34:37.685 I  YourSofia[1177:323578] [com.wix.DetoxSync:RCTAnimatedNodeDTXSpy] [RCTAnimatedNode DTXSpy] Node <RCTValueAnimatedNode: 0x600002112d50> needs update
2026-08-17 11:34:37.685 I  YourSofia[1177:323578] [com.wix.DetoxSync:RCTAnimatedNodeDTXSpy] [RCTAnimatedNode DTXSpy] Node <RCTValueAnimatedNode: 0x600002111360> performed update
2026-08-17 11:34:37.685 I  YourSofia[1177:323578] [com.wix.DetoxSync:DTXAnimationUpdateSyncResource] [AnimationUpdateSyncResource] Node <RCTValueAnimatedNode: 0x600002111360> performed update
2026-08-17 11:34:37.685 I  YourSofia[1177:323578] [com.wix.DetoxSync:RCTAnimatedNodeDTXSpy] [RCTAnimatedNode DTXSpy] Node <RCTValueAnimatedNode: 0x600002110550> performed update
2026-08-17 11:34:37.685 I  YourSofia[1177:323578] [com.wix.DetoxSync:DTXAnimationUpdateSyncResource] [AnimationUpdateSyncResource] Node <RCTValueAnimatedNode: 0x600002110550> performed update
2026-08-17 11:34:37.685 I  YourSofia[1177:323578] [com.wix.DetoxSync:RCTAnimatedNodeDTXSpy] [RCTAnimatedNode DTXSpy] Node <RCTValueAnimatedNode: 0x600002112d50> performed update
2026-08-17 11:34:37.685 I  YourSofia[1177:323578] [com.wix.DetoxSync:DTXAnimationUpdateSyncResource] [AnimationUpdateSyncResource] Node <RCTValueAnimatedNode: 0x600002112d50> performed update
2026-08-17 11:34:37.702 I  YourSofia[1177:323578] [com.wix.DetoxSync:RCTAnimatedNodeDTXSpy] [RCTAnimatedNode DTXSpy] Node <RCTValueAnimatedNode: 0x600002111360> needs update
2026-08-17 11:34:37.702 I  YourSofia[1177:323578] [com.wix.DetoxSync:RCTAnimatedNodeDTXSpy] [RCTAnimatedNode DTXSpy] Node <RCTValueAnimatedNode: 0x600002110550> needs update
2026-08-17 11:34:37.702 I  YourSofia[1177:323578] [com.wix.DetoxSync:RCTAnimatedNodeDTXSpy] [RCTAnimatedNode DTXSpy] Node <RCTValueAnimatedNode: 0x600002112d50> needs update
2026-08-17 11:34:37.702 I  YourSofia[1177:323578] [com.wix.DetoxSync:RCTAnimatedNodeDTXSpy] [RCTAnimatedNode DTXSpy] Node <RCTValueAnimatedNode: 0x600002111360> performed update
2026-08-17 11:34:37.702 I  YourSofia[1177:323578] [com.wix.DetoxSync:DTXAnimationUpdateSyncResource] [AnimationUpdateSyncResource] Node <RCTValueAnimatedNode: 0x600002111360> performed update
2026-08-17 11:34:37.702 I  YourSofia[1177:323578] [com.wix.DetoxSync:RCTAnimatedNodeDTXSpy] [RCTAnimatedNode DTXSpy] Node <RCTValueAnimatedNode: 0x600002110550> performed update
2026-08-17 11:34:37.702 I  YourSofia[1177:323578] [com.wix.DetoxSync:DTXAnimationUpdateSyncResource] [AnimationUpdateSyncResource] Node <RCTValueAnimatedNode: 0x600002110550> performed update
2026-08-17 11:34:37.702 I  YourSofia[1177:323578] [com.wix.DetoxSync:RCTAnimatedNodeDTXSpy] [RCTAnimatedNode DTXSpy] Node <RCTValueAnimatedNode: 0x600002112d50> performed update
2026-08-17 11:34:37.702 I  YourSofia[1177:323578] [com.wix.DetoxSync:DTXAnimationUpdateSyncResource] [AnimationUpdateSyncResource] Node <RCTValueAnimatedNode: 0x600002112d50> performed update
2026-08-17 11:34:37.718 I  YourSofia[1177:323578] [com.wix.DetoxSync:RCTAnimatedNodeDTXSpy] [RCTAnimatedNode DTXSpy] Node <RCTValueAnimatedNode: 0x600002111360> needs update
2026-08-17 11:34:37.718 I  YourSofia[1177:323578] [com.wix.DetoxSync:RCTAnimatedNodeDTXSpy] [RCTAnimatedNode DTXSpy] Node <RCTValueAnimatedNode: 0x600002110550> needs update
2026-08-17 11:34:37.718 I  YourSofia[1177:323578] [com.wix.DetoxSync:RCTAnimatedNodeDTXSpy] [RCTAnimatedNode DTXSpy] Node <RCTValueAnimatedNode: 0x600002112d50> needs update
2026-08-17 11:34:37.718 I  YourSofia[1177:323578] [com.wix.DetoxSync:RCTAnimatedNodeDTXSpy] [RCTAnimatedNode DTXSpy] Node <RCTValueAnimatedNode: 0x600002111360> performed update
2026-08-17 11:34:37.718 I  YourSofia[1177:323578] [com.wix.DetoxSync:DTXAnimationUpdateSyncResource] [AnimationUpdateSyncResource] Node <RCTValueAnimatedNode: 0x600002111360> performed update
2026-08-17 11:34:37.718 I  YourSofia[1177:323578] [com.wix.DetoxSync:RCTAnimatedNodeDTXSpy] [RCTAnimatedNode DTXSpy] Node <RCTValueAnimatedNode: 0x600002110550> performed update
2026-08-17 11:34:37.718 I  YourSofia[1177:323578] [com.wix.DetoxSync:DTXAnimationUpdateSyncResource] [AnimationUpdateSyncResource] Node <RCTValueAnimatedNode: 0x600002110550> performed update
2026-08-17 11:34:37.718 I  YourSofia[1177:323578] [com.wix.DetoxSync:RCTAnimatedNodeDTXSpy] [RCTAnimatedNode DTXSpy] Node <RCTValueAnimatedNode: 0x600002112d50> performed update
2026-08-17 11:34:37.718 I  YourSofia[1177:323578] [com.wix.DetoxSync:DTXAnimationUpdateSyncResource] [AnimationUpdateSyncResource] Node <RCTValueAnimatedNode: 0x600002112d50> performed update
2026-08-17 11:34:37.719 I  YourSofia[1177:323578] [com.wix.DetoxSync:RCTAnimatedNodeDTXSpy] [RCTAnimatedNode DTXSpy] Node <RCTValueAnimatedNode: 0x600002111360> needs update
2026-08-17 11:34:37.719 I  YourSofia[1177:323578] [com.wix.DetoxSync:RCTAnimatedNodeDTXSpy] [RCTAnimatedNode DTXSpy] Node <RCTValueAnimatedNode: 0x600002110550> needs update
2026-08-17 11:34:37.719 I  YourSofia[1177:323578] [com.wix.DetoxSync:RCTAnimatedNodeDTXSpy] [RCTAnimatedNode DTXSpy] Node <RCTValueAnimatedNode: 0x600002112d50> needs update
2026-08-17 11:34:37.719 I  YourSofia[1177:323578] [com.wix.DetoxSync:RCTAnimatedNodeDTXSpy] [RCTAnimatedNode DTXSpy] Node <RCTValueAnimatedNode: 0x600002111360> performed update
2026-08-17 11:34:37.719 I  YourSofia[1177:323578] [com.wix.DetoxSync:DTXAnimationUpdateSyncResource] [AnimationUpdateSyncResource] Node <RCTValueAnimatedNode: 0x600002111360> performed update
2026-08-17 11:34:37.719 I  YourSofia[1177:323578] [com.wix.DetoxSync:RCTAnimatedNodeDTXSpy] [RCTAnimatedNode DTXSpy] Node <RCTValueAnimatedNode: 0x600002110550> performed update
2026-08-17 11:34:37.719 I  YourSofia[1177:323578] [com.wix.DetoxSync:DTXAnimationUpdateSyncResource] [AnimationUpdateSyncResource] Node <RCTValueAnimatedNode: 0x600002110550> performed update
2026-08-17 11:34:37.719 I  YourSofia[1177:323578] [com.wix.DetoxSync:RCTAnimatedNodeDTXSpy] [RCTAnimatedNode DTXSpy] Node <RCTValueAnimatedNode: 0x600002112d50> performed update
2026-08-17 11:34:37.719 I  YourSofia[1177:323578] [com.wix.DetoxSync:DTXAnimationUpdateSyncResource] [AnimationUpdateSyncResource] Node <RCTValueAnimatedNode: 0x600002112d50> performed update
2026-08-17 11:34:37.719 I  YourSofia[1177:323578] [com.apple.Accessibility:AXRuntimeNotifications] Attempting to send notification:  (1000) <private>
2026-08-17 11:34:37.720 I  YourSofia[1177:323578] [com.apple.Accessibility:AXRuntimeNotifications] Did post notification. notification:  (1000) error:0 data:<private>
2026-08-17 11:34:37.735 I  YourSofia[1177:323578] [com.wix.DetoxSync:RCTAnimatedNodeDTXSpy] [RCTAnimatedNode DTXSpy] Node <RCTValueAnimatedNode: 0x600002110eb0> needs update
2026-08-17 11:34:37.735 I  YourSofia[1177:323578] [com.wix.DetoxSync:RCTAnimatedNodeDTXSpy] [RCTAnimatedNode DTXSpy] Node <RCTValueAnimatedNode: 0x600002110eb0> performed update
2026-08-17 11:34:37.735 I  YourSofia[1177:323578] [com.wix.DetoxSync:DTXAnimationUpdateSyncResource] [AnimationUpdateSyncResource] Node <RCTValueAnimatedNode: 0x600002110eb0> performed update
2026-08-17 11:34:38.003 Db YourSofia[1177:3235b7] [com.apple.containermanager:xpc] connection <0x600000c0cae0/1/0; 0x600000c0cae0> canceled after timeout; cnt = 3
2026-08-17 11:34:38.004 Db YourSofia[1177:3235b7] [com.apple.containermanager:xpc] connection <0x600000c0cae0/1/0> released (shared; canceler); cnt = 2
2026-08-17 11:34:38.004 Db YourSofia[1177:3235b7] [com.apple.containermanager:xpc] connection <0x600000c0cae0/1/0> released; cnt = 1
2026-08-17 11:34:38.004 Db YourSofia[1177:3235b7] [com.apple.containermanager:xpc] connection <0x600000c0cae0/1/0; 0x0> invalidated
2026-08-17 11:34:38.004 Db YourSofia[1177:3235b7] [com.apple.containermanager:xpc] connection <0x600000c0cae0/1/0> released; cnt = 0
2026-08-17 11:34:38.004 Db YourSofia[1177:3235b7] [com.apple.containermanager:xpc] connection <0x600000c0cae0/1/0> freed; cnt = 0
2026-08-17 11:34:38.034 Db YourSofia[1177:323578] [com.apple.CFBundle:strings] Bundle: CFBundle 0x600003b009a0 </Library/Developer/CoreSimulator/Volumes/iOS_23D8133/Library/Developer/CoreSimulator/Profiles/Runtimes/iOS 26.3.simruntime/Contents/Resources/RuntimeRoot/System/Library/AccessibilityBundles/UIKit.axbundle> (framework, loaded), key: toolbar.label, value: , table: Accessibility, localizationNames: (null), result: Toolbar
2026-08-17 11:34:38.035 Db YourSofia[1177:323578] [com.apple.CFBundle:strings] Bundle: CFBundle 0x600003b00620 </Library/Developer/CoreSimulator/Volumes/iOS_23D8133/Library/Developer/CoreSimulator/Profiles/Runtimes/iOS 26.3.simruntime/Contents/Resources/RuntimeRoot/System/Library/PrivateFrameworks/UIKitCore.framework> (not loaded), key: Search, value: Search, table: Localizable, localizationNames: (null), result: Search
2026-08-17 11:34:38.037 I  YourSofia[1177:323578] [com.apple.Accessibility:AXAppAccessibility] Presentation controller doesn't modalize: <_UIRootPresentationController: 0x105322910>
2026-08-17 11:34:38.062 I  YourSofia[1177:3235b7] [com.apple.network:connection] nw_resolver_host_resolve_callback [C3.1.1] flags=0x2 ifindex=0 error=NoError(0) hostname=bigip.sofia.bg. addr=IPv4#e57b2272 ttl=4502
2026-08-17 11:34:38.063 Db YourSofia[1177:3235b7] [com.apple.network:connection] nw_endpoint_resolver_update [C3.1.1 Hostname#57c872f4:443 in_progress resolver (satisfied (Path is satisfied), interface: en0[802.11], uses wifi, LQM: unknown)] resolver is complete
2026-08-17 11:34:38.063 Df YourSofia[1177:3235b7] [com.apple.network:connection] nw_endpoint_resolver_update [C3.1.1 Hostname#57c872f4:443 in_progress resolver (satisfied (Path is satisfied), interface: en0[802.11], uses wifi, LQM: unknown)] Adding endpoint handler for IPv4#ed082075:443
2026-08-17 11:34:38.063 Db YourSofia[1177:3235b7] [com.apple.network:connection] nw_endpoint_resolver_update [C3.1.1 Hostname#57c872f4:443 in_progress resolver (satisfied (Path is satisfied), interface: en0[802.11], uses wifi, LQM: unknown)] Updated endpoint list is (IPv4#ed082075:443)
2026-08-17 11:34:38.063 Db YourSofia[1177:3235b7] [com.apple.network:connection] nw_endpoint_transform_receive_report [C3.1 Hostname#57c872f4:443 in_progress transform (satisfied (Path is satisfied), interface: en0[802.11], uses wifi, LQM: unknown)] received child report: [C3.1.1 Hostname#57c872f4:443 in_progress resolver (satisfied (Path is satisfied), interface: en0[802.11], uses wifi, LQM: unknown)]
2026-08-17 11:34:38.063 Db YourSofia[1177:3235b7] [com.apple.network:connection] nw_endpoint_flow_receive_report [C3 Hostname#57c872f4:443 in_progress parent-flow (satisfied (Path is satisfied), interface: en0[802.11], uses wifi, LQM: unknown)] received child report: [C3.1.1 Hostname#57c872f4:443 in_progress resolver (satisfied (Path is satisfied), interface: en0[802.11], uses wifi, LQM: unknown)]
2026-08-17 11:34:38.063 Df YourSofia[1177:3235b7] [com.apple.network:connection] [C3.1.1 Hostname#57c872f4:443 in_progress resolver (satisfied (Path is satisfied), interface: en0[802.11], uses wifi, LQM: unknown)] event: resolver:receive_dns @1.069s
2026-08-17 11:34:38.063 I  YourSofia[1177:3235b7] [com.apple.network:connection] nw_endpoint_resolver_start_next_child [C3.1.1 Hostname#57c872f4:443 in_progress resolver (satisfied (Path is satisfied), interface: en0[802.11], uses wifi, LQM: unknown)] starting child endpoint IPv4#ed082075:443
2026-08-17 11:34:38.063 I  YourSofia[1177:3235b7] [com.apple.network:connection] nw_endpoint_handler_start [C3.1.1.1 IPv4#ed082075:443 initial path ((null))]
2026-08-17 11:34:38.063 Db YourSofia[1177:3235b7] [com.apple.network:connection] nw_endpoint_resolver_receive_report [C3.1.1 Hostname#57c872f4:443 in_progress resolver (satisfied (Path is satisfied), interface: en0[802.11], uses wifi, LQM: unknown)] received child report: [C3.1.1.1 IPv4#ed082075:443 initial path ((null))]
2026-08-17 11:34:38.063 Db YourSofia[1177:3235b7] [com.apple.network:connection] nw_endpoint_transform_receive_report [C3.1 Hostname#57c872f4:443 in_progress transform (satisfied (Path is satisfied), interface: en0[802.11], uses wifi, LQM: unknown)] received child report: [C3.1.1.1 IPv4#ed082075:443 initial path ((null))]
2026-08-17 11:34:38.063 Db YourSofia[1177:3235b7] [com.apple.network:connection] nw_endpoint_flow_receive_report [C3 Hostname#57c872f4:443 in_progress parent-flow (satisfied (Path is satisfied), interface: en0[802.11], uses wifi, LQM: unknown)] received child report: [C3.1.1.1 IPv4#ed082075:443 initial path ((null))]
2026-08-17 11:34:38.063 Df YourSofia[1177:3235b7] [com.apple.network:connection] [C3.1.1.1 IPv4#ed082075:443 initial path ((null))] event: path:start @1.069s
2026-08-17 11:34:38.064 Db YourSofia[1177:3235b7] [com.apple.network:connection] nw_endpoint_handler_path_change [C3.1.1.1 IPv4#ed082075:443 waiting path (satisfied (Path is satisfied), interface: en0[802.11], uses wifi, LQM: unknown)]
2026-08-17 11:34:38.064 Db YourSofia[1177:3235b7] [com.apple.network:connection] nw_endpoint_resolver_receive_report [C3.1.1 Hostname#57c872f4:443 in_progress resolver (satisfied (Path is satisfied), interface: en0[802.11], uses wifi, LQM: unknown)] received child report: [C3.1.1.1 IPv4#ed082075:443 waiting path (satisfied (Path is satisfied), interface: en0[802.11], uses wifi, LQM: unknown)]
2026-08-17 11:34:38.064 Db YourSofia[1177:3235b7] [com.apple.network:connection] nw_endpoint_transform_receive_report [C3.1 Hostname#57c872f4:443 in_progress transform (satisfied (Path is satisfied), interface: en0[802.11], uses wifi, LQM: unknown)] received child report: [C3.1.1.1 IPv4#ed082075:443 waiting path (satisfied (Path is satisfied), interface: en0[802.11], uses wifi, LQM: unknown)]
2026-08-17 11:34:38.064 Db YourSofia[1177:3235b7] [com.apple.network:connection] nw_endpoint_flow_receive_report [C3 Hostname#57c872f4:443 in_progress parent-flow (satisfied (Path is satisfied), interface: en0[802.11], uses wifi, LQM: unknown)] received child report: [C3.1.1.1 IPv4#ed082075:443 waiting path (satisfied (Path is satisfied), interface: en0[802.11], uses wifi, LQM: unknown)]
2026-08-17 11:34:38.064 Df YourSofia[1177:3235b7] [com.apple.network:connection] [C3.1.1.1 IPv4#ed082075:443 waiting path (satisfied (Path is satisfied), interface: en0[802.11], uses wifi, LQM: unknown)] event: path:satisfied @1.070s, uuid: ED65E774-78FA-4759-8964-DA40885B47BC
2026-08-17 11:34:38.064 Db YourSofia[1177:3235b7] [com.apple.network:] nw_endpoint_proxy_handler_should_use_proxy Looking up proxy for hostname: <nil>, ifindex: 0
2026-08-17 11:34:38.064 Db YourSofia[1177:3235b7] [com.apple.SystemConfiguration:SCPreferences] create <SCPreferences 0x105d04760 [0x1e6193a48]> {name = SCDynamicStoreCopyProxiesWithOptions, id = /Library/Managed Preferences/mobile/com.apple.SystemConfiguration.plist, path = /Library/Managed Preferences/mobile/com.apple.SystemConfiguration.plist}
2026-08-17 11:34:38.064 Db YourSofia[1177:3235b7] [com.apple.SystemConfiguration:SCPreferences] SCPreferences() access: /Library/Managed Preferences/mobile/com.apple.SystemConfiguration.plist, size=0
2026-08-17 11:34:38.064 Db YourSofia[1177:3235b7] [com.apple.SystemConfiguration:SCPreferences] release <SCPreferences 0x105d04760 [0x1e6193a48]> {name = SCDynamicStoreCopyProxiesWithOptions, id = /Library/Managed Preferences/mobile/com.apple.SystemConfiguration.plist, path = /Library/Managed Preferences/mobile/com.apple.SystemConfiguration.plist, accessed}
2026-08-17 11:34:38.064 I  YourSofia[1177:3235b7] [com.apple.network:connection] nw_association_create_flow <nw_association IPv4#ed082075:443> Added association flow ID 85DB4457-5909-4375-A5EB-962BEA559614
2026-08-17 11:34:38.064 I  YourSofia[1177:3235b7] [com.apple.network:connection] nw_endpoint_flow_setup_protocols [C3.1.1.1 IPv4#ed082075:443 in_progress socket-flow (satisfied (Path is satisfied), interface: en0[802.11], uses wifi, LQM: unknown)] setup flow id 85DB4457-5909-4375-A5EB-962BEA559614
2026-08-17 11:34:38.064 Db YourSofia[1177:3235b7] [com.apple.network:connection] nw_endpoint_flow_attach_protocols [C3.1.1.1 IPv4#ed082075:443 in_progress socket-flow (satisfied (Path is satisfied), interface: en0[802.11], uses wifi, LQM: unknown)]
2026-08-17 11:34:38.064 Db YourSofia[1177:3235b7] [com.apple.network:connection] nw_endpoint_flow_attach_protocols_block_invoke [C3.1.1.1 IPv4#ed082075:443 in_progress socket-flow (satisfied (Path is satisfied), interface: en0[802.11], uses wifi, LQM: unknown)] Attached application protocol: CFNetworkConnection-277997857
2026-08-17 11:34:38.064 Db YourSofia[1177:3235b7] [com.apple.network:connection] nw_endpoint_flow_attach_protocols_block_invoke [C3.1.1.1 IPv4#ed082075:443 in_progress socket-flow (satisfied (Path is satisfied), interface: en0[802.11], uses wifi, LQM: unknown)] Attached application protocol: tls
2026-08-17 11:34:38.064 Db YourSofia[1177:3235b7] [com.apple.network:] nw_fd_wrapper_create Created <fd_wrapper 16, guarded: false>
2026-08-17 11:34:38.065 Db YourSofia[1177:3235b7] [com.apple.network:connection] nw_endpoint_flow_attach_protocols [C3.1.1.1 IPv4#ed082075:443 in_progress socket-flow (satisfied (Path is satisfied), interface: en0[802.11], uses wifi, LQM: unknown)] Attached socket protocol
2026-08-17 11:34:38.065 Db YourSofia[1177:3235b7] [com.apple.network:connection] nw_endpoint_flow_setup_protocols [C3.1.1.1 IPv4#ed082075:443 in_progress socket-flow (satisfied (Path is satisfied), interface: en0[802.11], uses wifi, LQM: unknown)] leaf flow starting
2026-08-17 11:34:38.065 Db YourSofia[1177:3235b7] [com.apple.network:connection] nw_endpoint_resolver_receive_report [C3.1.1 Hostname#57c872f4:443 in_progress resolver (satisfied (Path is satisfied), interface: en0[802.11], uses wifi, LQM: unknown)] received child report: [C3.1.1.1 IPv4#ed082075:443 in_progress socket-flow (satisfied (Path is satisfied), interface: en0[802.11], uses wifi, LQM: unknown)]
2026-08-17 11:34:38.065 Db YourSofia[1177:3235b7] [com.apple.network:connection] nw_endpoint_transform_receive_report [C3.1 Hostname#57c872f4:443 in_progress transform (satisfied (Path is satisfied), interface: en0[802.11], uses wifi, LQM: unknown)] received child report: [C3.1.1.1 IPv4#ed082075:443 in_progress socket-flow (satisfied (Path is satisfied), interface: en0[802.11], uses wifi, LQM: unknown)]
2026-08-17 11:34:38.065 Db YourSofia[1177:3235b7] [com.apple.network:connection] nw_endpoint_flow_receive_report [C3 Hostname#57c872f4:443 in_progress parent-flow (satisfied (Path is satisfied), interface: en0[802.11], uses wifi, LQM: unknown)] received child report: [C3.1.1.1 IPv4#ed082075:443 in_progress socket-flow (satisfied (Path is satisfied), interface: en0[802.11], uses wifi, LQM: unknown)]
2026-08-17 11:34:38.065 Df YourSofia[1177:3235b7] [com.apple.network:connection] [C3.1.1.1 IPv4#ed082075:443 in_progress socket-flow (satisfied (Path is satisfied), interface: en0[802.11], uses wifi, LQM: unknown)] event: flow:start_connect @1.071s
2026-08-17 11:34:38.065 I  YourSofia[1177:3235b7] [com.apple.network:boringssl] boringssl_context_restore_ssl_context(2867) [0x10b304850] New context
2026-08-17 11:34:38.066 I  YourSofia[1177:3235b7] [com.apple.network:connection] nw_endpoint_resolver_start_next_child [C3.1.1 Hostname#57c872f4:443 in_progress resolver (satisfied (Path is satisfied), interface: en0[802.11], uses wifi, LQM: unknown)] starting next child endpoint in 100ms
2026-08-17 11:34:38.070 Db YourSofia[1177:3235b7] [com.apple.network:connection] nw_socket_handle_socket_event [C3.1.1.1:3] Event mask: 0x800
2026-08-17 11:34:38.070 Df YourSofia[1177:3235b7] [com.apple.network:connection] nw_socket_handle_socket_event [C3.1.1.1:3] Socket received CONNECTED event
2026-08-17 11:34:38.070 Db YourSofia[1177:3235b7] [com.apple.network:connection] nw_socket_setup_notsent_lowat [C3.1.1.1:3] Set TCP_NOTSENT_LOWAT(16384)
2026-08-17 11:34:38.070 Df YourSofia[1177:3235b7] [com.apple.network:connection] nw_flow_connected [C3.1.1.1 IPv4#ed082075:443 in_progress socket-flow (satisfied (Path is satisfied), interface: en0[802.11], uses wifi, LQM: unknown)] Transport protocol connected (socket)
2026-08-17 11:34:38.071 Db YourSofia[1177:3235b7] [com.apple.network:connection] nw_endpoint_resolver_receive_report [C3.1.1 Hostname#57c872f4:443 in_progress resolver (satisfied (Path is satisfied), interface: en0[802.11], uses wifi, LQM: unknown)] received child report: [C3.1.1.1 IPv4#ed082075:443 in_progress socket-flow (satisfied (Path is satisfied), interface: en0[802.11], uses wifi, LQM: unknown)]
2026-08-17 11:34:38.071 Db YourSofia[1177:3235b7] [com.apple.network:connection] nw_endpoint_transform_receive_report [C3.1 Hostname#57c872f4:443 in_progress transform (satisfied (Path is satisfied), interface: en0[802.11], uses wifi, LQM: unknown)] received child report: [C3.1.1.1 IPv4#ed082075:443 in_progress socket-flow (satisfied (Path is satisfied), interface: en0[802.11], uses wifi, LQM: unknown)]
2026-08-17 11:34:38.071 Db YourSofia[1177:3235b7] [com.apple.network:connection] nw_endpoint_flow_receive_report [C3 Hostname#57c872f4:443 in_progress parent-flow (satisfied (Path is satisfied), interface: en0[802.11], uses wifi, LQM: unknown)] received child report: [C3.1.1.1 IPv4#ed082075:443 in_progress socket-flow (satisfied (Path is satisfied), interface: en0[802.11], uses wifi, LQM: unknown)]
2026-08-17 11:34:38.071 Df YourSofia[1177:3235b7] [com.apple.network:connection] [C3.1.1.1 IPv4#ed082075:443 in_progress socket-flow (satisfied (Path is satisfied), interface: en0[802.11], uses wifi, LQM: unknown)] event: flow:finish_transport @1.077s
2026-08-17 11:34:38.071 I  YourSofia[1177:3235b7] [com.apple.network:connection] nw_endpoint_resolver_receive_report [C3.1.1 Hostname#57c872f4:443 in_progress resolver (satisfied (Path is satisfied), interface: en0[802.11], uses wifi, LQM: unknown)] pushing out endpoint race by 2000ms
2026-08-17 11:34:38.071 I  YourSofia[1177:3235b7] [com.apple.network:boringssl] boringssl_context_set_ats_enforced(686) [C3.1.1.1:2][0x10b304850] set false
2026-08-17 11:34:38.071 I  YourSofia[1177:3235b7] [com.apple.network:boringssl] boringssl_context_set_ats_minimum_rsa_key_size(704) [C3.1.1.1:2][0x10b304850] set 0
2026-08-17 11:34:38.071 I  YourSofia[1177:3235b7] [com.apple.network:boringssl] boringssl_context_set_ats_minimum_ecdsa_key_size(713) [C3.1.1.1:2][0x10b304850] set 0
2026-08-17 11:34:38.071 I  YourSofia[1177:3235b7] [com.apple.network:boringssl] boringssl_context_set_ats_minimum_signature_algorithm(723) [C3.1.1.1:2][0x10b304850] set 0
2026-08-17 11:34:38.071 I  YourSofia[1177:3235b7] [com.apple.network:boringssl] boringssl_context_set_ats_non_pfs_ciphersuite_allowed(732) [C3.1.1.1:2][0x10b304850] set false
2026-08-17 11:34:38.071 I  YourSofia[1177:3235b7] [com.apple.network:boringssl] boringssl_context_set_old_ats_enforced(695) [C3.1.1.1:2][0x10b304850] set true
2026-08-17 11:34:38.071 Db YourSofia[1177:3235b7] [com.apple.network:boringssl] boringssl_session_apply_protocol_options_for_transport_block_invoke(2024) [C3.1.1.1:2][0x10b304850] ECH is disabled
2026-08-17 11:34:38.071 Df YourSofia[1177:3235b7] [com.apple.network:boringssl] boringssl_session_apply_protocol_options_for_transport_block_invoke_2(2324) [C3.1.1.1:2][0x10b304850] TLS configured [min_version(0x0303) max_version(0x0304) name(redacted) tickets(false) false_start(false) enforce_ev(false) enforce_ats(false) ats_non_pfs_ciphersuite_allowed(false) ech(false) pqtls(true), pake(false)]
2026-08-17 11:34:38.071 I  YourSofia[1177:3235b7] [com.apple.network:boringssl] boringssl_session_install_association_state(1546) [C3.1.1.1:2][0x10b304850] Client session cache miss
2026-08-17 11:34:38.071 Db YourSofia[1177:3235b7] [com.apple.network:boringssl] boringssl_session_set_state(830) [C3.1.1.1:2][0x10b304850] boringssl session state changed from idle to connecting
2026-08-17 11:34:38.071 Df YourSofia[1177:3235b7] [com.apple.network:boringssl] boringssl_context_info_handler(2449) [C3.1.1.1:2][0x10b304850] Client handshake started
2026-08-17 11:34:38.071 Db YourSofia[1177:3235b7] [com.apple.network:boringssl] boringssl_session_set_state(830) [C3.1.1.1:2][0x10b304850] boringssl session state changed from connecting to connecting
2026-08-17 11:34:38.072 Db YourSofia[1177:3235b7] [com.apple.network:boringssl] boringssl_context_log_message(2529) [C3.1.1.1:2][0x10b304850] Writing SSL3_RT_HANDSHAKE 1517 bytes
2026-08-17 11:34:38.072 Df YourSofia[1177:3235b7] [com.apple.network:boringssl] boringssl_context_info_handler(2466) [C3.1.1.1:2][0x10b304850] Client handshake state: TLS client enter_early_data
2026-08-17 11:34:38.072 Db YourSofia[1177:3235b7] [com.apple.network:boringssl] nw_protocol_boringssl_write_bytes(260) [C3.1.1.1:2][0x10b304850] write request: 1522
2026-08-17 11:34:38.072 Db YourSofia[1177:3235b7] [com.apple.network:boringssl] nw_protocol_boringssl_allocate_batching_frame(236) [C3.1.1.1:2][0x10b304850] allocated new batching frame: 1522 bytes capacity
2026-08-17 11:34:38.072 Db YourSofia[1177:3235b7] [com.apple.network:boringssl] nw_protocol_boringssl_write_to_batching_frame(186) [C3.1.1.1:2][0x10b304850] wrote 1522 bytes to batching frame
2026-08-17 11:34:38.072 Db YourSofia[1177:3235b7] [com.apple.network:boringssl] nw_protocol_boringssl_flush_batching_frame(144) [C3.1.1.1:2][0x10b304850] flushed batching frame: frame full
2026-08-17 11:34:38.072 Db YourSofia[1177:3235b7] [com.apple.network:boringssl] nw_protocol_boringssl_write_bytes(305) [C3.1.1.1:2][0x10b304850] total bytes written: 1522
2026-08-17 11:34:38.072 Df YourSofia[1177:3235b7] [com.apple.network:boringssl] boringssl_context_info_handler(2466) [C3.1.1.1:2][0x10b304850] Client handshake state: TLS client read_server_hello
2026-08-17 11:34:38.072 Db YourSofia[1177:3235b7] [com.apple.network:boringssl] nw_protocol_boringssl_read_bytes(370) [C3.1.1.1:2][0x10b304850] read request: 5 byte(s)
2026-08-17 11:34:38.072 Db YourSofia[1177:3235b7] [com.apple.network:boringssl] nw_protocol_boringssl_read_bytes(385) [C3.1.1.1:2][0x10b304850] no input frames available
2026-08-17 11:34:38.072 I  YourSofia[1177:3235b7] [com.apple.network:boringssl] boringssl_session_handshake_incomplete(257) [C3.1.1.1:2][0x10b304850] Handshake incomplete: waiting for data to read [2]
2026-08-17 11:34:38.072 Db YourSofia[1177:3235b7] [com.apple.network:boringssl] nw_protocol_boringssl_read_bytes(370) [C3.1.1.1:2][0x10b304850] read request: 5 byte(s)
2026-08-17 11:34:38.072 Db YourSofia[1177:3235b7] [com.apple.network:boringssl] nw_protocol_boringssl_read_bytes(385) [C3.1.1.1:2][0x10b304850] no input frames available
2026-08-17 11:34:38.072 I  YourSofia[1177:3235b7] [com.apple.network:boringssl] boringssl_session_handshake_incomplete(257) [C3.1.1.1:2][0x10b304850] Handshake incomplete: waiting for data to read [2]
2026-08-17 11:34:38.082 Db YourSofia[1177:3235b7] [com.apple.network:boringssl] nw_protocol_boringssl_input_available(1644) [C3.1.1.1:2][0x10b304850] triggering input available
2026-08-17 11:34:38.082 Db YourSofia[1177:3235b7] [com.apple.network:boringssl] nw_protocol_boringssl_read_bytes(370) [C3.1.1.1:2][0x10b304850] read request: 5 byte(s)
2026-08-17 11:34:38.082 Db YourSofia[1177:3235b7] [com.apple.network:boringssl] nw_protocol_boringssl_read_bytes(446) [C3.1.1.1:2][0x10b304850] total bytes read: 5
2026-08-17 11:34:38.082 Db YourSofia[1177:3235b7] [com.apple.network:boringssl] nw_protocol_boringssl_read_bytes(370) [C3.1.1.1:2][0x10b304850] read request: 95 byte(s)
2026-08-17 11:34:38.082 Db YourSofia[1177:3235b7] [com.apple.network:boringssl] nw_protocol_boringssl_read_bytes(446) [C3.1.1.1:2][0x10b304850] total bytes read: 95
2026-08-17 11:34:38.082 Db YourSofia[1177:3235b7] [com.apple.network:boringssl] boringssl_context_log_message(2529) [C3.1.1.1:2][0x10b304850] Reading SSL3_RT_HANDSHAKE 95 bytes
2026-08-17 11:34:38.082 Df YourSofia[1177:3235b7] [com.apple.network:boringssl] boringssl_context_info_handler(2466) [C3.1.1.1:2][0x10b304850] Client handshake state: TLS client read_server_certificate
2026-08-17 11:34:38.082 Db YourSofia[1177:3235b7] [com.apple.network:boringssl] nw_protocol_boringssl_read_bytes(370) [C3.1.1.1:2][0x10b304850] read request: 5 byte(s)
2026-08-17 11:34:38.082 Db YourSofia[1177:3235b7] [com.apple.network:boringssl] nw_protocol_boringssl_read_bytes(446) [C3.1.1.1:2][0x10b304850] total bytes read: 5
2026-08-17 11:34:38.082 Db YourSofia[1177:3235b7] [com.apple.network:boringssl] nw_protocol_boringssl_read_bytes(370) [C3.1.1.1:2][0x10b304850] read request: 6746 byte(s)
2026-08-17 11:34:38.082 Db YourSofia[1177:3235b7] [com.apple.network:boringssl] nw_protocol_boringssl_read_bytes(446) [C3.1.1.1:2][0x10b304850] total bytes read: 4095
2026-08-17 11:34:38.082 Db YourSofia[1177:3235b7] [com.apple.network:boringssl] nw_protocol_boringssl_read_bytes(370) [C3.1.1.1:2][0x10b304850] read request: 2651 byte(s)
2026-08-17 11:34:38.082 Db YourSofia[1177:3235b7] [com.apple.network:boringssl] nw_protocol_boringssl_read_bytes(385) [C3.1.1.1:2][0x10b304850] no input frames available
2026-08-17 11:34:38.082 I  YourSofia[1177:3235b7] [com.apple.network:boringssl] boringssl_session_handshake_incomplete(257) [C3.1.1.1:2][0x10b304850] Handshake incomplete: waiting for data to read [2]
2026-08-17 11:34:38.083 Db YourSofia[1177:3235b7] [com.apple.network:boringssl] nw_protocol_boringssl_input_available(1644) [C3.1.1.1:2][0x10b304850] triggering input available
2026-08-17 11:34:38.083 Db YourSofia[1177:3235b7] [com.apple.network:boringssl] nw_protocol_boringssl_read_bytes(370) [C3.1.1.1:2][0x10b304850] read request: 2651 byte(s)
2026-08-17 11:34:38.083 Db YourSofia[1177:3235b7] [com.apple.network:boringssl] nw_protocol_boringssl_read_bytes(446) [C3.1.1.1:2][0x10b304850] total bytes read: 2651
2026-08-17 11:34:38.083 Db YourSofia[1177:3235b7] [com.apple.network:boringssl] boringssl_context_log_message(2529) [C3.1.1.1:2][0x10b304850] Reading SSL3_RT_HANDSHAKE 6746 bytes
2026-08-17 11:34:38.083 Df YourSofia[1177:3235b7] [com.apple.network:boringssl] boringssl_context_info_handler(2466) [C3.1.1.1:2][0x10b304850] Client handshake state: TLS client read_certificate_status
2026-08-17 11:34:38.083 Df YourSofia[1177:3235b7] [com.apple.network:boringssl] boringssl_context_info_handler(2466) [C3.1.1.1:2][0x10b304850] Client handshake state: TLS client verify_server_certificate
2026-08-17 11:34:38.083 Db YourSofia[1177:3235b7] [com.apple.network:boringssl] boringssl_helper_create_sec_trust_with_certificates(631) [C3.1.1.1:2][0x10b304850] Key usage requirement set to 1
2026-08-17 11:34:38.083 Db YourSofia[1177:3235b7] [com.apple.network:boringssl] boringssl_helper_create_sec_trust_with_certificates(637) [C3.1.1.1:2][0x10b304850] SecTrustCreateWithCertificates result: 0
2026-08-17 11:34:38.083 Db YourSofia[1177:3235b7] [com.apple.network:boringssl] boringssl_helper_create_sec_trust_with_certificates(643) [C3.1.1.1:2][0x10b304850] SecTrustSetURLRequestAttribution(0) result: 0
2026-08-17 11:34:38.083 Db YourSofia[1177:3235b7] [com.apple.network:boringssl] boringssl_helper_create_sec_trust_with_certificates(651) [C3.1.1.1:2][0x10b304850] No TLS-provided OCSP response
2026-08-17 11:34:38.083 Db YourSofia[1177:3235b7] [com.apple.network:boringssl] boringssl_helper_create_sec_trust_with_certificates(658) [C3.1.1.1:2][0x10b304850] No TLS-provided SCTs
2026-08-17 11:34:38.083 Db YourSofia[1177:3235b7] [com.apple.network:boringssl] boringssl_session_set_peer_verification_state_from_session(496) [C3.1.1.1:2][0x10b304850] Set peer trust data
2026-08-17 11:34:38.083 Df YourSofia[1177:3235b7] [com.apple.network:boringssl] boringssl_context_evaluate_trust_async(1892) [C3.1.1.1:2][0x10b304850] Performing external trust evaluation
2026-08-17 11:34:38.083 A  YourSofia[1177:3235b7] (Security) SecKeyCopyPublicBytes
2026-08-17 11:34:38.083 Df YourSofia[1177:3235b7] [com.apple.network:boringssl] boringssl_context_evaluate_trust_async_external(1877) [C3.1.1.1:2][0x10b304850] Asyncing for external verify block
2026-08-17 11:34:38.083 I  YourSofia[1177:3235b7] [com.apple.network:boringssl] boringssl_session_handshake_incomplete(257) [C3.1.1.1:2][0x10b304850] Handshake incomplete: certificate evaluation result pending [16]
2026-08-17 11:34:38.083 Db YourSofia[1177:3235b7] [com.apple.network:boringssl] boringssl_context_evaluate_trust_async_external_block_invoke(1872) [C3.1.1.1:2][0x10b304850] Invoking verify block
2026-08-17 11:34:38.083 Df YourSofia[1177:3235b7] [com.apple.CFNetwork:Default] Connection 3: asked to evaluate TLS Trust
2026-08-17 11:34:38.083 Db YourSofia[1177:3235b7] [com.apple.CFNetwork:Default] [TLSCBQ] Need to invoke to satisfy trust callback
2026-08-17 11:34:38.084 Df YourSofia[1177:3235bc] [com.apple.CFNetwork:Default] Task <B870F218-0877-437B-B598-575FF12E8437>.<1> auth completion disp=1 cred=0x0
2026-08-17 11:34:38.084 Db YourSofia[1177:3235bc] [com.apple.securityd:trust] (Trust 0x60000351c2c0) waiting for queue
2026-08-17 11:34:38.084 Df YourSofia[1177:3235bc] [com.apple.securityd:trust] (Trust 0x60000351c2c0) No pending evals, starting
2026-08-17 11:34:38.084 Db YourSofia[1177:3235bc] [com.apple.securityd:trust] (Trust 0x60000351c2c0) Started eval block
2026-08-17 11:34:38.084 A  YourSofia[1177:3235bc] (Security) SecTrustEvaluateIfNecessaryFastAsync
2026-08-17 11:34:38.084 Db YourSofia[1177:3235bc] [com.apple.securityd:xpc] user sessions enabled, targeting 501
2026-08-17 11:34:38.084 Df YourSofia[1177:3235bc] [com.apple.xpc:connection] [0x105e07b10] activating connection: mach=true listener=false peer=false name=com.apple.trustd
2026-08-17 11:34:38.084 Df YourSofia[1177:3235bc] [com.apple.securityd:trust] (Trust 0x60000351c2c0) Completed async eval kickoff
2026-08-17 11:34:38.101 Df YourSofia[1177:3235bc] [com.apple.securityd:trust] (Trust 0x60000351c2c0) trustd returned 4
2026-08-17 11:34:38.101 Db YourSofia[1177:3235bc] [com.apple.securityd:trust] (Trust 0x60000351c2c0) Kick off pending evals
2026-08-17 11:34:38.101 Db YourSofia[1177:3235bc] [com.apple.securityd:trust] (Trust 0x60000351c2c0) Calling completion block after async xpc
2026-08-17 11:34:38.101 Df YourSofia[1177:3235bc] [com.apple.CFNetwork:Default] System Trust Evaluation yielded status(0)
2026-08-17 11:34:38.101 Db YourSofia[1177:3235bc] [com.apple.securityd:trust] (Trust 0x6000035100b0) waiting for queue
2026-08-17 11:34:38.101 Df YourSofia[1177:3235bc] [com.apple.securityd:trust] (Trust 0x6000035100b0) No pending evals, starting
2026-08-17 11:34:38.101 Db YourSofia[1177:3235bc] [com.apple.securityd:trust] (Trust 0x6000035100b0) Started eval block
2026-08-17 11:34:38.101 A  YourSofia[1177:3235bc] (Security) SecTrustEvaluateIfNecessaryFastAsync
2026-08-17 11:34:38.101 Db YourSofia[1177:3235bc] [com.apple.securityd:xpc] user sessions enabled, targeting 501
2026-08-17 11:34:38.102 Df YourSofia[1177:3235bc] [com.apple.xpc:connection] [0x10513f9b0] activating connection: mach=true listener=false peer=false name=com.apple.trustd
2026-08-17 11:34:38.102 Df YourSofia[1177:3235bc] [com.apple.securityd:trust] (Trust 0x6000035100b0) Completed async eval kickoff
2026-08-17 11:34:38.102 Db YourSofia[1177:3235bc] [com.apple.securityd:xpc] cleaning up unpooled xpc conn to trustd 0x105e07b10
2026-08-17 11:34:38.102 Df YourSofia[1177:3235bc] [com.apple.xpc:connection] [0x105e07b10] invalidated because the current process cancelled the connection by calling xpc_connection_cancel()
2026-08-17 11:34:38.102 Db YourSofia[1177:3235b6] [com.apple.securityd:xpc] got event: Connection invalid
2026-08-17 11:34:38.104 Df YourSofia[1177:3235b6] [com.apple.securityd:trust] (Trust 0x6000035100b0) trustd returned 4
2026-08-17 11:34:38.105 Db YourSofia[1177:3235b6] [com.apple.securityd:trust] (Trust 0x6000035100b0) Kick off pending evals
2026-08-17 11:34:38.105 Db YourSofia[1177:3235b6] [com.apple.securityd:trust] (Trust 0x6000035100b0) Calling completion block after async xpc
2026-08-17 11:34:38.105 Df YourSofia[1177:3235b6] [com.apple.CFNetwork:Default] Connection 3: TLS Trust result 0
2026-08-17 11:34:38.105 Df YourSofia[1177:3235b6] [com.apple.network:boringssl] boringssl_context_evaluate_trust_async_external_block_invoke_3(1819) [C3.1.1.1:2][0x10b304850] Returning from external verify block with result: true
2026-08-17 11:34:38.105 Db YourSofia[1177:3235b6] [com.apple.network:boringssl] boringssl_context_evaluate_trust_async_external_block_invoke(1835) [C3.1.1.1:2][0x10b304850] Certificate signature alg: 5
2026-08-17 11:34:38.105 Db YourSofia[1177:3235b6] [com.apple.network:boringssl] boringssl_context_evaluate_trust_async_external_block_invoke_2(1860) [C3.1.1.1:2][0x10b304850] Setting verify result to true
2026-08-17 11:34:38.105 Df YourSofia[1177:3235b6] [com.apple.network:boringssl] boringssl_context_certificate_verify_callback(2073) [C3.1.1.1:2][0x10b304850] Certificate verification result: OK
2026-08-17 11:34:38.105 Df YourSofia[1177:3235b6] [com.apple.network:boringssl] boringssl_context_info_handler(2466) [C3.1.1.1:2][0x10b304850] Client handshake state: TLS client read_server_key_exchange
2026-08-17 11:34:38.105 Db YourSofia[1177:3235b6] [com.apple.network:boringssl] nw_protocol_boringssl_read_bytes(370) [C3.1.1.1:2][0x10b304850] read request: 5 byte(s)
2026-08-17 11:34:38.105 Db YourSofia[1177:3235b6] [com.apple.network:boringssl] nw_protocol_boringssl_read_bytes(446) [C3.1.1.1:2][0x10b304850] total bytes read: 5
2026-08-17 11:34:38.105 Db YourSofia[1177:3235b6] [com.apple.network:boringssl] nw_protocol_boringssl_read_bytes(370) [C3.1.1.1:2][0x10b304850] read request: 589 byte(s)
2026-08-17 11:34:38.105 Db YourSofia[1177:3235b6] [com.apple.network:boringssl] nw_protocol_boringssl_read_bytes(446) [C3.1.1.1:2][0x10b304850] total bytes read: 589
2026-08-17 11:34:38.105 Db YourSofia[1177:3235b6] [com.apple.network:boringssl] boringssl_context_log_message(2529) [C3.1.1.1:2][0x10b304850] Reading SSL3_RT_HANDSHAKE 589 bytes
2026-08-17 11:34:38.105 Df YourSofia[1177:3235b6] [com.apple.network:boringssl] boringssl_context_info_handler(2466) [C3.1.1.1:2][0x10b304850] Client handshake state: TLS client read_certificate_request
2026-08-17 11:34:38.105 Db YourSofia[1177:3235b6] [com.apple.network:boringssl] nw_protocol_boringssl_read_bytes(370) [C3.1.1.1:2][0x10b304850] read request: 5 byte(s)
2026-08-17 11:34:38.105 Db YourSofia[1177:3235b6] [com.apple.network:boringssl] nw_protocol_boringssl_read_bytes(446) [C3.1.1.1:2][0x10b304850] total bytes read: 5
2026-08-17 11:34:38.105 Db YourSofia[1177:3235b6] [com.apple.network:boringssl] nw_protocol_boringssl_read_bytes(370) [C3.1.1.1:2][0x10b304850] read request: 4 byte(s)
2026-08-17 11:34:38.105 Db YourSofia[1177:3235b6] [com.apple.network:boringssl] nw_protocol_boringssl_read_bytes(446) [C3.1.1.1:2][0x10b304850] total bytes read: 4
2026-08-17 11:34:38.105 Db YourSofia[1177:3235b6] [com.apple.network:boringssl] boringssl_context_log_message(2529) [C3.1.1.1:2][0x10b304850] Reading SSL3_RT_HANDSHAKE 4 bytes
2026-08-17 11:34:38.105 Df YourSofia[1177:3235b6] [com.apple.network:boringssl] boringssl_context_info_handler(2466) [C3.1.1.1:2][0x10b304850] Client handshake state: TLS client read_server_hello_done
2026-08-17 11:34:38.105 Df YourSofia[1177:3235b6] [com.apple.network:boringssl] boringssl_context_info_handler(2466) [C3.1.1.1:2][0x10b304850] Client handshake state: TLS client send_client_certificate
2026-08-17 11:34:38.105 Df YourSofia[1177:3235b6] [com.apple.network:boringssl] boringssl_context_info_handler(2466) [C3.1.1.1:2][0x10b304850] Client handshake state: TLS client send_client_key_exchange
2026-08-17 11:34:38.105 Db YourSofia[1177:3235b6] [com.apple.network:boringssl] boringssl_context_log_message(2529) [C3.1.1.1:2][0x10b304850] Writing SSL3_RT_HANDSHAKE 70 bytes
2026-08-17 11:34:38.105 Df YourSofia[1177:3235b6] [com.apple.network:boringssl] boringssl_context_info_handler(2466) [C3.1.1.1:2][0x10b304850] Client handshake state: TLS client send_client_certificate_verify
2026-08-17 11:34:38.105 Df YourSofia[1177:3235b6] [com.apple.network:boringssl] boringssl_context_info_handler(2466) [C3.1.1.1:2][0x10b304850] Client handshake state: TLS client send_client_finished
2026-08-17 11:34:38.105 Db YourSofia[1177:3235b6] [com.apple.network:boringssl] boringssl_context_log_message(2529) [C3.1.1.1:2][0x10b304850] Writing SSL3_RT_CHANGE_CIPHER_SPEC 1 bytes
2026-08-17 11:34:38.106 Db YourSofia[1177:3235b6] [com.apple.network:boringssl] boringssl_context_log_message(2529) [C3.1.1.1:2][0x10b304850] Writing SSL3_RT_HANDSHAKE 16 bytes
2026-08-17 11:34:38.106 Df YourSofia[1177:3235b6] [com.apple.network:boringssl] boringssl_context_info_handler(2466) [C3.1.1.1:2][0x10b304850] Client handshake state: TLS client finish_flight
2026-08-17 11:34:38.106 Db YourSofia[1177:3235b6] [com.apple.network:boringssl] nw_protocol_boringssl_write_bytes(260) [C3.1.1.1:2][0x10b304850] write request: 126
2026-08-17 11:34:38.106 Db YourSofia[1177:3235b6] [com.apple.network:boringssl] nw_protocol_boringssl_allocate_batching_frame(236) [C3.1.1.1:2][0x10b304850] allocated new batching frame: 126 bytes capacity
2026-08-17 11:34:38.106 Db YourSofia[1177:3235b6] [com.apple.network:boringssl] nw_protocol_boringssl_write_to_batching_frame(186) [C3.1.1.1:2][0x10b304850] wrote 126 bytes to batching frame
2026-08-17 11:34:38.106 Db YourSofia[1177:3235b6] [com.apple.network:boringssl] nw_protocol_boringssl_flush_batching_frame(144) [C3.1.1.1:2][0x10b304850] flushed batching frame: frame full
2026-08-17 11:34:38.106 Db YourSofia[1177:3235b6] [com.apple.network:boringssl] nw_protocol_boringssl_write_bytes(305) [C3.1.1.1:2][0x10b304850] total bytes written: 126
2026-08-17 11:34:38.106 Df YourSofia[1177:3235b6] [com.apple.network:boringssl] boringssl_context_info_handler(2466) [C3.1.1.1:2][0x10b304850] Client handshake state: TLS client read_session_ticket
2026-08-17 11:34:38.106 Df YourSofia[1177:3235b6] [com.apple.network:boringssl] boringssl_context_info_handler(2466) [C3.1.1.1:2][0x10b304850] Client handshake state: TLS client process_change_cipher_spec
2026-08-17 11:34:38.106 Db YourSofia[1177:3235b6] [com.apple.network:boringssl] nw_protocol_boringssl_read_bytes(370) [C3.1.1.1:2][0x10b304850] read request: 5 byte(s)
2026-08-17 11:34:38.106 Db YourSofia[1177:3235b6] [com.apple.network:boringssl] nw_protocol_boringssl_read_bytes(385) [C3.1.1.1:2][0x10b304850] no input frames available
2026-08-17 11:34:38.106 I  YourSofia[1177:3235b6] [com.apple.network:boringssl] boringssl_session_handshake_incomplete(257) [C3.1.1.1:2][0x10b304850] Handshake incomplete: waiting for data to read [2]
2026-08-17 11:34:38.106 Db YourSofia[1177:3235b6] [com.apple.network:boringssl] nw_protocol_boringssl_read_bytes(370) [C3.1.1.1:2][0x10b304850] read request: 5 byte(s)
2026-08-17 11:34:38.106 Db YourSofia[1177:3235b6] [com.apple.network:boringssl] nw_protocol_boringssl_read_bytes(385) [C3.1.1.1:2][0x10b304850] no input frames available
2026-08-17 11:34:38.106 I  YourSofia[1177:3235b6] [com.apple.network:boringssl] boringssl_session_handshake_incomplete(257) [C3.1.1.1:2][0x10b304850] Handshake incomplete: waiting for data to read [2]
2026-08-17 11:34:38.106 Db YourSofia[1177:3235b6] [com.apple.securityd:xpc] cleaning up unpooled xpc conn to trustd 0x10513f9b0
2026-08-17 11:34:38.106 Df YourSofia[1177:3235b6] [com.apple.xpc:connection] [0x10513f9b0] invalidated because the current process cancelled the connection by calling xpc_connection_cancel()
2026-08-17 11:34:38.106 Db YourSofia[1177:3235b7] [com.apple.securityd:xpc] got event: Connection invalid
2026-08-17 11:34:38.111 Db YourSofia[1177:3235b5] [com.apple.network:boringssl] nw_protocol_boringssl_input_available(1644) [C3.1.1.1:2][0x10b304850] triggering input available
2026-08-17 11:34:38.111 Db YourSofia[1177:3235b5] [com.apple.network:boringssl] nw_protocol_boringssl_read_bytes(370) [C3.1.1.1:2][0x10b304850] read request: 5 byte(s)
2026-08-17 11:34:38.111 Db YourSofia[1177:3235b5] [com.apple.network:boringssl] nw_protocol_boringssl_read_bytes(446) [C3.1.1.1:2][0x10b304850] total bytes read: 5
2026-08-17 11:34:38.111 Db YourSofia[1177:3235b5] [com.apple.network:boringssl] nw_protocol_boringssl_read_bytes(370) [C3.1.1.1:2][0x10b304850] read request: 1 byte(s)
2026-08-17 11:34:38.111 Db YourSofia[1177:3235b5] [com.apple.network:boringssl] nw_protocol_boringssl_read_bytes(446) [C3.1.1.1:2][0x10b304850] total bytes read: 1
2026-08-17 11:34:38.111 Db YourSofia[1177:3235b5] [com.apple.network:boringssl] boringssl_context_log_message(2529) [C3.1.1.1:2][0x10b304850] Reading SSL3_RT_CHANGE_CIPHER_SPEC 1 bytes
2026-08-17 11:34:38.111 Df YourSofia[1177:3235b5] [com.apple.network:boringssl] boringssl_context_info_handler(2466) [C3.1.1.1:2][0x10b304850] Client handshake state: TLS client read_server_finished
2026-08-17 11:34:38.111 Db YourSofia[1177:3235b5] [com.apple.network:boringssl] nw_protocol_boringssl_read_bytes(370) [C3.1.1.1:2][0x10b304850] read request: 5 byte(s)
2026-08-17 11:34:38.111 Db YourSofia[1177:3235b5] [com.apple.network:boringssl] nw_protocol_boringssl_read_bytes(446) [C3.1.1.1:2][0x10b304850] total bytes read: 5
2026-08-17 11:34:38.111 Db YourSofia[1177:3235b5] [com.apple.network:boringssl] nw_protocol_boringssl_read_bytes(370) [C3.1.1.1:2][0x10b304850] read request: 40 byte(s)
2026-08-17 11:34:38.111 Db YourSofia[1177:3235b5] [com.apple.network:boringssl] nw_protocol_boringssl_read_bytes(446) [C3.1.1.1:2][0x10b304850] total bytes read: 40
2026-08-17 11:34:38.111 Db YourSofia[1177:3235b5] [com.apple.network:boringssl] boringssl_context_log_message(2529) [C3.1.1.1:2][0x10b304850] Reading SSL3_RT_HANDSHAKE 16 bytes
2026-08-17 11:34:38.111 Df YourSofia[1177:3235b5] [com.apple.network:boringssl] boringssl_context_info_handler(2466) [C3.1.1.1:2][0x10b304850] Client handshake state: TLS client finish_client_handshake
2026-08-17 11:34:38.111 I  YourSofia[1177:3235b5] [com.apple.network:boringssl] boringssl_context_new_session_handler(1541) [C3.1.1.1:2][0x10b304850] New session available
2026-08-17 11:34:38.111 A  YourSofia[1177:3235b5] (Security) SecKeyCopyPublicBytes
2026-08-17 11:34:38.111 Db YourSofia[1177:3235b5] [com.apple.network:boringssl] boringssl_context_new_session_handler(1573) [C3.1.1.1:2][0x10b304850] Installing session cache state
2026-08-17 11:34:38.111 Df YourSofia[1177:3235b5] [com.apple.network:boringssl] boringssl_context_info_handler(2466) [C3.1.1.1:2][0x10b304850] Client handshake state: TLS client done
2026-08-17 11:34:38.111 Df YourSofia[1177:3235b5] [com.apple.network:boringssl] boringssl_context_info_handler(2455) [C3.1.1.1:2][0x10b304850] Client handshake done
2026-08-17 11:34:38.111 Db YourSofia[1177:3235b5] [com.apple.network:boringssl] boringssl_helper_create_sec_trust_with_certificates(631) [C3.1.1.1:2][0x10b304850] Key usage requirement set to 1
2026-08-17 11:34:38.112 Db YourSofia[1177:3235b5] [com.apple.network:boringssl] boringssl_helper_create_sec_trust_with_certificates(637) [C3.1.1.1:2][0x10b304850] SecTrustCreateWithCertificates result: 0
2026-08-17 11:34:38.112 Db YourSofia[1177:3235b5] [com.apple.network:boringssl] boringssl_helper_create_sec_trust_with_certificates(643) [C3.1.1.1:2][0x10b304850] SecTrustSetURLRequestAttribution(0) result: 0
2026-08-17 11:34:38.112 Db YourSofia[1177:3235b5] [com.apple.network:boringssl] boringssl_helper_create_sec_trust_with_certificates(651) [C3.1.1.1:2][0x10b304850] No TLS-provided OCSP response
2026-08-17 11:34:38.112 Db YourSofia[1177:3235b5] [com.apple.network:boringssl] boringssl_helper_create_sec_trust_with_certificates(658) [C3.1.1.1:2][0x10b304850] No TLS-provided SCTs
2026-08-17 11:34:38.112 Db YourSofia[1177:3235b5] [com.apple.network:boringssl] boringssl_session_set_peer_verification_state_from_session(496) [C3.1.1.1:2][0x10b304850] Set peer trust data
2026-08-17 11:34:38.112 Db YourSofia[1177:3235b5] [com.apple.network:boringssl] boringssl_session_set_state(830) [C3.1.1.1:2][0x10b304850] boringssl session state changed from connecting to connected
2026-08-17 11:34:38.112 A  YourSofia[1177:3235b5] (Security) SecKeyCopyPublicBytes
2026-08-17 11:34:38.112 Df YourSofia[1177:3235b5] [com.apple.network:boringssl] nw_protocol_boringssl_signal_connected(895) [C3.1.1.1:2][0x10b304850] TLS connected [server(0) version(0x0303) ciphersuite(TLS_ECDHE_RSA_WITH_AES_128_GCM_SHA256) group(0x0017) signature_alg(0x0401) alpn(nil) resumed(0) offered_ticket(0) in_early_data(0) early_data_accepted(0) false_started(0) ocsp_received(0) sct_received(0) connect_time(41ms) flight_time(16ms) rtt(10ms) write_stalls(0) read_stalls(5) pake(0x0000)]
2026-08-17 11:34:38.112 Db YourSofia[1177:3235b5] [com.apple.network:boringssl] nw_protocol_boringssl_waiting_for_output(2357) [C3.1.1.1:2][0x10b304850] Waiting for output: false
2026-08-17 11:34:38.112 Db YourSofia[1177:3235b5] [com.apple.network:boringssl] nw_protocol_boringssl_waiting_for_output(2357) [C3.1.1.1:2][0x10b304850] Waiting for output: false
2026-08-17 11:34:38.112 Df YourSofia[1177:3235b5] [com.apple.network:connection] nw_flow_connected [C3.1.1.1 IPv4#ed082075:443 in_progress socket-flow (satisfied (Path is satisfied), interface: en0[802.11], uses wifi, LQM: unknown)] Output protocol connected (CFNetworkConnection-277997857)
2026-08-17 11:34:38.112 Db YourSofia[1177:3235b5] [com.apple.network:connection] nw_endpoint_flow_connected_path_change [C3.1.1.1 IPv4#ed082075:443 ready socket-flow (satisfied (Path is satisfied), interface: en0[802.11], uses wifi, LQM: unknown)]
2026-08-17 11:34:38.112 I  YourSofia[1177:3235b5] [com.apple.network:connection] nw_endpoint_flow_connected_path_change [C3.1.1.1 IPv4#ed082075:443 ready socket-flow (satisfied (Path is satisfied), interface: en0[802.11], uses wifi, LQM: unknown)] Connected path is satisfied, not viable
2026-08-17 11:34:38.112 Db YourSofia[1177:3235b5] [com.apple.network:connection] nw_endpoint_resolver_receive_report [C3.1.1 Hostname#57c872f4:443 in_progress resolver (satisfied (Path is satisfied), interface: en0[802.11], uses wifi, LQM: unknown)] received child report: [C3.1.1.1 IPv4#ed082075:443 ready socket-flow (satisfied (Path is satisfied), interface: en0[802.11], uses wifi, LQM: unknown)]
2026-08-17 11:34:38.112 Db YourSofia[1177:3235b5] [com.apple.network:connection] nw_endpoint_transform_receive_report [C3.1 Hostname#57c872f4:443 in_progress transform (satisfied (Path is satisfied), interface: en0[802.11], uses wifi, LQM: unknown)] received child report: [C3.1.1.1 IPv4#ed082075:443 ready socket-flow (satisfied (Path is satisfied), interface: en0[802.11], uses wifi, LQM: unknown)]
2026-08-17 11:34:38.112 Db YourSofia[1177:3235b5] [com.apple.network:connection] nw_endpoint_flow_receive_report [C3 Hostname#57c872f4:443 in_progress parent-flow (satisfied (Path is satisfied), interface: en0[802.11], uses wifi, LQM: unknown)] received child report: [C3.1.1.1 IPv4#ed082075:443 ready socket-flow (satisfied (Path is satisfied), interface: en0[802.11], uses wifi, LQM: unknown)]
2026-08-17 11:34:38.112 Df YourSofia[1177:3235b5] [com.apple.network:connection] [C3.1.1.1 IPv4#ed082075:443 ready socket-flow (satisfied (Path is satisfied), interface: en0[802.11], uses wifi, LQM: unknown)] event: flow:child_finish_connect @1.118s
2026-08-17 11:34:38.112 Db YourSofia[1177:3235b5] [com.apple.network:connection] nw_endpoint_flow_receive_report [C3 IPv4#ed082075:443 in_progress parent-flow (satisfied (Path is satisfied), interface: en0[802.11], uses wifi, LQM: unknown)] connecting endpoint_flow to child's shared protocol
2026-08-17 11:34:38.112 Db YourSofia[1177:3235b5] [com.apple.network:connection] nw_endpoint_flow_setup_protocols [C3 IPv4#ed082075:443 in_progress parent-flow (satisfied (Path is satisfied), interface: en0[802.11], uses wifi, LQM: unknown)] already set up
2026-08-17 11:34:38.112 Db YourSofia[1177:3235b5] [com.apple.network:connection] nw_endpoint_flow_setup_protocols [C3 IPv4#ed082075:443 in_progress parent-flow (satisfied (Path is satisfied), interface: en0[802.11], uses wifi, LQM: unknown)] child flow connected, starting
2026-08-17 11:34:38.112 Db YourSofia[1177:3235b5] [com.apple.network:connection] nw_endpoint_flow_setup_protocols [C3 IPv4#ed082075:443 in_progress parent-flow (satisfied (Path is satisfied), interface: en0[802.11], uses wifi, LQM: unknown)] already started
2026-08-17 11:34:38.112 Db YourSofia[1177:3235b5] [com.apple.network:connection] nw_endpoint_transform_receive_report [C3.1 Hostname#57c872f4:443 in_progress transform (satisfied (Path is satisfied), interface: en0[802.11], uses wifi, LQM: unknown)] received child report: [C3.1.1 Hostname#57c872f4:443 ready resolver (satisfied (Path is satisfied), interface: en0[802.11], uses wifi, LQM: unknown)]
2026-08-17 11:34:38.112 Db YourSofia[1177:3235b5] [com.apple.network:connection] nw_endpoint_flow_receive_report [C3 IPv4#ed082075:443 in_progress parent-flow (satisfied (Path is satisfied), interface: en0[802.11], uses wifi, LQM: unknown)] received child report: [C3.1.1 Hostname#57c872f4:443 ready resolver (satisfied (Path is satisfied), interface: en0[802.11], uses wifi, LQM: unknown)]
2026-08-17 11:34:38.112 Df YourSofia[1177:3235b5] [com.apple.network:connection] [C3.1.1 Hostname#57c872f4:443 ready resolver (satisfied (Path is satisfied), interface: en0[802.11], uses wifi, LQM: unknown)] event: flow:child_finish_connect @1.118s
2026-08-17 11:34:38.112 Db YourSofia[1177:3235b5] [com.apple.network:connection] nw_endpoint_flow_receive_report [C3 IPv4#ed082075:443 in_progress parent-flow (satisfied (Path is satisfied), interface: en0[802.11], uses wifi, LQM: unknown)] received child report: [C3.1 Hostname#57c872f4:443 ready transform (satisfied (Path is satisfied), interface: en0[802.11], uses wifi, LQM: unknown)]
2026-08-17 11:34:38.112 Df YourSofia[1177:3235b5] [com.apple.network:connection] [C3.1 Hostname#57c872f4:443 ready transform (satisfied (Path is satisfied), interface: en0[802.11], uses wifi, LQM: unknown)] event: flow:child_finish_connect @1.118s
2026-08-17 11:34:38.112 Db YourSofia[1177:3235b5] [com.apple.network:boringssl] nw_protocol_boringssl_waiting_for_output(2357) [C3.1.1.1:2][0x10b304850] Waiting for output: false
2026-08-17 11:34:38.112 Df YourSofia[1177:3235b5] [com.apple.network:connection] nw_flow_connected [C3 IPv4#ed082075:443 in_progress parent-flow (satisfied (Path is satisfied), interface: en0[802.11], uses wifi, LQM: unknown)] Output protocol connected (endpoint_flow)
2026-08-17 11:34:38.112 Db YourSofia[1177:3235b5] [com.apple.network:connection] nw_endpoint_flow_connected_path_change [C3 IPv4#ed082075:443 ready parent-flow (satisfied (Path is satisfied), interface: en0[802.11], uses wifi, LQM: unknown)]
2026-08-17 11:34:38.112 I  YourSofia[1177:3235b5] [com.apple.network:connection] nw_endpoint_flow_connected_path_change [C3 IPv4#ed082075:443 ready parent-flow (satisfied (Path is satisfied), interface: en0[802.11], uses wifi, LQM: unknown)] Connected path is satisfied, child is not viable
2026-08-17 11:34:38.112 Df YourSofia[1177:3235b5] [com.apple.network:connection] [C3 IPv4#ed082075:443 ready parent-flow (satisfied (Path is satisfied), interface: en0[802.11], uses wifi, LQM: unknown)] event: flow:finish_connect @1.118s
2026-08-17 11:34:38.112 Db YourSofia[1177:3235b5] [com.apple.network:connection] nw_connection_run_pqtls_probe_locked_on_nw_queue [C3] TLS 1.3 wasn't the negotiated protocol; not running PQ-TLS probe
2026-08-17 11:34:38.112 Db YourSofia[1177:3235b5] [com.apple.network:connection] nw_connection_run_ech_probe_locked_on_nw_queue [C3] stack doesn't include TLS; not running ECH probe
2026-08-17 11:34:38.112 Db YourSofia[1177:3235b5] [com.apple.network:connection] nw_connection_endpoint_report_on_nw_queue_block_invoke [C3] Connected fallback generation 0
2026-08-17 11:34:38.112 I  YourSofia[1177:3235b5] [com.apple.network:connection] nw_connection_start_candidate_manager_if_needed_locked [C3] Checking whether to start candidate manager
2026-08-17 11:34:38.112 Db YourSofia[1177:3235b5] [com.apple.network:connection] nw_connection_start_candidate_manager_if_needed_locked [C3] Connection does not support multipath, not starting candidate manager
2026-08-17 11:34:38.112 Df YourSofia[1177:3235b5] [com.apple.network:connection] nw_connection_report_state_with_handler_on_nw_queue [C3] reporting state ready
2026-08-17 11:34:38.112 Df YourSofia[1177:3235b5] [com.apple.CFNetwork:Default] Connection 3: connected successfully
2026-08-17 11:34:38.113 Df YourSofia[1177:3235b5] [com.apple.CFNetwork:Default] Connection 3: TLS handshake complete
2026-08-17 11:34:38.113 Df YourSofia[1177:3235b5] [com.apple.CFNetwork:Default] Connection 3: ready C(N) E(N)
2026-08-17 11:34:38.113 Db YourSofia[1177:3235b5] [com.apple.CFNetwork:Default] Task <B870F218-0877-437B-B598-575FF12E8437>.<1> done setting up Connection 3
2026-08-17 11:34:38.113 Db YourSofia[1177:3235b5] [com.apple.network:activity] Returning should log: 0 for activity cfnetwork:foreground_task
2026-08-17 11:34:38.113 Df YourSofia[1177:3235b5] [com.apple.CFNetwork:Default] Task <B870F218-0877-437B-B598-575FF12E8437>.<1> now using Connection 3
2026-08-17 11:34:38.113 Db YourSofia[1177:3235b5] [com.apple.network:activity] Returning should log: 0 for activity cfnetwork:foreground_task
2026-08-17 11:34:38.113 Df YourSofia[1177:3235b5] [com.apple.CFNetwork:Default] Task <B870F218-0877-437B-B598-575FF12E8437>.<1> sent request, body N 0
2026-08-17 11:34:38.148 Df YourSofia[1177:3235b7] [com.apple.CFNetwork:Default] Task <B870F218-0877-437B-B598-575FF12E8437>.<1> received response, status 200 content C
2026-08-17 11:34:38.182 Df YourSofia[1177:3235b5] [com.apple.CFNetwork:Default] Task <B870F218-0877-437B-B598-575FF12E8437>.<1> response ended
2026-08-17 11:34:38.182 Df YourSofia[1177:3235b5] [com.apple.CFNetwork:Default] Task <B870F218-0877-437B-B598-575FF12E8437>.<1> done using Connection 3
2026-08-17 11:34:38.182 Db YourSofia[1177:3235b5] [com.apple.network:activity] Returning should log: 0 for activity cfnetwork:foreground_task
2026-08-17 11:34:38.182 Db YourSofia[1177:3235b5] [com.apple.CFNetwork:Default] Connection 3: set is idle true
2026-08-17 11:34:38.182 Df YourSofia[1177:3235b5] [com.apple.network:connection] [C3] event: client:connection_idle @1.188s
2026-08-17 11:34:38.182 I  YourSofia[1177:3235b5] [com.apple.network:connection] nw_endpoint_handler_report_connection_idle [C3 IPv4#ed082075:443 ready parent-flow (satisfied (Path is satisfied), interface: en0[802.11], uses wifi, LQM: unknown)] Reporting connection idle to protocols
2026-08-17 11:34:38.182 I  YourSofia[1177:3235b5] [com.apple.network:connection] nw_flow_passthrough_notify [C3.1.1.1 IPv4#ed082075:443 ready socket-flow (satisfied (Path is satisfied), interface: en0[802.11], uses wifi, LQM: unknown)] received notification connection_idle
2026-08-17 11:34:38.182 Df YourSofia[1177:3235b5] [com.apple.network:connection] nw_protocol_socket_notify [C3.1.1.1:3] nw_protocol_notification_type_connection_idle is true
2026-08-17 11:34:38.182 Db YourSofia[1177:3235b5] [com.apple.CFNetwork:Default] Connection 3: set is idle true
2026-08-17 11:34:38.182 Df YourSofia[1177:3235b6] [com.apple.CFNetwork:Summary] Task <B870F218-0877-437B-B598-575FF12E8437>.<1> summary for task success {transaction_duration_ms=1189, response_status=200, connection=3, protocol="http/1.1", domain_lookup_duration_ms=1054, connect_duration_ms=47, secure_connection_duration_ms=41, private_relay=false, request_start_ms=1120, request_duration_ms=0, response_start_ms=1155, response_duration_ms=33, request_bytes=348, request_throughput_kbps=33944, response_bytes=2741, response_throughput_kbps=646, cache_hit=false}
2026-08-17 11:34:38.182 Df YourSofia[1177:3235b5] [com.apple.network:connection] [C3] event: client:connection_idle @1.188s
2026-08-17 11:34:38.182 Df YourSofia[1177:3235b6] [com.apple.CFNetwork:Default] Task <B870F218-0877-437B-B598-575FF12E8437>.<1> finished successfully
2026-08-17 11:34:38.182 I  YourSofia[1177:3235b5] [com.apple.network:connection] nw_endpoint_handler_report_connection_idle [C3 IPv4#ed082075:443 ready parent-flow (satisfied (Path is satisfied), interface: en0[802.11], uses wifi, LQM: unknown)] Reporting connection idle to protocols
2026-08-17 11:34:38.182 Db YourSofia[1177:3235b6] [com.apple.network:activity] Returning should log: 0 for activity cfnetwork:foreground_task
2026-08-17 11:34:38.182 I  YourSofia[1177:3235b5] [com.apple.network:connection] nw_flow_passthrough_notify [C3.1.1.1 IPv4#ed082075:443 ready socket-flow (satisfied (Path is satisfied), interface: en0[802.11], uses wifi, LQM: unknown)] received notification connection_idle
2026-08-17 11:34:38.182 Db YourSofia[1177:3235b6] [com.apple.network:activity] Returning should log: 0 for activity cfnetwork:foreground_task
2026-08-17 11:34:38.182 Df YourSofia[1177:3235b5] [com.apple.network:connection] nw_protocol_socket_notify [C3.1.1.1:3] nw_protocol_notification_type_connection_idle is true
2026-08-17 11:34:38.182 Db YourSofia[1177:3235b6] [com.apple.network:activity] No threshold for cfnetwork:foreground_task, returning NW_ACTIVITY_DURATION_INVALID
2026-08-17 11:34:38.182 Db YourSofia[1177:3235b6] [com.apple.network:activity] No threshold for activity <nw_activity 12:2 [60CA447E-427C-4F10-B368-CFF349074F91] (reporting strategy default) complete (reason success)>
2026-08-17 11:34:38.183 I  YourSofia[1177:3235b6] [com.wix.DetoxSync:DTXJSTimerSyncResource] [DTXJSTimerSyncResource] Observing timer 7 with duration 0.00 ms
2026-08-17 11:34:38.192 Db YourSofia[1177:3235c0] [com.apple.defaults:User Defaults] looked up value 1 for key NSUsesTextStylesForLineBreaks in CFPrefsSource<0x600001708780> (Domain: Volatile, User: , ByHost: No, Container: , Contents Need Refresh: No) via CFPrefsSearchListSource<0x600002c04180> (Domain: bg.sofia.yoursofia, Container: (null) Non-launch persona: 0)
2026-08-17 11:34:38.192 Db YourSofia[1177:3235c0] [com.apple.defaults:User Defaults] looked up value 1 for key NSHyphenatesAsLastResort in CFPrefsSource<0x600001708780> (Domain: Volatile, User: , ByHost: No, Container: , Contents Need Refresh: No) via CFPrefsSearchListSource<0x600002c04180> (Domain: bg.sofia.yoursofia, Container: (null) Non-launch persona: 0)
2026-08-17 11:34:38.192 Db YourSofia[1177:3235c0] [com.apple.defaults:User Defaults] looked up value (
    "en-US",
    "bg-US"
) for key AppleLanguages in CFPrefsPlistSource<0x600002c08780> (Domain: kCFPreferencesAnyApplication, User: kCFPreferencesCurrentUser, ByHost: No, Container: /Users/valentinasenov/Library/Developer/CoreSimulator/Devices/4EC5F74C-5A9C-4D89-8E44-374310E684AE/data, Contents Need Refresh: No) via CFPrefsSearchListSource<0x600002c04180> (Domain: bg.sofia.yoursofia, Container: (null) Non-launch persona: 0)
2026-08-17 11:34:38.192 Db YourSofia[1177:3235c0] [com.apple.defaults:User Defaults] found no value for key NSForceHangulWordBreakPriority in CFPrefsSearchListSource<0x600002c04180> (Domain: bg.sofia.yoursofia, Container: (null) Non-launch persona: 0)
2026-08-17 11:34:38.192 Db YourSofia[1177:3235c0] [com.apple.defaults:User Defaults] found no value for key AppleTextBreakLocale in CFPrefsSearchListSource<0x600002c04180> (Domain: bg.sofia.yoursofia, Container: (null) Non-launch persona: 0)
2026-08-17 11:34:38.355 I  YourSofia[1177:3235b7] [com.wix.DetoxSync:DTXJSTimerSyncResource] [DTXJSTimerSyncResource] Timer 1 timed out after 1568.29 ms
2026-08-17 11:34:38.511 I  YourSofia[1177:3235b7] [com.wix.DetoxSync:DTXJSTimerSyncResource] [DTXJSTimerSyncResource] Timer 2 timed out after 1597.76 ms
2026-08-17 11:34:38.511 I  YourSofia[1177:3235b7] [com.wix.DetoxSync:DTXJSTimerSyncResource] [DTXJSTimerSyncResource] Timer 4 timed out after 1523.33 ms
2026-08-17 11:34:38.814 I  YourSofia[1177:3235b7] [com.wix.DetoxSync:DTXJSTimerSyncResource] [DTXJSTimerSyncResource] Timer 5 timed out after 1599.00 ms
2026-08-17 11:34:39.079 Db YourSofia[1177:323578] [com.apple.CFBundle:strings] Bundle: CFBundle 0x600003b009a0 </Library/Developer/CoreSimulator/Volumes/iOS_23D8133/Library/Developer/CoreSimulator/Profiles/Runtimes/iOS 26.3.simruntime/Contents/Resources/RuntimeRoot/System/Library/AccessibilityBundles/UIKit.axbundle> (framework, loaded), key: toolbar.label, value: , table: Accessibility, localizationNames: (null), result: Toolbar
2026-08-17 11:34:39.080 I  YourSofia[1177:323578] [com.apple.Accessibility:AXAppAccessibility] Presentation controller doesn't modalize: <_UIRootPresentationController: 0x105322910>
2026-08-17 11:34:39.114 I  YourSofia[1177:3235b6] [com.wix.DetoxSync:DTXJSTimerSyncResource] [DTXJSTimerSyncResource] Timer 6 timed out after 1599.44 ms
2026-08-17 11:34:39.781 I  YourSofia[1177:3235b5] [com.wix.DetoxSync:DTXJSTimerSyncResource] [DTXJSTimerSyncResource] Timer 7 timed out after 1598.51 ms
2026-08-17 11:34:39.787 I  YourSofia[1177:323578] [com.wix.Detox:WebSocket] Action received: waitForActive

