Filtering the log data using "processImagePath BEGINSWITH "/Users/valentinasenov/Library/Developer/CoreSimulator/Devices/4EC5F74C-5A9C-4D89-8E44-374310E684AE/data/Containers/Bundle/Application/31087BF4-D319-4611-A136-08A015F59238/YourSofia.app""
Timestamp               Ty Process[PID:TID]
2026-08-17 11:24:57.292 Db YourSofia[98412:31db11] [com.apple.CFBundle:resources] Using ~iphone resources
2026-08-17 11:24:57.292 Db YourSofia[98412:31db11] [com.apple.CFBundle:loading] main bundle CFBundle 0x600003b082a0 </Users/valentinasenov/Library/Developer/CoreSimulator/Devices/4EC5F74C-5A9C-4D89-8E44-374310E684AE/data/Containers/Bundle/Application/31087BF4-D319-4611-A136-08A015F59238/YourSofia.app> (executable, loaded) getting handle 0xfffffffffffffffb
2026-08-17 11:24:57.293 Db YourSofia[98412:31db11] [com.apple.defaults:User Defaults] setting new value b696999b-8268-abe6-78e6-f1407dbc7682 for key detoxSessionId in CFPrefsSource<0x600001704080> (Domain: Volatile, User: , ByHost: No, Container: , Contents Need Refresh: No)
2026-08-17 11:24:57.293 Db YourSofia[98412:31db11] [com.apple.defaults:User Defaults] setting new value YES for key detoxDebugVisibility in CFPrefsSource<0x600001704080> (Domain: Volatile, User: , ByHost: No, Container: , Contents Need Refresh: No)
2026-08-17 11:24:57.293 Db YourSofia[98412:31db11] [com.apple.defaults:User Defaults] setting new value ws://localhost:61878 for key detoxServer in CFPrefsSource<0x600001704080> (Domain: Volatile, User: , ByHost: No, Container: , Contents Need Refresh: No)
2026-08-17 11:24:57.293 Db YourSofia[98412:31db11] [com.apple.defaults:User Defaults] setting new value YES for key detoxDisableHierarchyDump in CFPrefsSource<0x600001704080> (Domain: Volatile, User: , ByHost: No, Container: , Contents Need Refresh: No)
2026-08-17 11:24:57.293 Db YourSofia[98412:31db11] [com.apple.defaults:User Defaults] setting new value (
    "en-001"
) for key AppleLanguages in CFPrefsSource<0x60000170c140> (Domain: Volatile, User: , ByHost: No, Container: , Contents Need Refresh: No)
2026-08-17 11:24:57.293 Db YourSofia[98412:31db11] [com.apple.defaults:User Defaults] setting new value en_001 for key AppleLocale in CFPrefsSource<0x60000170c140> (Domain: Volatile, User: , ByHost: No, Container: , Contents Need Refresh: No)
2026-08-17 11:24:57.293 Db YourSofia[98412:31db11] [com.apple.defaults:User Defaults] setting new value (
    "en-001"
) for key NSLanguages in CFPrefsSource<0x60000170c140> (Domain: Volatile, User: , ByHost: No, Container: , Contents Need Refresh: No)
2026-08-17 11:24:57.293 Db YourSofia[98412:31db11] [com.apple.defaults:User Defaults] setting new value macintosh for key NSInterfaceStyle in CFPrefsSource<0x60000170c140> (Domain: Volatile, User: , ByHost: No, Container: , Contents Need Refresh: No)
2026-08-17 11:24:57.294 Df YourSofia[98412:31db11] [com.apple.xpc:connection] [0x1034045d0] activating connection: mach=true listener=false peer=false name=com.apple.cfprefsd.daemon
2026-08-17 11:24:57.294 Db YourSofia[98412:31db11] [com.apple.defaults:User Defaults] CFPrefsManagedSource<0x600002c04180> (Domain: bg.sofia.yoursofia, User: kCFPreferencesCurrentUser, ByHost: Yes, Container: (null), Contents Need Refresh: No) loaded: an empty base plist and no additional changes from the base plist
2026-08-17 11:24:57.294 Db YourSofia[98412:31db11] [com.apple.defaults:User Defaults] CFPrefsManagedSource<0x600002c04200> (Domain: bg.sofia.yoursofia, User: kCFPreferencesAnyUser, ByHost: Yes, Container: (null), Contents Need Refresh: No) loaded: an empty base plist and no additional changes from the base plist
2026-08-17 11:24:57.294 Db YourSofia[98412:31db11] [com.apple.defaults:User Defaults] CFPrefsPlistSource<0x600002c0c080> (Domain: bg.sofia.yoursofia, User: kCFPreferencesCurrentUser, ByHost: No, Container: (null), Contents Need Refresh: No) loaded: an empty base plist and no additional changes from the base plist
2026-08-17 11:24:57.294 Db YourSofia[98412:31db11] [com.apple.defaults:User Defaults] CFPrefsManagedSource<0x600002c0c200> (Domain: kCFPreferencesAnyApplication, User: kCFPreferencesCurrentUser, ByHost: Yes, Container: (null), Contents Need Refresh: No) loaded: an empty base plist and no additional changes from the base plist
2026-08-17 11:24:57.294 Db YourSofia[98412:31db11] [com.apple.defaults:User Defaults] CFPrefsPlistSource<0x600002c0c280> (Domain: bg.sofia.yoursofia, User: kCFPreferencesCurrentUser, ByHost: No, Container: /Users/valentinasenov/Library/Developer/CoreSimulator/Devices/4EC5F74C-5A9C-4D89-8E44-374310E684AE/data, Contents Need Refresh: No) loaded: an empty base plist and no additional changes from the base plist
2026-08-17 11:24:57.294 Db YourSofia[98412:31db11] [com.apple.defaults:User Defaults] CFPrefsPlistSource<0x600002c0c300> (Domain: kCFPreferencesAnyApplication, User: kCFPreferencesCurrentUser, ByHost: No, Container: (null), Contents Need Refresh: No) loaded: an empty base plist and no additional changes from the base plist
2026-08-17 11:24:57.294 Db YourSofia[98412:31db11] [com.apple.defaults:User Defaults] CFPrefsPlistSource<0x600002c0c400> (Domain: kCFPreferencesAnyApplication, User: kCFPreferencesCurrentUser, ByHost: No, Container: /Users/valentinasenov/Library/Developer/CoreSimulator/Devices/4EC5F74C-5A9C-4D89-8E44-374310E684AE/data, Contents Need Refresh: No) loaded: a new base plist and no additional changes from the base plist
2026-08-17 11:24:57.294 Db YourSofia[98412:31db11] [com.apple.defaults:User Defaults] CFPrefsPlistSource<0x600002c0c480> (Domain: bg.sofia.yoursofia, User: kCFPreferencesCurrentUser, ByHost: Yes, Container: (null), Contents Need Refresh: No) loaded: an empty base plist and no additional changes from the base plist
2026-08-17 11:24:57.294 Db YourSofia[98412:31db11] [com.apple.defaults:User Defaults] CFPrefsPlistSource<0x600002c0c600> (Domain: kCFPreferencesAnyApplication, User: kCFPreferencesCurrentUser, ByHost: Yes, Container: (null), Contents Need Refresh: No) loaded: an empty base plist and no additional changes from the base plist
2026-08-17 11:24:57.294 Db YourSofia[98412:31db11] [com.apple.defaults:User Defaults] found no value for key DTXEnableVerboseSyncResources in CFPrefsSearchListSource<0x600002c04080> (Domain: bg.sofia.yoursofia, Container: (null) Non-launch persona: 0)
2026-08-17 11:24:57.294 Db YourSofia[98412:31db11] [com.apple.defaults:User Defaults] found no value for key DTXEnableVerboseSyncSystem in CFPrefsSearchListSource<0x600002c04080> (Domain: bg.sofia.yoursofia, Container: (null) Non-launch persona: 0)
2026-08-17 11:24:57.294 Db YourSofia[98412:31db11] [com.apple.defaults:User Defaults] found no value for key DTXEnableDelayedIdleFire in CFPrefsSearchListSource<0x600002c04080> (Domain: bg.sofia.yoursofia, Container: (null) Non-launch persona: 0)
2026-08-17 11:24:57.294 Db YourSofia[98412:31db11] [com.apple.defaults:User Defaults] found no value for key DTXDisableMainRunLoopSync in CFPrefsSearchListSource<0x600002c04080> (Domain: bg.sofia.yoursofia, Container: (null) Non-launch persona: 0)
2026-08-17 11:24:57.295 Df YourSofia[98412:31db11] (DetoxSync) DTXSwizzleMethod: original method initWithModule:uiManager: not found for class REANodesManager
2026-08-17 11:24:57.721 I  YourSofia[98412:31db11] [com.wix.DetoxSync:RCTAnimatedNodeDTXSpy] [RCTAnimatedNode DTXSpy] RCTAnimatedNode class exists: YES
2026-08-17 11:24:57.722 Db YourSofia[98412:31db11] [com.apple.defaults:User Defaults] looked up value (
    "en-US",
    "bg-US"
) for key AppleLanguages in CFPrefsPlistSource<0x600002c0c400> (Domain: kCFPreferencesAnyApplication, User: kCFPreferencesCurrentUser, ByHost: No, Container: /Users/valentinasenov/Library/Developer/CoreSimulator/Devices/4EC5F74C-5A9C-4D89-8E44-374310E684AE/data, Contents Need Refresh: No) via CFPrefsSearchListSource<0x600002c04080> (Domain: bg.sofia.yoursofia, Container: (null) Non-launch persona: 0)
2026-08-17 11:24:57.722 Db YourSofia[98412:31db11] [com.apple.CFBundle:resources] Language lookup at CFBundle 0x600003b082a0 </Users/valentinasenov/Library/Developer/CoreSimulator/Devices/4EC5F74C-5A9C-4D89-8E44-374310E684AE/data/Containers/Bundle/Application/31087BF4-D319-4611-A136-08A015F59238/YourSofia.app> (executable, loaded)
	Localizations : [en]
	Dev language  : en
	User prefs    : [en-US, bg-US]
	Main bundle   : [<null>]
	Allow mixed   : 0 
	Result        : [en]
2026-08-17 11:24:57.722 Db YourSofia[98412:31db11] [com.apple.CFBundle:resources] Resource lookup at CFBundle 0x600003b082a0 </Users/valentinasenov/Library/Developer/CoreSimulator/Devices/4EC5F74C-5A9C-4D89-8E44-374310E684AE/data/Containers/Bundle/Application/31087BF4-D319-4611-A136-08A015F59238/YourSofia.app> (executable, loaded)
	Request       : InfoPlist type: loctable
	Result        : None
2026-08-17 11:24:57.722 Db YourSofia[98412:31db11] [com.apple.CFBundle:resources] Resource lookup at CFBundle 0x600003b082a0 </Users/valentinasenov/Library/Developer/CoreSimulator/Devices/4EC5F74C-5A9C-4D89-8E44-374310E684AE/data/Containers/Bundle/Application/31087BF4-D319-4611-A136-08A015F59238/YourSofia.app> (executable, loaded)
	Request       : InfoPlist type: strings
	Result        : None
2026-08-17 11:24:57.722 Db YourSofia[98412:31db11] [com.apple.CFBundle:resources] Resource lookup at CFBundle 0x600003b082a0 </Users/valentinasenov/Library/Developer/CoreSimulator/Devices/4EC5F74C-5A9C-4D89-8E44-374310E684AE/data/Containers/Bundle/Application/31087BF4-D319-4611-A136-08A015F59238/YourSofia.app> (executable, loaded)
	Request       : InfoPlist type: stringsdict
	Result        : None
2026-08-17 11:24:57.723 Df YourSofia[98412:31db11] (DetoxSync) DTXSwizzleMethod: original method _setDirty not found for class UIGestureRecognizer
2026-08-17 11:24:57.778 Db YourSofia[98412:31db11] [com.apple.defaults:User Defaults] found no value for key detoxDisableTouchIndicators in CFPrefsSearchListSource<0x600002c04080> (Domain: bg.sofia.yoursofia, Container: (null) Non-launch persona: 0)
2026-08-17 11:24:57.778 Db YourSofia[98412:31db11] [com.apple.defaults:User Defaults] found no value for key enableAppDelegateVerboseLogging in CFPrefsSearchListSource<0x600002c04080> (Domain: bg.sofia.yoursofia, Container: (null) Non-launch persona: 0)
2026-08-17 11:24:57.778 Db YourSofia[98412:31db11] [com.apple.defaults:User Defaults] found no value for key detoxUserActivityDataURL in CFPrefsSearchListSource<0x600002c04080> (Domain: bg.sofia.yoursofia, Container: (null) Non-launch persona: 0)
2026-08-17 11:24:57.778 Db YourSofia[98412:31db11] [com.apple.defaults:User Defaults] found no value for key detoxUserNotificationDataURL in CFPrefsSearchListSource<0x600002c04080> (Domain: bg.sofia.yoursofia, Container: (null) Non-launch persona: 0)
2026-08-17 11:24:57.778 Db YourSofia[98412:31db11] [com.apple.defaults:User Defaults] found no value for key detoxDisableAnimationSpeedup in CFPrefsSearchListSource<0x600002c04080> (Domain: bg.sofia.yoursofia, Container: (null) Non-launch persona: 0)
2026-08-17 11:24:57.778 Df YourSofia[98412:31db11] (Detox) Enabling accessibility for automation on Simulator.
2026-08-17 11:24:57.779 I  YourSofia[98412:31db11] [com.apple.Accessibility:AXIPC] Connected to server: <NSMachPort: 0x600002c00200> 8195
2026-08-17 11:24:57.779 I  YourSofia[98412:31db11] [com.apple.Accessibility:AXIPC] Client (AXIPCClient:<0x600002c04f00> Service:com.apple.accessibility.AXBackBoardServer ID:(null) connected:1) registering with server on thread (<_NSMainThread: 0x600001700040>{number = 1, name = main}:name::main:1). UsesMainThreadRunloop:0
2026-08-17 11:24:57.779 Df YourSofia[98412:31db11] [com.apple.Accessibility:AXIPC] Setting client identifier com.apple.accessibility.AXSystemReplyServer-98412-0
2026-08-17 11:24:57.780 I  YourSofia[98412:31db11] [com.apple.Accessibility:AXIPC] Client (AXIPCClient:<0x600002c04f00> Service:com.apple.accessibility.AXBackBoardServer ID:com.apple.accessibility.AXSystemReplyServer-98412-0 connected:1) registering with server on thread (<_NSMainThread: 0x600001700040>{number = 1, name = main}:name::main:1). UsesMainThreadRunloop:0
2026-08-17 11:24:57.853 Db YourSofia[98412:31db11] [com.apple.defaults:User Defaults] CFPrefsManagedSource<0x600002c0ca80> (Domain: com.apple.Accessibility, User: kCFPreferencesCurrentUser, ByHost: Yes, Container: (null), Contents Need Refresh: No) loaded: an empty base plist and no additional changes from the base plist
2026-08-17 11:24:57.853 Db YourSofia[98412:31db11] [com.apple.defaults:User Defaults] CFPrefsManagedSource<0x600002c0cb00> (Domain: com.apple.Accessibility, User: kCFPreferencesAnyUser, ByHost: Yes, Container: (null), Contents Need Refresh: No) loaded: an empty base plist and no additional changes from the base plist
2026-08-17 11:24:57.853 Db YourSofia[98412:31db11] [com.apple.defaults:User Defaults] CFPrefsPlistSource<0x600002c0ca00> (Domain: com.apple.Accessibility, User: kCFPreferencesCurrentUser, ByHost: No, Container: (null), Contents Need Refresh: No) loaded: a new base plist and no additional changes from the base plist
2026-08-17 11:24:57.853 Db YourSofia[98412:31db11] [com.apple.defaults:User Defaults] CFPrefsPlistSource<0x600002c0cc80> (Domain: com.apple.Accessibility, User: kCFPreferencesCurrentUser, ByHost: No, Container: /Users/valentinasenov/Library/Developer/CoreSimulator/Devices/4EC5F74C-5A9C-4D89-8E44-374310E684AE/data, Contents Need Refresh: No) loaded: a new base plist and no additional changes from the base plist
2026-08-17 11:24:57.853 Db YourSofia[98412:31db11] [com.apple.defaults:User Defaults] CFPrefsPlistSource<0x600002c0cd80> (Domain: com.apple.Accessibility, User: kCFPreferencesCurrentUser, ByHost: Yes, Container: (null), Contents Need Refresh: No) loaded: an empty base plist and no additional changes from the base plist
2026-08-17 11:24:57.853 Db YourSofia[98412:31db11] [com.apple.defaults:User Defaults] CFPrefsPlistSource<0x600002c0ca00> (Domain: com.apple.Accessibility, User: kCFPreferencesCurrentUser, ByHost: No, Container: (null), Contents Need Refresh: No) skipping setting already-present value for key ApplicationAccessibilityEnabled
2026-08-17 11:24:57.853 Db YourSofia[98412:31db11] [com.apple.defaults:User Defaults] found no value for key detoxEnableSynchronization in CFPrefsSearchListSource<0x600002c04080> (Domain: bg.sofia.yoursofia, Container: (null) Non-launch persona: 0)
2026-08-17 11:24:57.853 Db YourSofia[98412:31db11] [com.apple.defaults:User Defaults] found no value for key detoxURLBlacklistRegex in CFPrefsSearchListSource<0x600002c04080> (Domain: bg.sofia.yoursofia, Container: (null) Non-launch persona: 0)
2026-08-17 11:24:57.853 Db YourSofia[98412:31db11] [com.apple.defaults:User Defaults] found no value for key detoxMaxSynchronizedDelay in CFPrefsSearchListSource<0x600002c04080> (Domain: bg.sofia.yoursofia, Container: (null) Non-launch persona: 0)
2026-08-17 11:24:57.854 Db YourSofia[98412:31db11] [com.apple.defaults:User Defaults] found no value for key detoxWaitForDebugger in CFPrefsSearchListSource<0x600002c04080> (Domain: bg.sofia.yoursofia, Container: (null) Non-launch persona: 0)
2026-08-17 11:24:57.854 Df YourSofia[98412:31db11] [com.apple.network:] networkd_settings_read_from_file initialized networkd settings by reading plist directly
2026-08-17 11:24:57.854 Df YourSofia[98412:31db11] [com.apple.network:] networkd_settings_read_from_file initialized networkd settings by reading plist directly
2026-08-17 11:24:57.855 Db YourSofia[98412:31db11] [com.apple.defaults:User Defaults] CFPrefsManagedSource<0x600002c08d80> (Domain: kCFPreferencesAnyApplication, User: kCFPreferencesAnyUser, ByHost: Yes, Container: (null), Contents Need Refresh: No) loaded: an empty base plist and no additional changes from the base plist
2026-08-17 11:24:57.855 Db YourSofia[98412:31db11] [com.apple.defaults:User Defaults] found no value for key CFNetworkHTTP3Override in CFPrefsSearchListSource<0x600002c08e00> (Domain: kCFPreferencesAnyApplication, Container: (null) Non-launch persona: 0)
2026-08-17 11:24:57.855 Db YourSofia[98412:31db11] [com.apple.CFBundle:resources] Resource lookup at CFBundle 0x600003b082a0 </Users/valentinasenov/Library/Developer/CoreSimulator/Devices/4EC5F74C-5A9C-4D89-8E44-374310E684AE/data/Containers/Bundle/Application/31087BF4-D319-4611-A136-08A015F59238/YourSofia.app> (executable, loaded)
	Request       : InfoPlist type: strings
	Result        : None
2026-08-17 11:24:57.855 Db YourSofia[98412:31db11] [com.apple.CFBundle:resources] Resource lookup at CFBundle 0x600003b082a0 </Users/valentinasenov/Library/Developer/CoreSimulator/Devices/4EC5F74C-5A9C-4D89-8E44-374310E684AE/data/Containers/Bundle/Application/31087BF4-D319-4611-A136-08A015F59238/YourSofia.app> (executable, loaded)
	Request       : InfoPlist type: stringsdict
	Result        : None
2026-08-17 11:24:57.855 Db YourSofia[98412:31db11] [com.apple.CFNetwork:ATS] Using configuration {
    NSAllowsLocalNetworking = 1;
    NSExceptionDomains =     {
        "apple-mapkit.com" =         {
            NSATSBuiltinOverride = 1;
            NSExceptionAllowsInsecureHTTPLoads = 1;
            NSExceptionMinimumTLSVersion = "TLSv1.0";
            NSExceptionRequiresForwardSecrecy = 0;
            NSIncludesSubdomains = 1;
        };
        "apple.com" =         {
            NSATSBuiltinOverride = 1;
            NSExceptionAllowsInsecureHTTPLoads = 1;
            NSExceptionMinimumTLSVersion = "TLSv1.2";
            NSExceptionRequiresForwardSecrecy = 0;
            NSIncludesSubdomains = 1;
        };
        "geo.apple.com" =         {
            NSATSBuiltinOverride = 1;
            NSExceptionAllowsInsecureHTTPLoads = 1;
            NSExceptionMinimumTLSVersion = "TLSv1.0";
            NSExceptionRequiresForwardSecrecy = 0;
            NSIncludesSubdomains = 1;
        };
        "gs.apple.com" =         {
            NSATSBuiltinOverride = 1;
            NSExceptionAllowsInsecure
2026-08-17 11:24:57.862 Db YourSofia[98412:31db11] [com.apple.defaults:User Defaults] found no value for key recordingPath in CFPrefsSearchListSource<0x600002c04080> (Domain: bg.sofia.yoursofia, Container: (null) Non-launch persona: 0)
2026-08-17 11:24:57.862 Db YourSofia[98412:31db11] [com.apple.defaults:User Defaults] looked up value ws://localhost:61878 for key detoxServer in CFPrefsSource<0x600001704080> (Domain: Volatile, User: , ByHost: No, Container: , Contents Need Refresh: No) via CFPrefsSearchListSource<0x600002c04080> (Domain: bg.sofia.yoursofia, Container: (null) Non-launch persona: 0)
2026-08-17 11:24:57.862 Db YourSofia[98412:31db11] [com.apple.defaults:User Defaults] looked up value b696999b-8268-abe6-78e6-f1407dbc7682 for key detoxSessionId in CFPrefsSource<0x600001704080> (Domain: Volatile, User: , ByHost: No, Container: , Contents Need Refresh: No) via CFPrefsSearchListSource<0x600002c04080> (Domain: bg.sofia.yoursofia, Container: (null) Non-launch persona: 0)
2026-08-17 11:24:57.863 Df YourSofia[98412:31db11] [com.apple.CFNetwork:Default] Task <D2FC0179-5EB9-429A-ABC6-724B5BF93535>.<1> resuming, timeouts(60.0, 604800.0) qos(0x21) voucher((null)) activity(00000000-0000-0000-0000-000000000000)
2026-08-17 11:24:57.863 A  YourSofia[98412:31db11] (CoreFoundation) Loading Preferences From User Session CFPrefsD
2026-08-17 11:24:57.863 Db YourSofia[98412:31db11] [com.apple.defaults:User Defaults] CFPrefsPlistSource<0x600002c0d480> (Domain: com.apple.CFNetwork, User: kCFPreferencesCurrentUser, ByHost: No, Container: (null), Contents Need Refresh: No) loaded: an empty base plist and no additional changes from the base plist
2026-08-17 11:24:57.863 Db YourSofia[98412:31db11] [com.apple.defaults:User Defaults] found no value for key har-capture-global in CFPrefsPlistSource<0x600002c0d480> (Domain: com.apple.CFNetwork, User: kCFPreferencesCurrentUser, ByHost: No, Container: (null), Contents Need Refresh: No)
2026-08-17 11:24:57.863 Db YourSofia[98412:31db11] [com.apple.defaults:User Defaults] found no value for key har-capture-pid-date in CFPrefsPlistSource<0x600002c0d480> (Domain: com.apple.CFNetwork, User: kCFPreferencesCurrentUser, ByHost: No, Container: (null), Contents Need Refresh: No)
2026-08-17 11:24:57.863 Db YourSofia[98412:31db11] [com.apple.defaults:User Defaults] found no value for key har-capture-amp in CFPrefsPlistSource<0x600002c0d480> (Domain: com.apple.CFNetwork, User: kCFPreferencesCurrentUser, ByHost: No, Container: (null), Contents Need Refresh: No)
2026-08-17 11:24:57.863 Db YourSofia[98412:31db11] [com.apple.network:activity] Returning should log: 0 for activity cfnetwork:foreground_task
2026-08-17 11:24:57.863 Db YourSofia[98412:31db11] [com.apple.network:activity] Domain cfnetwork rate configured in registry as 1 / 20000
2026-08-17 11:24:57.863 Db YourSofia[98412:31db11] [com.apple.network:activity] Domain cfnetwork rate configured after remote default override as 1 / 20000
2026-08-17 11:24:57.863 Db YourSofia[98412:31db11] [com.apple.network:activity] After reading settings plist, domain cfnetwork rate configured as 1 / 2000000
2026-08-17 11:24:57.863 Db YourSofia[98412:31db11] [com.apple.network:activity] After settings override, domain cfnetwork rate configured as 1 / 2000000
2026-08-17 11:24:57.863 Db YourSofia[98412:31db11] [com.apple.network:activity] Final domain cfnetwork rate configured as 1 / 2000000
2026-08-17 11:24:57.863 Db YourSofia[98412:31db11] [com.apple.network:activity] <nw_activity 12:2 [No UUID] (reporting strategy default)> sampled at 1 / 2000000
2026-08-17 11:24:57.863 Db YourSofia[98412:31db11] [com.apple.network:activity] Returning should log: 0 for activity cfnetwork:foreground_task
2026-08-17 11:24:57.863 Db YourSofia[98412:31db11] [com.apple.network:activity] Returning should log: 0 for activity cfnetwork:foreground_task
2026-08-17 11:24:57.863 Db YourSofia[98412:31db11] [com.apple.CFNetwork:Default] [Telemetry]: Activity <nw_activity 12:2 [FF8599E5-4FEF-4E7E-9568-7E3CCB920994] (reporting strategy default)> on Task <D2FC0179-5EB9-429A-ABC6-724B5BF93535>.<1> was not selected for reporting
2026-08-17 11:24:57.863 Db YourSofia[98412:31db3b] [com.apple.CFNetwork:Default] Using HSTS 0x60000290c550 path file:///Users/valentinasenov/Library/Developer/CoreSimulator/Devices/4EC5F74C-5A9C-4D89-8E44-374310E684AE/data/Containers/Data/Application/6569D37E-0D6F-4F3F-A72A-4A5AC9F5953C/Library/Caches/bg.sofia.yoursofia/HSTS.plist
2026-08-17 11:24:57.864 Df YourSofia[98412:31db11] (libMobileGestalt.dylib) No persisted cache on this platform.
2026-08-17 11:24:57.864 Db YourSofia[98412:31db3b] [com.apple.defaults:User Defaults] found no value for key com.apple.CFNetwork.HSTS.DisableHSTS in CFPrefsPlistSource<0x600002c0c300> (Domain: kCFPreferencesAnyApplication, User: kCFPreferencesCurrentUser, ByHost: No, Container: (null), Contents Need Refresh: No)
2026-08-17 11:24:57.864 A  YourSofia[98412:31db3b] (libsystem_containermanager.dylib) container_system_group_path_for_identifier
2026-08-17 11:24:57.864 Df YourSofia[98412:31db3b] [com.apple.containermanager:xpc] Requesting container lookup; class = 13, identifier = com.apple.nsurlsessiond, group_identifier = systemgroup.com.apple.nsurlstoragedresources, create = 1, temp = 0, euid = 501, uid = 501
2026-08-17 11:24:57.864 A  YourSofia[98412:31db3b] (libsystem_containermanager.dylib) container_query_t
2026-08-17 11:24:57.864 Db YourSofia[98412:31db3b] [com.apple.containermanager:xpc] Query; euid = 501, uid = 501, query = <dictionary: 0x6000026054a0> { count = 10, transaction: 0, voucher = 0x0, contents =
	"ContainerClass" => <uint64: 0xab8068c4a68b23f7>: 13
	"Platform" => <uint64: 0xab8068c4a68b23a7>: 7
	"IdentifiersArray" => <array: 0x600000c00d50> { count = 1, capacity = 10, contents =
		0: <string: 0x600000c00fc0> { string cache = 0x0, length = 23, contents = "com.apple.nsurlsessiond" }
	}
	"Flags" => <uint64: 0xab80688ca68b2387>: 38654705667
	"Explicit" => <uint64: 0xab8068c4a68b22a7>: 39
	"PrivateFlags" => <uint64: 0xab8068c4a68b2387>: 3
	"Transient" => <bool: 0x1e6164410>: false
	"PersonaKernelID" => <uint64: 0xab8068c4a68b239f>: 0
	"Command" => <uint64: 0xab8068c4a68b22a7>: 39
	"GroupIdentifiers" => <array: 0x600000c00de0> { count = 1, capacity = 10, contents =
		0: <string: 0x600000c00ed0> { string cache = 0x0, length = 44, contents = "systemgroup.com.apple.nsurlstoragedresources" }
	}
}
2026-08-17 11:24:57.864 Db YourSofia[98412:31db3b] [com.apple.containermanager:xpc] connection <0x600000c05410/1/0> created; cnt = 2
2026-08-17 11:24:57.864 Db YourSofia[98412:31db3b] [com.apple.containermanager:xpc] connection <0x600000c05410/1/0> shared; cnt = 3
2026-08-17 11:24:57.864 A  YourSofia[98412:31db11] (libsystem_containermanager.dylib) container_system_group_path_for_identifier
2026-08-17 11:24:57.864 Df YourSofia[98412:31db11] [com.apple.containermanager:xpc] Requesting container lookup; class = 13, identifier = (null), group_identifier = systemgroup.com.apple.configurationprofiles, create = 1, temp = 0, euid = 501, uid = 501
2026-08-17 11:24:57.864 A  YourSofia[98412:31db11] (libsystem_containermanager.dylib) container_query_t
2026-08-17 11:24:57.864 Db YourSofia[98412:31db11] [com.apple.containermanager:xpc] Query; euid = 501, uid = 501, query = <dictionary: 0x60000260ca80> { count = 9, transaction: 0, voucher = 0x0, contents =
	"ContainerClass" => <uint64: 0xab8068c4a68b23f7>: 13
	"Platform" => <uint64: 0xab8068c4a68b23a7>: 7
	"Flags" => <uint64: 0xab80688ca68b2387>: 38654705667
	"Explicit" => <uint64: 0xab8068c4a68b22af>: 38
	"PrivateFlags" => <uint64: 0xab8068c4a68b2387>: 3
	"Transient" => <bool: 0x1e6164410>: false
	"PersonaKernelID" => <uint64: 0xab8068c4a68b239f>: 0
	"Command" => <uint64: 0xab8068c4a68b22a7>: 39
	"GroupIdentifiers" => <array: 0x600000c0d980> { count = 1, capacity = 10, contents =
		0: <string: 0x600000c0da10> { string cache = 0x0, length = 43, contents = "systemgroup.com.apple.configurationprofiles" }
	}
}
2026-08-17 11:24:57.864 Db YourSofia[98412:31db11] [com.apple.containermanager:xpc] connection <0x600000c05410/1/0> shared; cnt = 4
2026-08-17 11:24:57.864 Db YourSofia[98412:31db3b] [com.apple.containermanager:xpc] connection <0x600000c05410/1/0> released; cnt = 3
2026-08-17 11:24:57.864 Df YourSofia[98412:31db3b] [com.apple.containermanager:unspecified] _container_query_get_result_at_index: success
2026-08-17 11:24:57.864 Db YourSofia[98412:31db3b] [com.apple.containermanager:sandbox] container_object_sandbox_extension_activate(container, true)
2026-08-17 11:24:57.864 Db YourSofia[98412:31db3b] [com.apple.containermanager:sandbox] container_object_sandbox_extension_activate(container, true): no sandbox token in container
2026-08-17 11:24:57.864 A  YourSofia[98412:31db3b] (libsystem_containermanager.dylib) container_copy_object
2026-08-17 11:24:57.864 Df YourSofia[98412:31db3b] [com.apple.containermanager:unspecified] container_system_group_path_for_identifier: success
2026-08-17 11:24:57.865 Db YourSofia[98412:31db11] [com.apple.containermanager:xpc] connection <0x600000c05410/1/0> released; cnt = 2
2026-08-17 11:24:57.865 Db YourSofia[98412:31db11] [com.apple.containermanager:xpc] connection <0x600000c05410/1/0> will be canceled in 2 seconds; cnt = 2
2026-08-17 11:24:57.865 Df YourSofia[98412:31db11] [com.apple.containermanager:unspecified] _container_query_get_result_at_index: success
2026-08-17 11:24:57.865 Db YourSofia[98412:31db11] [com.apple.containermanager:sandbox] container_object_sandbox_extension_activate(container, true)
2026-08-17 11:24:57.865 Db YourSofia[98412:31db11] [com.apple.containermanager:sandbox] container_object_sandbox_extension_activate(container, true): no sandbox token in container
2026-08-17 11:24:57.865 A  YourSofia[98412:31db11] (libsystem_containermanager.dylib) container_copy_object
2026-08-17 11:24:57.865 Df YourSofia[98412:31db11] [com.apple.containermanager:unspecified] container_system_group_path_for_identifier: success
2026-08-17 11:24:57.865 Df YourSofia[98412:31db11] [com.apple.ManagedConfiguration:MC] Got system group container path from MCM for systemgroup.com.apple.configurationprofiles: /Users/valentinasenov/Library/Developer/CoreSimulator/Devices/4EC5F74C-5A9C-4D89-8E44-374310E684AE/data/Containers/Shared/SystemGroup/systemgroup.com.apple.configurationprofiles
2026-08-17 11:24:57.867 Df YourSofia[98412:31db11] [com.apple.xpc:connection] [0x103407d80] activating connection: mach=true listener=false peer=false name=com.apple.managedconfiguration.profiled.public
2026-08-17 11:24:57.867 Db YourSofia[98412:31db3b] [com.apple.defaults:User Defaults] looked up value (
    "en-US",
    "bg-US"
) for key AppleLanguages in CFPrefsPlistSource<0x600002c0c400> (Domain: kCFPreferencesAnyApplication, User: kCFPreferencesCurrentUser, ByHost: No, Container: /Users/valentinasenov/Library/Developer/CoreSimulator/Devices/4EC5F74C-5A9C-4D89-8E44-374310E684AE/data, Contents Need Refresh: No) via CFPrefsSearchListSource<0x600002c04080> (Domain: bg.sofia.yoursofia, Container: (null) Non-launch persona: 0)
2026-08-17 11:24:57.869 Db YourSofia[98412:31db3b] [com.apple.defaults:User Defaults] found no value for key AppleCFNetworkDiagnosticLogging in CFPrefsSearchListSource<0x600002c08e00> (Domain: kCFPreferencesAnyApplication, Container: (null) Non-launch persona: 0)
2026-08-17 11:24:57.869 Db YourSofia[98412:31db81] [com.apple.CFNetwork:ATS] Uploading ATS exception ATSAllowsLocalNetworking
2026-08-17 11:24:57.869 A  YourSofia[98412:31db3b] (Security) SecTrustReportNetworkingAnalytics
2026-08-17 11:24:57.870 Df YourSofia[98412:31db3b] [com.apple.securityd:keychain] System Keychain Always Supported set via feature flag to disabled
2026-08-17 11:24:57.870 Df YourSofia[98412:31db3b] [com.apple.xpc:connection] [0x103108c80] activating connection: mach=true listener=false peer=false name=com.apple.trustd
2026-08-17 11:24:57.870 Df YourSofia[98412:31db81] [com.apple.CFNetwork:Default] Initializing NSHTTPCookieStorage singleton
2026-08-17 11:24:57.870 Df YourSofia[98412:31db81] [com.apple.CFNetwork:Default] Initializing CFHTTPCookieStorage singleton
2026-08-17 11:24:57.870 Df YourSofia[98412:31db81] [com.apple.CFNetwork:Default] Creating default cookie storage with process/bundle identifier
2026-08-17 11:24:57.870 Db YourSofia[98412:31db81] [com.apple.defaults:User Defaults] found no value for key com.apple.CFNetwork.ForceIOPath in CFPrefsPlistSource<0x600002c0c300> (Domain: kCFPreferencesAnyApplication, User: kCFPreferencesCurrentUser, ByHost: No, Container: (null), Contents Need Refresh: No)
2026-08-17 11:24:57.871 Df YourSofia[98412:31db81] [com.apple.CFNetwork:Default] Initializing AlternativeServices Storage singleton
2026-08-17 11:24:57.871 Df YourSofia[98412:31db3b] [com.apple.securityd:SecError] SecTrustReportNetworkingAnalytics failed with error: -4
2026-08-17 11:24:57.871 Df YourSofia[98412:31db81] [com.apple.FileURL:default] kExcludedFromBackupXattrName set on path: /Users/valentinasenov/Library/Developer/CoreSimulator/Devices/4EC5F74C-5A9C-4D89-8E44-374310E684AE/data/Containers/Data/Application/6569D37E-0D6F-4F3F-A72A-4A5AC9F5953C/Library/HTTPStorages/bg.sofia.yoursofia
2026-08-17 11:24:57.871 Df YourSofia[98412:31db81] [com.apple.runningboard:connection] Initializing connection
2026-08-17 11:24:57.871 Df YourSofia[98412:31db81] [com.apple.runningboard:process] Removing all cached process handles
2026-08-17 11:24:57.871 Df YourSofia[98412:31db82] [com.apple.runningboard:connection] Sending handshake request attempt #1 to server
2026-08-17 11:24:57.871 I  YourSofia[98412:31db81] [com.apple.runningboard:assertion] Acquiring assertion: <RBSAssertionDescriptor| "com.apple.CFNetwork.StorageDB" ID:(null) target:98412>
2026-08-17 11:24:57.871 Df YourSofia[98412:31db82] [com.apple.runningboard:connection] Creating connection to com.apple.runningboard
2026-08-17 11:24:57.871 Df YourSofia[98412:31db82] [com.apple.xpc:connection] [0x103204ff0] activating connection: mach=true listener=false peer=false name=com.apple.runningboard
2026-08-17 11:24:57.872 Db YourSofia[98412:31db3b] [com.apple.runningboard:message] PERF: (null) Received message from runningboardd: async_didChangeInheritances:completion:
2026-08-17 11:24:57.872 A  YourSofia[98412:31db3b] (RunningBoardServices) didChangeInheritances
2026-08-17 11:24:57.873 Db YourSofia[98412:31db3b] [com.apple.runningboard:connection] didChangeInheritances: <RBSInheritanceChangeSet| gained:{(
    <RBSInheritance| environment:(none) name:com.apple.frontboard.visibility origID:98125-98378-729 0>,
    <RBSInheritance| environment:(none) name:com.apple.frontboard.visibility origID:98125-98378-735 0>
)} lost:(null)>
2026-08-17 11:24:57.873 Db YourSofia[98412:31db3b] [com.apple.ManagedConfiguration:ProfileConnection] Received settings changed notification
2026-08-17 11:24:57.873 Db YourSofia[98412:31db3b] [com.apple.ManagedConfiguration:ProfileConnection] Invalidating cache
2026-08-17 11:24:57.873 Db YourSofia[98412:31db82] [com.apple.BaseBoard:Common] BSAuditToken will auto-code: <BSObjCIvar: 0x600000c0adf0; "_bundleID" (<NSString *>)>, <BSObjCIvar: 0x600000c0ad60; "_auditToken" (<struct[32]>)>
2026-08-17 11:24:57.873 Df YourSofia[98412:31db82] [com.apple.runningboard:connection] Handshake succeeded
2026-08-17 11:24:57.873 I  YourSofia[98412:31db11] [com.apple.ManagedConfiguration:MC] Reading from private effective user settings.
2026-08-17 11:24:57.873 Df YourSofia[98412:31db82] [com.apple.runningboard:connection] Identity resolved as app<bg.sofia.yoursofia((null))>
2026-08-17 11:24:57.874 Db YourSofia[98412:31db11] [com.apple.defaults:User Defaults] CFPrefsManagedSource<0x600002c01600> (Domain: com.apple.keyboard.preferences, User: kCFPreferencesCurrentUser, ByHost: Yes, Container: (null), Contents Need Refresh: No) loaded: an empty base plist and no additional changes from the base plist
2026-08-17 11:24:57.874 Db YourSofia[98412:31db11] [com.apple.defaults:User Defaults] CFPrefsManagedSource<0x600002c01680> (Domain: com.apple.keyboard.preferences, User: kCFPreferencesAnyUser, ByHost: Yes, Container: (null), Contents Need Refresh: No) loaded: an empty base plist and no additional changes from the base plist
2026-08-17 11:24:57.874 Db YourSofia[98412:31db11] [com.apple.defaults:User Defaults] CFPrefsPlistSource<0x600002c01580> (Domain: com.apple.keyboard.preferences, User: kCFPreferencesCurrentUser, ByHost: No, Container: (null), Contents Need Refresh: No) loaded: an empty base plist and no additional changes from the base plist
2026-08-17 11:24:57.874 Db YourSofia[98412:31db11] [com.apple.defaults:User Defaults] CFPrefsPlistSource<0x600002c01700> (Domain: com.apple.keyboard.preferences, User: kCFPreferencesCurrentUser, ByHost: No, Container: /Users/valentinasenov/Library/Developer/CoreSimulator/Devices/4EC5F74C-5A9C-4D89-8E44-374310E684AE/data, Contents Need Refresh: No) loaded: a new base plist and a diff relative to the base plist
2026-08-17 11:24:57.874 Db YourSofia[98412:31db11] [com.apple.defaults:User Defaults] CFPrefsPlistSource<0x600002c01880> (Domain: com.apple.keyboard.preferences, User: kCFPreferencesCurrentUser, ByHost: Yes, Container: (null), Contents Need Refresh: No) loaded: an empty base plist and no additional changes from the base plist
2026-08-17 11:24:57.874 Db YourSofia[98412:31db11] [com.apple.defaults:User Defaults] setting {
    KeyboardAutocorrection = 0;
} in CFPrefsPlistSource<0x600002c01580> (Domain: com.apple.keyboard.preferences, User: kCFPreferencesCurrentUser, ByHost: No, Container: (null), Contents Need Refresh: No)
2026-08-17 11:24:57.874 Db YourSofia[98412:31db81] [com.apple.runningboard:assertion] Adding assertion 98125-98412-755 to dictionary
2026-08-17 11:24:57.876 Df YourSofia[98412:31db11] (CloudSettings) [writeToCloudSettings:forStore] - cloudsettings feature disabled
2026-08-17 11:24:57.877 Db YourSofia[98412:31db11] [com.apple.foundation:locale] Lookup of 'AppleLanguages' from current preferences failed lookup (app preferences do not contain the key); likely falling back to default locale identifier as current
2026-08-17 11:24:57.878 Db YourSofia[98412:31db11] [com.apple.defaults:User Defaults] setting {
    "KeyboardAutocorrection_changedAt" = "2026-08-17 08:24:57 +0000";
} in CFPrefsPlistSource<0x600002c01580> (Domain: com.apple.keyboard.preferences, User: kCFPreferencesCurrentUser, ByHost: No, Container: (null), Contents Need Refresh: No)
2026-08-17 11:24:57.878 Db YourSofia[98412:31db11] [com.apple.defaults:User Defaults] setting {
    "KeyboardAutocorrection_buildAtChange" = 23D8133;
} in CFPrefsPlistSource<0x600002c01580> (Domain: com.apple.keyboard.preferences, User: kCFPreferencesCurrentUser, ByHost: No, Container: (null), Contents Need Refresh: No)
2026-08-17 11:24:57.878 Db YourSofia[98412:31db11] [com.apple.defaults:User Defaults] CFPrefsPlistSource<0x600002c01580> (Domain: com.apple.keyboard.preferences, User: kCFPreferencesCurrentUser, ByHost: No, Container: (null), Contents Need Refresh: No) skipping setting already-present value for key KeyboardAutocorrection_previousValue
2026-08-17 11:24:57.878 Db YourSofia[98412:31db11] [com.apple.defaults:User Defaults] CFPrefsPlistSource<0x600002c01580> (Domain: com.apple.keyboard.preferences, User: kCFPreferencesCurrentUser, ByHost: No, Container: (null), Contents Need Refresh: No) skipping setting already-present value for key KeyboardAutocorrection_analyzedAt
2026-08-17 11:24:57.882 Df YourSofia[98412:31db3b] [com.apple.CFNetwork:Default] Garbage collection for alternative services
2026-08-17 11:24:57.883 Db YourSofia[98412:31db82] [com.apple.ManagedConfiguration:ProfileConnection] Received settings changed notification
2026-08-17 11:24:57.883 Db YourSofia[98412:31db82] [com.apple.ManagedConfiguration:ProfileConnection] Invalidating cache
2026-08-17 11:24:57.884 I  YourSofia[98412:31db11] [com.apple.ManagedConfiguration:MC] Reading from private effective user settings.
2026-08-17 11:24:57.884 Db YourSofia[98412:31db11] [com.apple.defaults:User Defaults] setting {
    KeyboardPrediction = 0;
} in CFPrefsPlistSource<0x600002c01580> (Domain: com.apple.keyboard.preferences, User: kCFPreferencesCurrentUser, ByHost: No, Container: (null), Contents Need Refresh: No)
2026-08-17 11:24:57.884 Df YourSofia[98412:31db11] (CloudSettings) [writeToCloudSettings:forStore] - cloudsettings feature disabled
2026-08-17 11:24:57.885 Db YourSofia[98412:31db11] [com.apple.defaults:User Defaults] CFPrefsPlistSource<0x600002c01700> (Domain: com.apple.keyboard.preferences, User: kCFPreferencesCurrentUser, ByHost: No, Container: /Users/valentinasenov/Library/Developer/CoreSimulator/Devices/4EC5F74C-5A9C-4D89-8E44-374310E684AE/data, Contents Need Refresh: No) loaded: a new base plist and a diff relative to the base plist
2026-08-17 11:24:57.885 Db YourSofia[98412:31db11] [com.apple.defaults:User Defaults] CFPrefsPlistSource<0x600002c01880> (Domain: com.apple.keyboard.preferences, User: kCFPreferencesCurrentUser, ByHost: Yes, Container: (null), Contents Need Refresh: No) loaded: an empty base plist and no additional changes from the base plist
2026-08-17 11:24:57.885 Db YourSofia[98412:31db11] [com.apple.defaults:User Defaults] found no value for key KeyboardShowPredictionBar in CFPrefsSearchListSource<0x600002c01500> (Domain: com.apple.keyboard.preferences, Container: (null) Non-launch persona: 0)
2026-08-17 11:24:57.885 Db YourSofia[98412:31db11] [com.apple.defaults:User Defaults] setting {
    KeyboardShowPredictionBar = 0;
} in CFPrefsPlistSource<0x600002c01580> (Domain: com.apple.keyboard.preferences, User: kCFPreferencesCurrentUser, ByHost: No, Container: (null), Contents Need Refresh: No)
2026-08-17 11:24:57.886 Db YourSofia[98412:31db11] [com.apple.defaults:User Defaults] CFPrefsPlistSource<0x600002c01700> (Domain: com.apple.keyboard.preferences, User: kCFPreferencesCurrentUser, ByHost: No, Container: /Users/valentinasenov/Library/Developer/CoreSimulator/Devices/4EC5F74C-5A9C-4D89-8E44-374310E684AE/data, Contents Need Refresh: No) loaded: a new base plist and a diff relative to the base plist
2026-08-17 11:24:57.886 Db YourSofia[98412:31db11] [com.apple.defaults:User Defaults] CFPrefsPlistSource<0x600002c01880> (Domain: com.apple.keyboard.preferences, User: kCFPreferencesCurrentUser, ByHost: Yes, Container: (null), Contents Need Refresh: No) loaded: an empty base plist and no additional changes from the base plist
2026-08-17 11:24:57.886 Db YourSofia[98412:31db11] [com.apple.defaults:User Defaults] found no value for key DidShowGestureKeyboardIntroduction in CFPrefsSearchListSource<0x600002c01500> (Domain: com.apple.keyboard.preferences, Container: (null) Non-launch persona: 0)
2026-08-17 11:24:57.886 Db YourSofia[98412:31db11] [com.apple.defaults:User Defaults] setting {
    DidShowGestureKeyboardIntroduction = 1;
} in CFPrefsPlistSource<0x600002c01580> (Domain: com.apple.keyboard.preferences, User: kCFPreferencesCurrentUser, ByHost: No, Container: (null), Contents Need Refresh: No)
2026-08-17 11:24:57.887 Df YourSofia[98412:31db11] [com.apple.BoardServices:XPCErrors] [C:1] Alloc com.apple.frontboard.systemappservices
2026-08-17 11:24:57.887 Df YourSofia[98412:31db11] [com.apple.xpc:connection] [0x103210e00] activating connection: mach=false listener=false peer=false name=(anonymous)
2026-08-17 11:24:57.888 Db YourSofia[98412:31db83] [com.apple.BaseBoard:MachPort]  *|machport|* <BSMachPortTaskNameRight: 0x600001729d40; usable: YES; (98412:3b07:send task_name_for_pid:SpringBoard.98378)> -> (<NSThread: 0x600001729d00>{number = 3, name = (null)}) (
	0   BaseBoard                           0x00000001840447e0 -[BSMachPortRight _initWithPort:type:owner:trace:] + 192
	1   BaseBoard                           0x0000000184046754 -[BSMachPortTaskNameRight initWithPID:] + 260
	2   BaseBoard                           0x00000001840465f4 +[BSMachPortTaskNameRight taskNameForPID:] + 56
	3   BaseBoard                           0x000000018405971c +[BSProcessHandle processHandleForXPCConnection:] + 176
	4   BoardServices                       0x000000018812e73c +[BSXPCServiceConnectionPeer peerOfConnection:] + 312
	5   BoardServices                       0x0000000188163cb4 __55-[BSXPCServiceConnection _lock_activateNowOrWhenReady:]_block_invoke_2 + 136
	6   BoardServices                       0x000000018815a2fc __55-[BSXPCServiceConnectionMessage _actuallySendWithMode:]_block_invoke +
2026-08-17 11:24:57.889 Db YourSofia[98412:31db11] [com.apple.defaults:User Defaults] CFPrefsPlistSource<0x600002c01700> (Domain: com.apple.keyboard.preferences, User: kCFPreferencesCurrentUser, ByHost: No, Container: /Users/valentinasenov/Library/Developer/CoreSimulator/Devices/4EC5F74C-5A9C-4D89-8E44-374310E684AE/data, Contents Need Refresh: No) loaded: a new base plist and a diff relative to the base plist
2026-08-17 11:24:57.889 Db YourSofia[98412:31db11] [com.apple.defaults:User Defaults] CFPrefsPlistSource<0x600002c01880> (Domain: com.apple.keyboard.preferences, User: kCFPreferencesCurrentUser, ByHost: Yes, Container: (null), Contents Need Refresh: No) loaded: an empty base plist and no additional changes from the base plist
2026-08-17 11:24:57.889 Db YourSofia[98412:31db11] [com.apple.defaults:User Defaults] looked up value 1 for key DidShowContinuousPathIntroduction in CFPrefsPlistSource<0x600002c01700> (Domain: com.apple.keyboard.preferences, User: kCFPreferencesCurrentUser, ByHost: No, Container: /Users/valentinasenov/Library/Developer/CoreSimulator/Devices/4EC5F74C-5A9C-4D89-8E44-374310E684AE/data, Contents Need Refresh: No) via CFPrefsSearchListSource<0x600002c01500> (Domain: com.apple.keyboard.preferences, Container: (null) Non-launch persona: 0)
2026-08-17 11:24:57.896 I  YourSofia[98412:31db81] [com.apple.network:connection] nw_connection_create_with_id [C1] create connection to Hostname#8b243438:61878
2026-08-17 11:24:57.896 Df YourSofia[98412:31db81] [com.apple.CFNetwork:Default] Connection 1: starting, TC(0x0)
2026-08-17 11:24:57.896 Df YourSofia[98412:31db81] [com.apple.network:connection] [C1 376D123B-D687-4509-88FA-C01041901036 Hostname#8b243438:61878 tcp, url: http://localhost:61878/, definite, attribution: developer, context: com.apple.CFNetwork.NSURLSession.{5FD9CCB3-B141-410A-A9F6-89BF595CFF47}{(null)}{Y}{2}{0x0} (private), proc: E262C6F4-77EE-382F-8323-FAC9A1A02BBD, delegated upid: 0] start
2026-08-17 11:24:57.896 I  YourSofia[98412:31db81] [com.apple.network:connection] nw_endpoint_handler_start [C1 Hostname#8b243438:61878 initial parent-flow ((null))]
2026-08-17 11:24:57.897 Df YourSofia[98412:31db81] [com.apple.network:connection] [C1 Hostname#8b243438:61878 initial parent-flow ((null))] event: path:start @0.000s
2026-08-17 11:24:57.897 Db YourSofia[98412:31db81] [com.apple.network:connection] nw_endpoint_handler_path_change [C1 Hostname#8b243438:61878 waiting parent-flow (satisfied (Path is satisfied), interface: en0[802.11], uses wifi, LQM: unknown)]
2026-08-17 11:24:57.898 Db YourSofia[98412:31db11] [com.apple.CFBundle:resources] Resource lookup at CFBundle 0x600003b082a0 </Users/valentinasenov/Library/Developer/CoreSimulator/Devices/4EC5F74C-5A9C-4D89-8E44-374310E684AE/data/Containers/Bundle/Application/31087BF4-D319-4611-A136-08A015F59238/YourSofia.app> (executable, loaded)
	Request       : InfoPlist type: strings
	Result        : None
2026-08-17 11:24:57.898 Db YourSofia[98412:31db11] [com.apple.CFBundle:resources] Resource lookup at CFBundle 0x600003b082a0 </Users/valentinasenov/Library/Developer/CoreSimulator/Devices/4EC5F74C-5A9C-4D89-8E44-374310E684AE/data/Containers/Bundle/Application/31087BF4-D319-4611-A136-08A015F59238/YourSofia.app> (executable, loaded)
	Request       : InfoPlist type: stringsdict
	Result        : None
2026-08-17 11:24:57.898 Df YourSofia[98412:31db11] [com.apple.UserNotifications:Connections] [bg.sofia.yoursofia] Creating a user notification center
2026-08-17 11:24:57.897 Db YourSofia[98412:31db81] [com.apple.networkextension:] ne_tracker_check subsystem is initialized with: {0000000}
2026-08-17 11:24:57.903 Db YourSofia[98412:31db81] [com.apple.networkextension:] ne_tracker_check_is_hostname_blocked() proceeding with the in_the_app check for hostname: localhost
2026-08-17 11:24:57.903 Db YourSofia[98412:31db81] [com.apple.CFBundle:resources] Resource lookup at CFBundle 0x600003b082a0 </Users/valentinasenov/Library/Developer/CoreSimulator/Devices/4EC5F74C-5A9C-4D89-8E44-374310E684AE/data/Containers/Bundle/Application/31087BF4-D319-4611-A136-08A015F59238/YourSofia.app> (executable, loaded)
	Request       : InfoPlist type: strings
	Result        : None
2026-08-17 11:24:57.903 Db YourSofia[98412:31db81] [com.apple.CFBundle:resources] Resource lookup at CFBundle 0x600003b082a0 </Users/valentinasenov/Library/Developer/CoreSimulator/Devices/4EC5F74C-5A9C-4D89-8E44-374310E684AE/data/Containers/Bundle/Application/31087BF4-D319-4611-A136-08A015F59238/YourSofia.app> (executable, loaded)
	Request       : InfoPlist type: stringsdict
	Result        : None
2026-08-17 11:24:57.903 Db YourSofia[98412:31db81] [com.apple.networkextension:] ne_tracker_check_is_hostname_blocked(): hostname localhost is not a tracker. Returning: ne_tracker_status_none
2026-08-17 11:24:57.903 Df YourSofia[98412:31db81] [com.apple.network:connection] [C1 Hostname#8b243438:61878 waiting parent-flow (satisfied (Path is satisfied), interface: en0[802.11], uses wifi, LQM: unknown)] event: path:satisfied @0.006s, uuid: EB710BE2-AD0D-4757-9AF5-0847E2BDBB87
2026-08-17 11:24:57.903 I  YourSofia[98412:31db81] [com.apple.network:connection] nw_connection_endpoint_report_on_nw_queue_block_invoke [C1 Hostname#8b243438:61878 waiting parent-flow (satisfied (Path is satisfied), interface: en0[802.11], uses wifi, LQM: unknown)] skipping state update
2026-08-17 11:24:57.906 Db YourSofia[98412:31db83] [com.apple.defaults:User Defaults] found no value for key IIOEnableOOP in CFPrefsSearchListSource<0x600002c04080> (Domain: bg.sofia.yoursofia, Container: (null) Non-launch persona: 0)
2026-08-17 11:24:57.906 A  YourSofia[98412:31db83] (CoreFoundation) Loading Preferences From User Session CFPrefsD
2026-08-17 11:24:57.907 Db YourSofia[98412:31db83] [com.apple.defaults:User Defaults] CFPrefsPlistSource<0x600002c1c600> (Domain: com.apple.ImageIO, User: kCFPreferencesCurrentUser, ByHost: No, Container: (null), Contents Need Refresh: No) loaded: an empty base plist and no additional changes from the base plist
2026-08-17 11:24:57.907 Db YourSofia[98412:31db83] [com.apple.defaults:User Defaults] found no value for key IIOEnableOOP in CFPrefsPlistSource<0x600002c1c600> (Domain: com.apple.ImageIO, User: kCFPreferencesCurrentUser, ByHost: No, Container: (null), Contents Need Refresh: No)
2026-08-17 11:24:57.907 Db YourSofia[98412:31db82] [com.apple.defaults:User Defaults] CFPrefsManagedSource<0x600002c01e80> (Domain: com.apple.UIKit, User: kCFPreferencesCurrentUser, ByHost: Yes, Container: (null), Contents Need Refresh: No) loaded: an empty base plist and no additional changes from the base plist
2026-08-17 11:24:57.907 Db YourSofia[98412:31db82] [com.apple.defaults:User Defaults] CFPrefsManagedSource<0x600002c01f00> (Domain: com.apple.UIKit, User: kCFPreferencesAnyUser, ByHost: Yes, Container: (null), Contents Need Refresh: No) loaded: an empty base plist and no additional changes from the base plist
2026-08-17 11:24:57.907 Db YourSofia[98412:31db82] [com.apple.defaults:User Defaults] CFPrefsPlistSource<0x600002c01e00> (Domain: com.apple.UIKit, User: kCFPreferencesCurrentUser, ByHost: No, Container: (null), Contents Need Refresh: No) loaded: an empty base plist and no additional changes from the base plist
2026-08-17 11:24:57.907 Db YourSofia[98412:31db82] [com.apple.defaults:User Defaults] CFPrefsPlistSource<0x600002c01f80> (Domain: com.apple.UIKit, User: kCFPreferencesCurrentUser, ByHost: No, Container: /Users/valentinasenov/Library/Developer/CoreSimulator/Devices/4EC5F74C-5A9C-4D89-8E44-374310E684AE/data, Contents Need Refresh: No) loaded: an empty base plist and no additional changes from the base plist
2026-08-17 11:24:57.907 Db YourSofia[98412:31db82] [com.apple.defaults:User Defaults] CFPrefsPlistSource<0x600002c02100> (Domain: com.apple.UIKit, User: kCFPreferencesCurrentUser, ByHost: Yes, Container: (null), Contents Need Refresh: No) loaded: an empty base plist and no additional changes from the base plist
2026-08-17 11:24:57.907 Db YourSofia[98412:31db8b] [com.apple.defaults:User Defaults] found no value for key LogHIDEventFiltered in CFPrefsSearchListSource<0x600002c01d80> (Domain: com.apple.UIKit, Container: (null) Non-launch persona: 0)
2026-08-17 11:24:57.907 Db YourSofia[98412:31db8b] [com.apple.defaults:User Defaults] found no value for key LogHIDEventIncoming in CFPrefsSearchListSource<0x600002c01d80> (Domain: com.apple.UIKit, Container: (null) Non-launch persona: 0)
2026-08-17 11:24:57.908 Db YourSofia[98412:31db11] [com.apple.defaults:User Defaults] found no value for key LogApplication in CFPrefsSearchListSource<0x600002c01d80> (Domain: com.apple.UIKit, Container: (null) Non-launch persona: 0)
2026-08-17 11:24:57.908 Df YourSofia[98412:31db11] [com.apple.UIKit:Application] Deactivation reason added: 10; deactivation reasons: 0 -> 1024; animating application lifecycle event: 0
2026-08-17 11:24:57.908 Db YourSofia[98412:31db82] [com.apple.defaults:User Defaults] found no value for key LogBackgroundTask in CFPrefsSearchListSource<0x600002c01d80> (Domain: com.apple.UIKit, Container: (null) Non-launch persona: 0)
2026-08-17 11:24:57.908 Df YourSofia[98412:31db82] [com.apple.UIKit:BackgroundTask] Creating new assertion because there is no existing background assertion.
2026-08-17 11:24:57.908 Df YourSofia[98412:31db82] [com.apple.UIKit:BackgroundTask] Creating new background assertion
2026-08-17 11:24:57.908 Df YourSofia[98412:31db82] [com.apple.UIKit:BackgroundTask] Created new background assertion <BKSProcessAssertion: 0x600002112620>
2026-08-17 11:24:57.908 Df YourSofia[98412:31db11] [com.apple.BoardServices:Injection] activating monitor for service com.apple.frontboard.open
2026-08-17 11:24:57.908 I  YourSofia[98412:31db82] [com.apple.runningboard:assertion] Acquiring assertion: <RBSAssertionDescriptor| "Shared Background Assertion 0 for bg.sofia.yoursofia" ID:(null) target:98412>
2026-08-17 11:24:57.908 Df YourSofia[98412:31db11] [com.apple.BoardServices:Injection] activating monitor for service com.apple.frontboard.workspace-service
2026-08-17 11:24:57.908 Df YourSofia[98412:31db11] [com.apple.FrontBoard:Common] FBSWorkspace registering source: com.apple.frontboard.systemappservices
2026-08-17 11:24:57.908 Db YourSofia[98412:31db82] [com.apple.runningboard:assertion] Adding assertion 98125-98412-757 to dictionary
2026-08-17 11:24:57.908 Df YourSofia[98412:31db82] [com.apple.UIKit:BackgroundTask] Incrementing reference count for background assertion <BKSProcessAssertion: 0x600002112620>
2026-08-17 11:24:57.908 Df YourSofia[98412:31db82] [com.apple.UIKit:BackgroundTask] Created background task <_UIBackgroundTaskInfo: 0x6000017324c0>: taskID = 1, taskName = Launch Background Task for Coalescing, creationTime = 184376 (elapsed = 0).
2026-08-17 11:24:57.908 Df YourSofia[98412:31db82] [com.apple.FrontBoard:SceneExtension] Realizing settings extension _UIApplicationSceneKeyboardSettings on FBSSceneSettings
2026-08-17 11:24:57.909 Df YourSofia[98412:31db11] [com.apple.FrontBoard:Common] FBSWorkspace connected to endpoint : <BSServiceConnectionEndpoint: 0x600000231ec0; target: com.apple.frontboard.systemappservices; service: com.apple.frontboard.workspace-service>
2026-08-17 11:24:57.909 Df YourSofia[98412:31db11] [com.apple.FrontBoard:Common] <FBSWorkspaceScenesClient:0x600003008480 com.apple.frontboard.systemappservices> attempting immediate handshake from activate
2026-08-17 11:24:57.909 Df YourSofia[98412:31db11] [com.apple.FrontBoard:Common] <FBSWorkspaceScenesClient:0x600003008480 com.apple.frontboard.systemappservices> sent handshake
2026-08-17 11:24:57.909 Db YourSofia[98412:31db82] [com.apple.FrontBoard:SceneExtension] registering method "hardwareKeyboardExclusivityIdentifier" from extension _UIApplicationSceneKeyboardSettings on class "FBSSceneSettings"
2026-08-17 11:24:57.909 Db YourSofia[98412:31db82] [com.apple.FrontBoard:SceneExtension] registering method "setHardwareKeyboardExclusivityIdentifier:" from extension _UIApplicationSceneKeyboardSettings on class "FBSSceneSettings"
2026-08-17 11:24:57.909 Df YourSofia[98412:31db11] [com.apple.runningboard:general] Added observer for process assertions expiration warning: <_RBSExpirationWarningClient: 0x600000212fa0>
2026-08-17 11:24:57.909 Db YourSofia[98412:31db82] [com.apple.FrontBoard:SceneExtension] registering method "keyboardDockDisabled" from extension _UIApplicationSceneKeyboardSettings on class "FBSSceneSettings"
2026-08-17 11:24:57.909 Db YourSofia[98412:31db82] [com.apple.FrontBoard:SceneExtension] registering method "setKeyboardDockDisabled:" from extension _UIApplicationSceneKeyboardSettings on class "FBSSceneSettings"
2026-08-17 11:24:57.909 Db YourSofia[98412:31db82] [com.apple.FrontBoard:SceneExtension] registering method "minimumKeyboardPadding" from extension _UIApplicationSceneKeyboardSettings on class "FBSSceneSettings"
2026-08-17 11:24:57.909 Db YourSofia[98412:31db82] [com.apple.FrontBoard:SceneExtension] registering method "setMinimumKeyboardPadding:" from extension _UIApplicationSceneKeyboardSettings on class "FBSSceneSettings"
2026-08-17 11:24:57.909 Db YourSofia[98412:31db82] [com.apple.FrontBoard:SceneExtension] registering method "suppressKeyboardFocusRequests" from extension _UIApplicationSceneKeyboardSettings on class "FBSSceneSettings"
2026-08-17 11:24:57.909 Db YourSofia[98412:31db82] [com.apple.FrontBoard:SceneExtension] registering method "setSuppressKeyboardFocusRequests:" from extension _UIApplicationSceneKeyboardSettings on class "FBSSceneSettings"
2026-08-17 11:24:57.909 Df YourSofia[98412:31db82] [com.apple.FrontBoard:SceneExtension] Realizing settings extension <_UISceneOcclusionSettings> on FBSSceneSettings
2026-08-17 11:24:57.909 Db YourSofia[98412:31db82] [com.apple.FrontBoard:SceneExtension] registering method "systemOcclusionRects" from extension <_UISceneOcclusionSettings> on class "FBSSceneSettings"
2026-08-17 11:24:57.909 Db YourSofia[98412:31db82] [com.apple.FrontBoard:SceneExtension] registering method "setSystemOcclusionRects:" from extension <_UISceneOcclusionSettings> on class "FBSSceneSettings"
2026-08-17 11:24:57.909 Db YourSofia[98412:31db82] [com.apple.FrontBoard:SceneExtension] registering method "applicationOcclusionRects" from extension <_UISceneOcclusionSettings> on class "FBSSceneSettings"
2026-08-17 11:24:57.909 Db YourSofia[98412:31db82] [com.apple.FrontBoard:SceneExtension] registering method "setApplicationOcclusionRects:" from extension <_UISceneOcclusionSettings> on class "FBSSceneSettings"
2026-08-17 11:24:57.909 Df YourSofia[98412:31db82] [com.apple.FrontBoard:SceneExtension] Realizing settings extension <_UISceneInterfaceProtectionSettings> on FBSSceneSettings
2026-08-17 11:24:57.909 Db YourSofia[98412:31db82] [com.apple.FrontBoard:SceneExtension] registering method "underAppProtection" from extension <_UISceneInterfaceProtectionSettings> on class "FBSSceneSettings"
2026-08-17 11:24:57.909 Db YourSofia[98412:31db82] [com.apple.FrontBoard:SceneExtension] registering method "setUnderAppProtection:" from extension <_UISceneInterfaceProtectionSettings> on class "FBSSceneSettings"
2026-08-17 11:24:57.909 Db YourSofia[98412:31db82] [com.apple.FrontBoard:SceneExtension] registering method "extensionShieldCurrentlyShown" from extension <_UISceneInterfaceProtectionSettings> on class "FBSSceneSettings"
2026-08-17 11:24:57.909 Db YourSofia[98412:31db82] [com.apple.FrontBoard:SceneExtension] registering method "setExtensionShieldCurrentlyShown:" from extension <_UISceneInterfaceProtectionSettings> on class "FBSSceneSettings"
2026-08-17 11:24:57.909 Df YourSofia[98412:31db82] [com.apple.FrontBoard:SceneExtension] Realizing settings extension _UISceneLayoutPreferencesHostSettingsExtension on FBSSceneSettings
2026-08-17 11:24:57.910 Db YourSofia[98412:31db82] [com.apple.FrontBoard:SceneExtension] registering method "_hostObservesLayoutPreferenceChanges" from extension _UISceneLayoutPreferencesHostSettingsExtension on class "FBSSceneSettings"
2026-08-17 11:24:57.910 Db YourSofia[98412:31db82] [com.apple.FrontBoard:SceneExtension] registering method "set_hostObservesLayoutPreferenceChanges:" from extension _UISceneLayoutPreferencesHostSettingsExtension on class "FBSSceneSettings"
2026-08-17 11:24:57.910 Db YourSofia[98412:31db82] [com.apple.FrontBoard:SceneExtension] registering method "_hostSupportsSceneDoubleTap" from extension _UISceneLayoutPreferencesHostSettingsExtension on class "FBSSceneSettings"
2026-08-17 11:24:57.910 Db YourSofia[98412:31db82] [com.apple.FrontBoard:SceneExtension] registering method "set_hostSupportsSceneDoubleTap:" from extension _UISceneLayoutPreferencesHostSettingsExtension on class "FBSSceneSettings"
2026-08-17 11:24:57.910 Df YourSofia[98412:31db82] [com.apple.FrontBoard:SceneExtension] Realizing settings extension _UISceneSafeAreaSettingsExtension on FBSSceneSettings
2026-08-17 11:24:57.910 Db YourSofia[98412:31db82] [com.apple.FrontBoard:SceneExtension] registering method "safeAreaCornerInsetResolver" from extension _UISceneSafeAreaSettingsExtension on class "FBSSceneSettings"
2026-08-17 11:24:57.910 Db YourSofia[98412:31db82] [com.apple.FrontBoard:SceneExtension] registering method "setSafeAreaCornerInsetResolver:" from extension _UISceneSafeAreaSettingsExtension on class "FBSSceneSettings"
2026-08-17 11:24:57.910 Db YourSofia[98412:31db82] [com.apple.FrontBoard:SceneExtension] registering method "safeAreaCornerInsets" from extension _UISceneSafeAreaSettingsExtension on class "FBSSceneSettings"
2026-08-17 11:24:57.910 Db YourSofia[98412:31db82] [com.apple.FrontBoard:SceneExtension] registering method "setSafeAreaCornerInsets:" from extension _UISceneSafeAreaSettingsExtension on class "FBSSceneSettings"
2026-08-17 11:24:57.910 Db YourSofia[98412:31db82] [com.apple.FrontBoard:SceneExtension] registering method "safeAreaEdgeInsetResolver" from extension _UISceneSafeAreaSettingsExtension on class "FBSSceneSettings"
2026-08-17 11:24:57.910 Db YourSofia[98412:31db82] [com.apple.FrontBoard:SceneExtension] registering method "setSafeAreaEdgeInsetResolver:" from extension _UISceneSafeAreaSettingsExtension on class "FBSSceneSettings"
2026-08-17 11:24:57.910 Db YourSofia[98412:31db82] [com.apple.FrontBoard:SceneExtension] registering method "safeAreaEdgeInsets" from extension _UISceneSafeAreaSettingsExtension on class "FBSSceneSettings"
2026-08-17 11:24:57.910 Db YourSofia[98412:31db82] [com.apple.FrontBoard:SceneExtension] registering method "setSafeAreaEdgeInsets:" from extension _UISceneSafeAreaSettingsExtension on class "FBSSceneSettings"
2026-08-17 11:24:57.910 Df YourSofia[98412:31db82] [com.apple.FrontBoard:SceneExtension] Realizing settings extension _UISceneLayoutPreferenceClientSettingsExtension on FBSSceneClientSettings
2026-08-17 11:24:57.910 Db YourSofia[98412:31db82] [com.apple.FrontBoard:SceneExtension] registering method "preferredMaximumHeight" from extension _UISceneLayoutPreferenceClientSettingsExtension on class "FBSSceneClientSettings"
2026-08-17 11:24:57.910 Db YourSofia[98412:31db82] [com.apple.FrontBoard:SceneExtension] registering method "setPreferredMaximumHeight:" from extension _UISceneLayoutPreferenceClientSettingsExtension on class "FBSSceneClientSettings"
2026-08-17 11:24:57.910 Db YourSofia[98412:31db82] [com.apple.FrontBoard:SceneExtension] registering method "preferredMaximumWidth" from extension _UISceneLayoutPreferenceClientSettingsExtension on class "FBSSceneClientSettings"
2026-08-17 11:24:57.910 Db YourSofia[98412:31db82] [com.apple.FrontBoard:SceneExtension] registering method "setPreferredMaximumWidth:" from extension _UISceneLayoutPreferenceClientSettingsExtension on class "FBSSceneClientSettings"
2026-08-17 11:24:57.910 Db YourSofia[98412:31db82] [com.apple.FrontBoard:SceneExtension] registering method "preferredMaximumDepth" from extension _UISceneLayoutPreferenceClientSettingsExtension on class "FBSSceneClientSettings"
2026-08-17 11:24:57.910 Db YourSofia[98412:31db82] [com.apple.FrontBoard:SceneExtension] registering method "setPreferredMaximumDepth:" from extension _UISceneLayoutPreferenceClientSettingsExtension on class "FBSSceneClientSettings"
2026-08-17 11:24:57.910 Db YourSofia[98412:31db82] [com.apple.FrontBoard:SceneExtension] registering method "preferredMinimumWidth" from extension _UISceneLayoutPreferenceClientSettingsExtension on class "FBSSceneClientSettings"
2026-08-17 11:24:57.910 Db YourSofia[98412:31db82] [com.apple.FrontBoard:SceneExtension] registering method "setPreferredMinimumWidth:" from extension _UISceneLayoutPreferenceClientSettingsExtension on class "FBSSceneClientSettings"
2026-08-17 11:24:57.910 Db YourSofia[98412:31db82] [com.apple.FrontBoard:SceneExtension] registering method "preferredMinimumHeight" from extension _UISceneLayoutPreferenceClientSettingsExtension on class "FBSSceneClientSettings"
2026-08-17 11:24:57.910 Db YourSofia[98412:31db82] [com.apple.FrontBoard:SceneExtension] registering method "setPreferredMinimumHeight:" from extension _UISceneLayoutPreferenceClientSettingsExtension on class "FBSSceneClientSettings"
2026-08-17 11:24:57.910 Db YourSofia[98412:31db82] [com.apple.FrontBoard:SceneExtension] registering method "preferredMinimumDepth" from extension _UISceneLayoutPreferenceClientSettingsExtension on class "FBSSceneClientSettings"
2026-08-17 11:24:57.910 Db YourSofia[98412:31db82] [com.apple.FrontBoard:SceneExtension] registering method "setPreferredMinimumDepth:" from extension _UISceneLayoutPreferenceClientSettingsExtension on class "FBSSceneClientSettings"
2026-08-17 11:24:57.910 Df YourSofia[98412:31db82] [com.apple.FrontBoard:SceneExtension] Realizing settings extension <_UIHomeAffordanceHostSceneSettings> on FBSSceneSettings
2026-08-17 11:24:57.903 Db YourSofia[98412:31db81] [com.apple.network:] nw_endpoint_proxy_handler_should_use_proxy Looking up proxy for hostname: localhost, ifindex: 0
2026-08-17 11:24:57.910 Db YourSofia[98412:31db82] [com.apple.FrontBoard:SceneExtension] registering method "homeAffordanceSceneReferenceFrame" from extension <_UIHomeAffordanceHostSceneSettings> on class "FBSSceneSettings"
2026-08-17 11:24:57.910 Db YourSofia[98412:31db82] [com.apple.FrontBoard:SceneExtension] registering method "setHomeAffordanceSceneReferenceFrame:" from extension <_UIHomeAffordanceHostSceneSettings> on class "FBSSceneSettings"
2026-08-17 11:24:57.910 Df YourSofia[98412:31db82] [com.apple.FrontBoard:SceneExtension] Realizing settings extension _UISystemShellSceneHostingEnvironmentSettings on FBSSceneSettings
2026-08-17 11:24:57.911 Db YourSofia[98412:31db11] [com.apple.defaults:User Defaults] found no value for key LogUIScreen in CFPrefsSearchListSource<0x600002c01d80> (Domain: com.apple.UIKit, Container: (null) Non-launch persona: 0)
2026-08-17 11:24:57.911 Db YourSofia[98412:31db82] [com.apple.FrontBoard:SceneExtension] registering method "systemShellHostingSpaceIdentifier" from extension _UISystemShellSceneHostingEnvironmentSettings on class "FBSSceneSettings"
2026-08-17 11:24:57.911 Db YourSofia[98412:31db82] [com.apple.FrontBoard:SceneExtension] registering method "setSystemShellHostingSpaceIdentifier:" from extension _UISystemShellSceneHostingEnvironmentSettings on class "FBSSceneSettings"
2026-08-17 11:24:57.911 Df YourSofia[98412:31db11] [com.apple.UIKit:UIScreen] Evaluated capturing state as 0 on <UIScreen: 0x103406a10> for initial
2026-08-17 11:24:57.911 Df YourSofia[98412:31db82] [com.apple.FrontBoard:SceneExtension] Realizing settings extension _UISceneRenderingEnvironmentSettings on FBSSceneSettings
2026-08-17 11:24:57.911 Db YourSofia[98412:31db82] [com.apple.FrontBoard:SceneExtension] registering method "modern_isCapturingContentForAdditionalRenderingDestination" from extension _UISceneRenderingEnvironmentSettings on class "FBSSceneSettings"
2026-08-17 11:24:57.911 Df YourSofia[98412:31db11] [com.apple.UIKit:UIScreen] Evaluated capturing state as 0 on <UIScreen: 0x103406a10> for CADisplay KVO
2026-08-17 11:24:57.911 Db YourSofia[98412:31db82] [com.apple.FrontBoard:SceneExtension] registering method "setModernIsCapturingContentForAdditionalRenderingDestinations:" from extension _UISceneRenderingEnvironmentSettings on class "FBSSceneSettings"
2026-08-17 11:24:57.911 Db YourSofia[98412:31db82] [com.apple.FrontBoard:SceneExtension] registering method "systemDisplayIdentifier" from extension _UISceneRenderingEnvironmentSettings on class "FBSSceneSettings"
2026-08-17 11:24:57.911 Db YourSofia[98412:31db82] [com.apple.FrontBoard:SceneExtension] registering method "setSystemDisplayIdentifier:" from extension _UISceneRenderingEnvironmentSettings on class "FBSSceneSettings"
2026-08-17 11:24:57.911 Db YourSofia[98412:31db82] [com.apple.FrontBoard:SceneExtension] registering method "activeAppearance" from extension _UISceneRenderingEnvironmentSettings on class "FBSSceneSettings"
2026-08-17 11:24:57.911 Db YourSofia[98412:31db82] [com.apple.FrontBoard:SceneExtension] registering method "setActiveAppearance:" from extension _UISceneRenderingEnvironmentSettings on class "FBSSceneSettings"
2026-08-17 11:24:57.911 Df YourSofia[98412:31db82] [com.apple.FrontBoard:SceneExtension] Realizing settings extension <_UISceneRenderingEnvironmentClientSettings> on FBSSceneClientSettings
2026-08-17 11:24:57.911 Db YourSofia[98412:31db82] [com.apple.FrontBoard:SceneExtension] registering method "prefersContentProtection" from extension <_UISceneRenderingEnvironmentClientSettings> on class "FBSSceneClientSettings"
2026-08-17 11:24:57.911 Db YourSofia[98412:31db82] [com.apple.FrontBoard:SceneExtension] registering method "setPrefersContentProtection:" from extension <_UISceneRenderingEnvironmentClientSettings> on class "FBSSceneClientSettings"
2026-08-17 11:24:57.911 Df YourSofia[98412:31db82] [com.apple.FrontBoard:SceneExtension] Realizing settings extension <_UISceneTransitioningHostSettings> on FBSSceneSettings
2026-08-17 11:24:57.911 Db YourSofia[98412:31db82] [com.apple.FrontBoard:SceneExtension] registering method "allowedAsMorphTransitionSource" from extension <_UISceneTransitioningHostSettings> on class "FBSSceneSettings"
2026-08-17 11:24:57.911 Db YourSofia[98412:31db82] [com.apple.FrontBoard:SceneExtension] registering method "setAllowedAsMorphTransitionSource:" from extension <_UISceneTransitioningHostSettings> on class "FBSSceneSettings"
2026-08-17 11:24:57.911 Df YourSofia[98412:31db82] [com.apple.FrontBoard:SceneExtension] Realizing settings extension <_UISceneFocusSystemSettings> on FBSSceneSettings
2026-08-17 11:24:57.911 Db YourSofia[98412:31db82] [com.apple.FrontBoard:SceneExtension] registering method "isHostAssertingActiveFocusSystem" from extension <_UISceneFocusSystemSettings> on class "FBSSceneSettings"
2026-08-17 11:24:57.911 Db YourSofia[98412:31db82] [com.apple.FrontBoard:SceneExtension] registering method "setHostAssertingActiveFocusSystem:" from extension <_UISceneFocusSystemSettings> on class "FBSSceneSettings"
2026-08-17 11:24:57.911 Df YourSofia[98412:31db82] [com.apple.FrontBoard:SceneExtension] Realizing settings extension _UISceneOrientationSettingsExtension on FBSSceneSettings
2026-08-17 11:24:57.911 Db YourSofia[98412:31db82] [com.apple.FrontBoard:SceneExtension] registering method "interfaceOrientationLockState" from extension _UISceneOrientationSettingsExtension on class "FBSSceneSettings"
2026-08-17 11:24:57.911 Db YourSofia[98412:31db82] [com.apple.FrontBoard:SceneExtension] registering method "setInterfaceOrientationLockState:" from extension _UISceneOrientationSettingsExtension on class "FBSSceneSettings"
2026-08-17 11:24:57.911 Df YourSofia[98412:31db82] [com.apple.FrontBoard:SceneExtension] Realizing settings extension _UISceneOrientationClientSettingsExtension on FBSSceneClientSettings
2026-08-17 11:24:57.911 Db YourSofia[98412:31db82] [com.apple.FrontBoard:SceneExtension] registering method "interfaceOrientationLockPreference" from extension _UISceneOrientationClientSettingsExtension on class "FBSSceneClientSettings"
2026-08-17 11:24:57.911 Db YourSofia[98412:31db82] [com.apple.FrontBoard:SceneExtension] registering method "setInterfaceOrientationLockPreference:" from extension _UISceneOrientationClientSettingsExtension on class "FBSSceneClientSettings"
2026-08-17 11:24:57.911 Df YourSofia[98412:31db82] [com.apple.FrontBoard:SceneExtension] Realizing settings extension _UISceneWindowingControlClientSettings on FBSSceneClientSettings
2026-08-17 11:24:57.911 Db YourSofia[98412:31db11] [com.apple.CFBundle:resources] Resource lookup at CFBundle 0x600003b082a0 </Users/valentinasenov/Library/Developer/CoreSimulator/Devices/4EC5F74C-5A9C-4D89-8E44-374310E684AE/data/Containers/Bundle/Application/31087BF4-D319-4611-A136-08A015F59238/YourSofia.app> (executable, loaded)
	Request       : InfoPlist type: strings
	Result        : None
2026-08-17 11:24:57.911 Db YourSofia[98412:31db82] [com.apple.FrontBoard:SceneExtension] registering method "preferredWindowingControlStyleType" from extension _UISceneWindowingControlClientSettings on class "FBSSceneClientSettings"
2026-08-17 11:24:57.911 Db YourSofia[98412:31db11] [com.apple.CFBundle:resources] Resource lookup at CFBundle 0x600003b082a0 </Users/valentinasenov/Library/Developer/CoreSimulator/Devices/4EC5F74C-5A9C-4D89-8E44-374310E684AE/data/Containers/Bundle/Application/31087BF4-D319-4611-A136-08A015F59238/YourSofia.app> (executable, loaded)
	Request       : InfoPlist type: stringsdict
	Result        : None
2026-08-17 11:24:57.911 Db YourSofia[98412:31db82] [com.apple.FrontBoard:SceneExtension] registering method "setPreferredWindowingControlStyleType:" from extension _UISceneWindowingControlClientSettings on class "FBSSceneClientSettings"
2026-08-17 11:24:57.911 Db YourSofia[98412:31db11] [com.apple.defaults:User Defaults] found no value for key _UIEnableLegacyRTL in CFPrefsSearchListSource<0x600002c01d80> (Domain: com.apple.UIKit, Container: (null) Non-launch persona: 0)
2026-08-17 11:24:57.912 Db YourSofia[98412:31db11] [com.apple.defaults:User Defaults] found no value for key NSTighteningFactorForTruncation in CFPrefsSearchListSource<0x600002c04080> (Domain: bg.sofia.yoursofia, Container: (null) Non-launch persona: 0)
2026-08-17 11:24:57.912 Df YourSofia[98412:31db82] [com.apple.FrontBoard:SceneExtension] Realizing settings extension <_UISceneHostingContentSizePreferenceClientSettings> on FBSSceneClientSettings
2026-08-17 11:24:57.912 Db YourSofia[98412:31db11] [com.apple.defaults:User Defaults] found no value for key NSTighteningFactorForTruncation in CFPrefsSearchListSource<0x600002c04080> (Domain: bg.sofia.yoursofia, Container: (null) Non-launch persona: 0)
2026-08-17 11:24:57.912 Db YourSofia[98412:31db82] [com.apple.FrontBoard:SceneExtension] registering method "preferredContentSize" from extension <_UISceneHostingContentSizePreferenceClientSettings> on class "FBSSceneClientSettings"
2026-08-17 11:24:57.912 Db YourSofia[98412:31db11] [com.apple.defaults:User Defaults] found no value for key NSAllowsDefaultTighteningForTruncation in CFPrefsSearchListSource<0x600002c04080> (Domain: bg.sofia.yoursofia, Container: (null) Non-launch persona: 0)
2026-08-17 11:24:57.912 Db YourSofia[98412:31db82] [com.apple.FrontBoard:SceneExtension] registering method "setPreferredContentSize:" from extension <_UISceneHostingContentSizePreferenceClientSettings> on class "FBSSceneClientSettings"
2026-08-17 11:24:57.912 Db YourSofia[98412:31db11] [com.apple.defaults:User Defaults] found no value for key NSUsesDefaultHyphenation in CFPrefsSearchListSource<0x600002c04080> (Domain: bg.sofia.yoursofia, Container: (null) Non-launch persona: 0)
2026-08-17 11:24:57.912 Df YourSofia[98412:31db82] [com.apple.FrontBoard:SceneExtension] Realizing settings extension _UISceneHostingTraitCollectionPropagationSettings on FBSSceneSettings
2026-08-17 11:24:57.912 Db YourSofia[98412:31db11] [com.apple.defaults:User Defaults] found no value for key NSDefaultHyphenationFactor in CFPrefsSearchListSource<0x600002c04080> (Domain: bg.sofia.yoursofia, Container: (null) Non-launch persona: 0)
2026-08-17 11:24:57.912 Db YourSofia[98412:31db11] [com.apple.defaults:User Defaults] found no value for key NSUsesOptimalLineBreaking in CFPrefsSearchListSource<0x600002c04080> (Domain: bg.sofia.yoursofia, Container: (null) Non-launch persona: 0)
2026-08-17 11:24:57.912 Db YourSofia[98412:31db11] [com.apple.defaults:User Defaults] found no value for key NSUsesOptimalLineBreakingForNonJustifiedAlignments in CFPrefsSearchListSource<0x600002c04080> (Domain: bg.sofia.yoursofia, Container: (null) Non-launch persona: 0)
2026-08-17 11:24:57.912 Db YourSofia[98412:31db11] [com.apple.defaults:User Defaults] found no value for key NSForceRightToLeftWritingDirection in CFPrefsSearchListSource<0x600002c04080> (Domain: bg.sofia.yoursofia, Container: (null) Non-launch persona: 0)
2026-08-17 11:24:57.912 Db YourSofia[98412:31db82] [com.apple.FrontBoard:SceneExtension] registering method "traitCollection" from extension _UISceneHostingTraitCollectionPropagationSettings on class "FBSSceneSettings"
2026-08-17 11:24:57.912 Db YourSofia[98412:31db82] [com.apple.FrontBoard:SceneExtension] registering method "setTraitCollection:" from extension _UISceneHostingTraitCollectionPropagationSettings on class "FBSSceneSettings"
2026-08-17 11:24:57.912 Db YourSofia[98412:31db82] [com.apple.FrontBoard:SceneExtension] registering method "tintColor" from extension _UISceneHostingTraitCollectionPropagationSettings on class "FBSSceneSettings"
2026-08-17 11:24:57.912 Db YourSofia[98412:31db82] [com.apple.FrontBoard:SceneExtension] registering method "setTintColor:" from extension _UISceneHostingTraitCollectionPropagationSettings on class "FBSSceneSettings"
2026-08-17 11:24:57.912 Df YourSofia[98412:31db82] [com.apple.FrontBoard:SceneExtension] Realizing settings extension <_UISceneHostingSheetPresentationSettings> on FBSSceneSettings
2026-08-17 11:24:57.912 Db YourSofia[98412:31db11] [com.apple.defaults:User Defaults] found no value for key UIPreferredContentSizeCategoryName in CFPrefsSearchListSource<0x600002c04080> (Domain: bg.sofia.yoursofia, Container: (null) Non-launch persona: 0)
2026-08-17 11:24:57.912 Db YourSofia[98412:31db11] [com.apple.Accessibility:AXSupportCommon] CF Read Category Name: domain = bg.sofia.yoursofia, appID = bg.sofia.yoursofia value = (null)
2026-08-17 11:24:57.912 Df YourSofia[98412:31db11] [com.apple.Accessibility:AXSupportCommon] Read CategoryName: per-app = 1, category name = (null)
2026-08-17 11:24:57.912 Db YourSofia[98412:31db82] [com.apple.FrontBoard:SceneExtension] registering method "sheetConfiguration" from extension <_UISceneHostingSheetPresentationSettings> on class "FBSSceneSettings"
2026-08-17 11:24:57.912 Db YourSofia[98412:31db82] [com.apple.FrontBoard:SceneExtension] registering method "setSheetConfiguration:" from extension <_UISceneHostingSheetPresentationSettings> on class "FBSSceneSettings"
2026-08-17 11:24:57.912 Df YourSofia[98412:31db82] [com.apple.FrontBoard:SceneExtension] Realizing settings extension <_UISceneHostingSheetPresentationClientSettings> on FBSSceneClientSettings
2026-08-17 11:24:57.912 Db YourSofia[98412:31db82] [com.apple.FrontBoard:SceneExtension] registering method "sheetClientConfiguration" from extension <_UISceneHostingSheetPresentationClientSettings> on class "FBSSceneClientSettings"
2026-08-17 11:24:57.912 Db YourSofia[98412:31db82] [com.apple.FrontBoard:SceneExtension] registering method "setSheetClientConfiguration:" from extension <_UISceneHostingSheetPresentationClientSettings> on class "FBSSceneClientSettings"
2026-08-17 11:24:57.912 Db YourSofia[98412:31db11] [com.apple.defaults:User Defaults] found no value for key UIPreferredContentSizeCategoryName in CFPrefsSearchListSource<0x600002c24980> (Domain: com.apple.UIKit, Container: /Users/valentinasenov/Library/Developer/CoreSimulator/Devices/4EC5F74C-5A9C-4D89-8E44-374310E684AE/data Non-launch persona: 0)
2026-08-17 11:24:57.912 Df YourSofia[98412:31db82] [com.apple.FrontBoard:SceneExtension] Realizing settings extension <_UISceneHostingEventDeferringSettings> on FBSSceneSettings
2026-08-17 11:24:57.912 Db YourSofia[98412:31db11] [com.apple.Accessibility:AXSupportCommon] CF Read Category Name: domain = /Users/valentinasenov/Library/Developer/CoreSimulator/Devices/4EC5F74C-5A9C-4D89-8E44-374310E684AE/data/Library/Preferences/com.apple.UIKit, appID = (null) value = (null)
2026-08-17 11:24:57.912 Df YourSofia[98412:31db11] [com.apple.Accessibility:AXSupportCommon] Read CategoryName: per-app = 0, category name = (null)
2026-08-17 11:24:57.912 Db YourSofia[98412:31db82] [com.apple.BaseBoard:Common] [rdar://100354962] Fixing incorrect property returned by protocol_copyPropertyList2() for "maintainHostFirstResponderWhenClientWantsKeyboard": required --> optional
2026-08-17 11:24:57.912 Db YourSofia[98412:31db11] [com.apple.defaults:User Defaults] found no value for key UICarPlayPreferredContentSizeCategoryName in CFPrefsSearchListSource<0x600002c01d80> (Domain: com.apple.UIKit, Container: (null) Non-launch persona: 0)
2026-08-17 11:24:57.912 Db YourSofia[98412:31db82] [com.apple.FrontBoard:SceneExtension] registering method "requestEventDeferralForAllFirstResponderChanges" from extension <_UISceneHostingEventDeferringSettings> on class "FBSSceneSettings"
2026-08-17 11:24:57.912 Db YourSofia[98412:31db11] [com.apple.defaults:User Defaults] found no value for key EnhancedTextLegibilityEnabled in CFPrefsSearchListSource<0x600002c0c900> (Domain: com.apple.Accessibility, Container: (null) Non-launch persona: 0)
2026-08-17 11:24:57.912 Db YourSofia[98412:31db82] [com.apple.FrontBoard:SceneExtension] registering method "setRequestEventDeferralForAllFirstResponderChanges:" from extension <_UISceneHostingEventDeferringSettings> on class "FBSSceneSettings"
2026-08-17 11:24:57.912 Db YourSofia[98412:31db11] [com.apple.Accessibility:AXSupportCommon] CF Read: domain = com.apple.Accessibility, preference = EnhancedTextLegibilityEnabled, appID = (null) result = (null) (-1 - empty, 0 - false, 1 - true)
2026-08-17 11:24:57.912 Db YourSofia[98412:31db82] [com.apple.FrontBoard:SceneExtension] registering method "maintainHostFirstResponderWhenClientWantsKeyboard" from extension <_UISceneHostingEventDeferringSettings> on class "FBSSceneSettings"
2026-08-17 11:24:57.912 Db YourSofia[98412:31db11] [com.apple.defaults:User Defaults] found no value for key EnhancedTextLegibilityEnabled in CFPrefsPlistSource<0x600002c0cc80> (Domain: com.apple.Accessibility, User: kCFPreferencesCurrentUser, ByHost: No, Container: /Users/valentinasenov/Library/Developer/CoreSimulator/Devices/4EC5F74C-5A9C-4D89-8E44-374310E684AE/data, Contents Need Refresh: No)
2026-08-17 11:24:57.912 Db YourSofia[98412:31db82] [com.apple.FrontBoard:SceneExtension] registering method "setMaintainHostFirstResponderWhenClientWantsKeyboard:" from extension <_UISceneHostingEventDeferringSettings> on class "FBSSceneSettings"
2026-08-17 11:24:57.912 Db YourSofia[98412:31db11] [com.apple.defaults:User Defaults] found no value for key DarkenSystemColors in CFPrefsSearchListSource<0x600002c0c900> (Domain: com.apple.Accessibility, Container: (null) Non-launch persona: 0)
2026-08-17 11:24:57.912 Db YourSofia[98412:31db11] [com.apple.Accessibility:AXSupportCommon] CF Read: domain = com.apple.Accessibility, preference = DarkenSystemColors, appID = (null) result = (null) (-1 - empty, 0 - false, 1 - true)
2026-08-17 11:24:57.912 Db YourSofia[98412:31db11] [com.apple.defaults:User Defaults] found no value for key DarkenSystemColors in CFPrefsPlistSource<0x600002c0cc80> (Domain: com.apple.Accessibility, User: kCFPreferencesCurrentUser, ByHost: No, Container: /Users/valentinasenov/Library/Developer/CoreSimulator/Devices/4EC5F74C-5A9C-4D89-8E44-374310E684AE/data, Contents Need Refresh: No)
2026-08-17 11:24:57.912 Df YourSofia[98412:31db82] [com.apple.FrontBoard:SceneExtension] Realizing settings extension <UIKit__UITypedKeyValueSceneSettings> on FBSSceneSettings
2026-08-17 11:24:57.913 Db YourSofia[98412:31db82] [com.apple.FrontBoard:SceneExtension] registering method "_uiTypedKeyStorage" from extension <UIKit__UITypedKeyValueSceneSettings> on class "FBSSceneSettings"
2026-08-17 11:24:57.913 Db YourSofia[98412:31db82] [com.apple.FrontBoard:SceneExtension] registering method "set_uiTypedKeyStorage:" from extension <UIKit__UITypedKeyValueSceneSettings> on class "FBSSceneSettings"
2026-08-17 11:24:57.913 Df YourSofia[98412:31db82] [com.apple.FrontBoard:SceneExtension] Realizing settings extension <UIKit__UITypedKeyValueSceneSettings> on FBSSceneClientSettings
2026-08-17 11:24:57.913 Db YourSofia[98412:31db82] [com.apple.FrontBoard:SceneExtension] registering method "_uiTypedKeyStorage" from extension <UIKit__UITypedKeyValueSceneSettings> on class "FBSSceneClientSettings"
2026-08-17 11:24:57.913 Db YourSofia[98412:31db82] [com.apple.FrontBoard:SceneExtension] registering method "set_uiTypedKeyStorage:" from extension <UIKit__UITypedKeyValueSceneSettings> on class "FBSSceneClientSettings"
2026-08-17 11:24:57.913 Df YourSofia[98412:31db82] [com.apple.FrontBoard:SceneExtension] Realizing settings extension <_UISceneHostingViewControllerPreferencePropagationClientSettings> on FBSSceneClientSettings
2026-08-17 11:24:57.913 Db YourSofia[98412:31db82] [com.apple.FrontBoard:SceneExtension] registering method "preferredStatusBarVisibility" from extension <_UISceneHostingViewControllerPreferencePropagationClientSettings> on class "FBSSceneClientSettings"
2026-08-17 11:24:57.913 Db YourSofia[98412:31db82] [com.apple.FrontBoard:SceneExtension] registering method "setPreferredStatusBarVisibility:" from extension <_UISceneHostingViewControllerPreferencePropagationClientSettings> on class "FBSSceneClientSettings"
2026-08-17 11:24:57.913 Df YourSofia[98412:31db82] [com.apple.FrontBoard:SceneExtension] Realizing settings extension <_UISceneZoomTransitionSettings> on FBSSceneSettings
2026-08-17 11:24:57.913 Db YourSofia[98412:31db82] [com.apple.FrontBoard:SceneExtension] registering method "wantsDismissInteraction" from extension <_UISceneZoomTransitionSettings> on class "FBSSceneSettings"
2026-08-17 11:24:57.913 Db YourSofia[98412:31db82] [com.apple.FrontBoard:SceneExtension] registering method "setWantsDismissInteraction:" from extension <_UISceneZoomTransitionSettings> on class "FBSSceneSettings"
2026-08-17 11:24:57.913 Db YourSofia[98412:31db82] [com.apple.CFBundle:loading] dyld image path for pointer 0x19ca68238 is /Library/Developer/CoreSimulator/Volumes/iOS_23D8133/Library/Developer/CoreSimulator/Profiles/Runtimes/iOS 26.3.simruntime/Contents/Resources/RuntimeRoot/System/Library/PrivateFrameworks/CoreMaterial.framework/CoreMaterial
2026-08-17 11:24:57.914 Db YourSofia[98412:31db82] [com.apple.CFBundle:loading] dlfcn check load bundle CFBundle 0x600003b001c0 </Library/Developer/CoreSimulator/Volumes/iOS_23D8133/Library/Developer/CoreSimulator/Profiles/Runtimes/iOS 26.3.simruntime/Contents/Resources/RuntimeRoot/System/Library/PrivateFrameworks/CoreMaterial.framework> (not loaded), dlopen of /Library/Developer/CoreSimulator/Volumes/iOS_23D8133/Library/Developer/CoreSimulator/Profiles/Runtimes/iOS 26.3.simruntime/Contents/Resources/RuntimeRoot/System/Library/PrivateFrameworks/CoreMaterial.framework/CoreMaterial mode 0x115 getting handle 0x328d21
2026-08-17 11:24:57.914 Db YourSofia[98412:31db11] [com.apple.defaults:User Defaults] found no value for key UITraitCollectionChangeLoggingEnabled in CFPrefsSearchListSource<0x600002c04080> (Domain: bg.sofia.yoursofia, Container: (null) Non-launch persona: 0)
2026-08-17 11:24:57.914 Db YourSofia[98412:31db82] [com.apple.CFBundle:resources] Language lookup at CFBundle 0x600003b001c0 </Library/Developer/CoreSimulator/Volumes/iOS_23D8133/Library/Developer/CoreSimulator/Profiles/Runtimes/iOS 26.3.simruntime/Contents/Resources/RuntimeRoot/System/Library/PrivateFrameworks/CoreMaterial.framework> (framework, loaded)
	Localizations : [English]
	Dev language  : English
	User prefs    : [en-US, bg-US]
	Main bundle   : [en]
	Allow mixed   : 0 
	Result        : [English]
2026-08-17 11:24:57.914 Db YourSofia[98412:31db11] [com.apple.defaults:User Defaults] found no value for key UIStateRestorationDebugLogging in CFPrefsSearchListSource<0x600002c04080> (Domain: bg.sofia.yoursofia, Container: (null) Non-launch persona: 0)
2026-08-17 11:24:57.914 Db YourSofia[98412:31db82] [com.apple.CFBundle:resources] Resource lookup at CFBundle 0x600003b001c0 </Library/Developer/CoreSimulator/Volumes/iOS_23D8133/Library/Developer/CoreSimulator/Profiles/Runtimes/iOS 26.3.simruntime/Contents/Resources/RuntimeRoot/System/Library/PrivateFrameworks/CoreMaterial.framework> (framework, loaded)
	Request       :  type: materialrecipe
	Result        : platformContentThickLight~appletv.materialrecipe -- file:///Library/Developer/CoreSimulator/Volumes/iOS_23D8133/Library/Developer/CoreSimulator/Profiles/Runtimes/iOS%2026.3.simruntime/Contents/Resources/RuntimeRoot/System/Library/PrivateFrameworks/CoreMaterial.framework/, knowledgePlattersSheerDark.materialrecipe -- file:///Library/Developer/CoreSimulator/Volumes/iOS_23D8133/Library/Developer/CoreSimulator/Profiles/Runtimes/iOS%2026.3.simruntime/Contents/Resources/RuntimeRoot/System/Library/PrivateFrameworks/CoreMaterial.framework/, platformContentUltraThinLight.materialrecipe -- file:///Library/Developer/CoreSimulator/Volumes/iOS_23D8133/Library/Developer/CoreSimulator/Profiles/Runtimes/iOS%2026.3.simruntime/Conten<…>
2026-08-17 11:24:57.914 Db YourSofia[98412:31db82] [com.apple.CFBundle:resources] Resource lookup at CFBundle 0x600003b001c0 </Library/Developer/CoreSimulator/Volumes/iOS_23D8133/Library/Developer/CoreSimulator/Profiles/Runtimes/iOS 26.3.simruntime/Contents/Resources/RuntimeRoot/System/Library/PrivateFrameworks/CoreMaterial.framework> (framework, loaded)
	Request       :  type: descendantrecipe
	Result        : platformContentThickLightShadowed.descendantrecipe -- file:///Library/Developer/CoreSimulator/Volumes/iOS_23D8133/Library/Developer/CoreSimulator/Profiles/Runtimes/iOS%2026.3.simruntime/Contents/Resources/RuntimeRoot/System/Library/PrivateFrameworks/CoreMaterial.framework/, modulesSheer.descendantrecipe -- file:///Library/Developer/CoreSimulator/Volumes/iOS_23D8133/Library/Developer/CoreSimulator/Profiles/Runtimes/iOS%2026.3.simruntime/Contents/Resources/RuntimeRoot/System/Library/PrivateFrameworks/CoreMaterial.framework/, modulesBackgroundSheer.descendantrecipe -- file:///Library/Developer/CoreSimulator/Volumes/iOS_23D8133/Library/Developer/CoreSimulator/Profiles/Runtimes/iOS%2026.3.simruntime/Contents/Resources/<…>
2026-08-17 11:24:57.914 Db YourSofia[98412:31db82] [com.apple.CFBundle:resources] Resource lookup at CFBundle 0x600003b001c0 </Library/Developer/CoreSimulator/Volumes/iOS_23D8133/Library/Developer/CoreSimulator/Profiles/Runtimes/iOS 26.3.simruntime/Contents/Resources/RuntimeRoot/System/Library/PrivateFrameworks/CoreMaterial.framework> (framework, loaded)
	Request       : platters type: descendantrecipe
	Result        : None
2026-08-17 11:24:57.914 I  YourSofia[98412:31db11] [com.wix.DetoxSync:DTXSyncReactNativeSupport] Found modern class RCTJSThreadManager, method runRunLoop
2026-08-17 11:24:57.914 Db YourSofia[98412:31db82] [com.apple.CFBundle:resources] Resource lookup at CFBundle 0x600003b001c0 </Library/Developer/CoreSimulator/Volumes/iOS_23D8133/Library/Developer/CoreSimulator/Profiles/Runtimes/iOS 26.3.simruntime/Contents/Resources/RuntimeRoot/System/Library/PrivateFrameworks/CoreMaterial.framework> (framework, loaded)
	Request       : platters type: materialrecipe
	Result        : file:///Library/Developer/CoreSimulator/Volumes/iOS_23D8133/Library/Developer/CoreSimulator/Profiles/Runtimes/iOS%2026.3.simruntime/Contents/Resources/RuntimeRoot/System/Library/PrivateFrameworks/CoreMaterial.framework/platters.materialrecipe
2026-08-17 11:24:57.914 Db YourSofia[98412:31db11] [com.apple.defaults:User Defaults] looked up value 1 for key AccessibilityEnabled in CFPrefsPlistSource<0x600002c0ca00> (Domain: com.apple.Accessibility, User: kCFPreferencesCurrentUser, ByHost: No, Container: (null), Contents Need Refresh: No) via CFPrefsSearchListSource<0x600002c0c900> (Domain: com.apple.Accessibility, Container: (null) Non-launch persona: 0)
2026-08-17 11:24:57.914 Db YourSofia[98412:31db11] [com.apple.Accessibility:AXSupportCommon] CF Read: domain = com.apple.Accessibility, preference = AccessibilityEnabled, appID = (null) result = 1 (-1 - empty, 0 - false, 1 - true)
2026-08-17 11:24:57.914 Db YourSofia[98412:31db11] [com.apple.defaults:User Defaults] looked up value 0 for key InvertColorsEnabled in CFPrefsPlistSource<0x600002c0ca00> (Domain: com.apple.Accessibility, User: kCFPreferencesCurrentUser, ByHost: No, Container: (null), Contents Need Refresh: No) via CFPrefsSearchListSource<0x600002c0c900> (Domain: com.apple.Accessibility, Container: (null) Non-launch persona: 0)
2026-08-17 11:24:57.914 Db YourSofia[98412:31db82] [com.apple.CFBundle:resources] Resource lookup at CFBundle 0x600003b001c0 </Library/Developer/CoreSimulator/Volumes/iOS_23D8133/Library/Developer/CoreSimulator/Profiles/Runtimes/iOS 26.3.simruntime/Contents/Resources/RuntimeRoot/System/Library/PrivateFrameworks/CoreMaterial.framework> (framework, loaded)
	Request       : platterFillLight type: descendantstyleset
	Result        : None
2026-08-17 11:24:57.914 Db YourSofia[98412:31db11] [com.apple.Accessibility:AXSupportCommon] CF Read: domain = com.apple.Accessibility, preference = InvertColorsEnabled, appID = (null) result = 0 (-1 - empty, 0 - false, 1 - true)
2026-08-17 11:24:57.914 Db YourSofia[98412:31db82] [com.apple.CFBundle:resources] Resource lookup at CFBundle 0x600003b001c0 </Library/Developer/CoreSimulator/Volumes/iOS_23D8133/Library/Developer/CoreSimulator/Profiles/Runtimes/iOS 26.3.simruntime/Contents/Resources/RuntimeRoot/System/Library/PrivateFrameworks/CoreMaterial.framework> (framework, loaded)
	Request       : platterFillLight type: visualstyleset
	Result        : file:///Library/Developer/CoreSimulator/Volumes/iOS_23D8133/Library/Developer/CoreSimulator/Profiles/Runtimes/iOS%2026.3.simruntime/Contents/Resources/RuntimeRoot/System/Library/PrivateFrameworks/CoreMaterial.framework/platterFillLight.visualstyleset
2026-08-17 11:24:57.914 Db YourSofia[98412:31db11] [com.apple.Accessibility:AXSupportCommon] Read Global: preference = InvertColorsEnabled, result = 0
2026-08-17 11:24:57.914 Db YourSofia[98412:31db11] [com.apple.Accessibility:AXSupportCommon] Updated cache: preference = InvertColorsEnabled, result = 0
2026-08-17 11:24:57.915 Db YourSofia[98412:31db11] [com.apple.CFBundle:loading] dlfcn check load bundle CFBundle 0x600003b04700 </Library/Developer/CoreSimulator/Volumes/iOS_23D8133/Library/Developer/CoreSimulator/Profiles/Runtimes/iOS 26.3.simruntime/Contents/Resources/RuntimeRoot/System/Library/AccessibilityBundles/AccessibilitySettingsLoader.bundle> (not loaded), dlopen of /Library/Developer/CoreSimulator/Volumes/iOS_23D8133/Library/Developer/CoreSimulator/Profiles/Runtimes/iOS 26.3.simruntime/Contents/Resources/RuntimeRoot/System/Library/AccessibilityBundles/AccessibilitySettingsLoader.bundle/AccessibilitySettingsLoader mode 0x115 no handle
2026-08-17 11:24:57.915 Db YourSofia[98412:31db82] [com.apple.CFBundle:resources] Language lookup at CFBundle 0x600003b0c700 </Library/Developer/CoreSimulator/Volumes/iOS_23D8133/Library/Developer/CoreSimulator/Profiles/Runtimes/iOS 26.3.simruntime/Contents/Resources/RuntimeRoot/System/Library/PrivateFrameworks/CoreEmoji.framework> (not loaded)
	Localizations : [de, ur, he, en_AU, ar, el, ja, mr, sq, en, uk, es_419, gu, zh_CN, kn, pa, es, is, sl, or, pt_BR, da, et, it, bg, sk, kk, pt_PT, ms, ta, ml, sv, te, cs, km, en_IN, ko, yue_CN, fil, hy, mn, my, no, hu, zh_HK, ka, tr, pl, zh_TW, es_US, en_GB, vi, lv, lo, lt, ru, fr_CA, uz, fr, fi, id, nl, th, az, bn, ro, hr, hi, ca, hi_Latn]
	Dev language  : en
	User prefs    : [en-US, bg-US]
	Main bundle   : [en]
	Allow mixed   : 0 
	Result        : [en]
2026-08-17 11:24:57.915 Db YourSofia[98412:31db82] [com.apple.CFBundle:resources] Resource lookup at CFBundle 0x600003b0c700 </Library/Developer/CoreSimulator/Volumes/iOS_23D8133/Library/Developer/CoreSimulator/Profiles/Runtimes/iOS 26.3.simruntime/Contents/Resources/RuntimeRoot/System/Library/PrivateFrameworks/CoreEmoji.framework> (not loaded)
	Request       : emoji type: bitmap
	Result        : file:///Library/Developer/CoreSimulator/Volumes/iOS_23D8133/Library/Developer/CoreSimulator/Profiles/Runtimes/iOS%2026.3.simruntime/Contents/Resources/RuntimeRoot/System/Library/PrivateFrameworks/CoreEmoji.framework/emoji.bitmap
2026-08-17 11:24:57.925 Df YourSofia[98412:31db85] [com.apple.FrontBoard:SceneExtension] Realizing settings extension FBSSceneSettingsCore on FBSSceneSettings
2026-08-17 11:24:57.925 Db YourSofia[98412:31db85] [com.apple.BaseBoard:Common] [rdar://100354962] Fixing incorrect property returned by protocol_copyPropertyList2() for "activityMode": required --> optional
2026-08-17 11:24:57.925 Db YourSofia[98412:31db85] [com.apple.BaseBoard:Common] [rdar://100354962] Fixing incorrect property returned by protocol_copyPropertyList2() for "prefersProcessTaskSuspensionWhileSceneForeground": required --> optional
2026-08-17 11:24:57.925 Db YourSofia[98412:31db85] [com.apple.BaseBoard:Common] [rdar://100354962] Fixing incorrect property returned by protocol_copyPropertyList2() for "propagatedSettings": required --> optional
2026-08-17 11:24:57.926 Db YourSofia[98412:31db85] [com.apple.BaseBoard:Common] [rdar://100354962] Fixing incorrect property returned by protocol_copyPropertyList2() for "clientProcess": required --> optional
2026-08-17 11:24:57.926 Db YourSofia[98412:31db85] [com.apple.FrontBoard:SceneExtension] registering method "interruptionPolicy" from extension FBSSceneSettingsCore on class "FBSSceneSettings"
2026-08-17 11:24:57.926 Db YourSofia[98412:31db85] [com.apple.FrontBoard:SceneExtension] registering method "setInterruptionPolicy:" from extension FBSSceneSettingsCore on class "FBSSceneSettings"
2026-08-17 11:24:57.926 Db YourSofia[98412:31db85] [com.apple.FrontBoard:SceneExtension] registering method "prefersProcessTaskSuspensionWhileSceneForeground" from extension FBSSceneSettingsCore on class "FBSSceneSettings"
2026-08-17 11:24:57.926 Db YourSofia[98412:31db85] [com.apple.FrontBoard:SceneExtension] registering method "setPrefersProcessTaskSuspensionWhileSceneForeground:" from extension FBSSceneSettingsCore on class "FBSSceneSettings"
2026-08-17 11:24:57.926 Db YourSofia[98412:31db85] [com.apple.FrontBoard:SceneExtension] registering method "frame" from extension FBSSceneSettingsCore on class "FBSSceneSettings"
2026-08-17 11:24:57.926 Db YourSofia[98412:31db85] [com.apple.FrontBoard:SceneExtension] registering method "setFrame:" from extension FBSSceneSettingsCore on class "FBSSceneSettings"
2026-08-17 11:24:57.926 Db YourSofia[98412:31db85] [com.apple.FrontBoard:SceneExtension] registering method "propagatedSettings" from extension FBSSceneSettingsCore on class "FBSSceneSettings"
2026-08-17 11:24:57.926 Db YourSofia[98412:31db85] [com.apple.FrontBoard:SceneExtension] registering method "setPropagatedSettings:" from extension FBSSceneSettingsCore on class "FBSSceneSettings"
2026-08-17 11:24:57.926 Db YourSofia[98412:31db85] [com.apple.FrontBoard:SceneExtension] registering method "clientProcess" from extension FBSSceneSettingsCore on class "FBSSceneSettings"
2026-08-17 11:24:57.926 Db YourSofia[98412:31db85] [com.apple.FrontBoard:SceneExtension] registering method "setClientProcess:" from extension FBSSceneSettingsCore on class "FBSSceneSettings"
2026-08-17 11:24:57.926 Db YourSofia[98412:31db11] [com.apple.CFBundle:loading] dlfcn load framework CFBundle 0x600003b04700 </Library/Developer/CoreSimulator/Volumes/iOS_23D8133/Library/Developer/CoreSimulator/Profiles/Runtimes/iOS 26.3.simruntime/Contents/Resources/RuntimeRoot/System/Library/AccessibilityBundles/AccessibilitySettingsLoader.bundle> (framework, not loaded), dlopen of /Library/Developer/CoreSimulator/Volumes/iOS_23D8133/Library/Developer/CoreSimulator/Profiles/Runtimes/iOS 26.3.simruntime/Contents/Resources/RuntimeRoot/System/Library/AccessibilityBundles/AccessibilitySettingsLoader.bundle/AccessibilitySettingsLoader mode 0x109 returns handle 0xf944e1
2026-08-17 11:24:57.926 Db YourSofia[98412:31db85] [com.apple.FrontBoard:SceneExtension] registering method "isForeground" from extension FBSSceneSettingsCore on class "FBSSceneSettings"
2026-08-17 11:24:57.926 Db YourSofia[98412:31db85] [com.apple.FrontBoard:SceneExtension] registering method "setForeground:" from extension FBSSceneSettingsCore on class "FBSSceneSettings"
2026-08-17 11:24:57.927 Db YourSofia[98412:31db85] [com.apple.FrontBoard:SceneExtension] registering method "displayConfiguration" from extension FBSSceneSettingsCore on class "FBSSceneSettings"
2026-08-17 11:24:57.927 Db YourSofia[98412:31db85] [com.apple.FrontBoard:SceneExtension] registering method "setDisplayConfiguration:" from extension FBSSceneSettingsCore on class "FBSSceneSettings"
2026-08-17 11:24:57.927 Db YourSofia[98412:31db85] [com.apple.FrontBoard:SceneExtension] registering method "level" from extension FBSSceneSettingsCore on class "FBSSceneSettings"
2026-08-17 11:24:57.927 Db YourSofia[98412:31db85] [com.apple.FrontBoard:SceneExtension] registering method "setLevel:" from extension FBSSceneSettingsCore on class "FBSSceneSettings"
2026-08-17 11:24:57.927 Db YourSofia[98412:31db85] [com.apple.FrontBoard:SceneExtension] registering method "isClientFuture" from extension FBSSceneSettingsCore on class "FBSSceneSettings"
2026-08-17 11:24:57.927 Db YourSofia[98412:31db85] [com.apple.FrontBoard:SceneExtension] registering method "setClientFuture:" from extension FBSSceneSettingsCore on class "FBSSceneSettings"
2026-08-17 11:24:57.927 Db YourSofia[98412:31db85] [com.apple.FrontBoard:SceneExtension] registering method "jetsamPriority" from extension FBSSceneSettingsCore on class "FBSSceneSettings"
2026-08-17 11:24:57.927 Db YourSofia[98412:31db85] [com.apple.FrontBoard:SceneExtension] registering method "setJetsamPriority:" from extension FBSSceneSettingsCore on class "FBSSceneSettings"
2026-08-17 11:24:57.927 Db YourSofia[98412:31db85] [com.apple.FrontBoard:SceneExtension] registering method "interfaceOrientation" from extension FBSSceneSettingsCore on class "FBSSceneSettings"
2026-08-17 11:24:57.927 Db YourSofia[98412:31db85] [com.apple.FrontBoard:SceneExtension] registering method "setInterfaceOrientation:" from extension FBSSceneSettingsCore on class "FBSSceneSettings"
2026-08-17 11:24:57.927 Db YourSofia[98412:31db85] [com.apple.FrontBoard:SceneExtension] registering method "activityMode" from extension FBSSceneSettingsCore on class "FBSSceneSettings"
2026-08-17 11:24:57.927 Db YourSofia[98412:31db85] [com.apple.FrontBoard:SceneExtension] registering method "setActivityMode:" from extension FBSSceneSettingsCore on class "FBSSceneSettings"
2026-08-17 11:24:57.927 Db YourSofia[98412:31db85] [com.apple.FrontBoard:SceneExtension] registering method "isOccluded" from extension FBSSceneSettingsCore on class "FBSSceneSettings"
2026-08-17 11:24:57.927 Db YourSofia[98412:31db85] [com.apple.FrontBoard:SceneExtension] registering method "setOccluded:" from extension FBSSceneSettingsCore on class "FBSSceneSettings"
2026-08-17 11:24:57.927 Df YourSofia[98412:31db85] [com.apple.FrontBoard:SceneExtension] Realizing settings extension FBSSceneClientSettingsCore on FBSSceneClientSettings
2026-08-17 11:24:57.927 Db YourSofia[98412:31db85] [com.apple.FrontBoard:SceneExtension] registering method "layers" from extension FBSSceneClientSettingsCore on class "FBSSceneClientSettings"
2026-08-17 11:24:57.927 Db YourSofia[98412:31db85] [com.apple.FrontBoard:SceneExtension] registering method "setLayers:" from extension FBSSceneClientSettingsCore on class "FBSSceneClientSettings"
2026-08-17 11:24:57.927 Db YourSofia[98412:31db85] [com.apple.FrontBoard:SceneExtension] registering method "preferredLevel" from extension FBSSceneClientSettingsCore on class "FBSSceneClientSettings"
2026-08-17 11:24:57.927 Db YourSofia[98412:31db85] [com.apple.FrontBoard:SceneExtension] registering method "setPreferredLevel:" from extension FBSSceneClientSettingsCore on class "FBSSceneClientSettings"
2026-08-17 11:24:57.927 Db YourSofia[98412:31db85] [com.apple.FrontBoard:SceneExtension] registering method "preferredSceneHostIdentity" from extension FBSSceneClientSettingsCore on class "FBSSceneClientSettings"
2026-08-17 11:24:57.927 Db YourSofia[98412:31db85] [com.apple.FrontBoard:SceneExtension] registering method "setPreferredSceneHostIdentity:" from extension FBSSceneClientSettingsCore on class "FBSSceneClientSettings"
2026-08-17 11:24:57.927 Db YourSofia[98412:31db85] [com.apple.FrontBoard:SceneExtension] registering method "preferredSceneHostIdentifier" from extension FBSSceneClientSettingsCore on class "FBSSceneClientSettings"
2026-08-17 11:24:57.927 Db YourSofia[98412:31db85] [com.apple.FrontBoard:SceneExtension] registering method "setPreferredSceneHostIdentifier:" from extension FBSSceneClientSettingsCore on class "FBSSceneClientSettings"
2026-08-17 11:24:57.927 Db YourSofia[98412:31db85] [com.apple.FrontBoard:SceneExtension] registering method "preferredInterfaceOrientation" from extension FBSSceneClientSettingsCore on class "FBSSceneClientSettings"
2026-08-17 11:24:57.927 Db YourSofia[98412:31db85] [com.apple.FrontBoard:SceneExtension] registering method "setPreferredInterfaceOrientation:" from extension FBSSceneClientSettingsCore on class "FBSSceneClientSettings"
2026-08-17 11:24:57.928 Db YourSofia[98412:31db11] [com.apple.defaults:User Defaults] found no value for key VoiceOverTouchEnabled in CFPrefsSearchListSource<0x600002c0c900> (Domain: com.apple.Accessibility, Container: (null) Non-launch persona: 0)
2026-08-17 11:24:57.928 Db YourSofia[98412:31db11] [com.apple.Accessibility:AXSupportCommon] CF Read: domain = com.apple.Accessibility, preference = VoiceOverTouchEnabled, appID = (null) result = (null) (-1 - empty, 0 - false, 1 - true)
2026-08-17 11:24:57.928 Db YourSofia[98412:31db11] [com.apple.defaults:User Defaults] found no value for key VoiceOverTouchEnabled in CFPrefsPlistSource<0x600002c0cc80> (Domain: com.apple.Accessibility, User: kCFPreferencesCurrentUser, ByHost: No, Container: /Users/valentinasenov/Library/Developer/CoreSimulator/Devices/4EC5F74C-5A9C-4D89-8E44-374310E684AE/data, Contents Need Refresh: No)
2026-08-17 11:24:57.928 Db YourSofia[98412:31db11] [com.apple.defaults:User Defaults] looked up value 1 for key ApplicationAccessibilityEnabled in CFPrefsPlistSource<0x600002c0ca00> (Domain: com.apple.Accessibility, User: kCFPreferencesCurrentUser, ByHost: No, Container: (null), Contents Need Refresh: No) via CFPrefsSearchListSource<0x600002c0c900> (Domain: com.apple.Accessibility, Container: (null) Non-launch persona: 0)
2026-08-17 11:24:57.928 Db YourSofia[98412:31db11] [com.apple.Accessibility:AXSupportCommon] CF Read: domain = com.apple.Accessibility, preference = ApplicationAccessibilityEnabled, appID = (null) result = 1 (-1 - empty, 0 - false, 1 - true)
2026-08-17 11:24:57.928 Db YourSofia[98412:31db11] [com.apple.CFBundle:loading] dlfcn check load bundle CFBundle 0x600003b08a80 </Library/Developer/CoreSimulator/Volumes/iOS_23D8133/Library/Developer/CoreSimulator/Profiles/Runtimes/iOS 26.3.simruntime/Contents/Resources/RuntimeRoot/System/Library/AccessibilityBundles/UIKit.axbundle> (not loaded), dlopen of /Library/Developer/CoreSimulator/Volumes/iOS_23D8133/Library/Developer/CoreSimulator/Profiles/Runtimes/iOS 26.3.simruntime/Contents/Resources/RuntimeRoot/System/Library/AccessibilityBundles/UIKit.axbundle/UIKit mode 0x115 no handle
2026-08-17 11:24:57.931 Db YourSofia[98412:31db85] [com.apple.BaseBoard:Common] BSCanonicalOrientationMapResolver will auto-code: <BSObjCIvar: 0x600000c3aa00; "_currentOrientation" (<long long>)>, <BSObjCIvar: 0x600000c3aa60; "_fallbackOrientations" (<NSArray<NSNumber *> *>)>, <BSObjCIvar: 0x600000c3a9a0; "_targetOrientation" (<long long>)>
2026-08-17 11:24:57.938 Db YourSofia[98412:31db85] [com.apple.BaseBoard:Common] BSCornerRadiusConfiguration will auto-code: <BSObjCIvar: 0x600000c23690; "_topRight" (<double>)>, <BSObjCIvar: 0x600000c23660; "_bottomRight" (<double>)>, <BSObjCIvar: 0x600000c23570; "_topLeft" (<double>)>, <BSObjCIvar: 0x600000c23600; "_bottomLeft" (<double>)>
2026-08-17 11:24:57.939 Df YourSofia[98412:31db85] [com.apple.FrontBoard:SceneExtension] UIMutableApplicationSceneSettings setting counterpart class: UIApplicationSceneSettings
2026-08-17 11:24:57.939 Df YourSofia[98412:31db85] [com.apple.FrontBoard:SceneExtension] UIMutableApplicationSceneClientSettings setting counterpart class: UIApplicationSceneClientSettings
2026-08-17 11:24:57.939 Df YourSofia[98412:31db85] [com.apple.FrontBoard:SceneExtension] Realizing settings extension FBSSceneTransitionContextCore on FBSSceneTransitionContext
2026-08-17 11:24:57.939 Db YourSofia[98412:31db85] [com.apple.BaseBoard:Common] [rdar://100354962] Fixing incorrect property returned by protocol_copyPropertyList2() for "parentUpdate": required --> optional
2026-08-17 11:24:57.939 Db YourSofia[98412:31db85] [com.apple.BaseBoard:Common] [rdar://100354962] Fixing incorrect property returned by protocol_copyPropertyList2() for "executionContext": required --> optional
2026-08-17 11:24:57.939 Db YourSofia[98412:31db85] [com.apple.BaseBoard:Common] [rdar://100354962] Fixing incorrect property returned by protocol_copyPropertyList2() for "clientProcessHandle": required --> optional
2026-08-17 11:24:57.939 Db YourSofia[98412:31db85] [com.apple.BaseBoard:Common] [rdar://100354962] Fixing incorrect property returned by protocol_copyPropertyList2() for "updateContext": required --> optional
2026-08-17 11:24:57.939 Db YourSofia[98412:31db85] [com.apple.BaseBoard:Common] [rdar://100354962] Fixing incorrect property returned by protocol_copyPropertyList2() for "watchdogTransitionContext": required --> optional
2026-08-17 11:24:57.940 Db YourSofia[98412:31db85] [com.apple.BaseBoard:Common] [rdar://100354962] Fixing incorrect property returned by protocol_copyPropertyList2() for "allowCPUThrottling": required --> optional
2026-08-17 11:24:57.940 Db YourSofia[98412:31db85] [com.apple.BaseBoard:Common] [rdar://100354962] Fixing incorrect property returned by protocol_copyPropertyList2() for "runningBoardAssertionDisabled": required --> optional
2026-08-17 11:24:57.940 Db YourSofia[98412:31db85] [com.apple.BaseBoard:Common] [rdar://100354962] Fixing incorrect property returned by protocol_copyPropertyList2() for "error": required --> optional
2026-08-17 11:24:57.940 Db YourSofia[98412:31db85] [com.apple.BaseBoard:Common] [rdar://100354962] Fixing incorrect property returned by protocol_copyPropertyList2() for "updateCompletions": required --> optional
2026-08-17 11:24:57.940 Db YourSofia[98412:31db85] [com.apple.FrontBoard:SceneExtension] registering method "allowCPUThrottling" from extension FBSSceneTransitionContextCore on class "FBSSceneTransitionContext"
2026-08-17 11:24:57.940 Db YourSofia[98412:31db85] [com.apple.FrontBoard:SceneExtension] registering method "setAllowCPUThrottling:" from extension FBSSceneTransitionContextCore on class "FBSSceneTransitionContext"
2026-08-17 11:24:57.940 Db YourSofia[98412:31db85] [com.apple.FrontBoard:SceneExtension] registering method "executionContext" from extension FBSSceneTransitionContextCore on class "FBSSceneTransitionContext"
2026-08-17 11:24:57.940 Db YourSofia[98412:31db85] [com.apple.FrontBoard:SceneExtension] registering method "setExecutionContext:" from extension FBSSceneTransitionContextCore on class "FBSSceneTransitionContext"
2026-08-17 11:24:57.940 Db YourSofia[98412:31db85] [com.apple.FrontBoard:SceneExtension] registering method "actions" from extension FBSSceneTransitionContextCore on class "FBSSceneTransitionContext"
2026-08-17 11:24:57.940 Db YourSofia[98412:31db85] [com.apple.FrontBoard:SceneExtension] registering method "setActions:" from extension FBSSceneTransitionContextCore on class "FBSSceneTransitionContext"
2026-08-17 11:24:57.940 Db YourSofia[98412:31db85] [com.apple.FrontBoard:SceneExtension] registering method "animationFence" from extension FBSSceneTransitionContextCore on class "FBSSceneTransitionContext"
2026-08-17 11:24:57.940 Db YourSofia[98412:31db85] [com.apple.FrontBoard:SceneExtension] registering method "setAnimationFence:" from extension FBSSceneTransitionContextCore on class "FBSSceneTransitionContext"
2026-08-17 11:24:57.941 Db YourSofia[98412:31db85] [com.apple.FrontBoard:SceneExtension] registering method "isRunningBoardAssertionDisabled" from extension FBSSceneTransitionContextCore on class "FBSSceneTransitionContext"
2026-08-17 11:24:57.941 Db YourSofia[98412:31db85] [com.apple.FrontBoard:SceneExtension] registering method "setRunningBoardAssertionDisabled:" from extension FBSSceneTransitionContextCore on class "FBSSceneTransitionContext"
2026-08-17 11:24:57.941 Db YourSofia[98412:31db85] [com.apple.FrontBoard:SceneExtension] registering method "watchdogTransitionContext" from extension FBSSceneTransitionContextCore on class "FBSSceneTransitionContext"
2026-08-17 11:24:57.941 Db YourSofia[98412:31db85] [com.apple.FrontBoard:SceneExtension] registering method "setWatchdogTransitionContext:" from extension FBSSceneTransitionContextCore on class "FBSSceneTransitionContext"
2026-08-17 11:24:57.941 Db YourSofia[98412:31db85] [com.apple.FrontBoard:SceneExtension] registering method "error" from extension FBSSceneTransitionContextCore on class "FBSSceneTransitionContext"
2026-08-17 11:24:57.941 Db YourSofia[98412:31db85] [com.apple.FrontBoard:SceneExtension] registering method "setError:" from extension FBSSceneTransitionContextCore on class "FBSSceneTransitionContext"
2026-08-17 11:24:57.941 Db YourSofia[98412:31db85] [com.apple.FrontBoard:SceneExtension] registering method "clientProcessHandle" from extension FBSSceneTransitionContextCore on class "FBSSceneTransitionContext"
2026-08-17 11:24:57.941 Db YourSofia[98412:31db85] [com.apple.FrontBoard:SceneExtension] registering method "setClientProcessHandle:" from extension FBSSceneTransitionContextCore on class "FBSSceneTransitionContext"
2026-08-17 11:24:57.941 Db YourSofia[98412:31db85] [com.apple.FrontBoard:SceneExtension] registering method "updateCompletions" from extension FBSSceneTransitionContextCore on class "FBSSceneTransitionContext"
2026-08-17 11:24:57.941 Db YourSofia[98412:31db85] [com.apple.FrontBoard:SceneExtension] registering method "setUpdateCompletions:" from extension FBSSceneTransitionContextCore on class "FBSSceneTransitionContext"
2026-08-17 11:24:57.941 Db YourSofia[98412:31db85] [com.apple.FrontBoard:SceneExtension] registering method "animationSettings" from extension FBSSceneTransitionContextCore on class "FBSSceneTransitionContext"
2026-08-17 11:24:57.942 Db YourSofia[98412:31db85] [com.apple.FrontBoard:SceneExtension] registering method "setAnimationSettings:" from extension FBSSceneTransitionContextCore on class "FBSSceneTransitionContext"
2026-08-17 11:24:57.942 Db YourSofia[98412:31db85] [com.apple.FrontBoard:SceneExtension] registering method "parentUpdate" from extension FBSSceneTransitionContextCore on class "FBSSceneTransitionContext"
2026-08-17 11:24:57.942 Db YourSofia[98412:31db85] [com.apple.FrontBoard:SceneExtension] registering method "setParentUpdate:" from extension FBSSceneTransitionContextCore on class "FBSSceneTransitionContext"
2026-08-17 11:24:57.942 Db YourSofia[98412:31db85] [com.apple.FrontBoard:SceneExtension] registering method "isBarrier" from extension FBSSceneTransitionContextCore on class "FBSSceneTransitionContext"
2026-08-17 11:24:57.942 Db YourSofia[98412:31db85] [com.apple.FrontBoard:SceneExtension] registering method "setBarrier:" from extension FBSSceneTransitionContextCore on class "FBSSceneTransitionContext"
2026-08-17 11:24:57.942 Db YourSofia[98412:31db85] [com.apple.FrontBoard:SceneExtension] registering method "updateContext" from extension FBSSceneTransitionContextCore on class "FBSSceneTransitionContext"
2026-08-17 11:24:57.942 Db YourSofia[98412:31db85] [com.apple.FrontBoard:SceneExtension] registering method "setUpdateContext:" from extension FBSSceneTransitionContextCore on class "FBSSceneTransitionContext"
2026-08-17 11:24:57.942 Db YourSofia[98412:31db85] [com.apple.FrontBoard:SceneExtension] registering method "originatingProcess" from extension FBSSceneTransitionContextCore on class "FBSSceneTransitionContext"
2026-08-17 11:24:57.942 Db YourSofia[98412:31db85] [com.apple.FrontBoard:SceneExtension] registering method "setOriginatingProcess:" from extension FBSSceneTransitionContextCore on class "FBSSceneTransitionContext"
2026-08-17 11:24:57.922 Db YourSofia[98412:31db81] [com.apple.SystemConfiguration:SCPreferences] create <SCPreferences 0x103212700 [0x1e6193a48]> {name = SCDynamicStoreCopyProxiesWithOptions, id = /Library/Managed Preferences/mobile/com.apple.SystemConfiguration.plist, path = /Library/Managed Preferences/mobile/com.apple.SystemConfiguration.plist}
2026-08-17 11:24:57.942 Db YourSofia[98412:31db81] [com.apple.SystemConfiguration:SCPreferences] SCPreferences() access: /Library/Managed Preferences/mobile/com.apple.SystemConfiguration.plist, size=0
2026-08-17 11:24:57.942 Db YourSofia[98412:31db81] [com.apple.SystemConfiguration:SCPreferences] release <SCPreferences 0x103212700 [0x1e6193a48]> {name = SCDynamicStoreCopyProxiesWithOptions, id = /Library/Managed Preferences/mobile/com.apple.SystemConfiguration.plist, path = /Library/Managed Preferences/mobile/com.apple.SystemConfiguration.plist, accessed}
2026-08-17 11:24:57.942 Db YourSofia[98412:31db11] [com.apple.CFBundle:loading] dlfcn load framework CFBundle 0x600003b08a80 </Library/Developer/CoreSimulator/Volumes/iOS_23D8133/Library/Developer/CoreSimulator/Profiles/Runtimes/iOS 26.3.simruntime/Contents/Resources/RuntimeRoot/System/Library/AccessibilityBundles/UIKit.axbundle> (framework, not loaded), dlopen of /Library/Developer/CoreSimulator/Volumes/iOS_23D8133/Library/Developer/CoreSimulator/Profiles/Runtimes/iOS 26.3.simruntime/Contents/Resources/RuntimeRoot/System/Library/AccessibilityBundles/UIKit.axbundle/UIKit mode 0x109 returns handle 0xf952d1
2026-08-17 11:24:57.942 I  YourSofia[98412:31db85] [com.apple.FrontBoard:Common] [FBSScene] [(FBSceneManager):sceneID:bg.sofia.yoursofia-default] Created client agent: <UIApplicationSceneClientAgent: 0x600000004cd0>
2026-08-17 11:24:57.944 I  YourSofia[98412:31db11] [com.apple.Accessibility:AXCommon] AX Start server
2026-08-17 11:24:57.944 I  YourSofia[98412:31db11] [com.apple.Accessibility:AXCommon] AX Begin loading server
2026-08-17 11:24:57.944 Db YourSofia[98412:31db11] [com.apple.Accessibility:AXLoading] Accessibility Started (Mini-Server)
2026-08-17 11:24:57.944 Db YourSofia[98412:31db11] [com.apple.Accessibility:AXLoading] Accessibility Initialize Runtime Overrides
2026-08-17 11:24:57.944 Db YourSofia[98412:31db11] [com.apple.defaults:User Defaults] found no value for key ReportValidationErrors in CFPrefsSearchListSource<0x600002c0c900> (Domain: com.apple.Accessibility, Container: (null) Non-launch persona: 0)
2026-08-17 11:24:57.944 Db YourSofia[98412:31db11] [com.apple.Accessibility:AXSupportCommon] CF Read: domain = com.apple.Accessibility, preference = ReportValidationErrors, appID = (null) result = (null) (-1 - empty, 0 - false, 1 - true)
2026-08-17 11:24:57.944 Db YourSofia[98412:31db11] [com.apple.defaults:User Defaults] found no value for key ReportValidationErrors in CFPrefsPlistSource<0x600002c0cc80> (Domain: com.apple.Accessibility, User: kCFPreferencesCurrentUser, ByHost: No, Container: /Users/valentinasenov/Library/Developer/CoreSimulator/Devices/4EC5F74C-5A9C-4D89-8E44-374310E684AE/data, Contents Need Refresh: No)
2026-08-17 11:24:57.947 Db YourSofia[98412:31db11] [com.apple.defaults:User Defaults] found no value for key AXSAppValidatingTestingPreference in CFPrefsSearchListSource<0x600002c0a200> (Domain: com.apple.Accessibility, Container: /Users/valentinasenov/Library/Developer/CoreSimulator/Devices/4EC5F74C-5A9C-4D89-8E44-374310E684AE/data Non-launch persona: 0)
2026-08-17 11:24:57.947 Db YourSofia[98412:31db11] [com.apple.defaults:User Defaults] found no value for key AXSAppValidatingTestingPreference in CFPrefsSearchListSource<0x600002c0c900> (Domain: com.apple.Accessibility, Container: (null) Non-launch persona: 0)
2026-08-17 11:24:57.947 Db YourSofia[98412:31db11] [com.apple.defaults:User Defaults] found no value for key shouldPerformValidationsAtRuntime in CFPrefsSearchListSource<0x600002c0a200> (Domain: com.apple.Accessibility, Container: /Users/valentinasenov/Library/Developer/CoreSimulator/Devices/4EC5F74C-5A9C-4D89-8E44-374310E684AE/data Non-launch persona: 0)
2026-08-17 11:24:57.947 Db YourSofia[98412:31db11] [com.apple.defaults:User Defaults] found no value for key shouldPerformValidationsAtRuntime in CFPrefsSearchListSource<0x600002c0c900> (Domain: com.apple.Accessibility, Container: (null) Non-launch persona: 0)
2026-08-17 11:24:57.947 A  YourSofia[98412:31db85] (CoreFoundation) Updating Key-Value Observers Of Preferences
2026-08-17 11:24:57.948 Db YourSofia[98412:31db11] [com.apple.defaults:User Defaults] found no value for key IsAXValidationRunnerCollectingValidations in CFPrefsSearchListSource<0x600002c0a200> (Domain: com.apple.Accessibility, Container: /Users/valentinasenov/Library/Developer/CoreSimulator/Devices/4EC5F74C-5A9C-4D89-8E44-374310E684AE/data Non-launch persona: 0)
2026-08-17 11:24:57.948 Db YourSofia[98412:31db11] [com.apple.defaults:User Defaults] found no value for key IsAXValidationRunnerCollectingValidations in CFPrefsSearchListSource<0x600002c0c900> (Domain: com.apple.Accessibility, Container: (null) Non-launch persona: 0)
2026-08-17 11:24:57.949 Db YourSofia[98412:31db11] [com.apple.defaults:User Defaults] looked up value 0 for key LocalizedStringLookupInfoEnabled in CFPrefsPlistSource<0x600002c0ca00> (Domain: com.apple.Accessibility, User: kCFPreferencesCurrentUser, ByHost: No, Container: (null), Contents Need Refresh: No) via CFPrefsSearchListSource<0x600002c0c900> (Domain: com.apple.Accessibility, Container: (null) Non-launch persona: 0)
2026-08-17 11:24:57.949 Db YourSofia[98412:31db11] [com.apple.Accessibility:AXSupportCommon] CF Read: domain = com.apple.Accessibility, preference = LocalizedStringLookupInfoEnabled, appID = (null) result = 0 (-1 - empty, 0 - false, 1 - true)
2026-08-17 11:24:57.949 Db YourSofia[98412:31db11] [com.apple.defaults:User Defaults] found no value for key AutomationPreferredLanguage in CFPrefsSearchListSource<0x600002c0c900> (Domain: com.apple.Accessibility, Container: (null) Non-launch persona: 0)
2026-08-17 11:24:57.949 Db YourSofia[98412:31db11] [com.apple.Accessibility:AXSupportCommon] CF Read: domain = com.apple.Accessibility, preference = AutomationPreferredLanguage, appID = (null) result = (null) (-1 - empty, 0 - false, 1 - true)
2026-08-17 11:24:57.950 Db YourSofia[98412:31db11] [com.apple.defaults:User Defaults] found no value for key AutomationPreferredLanguage in CFPrefsPlistSource<0x600002c0cc80> (Domain: com.apple.Accessibility, User: kCFPreferencesCurrentUser, ByHost: No, Container: /Users/valentinasenov/Library/Developer/CoreSimulator/Devices/4EC5F74C-5A9C-4D89-8E44-374310E684AE/data, Contents Need Refresh: No)
2026-08-17 11:24:57.950 Db YourSofia[98412:31db11] [com.apple.defaults:User Defaults] looked up value (
    "en-US",
    "bg-US"
) for key AppleLanguages in CFPrefsPlistSource<0x600002c0c400> (Domain: kCFPreferencesAnyApplication, User: kCFPreferencesCurrentUser, ByHost: No, Container: /Users/valentinasenov/Library/Developer/CoreSimulator/Devices/4EC5F74C-5A9C-4D89-8E44-374310E684AE/data, Contents Need Refresh: No) via CFPrefsSearchListSource<0x600002c04080> (Domain: bg.sofia.yoursofia, Container: (null) Non-launch persona: 0)
2026-08-17 11:24:57.950 Db YourSofia[98412:31db11] [com.apple.Accessibility:AXLoading] Accessibility Initialize Subclass Runtime Overrides (UIKit)
2026-08-17 11:24:57.952 Db YourSofia[98412:31db81] [com.apple.network:connection] nw_endpoint_flow_attach_protocols [C1 Hostname#8b243438:61878 in_progress parent-flow (satisfied (Path is satisfied), interface: en0[802.11], uses wifi, LQM: unknown)]
2026-08-17 11:24:57.952 Db YourSofia[98412:31db81] [com.apple.network:connection] nw_endpoint_flow_attach_protocols [C1 Hostname#8b243438:61878 in_progress parent-flow (satisfied (Path is satisfied), interface: en0[802.11], uses wifi, LQM: unknown)] stopping after adding persistent application protocols
2026-08-17 11:24:57.953 Db YourSofia[98412:31db81] [com.apple.network:connection] nw_endpoint_flow_setup_protocols [C1 Hostname#8b243438:61878 in_progress parent-flow (satisfied (Path is satisfied), interface: en0[802.11], uses wifi, LQM: unknown)] persistent protocol stack, starting
2026-08-17 11:24:57.953 Df YourSofia[98412:31db81] [com.apple.network:connection] [C1 Hostname#8b243438:61878 in_progress parent-flow (satisfied (Path is satisfied), interface: en0[802.11], uses wifi, LQM: unknown)] event: flow:start_connect @0.056s
2026-08-17 11:24:57.953 Df YourSofia[98412:31db81] [com.apple.network:connection] nw_connection_report_state_with_handler_on_nw_queue [C1] reporting state preparing
2026-08-17 11:24:57.953 I  YourSofia[98412:31db81] [com.apple.network:connection] nw_endpoint_flow_connect [C1 Hostname#8b243438:61878 in_progress parent-flow (satisfied (Path is satisfied), interface: en0[802.11], uses wifi, LQM: unknown)] connect bottom protocol
2026-08-17 11:24:57.953 Db YourSofia[98412:31db81] [com.apple.network:connection] nw_endpoint_flow_start_child [C1 Hostname#8b243438:61878 in_progress parent-flow (satisfied (Path is satisfied), interface: en0[802.11], uses wifi, LQM: unknown)] creating and starting child handler
2026-08-17 11:24:57.953 Db YourSofia[98412:31db81] [com.apple.network:] nw_endpoint_proxy_handler_should_use_proxy Looking up proxy for hostname: localhost, ifindex: 0
2026-08-17 11:24:57.953 Db YourSofia[98412:31db81] [com.apple.SystemConfiguration:SCPreferences] create <SCPreferences 0x103308670 [0x1e6193a48]> {name = SCDynamicStoreCopyProxiesWithOptions, id = /Library/Managed Preferences/mobile/com.apple.SystemConfiguration.plist, path = /Library/Managed Preferences/mobile/com.apple.SystemConfiguration.plist}
2026-08-17 11:24:57.954 Db YourSofia[98412:31db81] [com.apple.SystemConfiguration:SCPreferences] SCPreferences() access: /Library/Managed Preferences/mobile/com.apple.SystemConfiguration.plist, size=0
2026-08-17 11:24:57.954 Db YourSofia[98412:31db81] [com.apple.SystemConfiguration:SCPreferences] release <SCPreferences 0x103308670 [0x1e6193a48]> {name = SCDynamicStoreCopyProxiesWithOptions, id = /Library/Managed Preferences/mobile/com.apple.SystemConfiguration.plist, path = /Library/Managed Preferences/mobile/com.apple.SystemConfiguration.plist, accessed}
2026-08-17 11:24:57.957 Db YourSofia[98412:31db11] [com.apple.Accessibility:AXRuntimeCommon] Successfully created AX server
2026-08-17 11:24:57.957 Db YourSofia[98412:31db11] [com.apple.defaults:User Defaults] found no value for key AXAutomationIgnoreLogging in CFPrefsSearchListSource<0x600002c0a200> (Domain: com.apple.Accessibility, Container: /Users/valentinasenov/Library/Developer/CoreSimulator/Devices/4EC5F74C-5A9C-4D89-8E44-374310E684AE/data Non-launch persona: 0)
2026-08-17 11:24:57.957 I  YourSofia[98412:31db11] [com.apple.Accessibility:AXAppAccessibility] Started AXRuntime server. SystemApp=0
2026-08-17 11:24:57.957 Db YourSofia[98412:31db11] [com.apple.defaults:User Defaults] found no value for key UseNewAXBundleLoader in CFPrefsSearchListSource<0x600002c0a200> (Domain: com.apple.Accessibility, Container: /Users/valentinasenov/Library/Developer/CoreSimulator/Devices/4EC5F74C-5A9C-4D89-8E44-374310E684AE/data Non-launch persona: 0)
2026-08-17 11:24:57.957 Db YourSofia[98412:31db11] [com.apple.defaults:User Defaults] found no value for key UseNewAXBundleLoader in CFPrefsSearchListSource<0x600002c0c900> (Domain: com.apple.Accessibility, Container: (null) Non-launch persona: 0)
2026-08-17 11:24:57.957 Df YourSofia[98412:31db11] [com.apple.dt.xctest:Default] Registering for test daemon availability notify post.
2026-08-17 11:24:57.957 Df YourSofia[98412:31db11] [com.apple.dt.xctest:Default] notify_get_state check indicated test daemon not ready.
2026-08-17 11:24:57.957 Df YourSofia[98412:31db11] [com.apple.dt.xctest:Default] notify_get_state check indicated test daemon not ready.
2026-08-17 11:24:57.957 Df YourSofia[98412:31db11] [com.apple.dt.xctest:Default] notify_get_state check indicated test daemon not ready.
2026-08-17 11:24:57.958 Db YourSofia[98412:31db11] [com.apple.defaults:User Defaults] found no value for key UIRequireCrimsonLifecycle in CFPrefsSearchListSource<0x600002c01d80> (Domain: com.apple.UIKit, Container: (null) Non-launch persona: 0)
2026-08-17 11:24:57.958 Db YourSofia[98412:31db11] [com.apple.defaults:User Defaults] found no value for key LogUpdateScheduler in CFPrefsSearchListSource<0x600002c01d80> (Domain: com.apple.UIKit, Container: (null) Non-launch persona: 0)
2026-08-17 11:24:57.958 Df YourSofia[98412:31db11] [com.apple.UIKit:UpdateScheduler] Selected display: name=LCD (PurpleMain), id=1
2026-08-17 11:24:57.958 Db YourSofia[98412:31db11] [com.apple.FrontBoard:SceneClient] [(FBSceneManager):sceneID:bg.sofia.yoursofia-default] Adding extension: "_UISceneRelationshipManagementExtension"
2026-08-17 11:24:57.958 Db YourSofia[98412:31db11] [com.apple.FrontBoard:SceneClient] [(FBSceneManager):sceneID:bg.sofia.yoursofia-default] Adding extension: "_UIApplicationSceneKeyboardExtension"
2026-08-17 11:24:57.958 Db YourSofia[98412:31db11] [com.apple.FrontBoard:SceneClient] [(FBSceneManager):sceneID:bg.sofia.yoursofia-default] Instantiated component: "<_UIApplicationSceneKeyboardClientComponent: 0x600000216440>"
2026-08-17 11:24:57.958 Db YourSofia[98412:31db11] [com.apple.FrontBoard:SceneClient] [(FBSceneManager):sceneID:bg.sofia.yoursofia-default] Adding extension: "_UISceneOcclusionExtension"
2026-08-17 11:24:57.958 Db YourSofia[98412:31db11] [com.apple.FrontBoard:SceneClient] [(FBSceneManager):sceneID:bg.sofia.yoursofia-default] Adding extension: "_UISceneInterfaceProtectionExtension"
2026-08-17 11:24:57.959 Db YourSofia[98412:31db11] [com.apple.FrontBoard:SceneClient] [(FBSceneManager):sceneID:bg.sofia.yoursofia-default] Instantiated component: "<_UISceneInterfaceProtectionClientComponent: 0x60000173b300>"
2026-08-17 11:24:57.959 Db YourSofia[98412:31db11] [com.apple.FrontBoard:SceneClient] [(FBSceneManager):sceneID:bg.sofia.yoursofia-default] Adding extension: "_UISceneGeometryExtension"
2026-08-17 11:24:57.959 Db YourSofia[98412:31db11] [com.apple.FrontBoard:SceneClient] [(FBSceneManager):sceneID:bg.sofia.yoursofia-default] Instantiated component: "<_UISceneLayoutPreferencesController: 0x600000c420a0>"
2026-08-17 11:24:57.959 Db YourSofia[98412:31db11] [com.apple.FrontBoard:SceneClient] [(FBSceneManager):sceneID:bg.sofia.yoursofia-default] Instantiated component: "<_UISceneSafeAreaClientComponent: 0x600000228b00>"
2026-08-17 11:24:57.959 Db YourSofia[98412:31db11] [com.apple.FrontBoard:SceneClient] [(FBSceneManager):sceneID:bg.sofia.yoursofia-default] Adding extension: "_UISceneMaskingExtension"
2026-08-17 11:24:57.959 Db YourSofia[98412:31db11] [com.apple.FrontBoard:SceneClient] [(FBSceneManager):sceneID:bg.sofia.yoursofia-default] Instantiated component: "<_UISceneMaskingClientComponent: 0x600000228c20>"
2026-08-17 11:24:57.959 Db YourSofia[98412:31db11] [com.apple.FrontBoard:SceneClient] [(FBSceneManager):sceneID:bg.sofia.yoursofia-default] Adding extension: "_UISystemChromeSceneExtension"
2026-08-17 11:24:57.959 Db YourSofia[98412:31db11] [com.apple.FrontBoard:SceneClient] [(FBSceneManager):sceneID:bg.sofia.yoursofia-default] Instantiated component: "<_UIHomeAffordanceClientSceneComponent: 0x60000022a0a0>"
2026-08-17 11:24:57.959 Db YourSofia[98412:31db11] [com.apple.FrontBoard:SceneClient] [(FBSceneManager):sceneID:bg.sofia.yoursofia-default] Adding extension: "_UISystemShellSceneHostingEnvironmentExtension"
2026-08-17 11:24:57.959 Db YourSofia[98412:31db11] [com.apple.FrontBoard:SceneClient] [(FBSceneManager):sceneID:bg.sofia.yoursofia-default] Instantiated component: "<_UISystemShellSceneHostingEnvironmentClientComponent: 0x60000024e540>"
2026-08-17 11:24:57.959 Db YourSofia[98412:31db11] [com.apple.FrontBoard:SceneClient] [(FBSceneManager):sceneID:bg.sofia.yoursofia-default] Adding extension: "_UISceneRenderingEnvironmentExtension"
2026-08-17 11:24:57.959 Db YourSofia[98412:31db11] [com.apple.FrontBoard:SceneClient] [(FBSceneManager):sceneID:bg.sofia.yoursofia-default] Instantiated component: "<_UISceneRenderingEnvironmentClientComponent: 0x600000c425e0>"
2026-08-17 11:24:57.959 Db YourSofia[98412:31db11] [com.apple.FrontBoard:SceneClient] [(FBSceneManager):sceneID:bg.sofia.yoursofia-default] Adding extension: "_UISceneTransitioningExtension"
2026-08-17 11:24:57.959 Db YourSofia[98412:31db11] [com.apple.FrontBoard:SceneClient] [(FBSceneManager):sceneID:bg.sofia.yoursofia-default] Instantiated component: "<_UISceneTransitioningClientComponent: 0x60000024e6a0>"
2026-08-17 11:24:57.959 Db YourSofia[98412:31db11] [com.apple.FrontBoard:SceneClient] [(FBSceneManager):sceneID:bg.sofia.yoursofia-default] Adding extension: "_UISceneFocusSystemExtension"
2026-08-17 11:24:57.959 Db YourSofia[98412:31db11] [com.apple.FrontBoard:SceneClient] [(FBSceneManager):sceneID:bg.sofia.yoursofia-default] Instantiated component: "<_UISceneFocusSystemClientComponent: 0x6000002169a0>"
2026-08-17 11:24:57.959 Db YourSofia[98412:31db11] [com.apple.FrontBoard:SceneClient] [(FBSceneManager):sceneID:bg.sofia.yoursofia-default] Adding extension: "_UISceneOrientationExtension"
2026-08-17 11:24:57.959 Db YourSofia[98412:31db11] [com.apple.FrontBoard:SceneClient] [(FBSceneManager):sceneID:bg.sofia.yoursofia-default] Instantiated component: "<_UISceneOrientationClientComponent: 0x600000254060>"
2026-08-17 11:24:57.959 Db YourSofia[98412:31db11] [com.apple.FrontBoard:SceneClient] [(FBSceneManager):sceneID:bg.sofia.yoursofia-default] Adding extension: "_UISceneWindowingControlExtension"
2026-08-17 11:24:57.959 Db YourSofia[98412:31db11] [com.apple.FrontBoard:SceneClient] [(FBSceneManager):sceneID:bg.sofia.yoursofia-default] Instantiated component: "<_UISceneWindowingControlClientComponent: 0x600000254120>"
2026-08-17 11:24:57.959 Df YourSofia[98412:31db11] [com.apple.UIKit:BackgroundTask] Will add backgroundTask with taskName: Persistent SceneSession Map Update, expirationHandler: <__NSGlobalBlock__: 0x1e6b788b0>
2026-08-17 11:24:57.959 Df YourSofia[98412:31db11] [com.apple.UIKit:BackgroundTask] Reusing background assertion <BKSProcessAssertion: 0x600002112620>
2026-08-17 11:24:57.959 Df YourSofia[98412:31db11] [com.apple.UIKit:BackgroundTask] Incrementing reference count for background assertion <BKSProcessAssertion: 0x600002112620>
2026-08-17 11:24:57.959 Df YourSofia[98412:31db11] [com.apple.UIKit:BackgroundTask] Created background task <_UIBackgroundTaskInfo: 0x60000174d780>: taskID = 2, taskName = Persistent SceneSession Map Update, creationTime = 184376 (elapsed = 0).
2026-08-17 11:24:57.959 Df YourSofia[98412:31db11] [com.apple.UIKit:Application] Deactivation reason added: 5; deactivation reasons: 1024 -> 1056; animating application lifecycle event: 1
2026-08-17 11:24:57.960 Db YourSofia[98412:31db11] [com.apple.defaults:User Defaults] found no value for key LogWindow in CFPrefsSearchListSource<0x600002c01d80> (Domain: com.apple.UIKit, Container: (null) Non-launch persona: 0)
2026-08-17 11:24:57.960 Db YourSofia[98412:31db11] [com.apple.defaults:User Defaults] found no value for key LogInterfaceStyle in CFPrefsSearchListSource<0x600002c01d80> (Domain: com.apple.UIKit, Container: (null) Non-launch persona: 0)
2026-08-17 11:24:57.960 Df YourSofia[98412:31db11] [com.apple.UIKit:InterfaceStyle] Not push traits update to screen for new style 1, <UIWindowScene: 0x10330bde0> (8FA49A39-7661-46FB-8F2C-0158321648A4)
2026-08-17 11:24:57.960 Df YourSofia[98412:31db11] [com.apple.UIKit:InterfaceStyle] Should send trait collection or coordinate space update, interface style 1 -> 1, <UIWindowScene: 0x10330bde0> (8FA49A39-7661-46FB-8F2C-0158321648A4)
2026-08-17 11:24:57.960 Db YourSofia[98412:31db11] [com.apple.defaults:User Defaults] found no value for key FullKeyboardAccessEnabled in CFPrefsSearchListSource<0x600002c0c900> (Domain: com.apple.Accessibility, Container: (null) Non-launch persona: 0)
2026-08-17 11:24:57.960 Db YourSofia[98412:31db11] [com.apple.Accessibility:AXSupportCommon] CF Read: domain = com.apple.Accessibility, preference = FullKeyboardAccessEnabled, appID = (null) result = (null) (-1 - empty, 0 - false, 1 - true)
2026-08-17 11:24:57.960 Db YourSofia[98412:31db11] [com.apple.defaults:User Defaults] found no value for key FullKeyboardAccessEnabled in CFPrefsPlistSource<0x600002c0cc80> (Domain: com.apple.Accessibility, User: kCFPreferencesCurrentUser, ByHost: No, Container: /Users/valentinasenov/Library/Developer/CoreSimulator/Devices/4EC5F74C-5A9C-4D89-8E44-374310E684AE/data, Contents Need Refresh: No)
2026-08-17 11:24:57.960 Df YourSofia[98412:31db81] [com.apple.network:connection] [C1 Hostname#8b243438:61878 in_progress parent-flow (satisfied (Path is satisfied), interface: en0[802.11], uses wifi, LQM: unknown)] event: flow:start_child @0.063s
2026-08-17 11:24:57.960 Df YourSofia[98412:31db11] [com.apple.UIKit:InterfaceStyle] Not push traits update to screen for new style 1, <UIWindowScene: 0x10330bde0> (8FA49A39-7661-46FB-8F2C-0158321648A4)
2026-08-17 11:24:57.960 I  YourSofia[98412:31db81] [com.apple.network:connection] nw_endpoint_handler_start [C1.1 Hostname#8b243438:61878 initial path ((null))]
2026-08-17 11:24:57.994 Db YourSofia[98412:31db11] [com.apple.BacklightServices:scenes] create BLSBacklightFBSSceneEnvironment (BacklightUIServices) for scene:<UIWindowScene: 0x10330bde0; role: UIWindowSceneSessionRoleApplication; activationState: UISceneActivationStateUnattached> {
    session = <UISceneSession: 0x600002127980; persistentIdentifier: 8FA49A39-7661-46FB-8F2C-0158321648A4> {
        configuration = <UISceneConfiguration: 0x60000210b110; name: 0x0>;
    };
    delegate = (nil);
    effectiveGeometry = <UIWindowSceneGeometry: 0x600002125c20; coordinateSpace.bounds: {{0, 0}, {390, 844}}; interfaceOrientation: portrait (1); isInteractivelyResizing: NO>;
    screen = <UIScreen: 0x103406a10; bounds: {{0, 0}, {390, 844}}; mode: <UIScreenMode: 0x600000258380; size = 1170.000000 x 2532.000000>>;
}
2026-08-17 11:24:57.994 Db YourSofia[98412:31db81] [com.apple.network:connection] nw_endpoint_flow_receive_report [C1 Hostname#8b243438:61878 in_progress parent-flow (satisfied (Path is satisfied), interface: en0[802.11], uses wifi, LQM: unknown)] received child report: [C1.1 Hostname#8b243438:61878 initial path ((null))]
2026-08-17 11:24:57.994 Df YourSofia[98412:31db81] [com.apple.network:connection] [C1.1 Hostname#8b243438:61878 initial path ((null))] event: path:start @0.097s
2026-08-17 11:24:57.995 Db YourSofia[98412:31db81] [com.apple.network:connection] nw_endpoint_handler_path_change [C1.1 Hostname#8b243438:61878 waiting path (satisfied (Path is satisfied), interface: en0[802.11], uses wifi, LQM: unknown)]
2026-08-17 11:24:57.995 Db YourSofia[98412:31db81] [com.apple.networkextension:] ne_tracker_check_is_hostname_blocked() proceeding with the in_the_app check for hostname: localhost
2026-08-17 11:24:57.995 Db YourSofia[98412:31db81] [com.apple.CFBundle:resources] Resource lookup at CFBundle 0x600003b082a0 </Users/valentinasenov/Library/Developer/CoreSimulator/Devices/4EC5F74C-5A9C-4D89-8E44-374310E684AE/data/Containers/Bundle/Application/31087BF4-D319-4611-A136-08A015F59238/YourSofia.app> (executable, loaded)
	Request       : InfoPlist type: strings
	Result        : None
2026-08-17 11:24:57.995 Db YourSofia[98412:31db81] [com.apple.CFBundle:resources] Resource lookup at CFBundle 0x600003b082a0 </Users/valentinasenov/Library/Developer/CoreSimulator/Devices/4EC5F74C-5A9C-4D89-8E44-374310E684AE/data/Containers/Bundle/Application/31087BF4-D319-4611-A136-08A015F59238/YourSofia.app> (executable, loaded)
	Request       : InfoPlist type: stringsdict
	Result        : None
2026-08-17 11:24:57.995 Db YourSofia[98412:31db81] [com.apple.networkextension:] ne_tracker_check_is_hostname_blocked(): hostname localhost is not a tracker. Returning: ne_tracker_status_none
2026-08-17 11:24:57.995 Db YourSofia[98412:31db81] [com.apple.network:connection] nw_endpoint_flow_receive_report [C1 Hostname#8b243438:61878 in_progress parent-flow (satisfied (Path is satisfied), interface: en0[802.11], uses wifi, LQM: unknown)] received child report: [C1.1 Hostname#8b243438:61878 waiting path (satisfied (Path is satisfied), interface: en0[802.11], uses wifi, LQM: unknown)]
2026-08-17 11:24:57.995 Df YourSofia[98412:31db81] [com.apple.network:connection] [C1.1 Hostname#8b243438:61878 waiting path (satisfied (Path is satisfied), interface: en0[802.11], uses wifi, LQM: unknown)] event: path:satisfied @0.098s, uuid: EB710BE2-AD0D-4757-9AF5-0847E2BDBB87
2026-08-17 11:24:57.995 Db YourSofia[98412:31db81] [com.apple.network:] nw_endpoint_proxy_handler_should_use_proxy Looking up proxy for hostname: localhost, ifindex: 0
2026-08-17 11:24:57.995 Db YourSofia[98412:31db81] [com.apple.SystemConfiguration:SCPreferences] create <SCPreferences 0x10310ce80 [0x1e6193a48]> {name = SCDynamicStoreCopyProxiesWithOptions, id = /Library/Managed Preferences/mobile/com.apple.SystemConfiguration.plist, path = /Library/Managed Preferences/mobile/com.apple.SystemConfiguration.plist}
2026-08-17 11:24:57.995 Db YourSofia[98412:31db81] [com.apple.SystemConfiguration:SCPreferences] SCPreferences() access: /Library/Managed Preferences/mobile/com.apple.SystemConfiguration.plist, size=0
2026-08-17 11:24:57.996 Db YourSofia[98412:31db81] [com.apple.SystemConfiguration:SCPreferences] release <SCPreferences 0x10310ce80 [0x1e6193a48]> {name = SCDynamicStoreCopyProxiesWithOptions, id = /Library/Managed Preferences/mobile/com.apple.SystemConfiguration.plist, path = /Library/Managed Preferences/mobile/com.apple.SystemConfiguration.plist, accessed}
2026-08-17 11:24:57.998 Db YourSofia[98412:31db81] [com.apple.network:connection] -[NWConcrete_nw_endpoint_resolver startWithHandler:] [C1.1 Hostname#8b243438:61878 waiting resolver (satisfied (Path is satisfied), interface: en0[802.11], uses wifi, LQM: unknown)]
2026-08-17 11:24:57.999 Db YourSofia[98412:31db81] [com.apple.network:connection] nw_endpoint_flow_receive_report [C1 Hostname#8b243438:61878 in_progress parent-flow (satisfied (Path is satisfied), interface: en0[802.11], uses wifi, LQM: unknown)] received child report: [C1.1 Hostname#8b243438:61878 in_progress resolver (satisfied (Path is satisfied), interface: en0[802.11], uses wifi, LQM: unknown)]
2026-08-17 11:24:57.999 Df YourSofia[98412:31db81] [com.apple.network:connection] [C1.1 Hostname#8b243438:61878 in_progress resolver (satisfied (Path is satisfied), interface: en0[802.11], uses wifi, LQM: unknown)] event: resolver:start_dns @0.102s
2026-08-17 11:24:58.000 Db YourSofia[98412:31db81] [com.apple.networkextension:] ne_tracker_check_is_hostname_blocked() proceeding with the in_the_app check for hostname: localhost
2026-08-17 11:24:58.000 Db YourSofia[98412:31db81] [com.apple.CFBundle:resources] Resource lookup at CFBundle 0x600003b082a0 </Users/valentinasenov/Library/Developer/CoreSimulator/Devices/4EC5F74C-5A9C-4D89-8E44-374310E684AE/data/Containers/Bundle/Application/31087BF4-D319-4611-A136-08A015F59238/YourSofia.app> (executable, loaded)
	Request       : InfoPlist type: strings
	Result        : None
2026-08-17 11:24:58.000 Db YourSofia[98412:31db81] [com.apple.CFBundle:resources] Resource lookup at CFBundle 0x600003b082a0 </Users/valentinasenov/Library/Developer/CoreSimulator/Devices/4EC5F74C-5A9C-4D89-8E44-374310E684AE/data/Containers/Bundle/Application/31087BF4-D319-4611-A136-08A015F59238/YourSofia.app> (executable, loaded)
	Request       : InfoPlist type: stringsdict
	Result        : None
2026-08-17 11:24:58.000 Db YourSofia[98412:31db81] [com.apple.networkextension:] ne_tracker_check_is_hostname_blocked(): hostname localhost is not a tracker. Returning: ne_tracker_status_none
2026-08-17 11:24:58.001 I  YourSofia[98412:31db81] [com.apple.network:connection] nw_resolver_create_dns_service_locked [C1.1] Starting host resolution Hostname#8b243438:61878, flags 0xc000d000 proto 0
2026-08-17 11:24:58.001 Df YourSofia[98412:31db81] [com.apple.CFNetwork:Default] Task <D2FC0179-5EB9-429A-ABC6-724B5BF93535>.<1> setting up Connection 1
2026-08-17 11:24:58.001 Db YourSofia[98412:31db81] [com.apple.network:activity] Returning should log: 0 for activity cfnetwork:foreground_task
2026-08-17 11:24:58.001 I  YourSofia[98412:31db81] [com.apple.network:connection] nw_resolver_host_resolve_callback [C1.1] flags=0x40000003 ifindex=4294967295 error=NoError(0) hostname=localhost. addr=IPv6#33e12242 ttl=1
2026-08-17 11:24:58.001 I  YourSofia[98412:31db81] [com.apple.network:connection] nw_resolver_host_resolve_callback [C1.1] flags=0x40000002 ifindex=4294967295 error=NoError(0) hostname=localhost. addr=IPv4#d596f89d ttl=1
2026-08-17 11:24:58.002 Db YourSofia[98412:31db81] [com.apple.network:] sa_dst_compare_rfc6724 Rule 6, prefer d2, d2 precedence 50 > d1 precedence 35
2026-08-17 11:24:58.002 Db YourSofia[98412:31db81] [com.apple.network:] sa_dst_compare_internal <private>@0 < <private>@0
2026-08-17 11:24:58.002 Db YourSofia[98412:31db81] [com.apple.network:connection] nw_endpoint_resolver_update [C1.1 Hostname#8b243438:61878 in_progress resolver (satisfied (Path is satisfied), interface: en0[802.11], uses wifi, LQM: unknown)] resolver is complete
2026-08-17 11:24:58.002 Df YourSofia[98412:31db81] [com.apple.network:connection] nw_endpoint_resolver_update [C1.1 Hostname#8b243438:61878 in_progress resolver (satisfied (Path is satisfied), interface: en0[802.11], uses wifi, LQM: unknown)] Adding endpoint handler for IPv6#ae223e38.61878
2026-08-17 11:24:58.002 Df YourSofia[98412:31db81] [com.apple.network:connection] nw_endpoint_resolver_update [C1.1 Hostname#8b243438:61878 in_progress resolver (satisfied (Path is satisfied), interface: en0[802.11], uses wifi, LQM: unknown)] Adding endpoint handler for IPv4#e153a9a9:61878
2026-08-17 11:24:58.002 Db YourSofia[98412:31db81] [com.apple.network:connection] nw_endpoint_resolver_update [C1.1 Hostname#8b243438:61878 in_progress resolver (satisfied (Path is satisfied), interface: en0[802.11], uses wifi, LQM: unknown)] Updated endpoint list is (IPv6#ae223e38.61878,IPv4#e153a9a9:61878)
2026-08-17 11:24:58.002 Db YourSofia[98412:31db81] [com.apple.network:connection] nw_endpoint_flow_receive_report [C1 Hostname#8b243438:61878 in_progress parent-flow (satisfied (Path is satisfied), interface: en0[802.11], uses wifi, LQM: unknown)] received child report: [C1.1 Hostname#8b243438:61878 in_progress resolver (satisfied (Path is satisfied), interface: en0[802.11], uses wifi, LQM: unknown)]
2026-08-17 11:24:58.002 Df YourSofia[98412:31db81] [com.apple.network:connection] [C1.1 Hostname#8b243438:61878 in_progress resolver (satisfied (Path is satisfied), interface: en0[802.11], uses wifi, LQM: unknown)] event: resolver:receive_dns @0.105s
2026-08-17 11:24:58.002 I  YourSofia[98412:31db81] [com.apple.network:connection] nw_endpoint_resolver_start_next_child [C1.1 Hostname#8b243438:61878 in_progress resolver (satisfied (Path is satisfied), interface: en0[802.11], uses wifi, LQM: unknown)] starting child endpoint IPv6#ae223e38.61878
2026-08-17 11:24:58.002 I  YourSofia[98412:31db81] [com.apple.network:connection] nw_endpoint_handler_start [C1.1.1 IPv6#ae223e38.61878 initial path ((null))]
2026-08-17 11:24:58.003 Db YourSofia[98412:31db81] [com.apple.network:connection] nw_endpoint_resolver_receive_report [C1.1 Hostname#8b243438:61878 in_progress resolver (satisfied (Path is satisfied), interface: en0[802.11], uses wifi, LQM: unknown)] received child report: [C1.1.1 IPv6#ae223e38.61878 initial path ((null))]
2026-08-17 11:24:58.003 Db YourSofia[98412:31db81] [com.apple.network:connection] nw_endpoint_flow_receive_report [C1 Hostname#8b243438:61878 in_progress parent-flow (satisfied (Path is satisfied), interface: en0[802.11], uses wifi, LQM: unknown)] received child report: [C1.1.1 IPv6#ae223e38.61878 initial path ((null))]
2026-08-17 11:24:58.003 Df YourSofia[98412:31db81] [com.apple.network:connection] [C1.1.1 IPv6#ae223e38.61878 initial path ((null))] event: path:start @0.106s
2026-08-17 11:24:58.003 Db YourSofia[98412:31db81] [com.apple.network:connection] nw_endpoint_handler_path_change [C1.1.1 IPv6#ae223e38.61878 waiting path (satisfied (Path is satisfied), interface: lo0)]
2026-08-17 11:24:58.004 Db YourSofia[98412:31db11] [com.apple.BacklightServices:scenes] 0x600000c23f60 create environment:<BLSBacklightFBSSceneEnvironment: 0x600000c23f60; identifier: 0x0; active: NO; liveUpdating: NO; unrestrictedFramerate: NO; aoSupport: NO; aoContentIs1hz: NO; visualState: 0x0; presentationDate: 0x0> for scene:<FBSScene: 0x600003304320; (FBSceneManager):sceneID:bg.sofia.yoursofia-default; valid: YES> {
    settings = <UIApplicationSceneSettings: 0x600002124320> {
        settings = <BSKeyedSettings: 0x600000c2f120> {
            displayConfiguration = <FBSDisplayConfiguration: 0x600003d00a50; Main; mode: "390x844@3x 60Hz p3 SDR">;
            foreground = Yes;
            frame = NSRect: {{0, 0}, {390, 844}};
            interfaceOrientation = portrait (1);
            interruptionPolicy = reconnect (2);
            level = 1;
            <SBSUIHomeScreenIconStyleSceneSettings> = <BSKeyedSettings: 0x600000c2f1b0> {
                iconStyleConfiguration = <SBSHomeScreenIconStyleConfiguration: 0x600000237360>;
            };
            <_UISceneTransitioningHostSettings> = <BSKeyedSettings: 0x6<…>
2026-08-17 11:24:58.004 Db YourSofia[98412:31db11] [com.apple.BacklightServices:scenes] BLSBacklightFBSSceneEnvironment (BacklightUIServices) _settingsDiffActionsForScene
2026-08-17 11:24:58.004 Db YourSofia[98412:31db11] [com.apple.BacklightServices:scenes] create BLSBacklightUISceneEnvironmentDiffAction:<_UIBacklightUISceneEnvironmentDiffAction: 0x600000010f80>
2026-08-17 11:24:58.004 Db YourSofia[98412:31db11] [com.apple.BacklightServices:scenes] BLSBacklightFBSSceneEnvironment (BacklightUIServices) _actionRespondersForScene
2026-08-17 11:24:58.004 Db YourSofia[98412:31db11] [com.apple.BacklightServices:scenes] create BLSBacklightUISceneEnvironmentActionHandler:<_UIBacklightUISceneEnvironmentActionHandler: 0x600000010f50>
2026-08-17 11:24:58.004 Db YourSofia[98412:31db11] [com.apple.defaults:User Defaults] found no value for key LogHomeAffordanceObservation in CFPrefsSearchListSource<0x600002c01d80> (Domain: com.apple.UIKit, Container: (null) Non-launch persona: 0)
2026-08-17 11:24:58.004 Df YourSofia[98412:31db11] [com.apple.UIKit:HomeAffordanceObservation] Initializing: <_UIHomeAffordanceSceneNotifier: 0x600002939260>; with scene: <UIWindowScene: 0x10330bde0>
2026-08-17 11:24:58.004 Db YourSofia[98412:31db11] [com.apple.BacklightServices:scenes] BLSBacklightFBSSceneEnvironment (BacklightUIServices) _settingsDiffActionsForScene
2026-08-17 11:24:58.004 Db YourSofia[98412:31db11] [com.apple.BacklightServices:scenes] create BLSBacklightUISceneEnvironmentDiffAction:<_UIBacklightUISceneEnvironmentDiffAction: 0x600000010fa0>
2026-08-17 11:24:58.004 Db YourSofia[98412:31db11] [com.apple.BacklightServices:scenes] BLSBacklightFBSSceneEnvironment (BacklightUIServices) _actionRespondersForScene
2026-08-17 11:24:58.004 Db YourSofia[98412:31db11] [com.apple.BacklightServices:scenes] create BLSBacklightUISceneEnvironmentActionHandler:<_UIBacklightUISceneEnvironmentActionHandler: 0x600000010dd0>
2026-08-17 11:24:58.004 Df YourSofia[98412:31db11] [com.apple.BacklightServices:scenes] 0x600000c23f60 setDelegate:<0x600000c61230 _UIBacklightEnvironment> hasDelegate:YES for environment:sceneID:bg.sofia.yoursofia-default
2026-08-17 11:24:58.004 Db YourSofia[98412:31db11] [com.apple.BacklightServices:scenes] 0x600000c23f60 setSupportsAlwaysOn:NO for environment:sceneID:bg.sofia.yoursofia-default
2026-08-17 11:24:58.004 Db YourSofia[98412:31db11] [com.apple.BacklightServices:scenes] BLSBacklightFBSSceneEnvironment (BacklightUIServices) _settingsDiffActionsForScene
2026-08-17 11:24:58.004 Db YourSofia[98412:31db11] [com.apple.BacklightServices:scenes] create BLSBacklightUISceneEnvironmentDiffAction:<_UIBacklightUISceneEnvironmentDiffAction: 0x600000010f70>
2026-08-17 11:24:58.004 Db YourSofia[98412:31db11] [com.apple.BacklightServices:scenes] BLSBacklightFBSSceneEnvironment (BacklightUIServices) _actionRespondersForScene
2026-08-17 11:24:58.004 Db YourSofia[98412:31db11] [com.apple.BacklightServices:scenes] create BLSBacklightUISceneEnvironmentActionHandler:<_UIBacklightUISceneEnvironmentActionHandler: 0x600000010e30>
2026-08-17 11:24:58.004 Df YourSofia[98412:31db11] [com.apple.UIKit:InterfaceStyle] Not push traits update to screen for new style 1, <UIWindowScene: 0x10330bde0> (8FA49A39-7661-46FB-8F2C-0158321648A4)
2026-08-17 11:24:58.004 Db YourSofia[98412:31db11] [com.apple.defaults:User Defaults] found no value for key LogEventDeferring in CFPrefsSearchListSource<0x600002c01d80> (Domain: com.apple.UIKit, Container: (null) Non-launch persona: 0)
2026-08-17 11:24:58.004 Df YourSofia[98412:31db11] [com.apple.UIKit:EventDeferring] [0x6000029389a0] Initialized with scene: <UIWindowScene: 0x10330bde0>; behavior: <_UIEventDeferringBehavior_iOS: 0x60000025d400>; availableForProcess: 1, systemShellManagesKeyboardFocus: 1
2026-08-17 11:24:58.004 Db YourSofia[98412:31db11] [com.apple.BacklightServices:scenes] BLSBacklightFBSSceneEnvironment (BacklightUIServices) _settingsDiffActionsForScene
2026-08-17 11:24:58.004 Db YourSofia[98412:31db11] [com.apple.BacklightServices:scenes] create BLSBacklightUISceneEnvironmentDiffAction:<_UIBacklightUISceneEnvironmentDiffAction: 0x600000010e00>
2026-08-17 11:24:58.004 Db YourSofia[98412:31db11] [com.apple.BacklightServices:scenes] BLSBacklightFBSSceneEnvironment (BacklightUIServices) _actionRespondersForScene
2026-08-17 11:24:58.003 Db YourSofia[98412:31db81] [com.apple.network:connection] nw_endpoint_resolver_receive_report [C1.1 Hostname#8b243438:61878 in_progress resolver (satisfied (Path is satisfied), interface: en0[802.11], uses wifi, LQM: unknown)] received child report: [C1.1.1 IPv6#ae223e38.61878 waiting path (satisfied (Path is satisfied), interface: lo0)]
2026-08-17 11:24:58.005 Db YourSofia[98412:31db11] [com.apple.BacklightServices:scenes] create BLSBacklightUISceneEnvironmentActionHandler:<_UIBacklightUISceneEnvironmentActionHandler: 0x600000010fa0>
2026-08-17 11:24:58.005 Db YourSofia[98412:31db11] [com.apple.defaults:User Defaults] found no value for key LogKeyWindow in CFPrefsSearchListSource<0x600002c01d80> (Domain: com.apple.UIKit, Container: (null) Non-launch persona: 0)
2026-08-17 11:24:58.005 Db YourSofia[98412:31db81] [com.apple.network:connection] nw_endpoint_flow_receive_report [C1 Hostname#8b243438:61878 in_progress parent-flow (satisfied (Path is satisfied), interface: en0[802.11], uses wifi, LQM: unknown)] received child report: [C1.1.1 IPv6#ae223e38.61878 waiting path (satisfied (Path is satisfied), interface: lo0)]
2026-08-17 11:24:58.005 Df YourSofia[98412:31db81] [com.apple.network:connection] [C1.1.1 IPv6#ae223e38.61878 waiting path (satisfied (Path is satisfied), interface: lo0)] event: path:satisfied @0.108s, uuid: 3EE52CB4-1072-458E-963B-A4D8856805EA
2026-08-17 11:24:58.005 Df YourSofia[98412:31db11] [com.apple.BoardServices:XPCErrors] [C:2] Alloc com.apple.backboard.hid-services.xpc
2026-08-17 11:24:58.005 Df YourSofia[98412:31db11] [com.apple.xpc:connection] [0x103218b80] activating connection: mach=false listener=false peer=false name=(anonymous)
2026-08-17 11:24:58.005 Db YourSofia[98412:31db8c] [com.apple.BaseBoard:MachPort]  *|machport|* <BSMachPortTaskNameRight: 0x60000170e780; usable: YES; (98412:730f:send task_name_for_pid:backboardd.98145)> -> (<NSThread: 0x60000170ffc0>{number = 7, name = (null)}) (
	0   BaseBoard                           0x00000001840447e0 -[BSMachPortRight _initWithPort:type:owner:trace:] + 192
	1   BaseBoard                           0x0000000184046754 -[BSMachPortTaskNameRight initWithPID:] + 260
	2   BaseBoard                           0x00000001840465f4 +[BSMachPortTaskNameRight taskNameForPID:] + 56
	3   BaseBoard                           0x000000018405971c +[BSProcessHandle processHandleForXPCConnection:] + 176
	4   BoardServices                       0x000000018812e73c +[BSXPCServiceConnectionPeer peerOfConnection:] + 312
	5   BoardServices                       0x0000000188163cb4 __55-[BSXPCServiceConnection _lock_activateNowOrWhenReady:]_block_invoke_2 + 136
	6   BoardServices                       0x000000018815a2fc __55-[BSXPCServiceConnectionMessage _actuallySendWithMode:]_block_invoke + 1
2026-08-17 11:24:58.006 Df YourSofia[98412:31db3b] [com.apple.BackBoard:EventDelivery] BKSHIDEventObserver - connection activation
2026-08-17 11:24:58.006 Df YourSofia[98412:31db11] [com.apple.BackBoard:EventDelivery] policyStatus:<BKSHIDEventDeliveryPolicyObserver: 0x60000260c840; process scope; status: target> was:none
2026-08-17 11:24:58.006 Db YourSofia[98412:31db11] [com.apple.BackBoard:EventDelivery] observerPolicyDidChange: 0x60000260c840 -> <_UIKeyWindowSceneObserver: 0x600000c616e0>
2026-08-17 11:24:58.006 Df YourSofia[98412:31db11] [com.apple.UIKit:KeyWindow] Setting default evaluation strategy for UIUserInterfaceIdiomPhone to LastOneWins
2026-08-17 11:24:58.006 Df YourSofia[98412:31db11] [com.apple.UIKit:KeyWindow] Scene target of keyboard event deferring environment did change: 1; scene: UIWindowScene: 0x10330bde0; scene identity: com.apple.frontboard.systemappservices/FBSceneManager:sceneID%3Abg.sofia.yoursofia-default
2026-08-17 11:24:58.005 Db YourSofia[98412:31db81] [com.apple.network:] nw_endpoint_proxy_handler_should_use_proxy Looking up proxy for hostname: <nil>, ifindex: 0
2026-08-17 11:24:58.006 Df YourSofia[98412:31db11] [com.apple.UIKit:EventDeferring] [0x6000029389a0] Scene target of event deferring environments did update: scene: 0x10330bde0; current systemShellManagesKeyboardFocus: 1; systemShellManagesKeyboardFocusForScene: 1; eligibleForRecordRemoval: 1;
2026-08-17 11:24:58.006 Df YourSofia[98412:31db11] [com.apple.UIKit:KeyWindow] Scene became target of keyboard event deferring environment: UIWindowScene: 0x10330bde0; scene identity: com.apple.frontboard.systemappservices/FBSceneManager:sceneID%3Abg.sofia.yoursofia-default
2026-08-17 11:24:58.006 Df YourSofia[98412:31db11] [com.apple.UIKit:KeyWindow] Stack[KeyWindow] 0x600000c59ec0: Taking no further action for migration from LastOneWins -> SystemShellManaged as there are no scenes
2026-08-17 11:24:58.006 Df YourSofia[98412:31db11] [com.apple.UIKit:KeyWindow] Setting default evaluation strategy for UIUserInterfaceIdiomPhone to SystemShellManaged
2026-08-17 11:24:58.006 Df YourSofia[98412:31db11] [com.apple.UIKit:KeyWindow] Key window needs update: 0; currentKeyWindowScene: 0x0; evaluatedKeyWindowScene: 0x10330bde0; currentApplicationKeyWindow: 0x0; evaluatedApplicationKeyWindow: 0x0; reason: UIWindowScene: 0x10330bde0: Window scene became target of keyboard environment
2026-08-17 11:24:58.006 Db YourSofia[98412:31db11] [com.apple.BacklightServices:scenes] BLSBacklightFBSSceneEnvironment (BacklightUIServices) _settingsDiffActionsForScene
2026-08-17 11:24:58.006 Db YourSofia[98412:31db11] [com.apple.BacklightServices:scenes] create BLSBacklightUISceneEnvironmentDiffAction:<_UIBacklightUISceneEnvironmentDiffAction: 0x6000000091e0>
2026-08-17 11:24:58.006 Db YourSofia[98412:31db11] [com.apple.BacklightServices:scenes] BLSBacklightFBSSceneEnvironment (BacklightUIServices) _actionRespondersForScene
2026-08-17 11:24:58.006 Db YourSofia[98412:31db11] [com.apple.BacklightServices:scenes] create BLSBacklightUISceneEnvironmentActionHandler:<_UIBacklightUISceneEnvironmentActionHandler: 0x600000008df0>
2026-08-17 11:24:58.006 Db YourSofia[98412:31db11] [com.apple.BacklightServices:scenes] BLSBacklightFBSSceneEnvironment (BacklightUIServices) _settingsDiffActionsForScene
2026-08-17 11:24:58.006 Db YourSofia[98412:31db11] [com.apple.BacklightServices:scenes] create BLSBacklightUISceneEnvironmentDiffAction:<_UIBacklightUISceneEnvironmentDiffAction: 0x6000000052a0>
2026-08-17 11:24:58.006 Db YourSofia[98412:31db11] [com.apple.BacklightServices:scenes] BLSBacklightFBSSceneEnvironment (BacklightUIServices) _actionRespondersForScene
2026-08-17 11:24:58.006 Db YourSofia[98412:31db11] [com.apple.BacklightServices:scenes] create BLSBacklightUISceneEnvironmentActionHandler:<_UIBacklightUISceneEnvironmentActionHandler: 0x6000000052f0>
2026-08-17 11:24:58.006 Df YourSofia[98412:31db11] [com.apple.UIKit:InterfaceStyle] Not push traits update to screen for new style 1, <UIWindowScene: 0x10330bde0> (8FA49A39-7661-46FB-8F2C-0158321648A4)
2026-08-17 11:24:58.006 Db YourSofia[98412:31db11] [com.apple.BacklightServices:scenes] BLSBacklightFBSSceneEnvironment (BacklightUIServices) _settingsDiffActionsForScene
2026-08-17 11:24:58.006 Db YourSofia[98412:31db11] [com.apple.BacklightServices:scenes] create BLSBacklightUISceneEnvironmentDiffAction:<_UIBacklightUISceneEnvironmentDiffAction: 0x600000005280>
2026-08-17 11:24:58.006 Db YourSofia[98412:31db11] [com.apple.BacklightServices:scenes] BLSBacklightFBSSceneEnvironment (BacklightUIServices) _actionRespondersForScene
2026-08-17 11:24:58.006 Db YourSofia[98412:31db11] [com.apple.BacklightServices:scenes] create BLSBacklightUISceneEnvironmentActionHandler:<_UIBacklightUISceneEnvironmentActionHandler: 0x600000005320>
2026-08-17 11:24:58.006 Db YourSofia[98412:31db11] [com.apple.BacklightServices:scenes] BLSBacklightFBSSceneEnvironment (BacklightUIServices) _settingsDiffActionsForScene
2026-08-17 11:24:58.006 Db YourSofia[98412:31db11] [com.apple.BacklightServices:scenes] create BLSBacklightUISceneEnvironmentDiffAction:<_UIBacklightUISceneEnvironmentDiffAction: 0x600000009180>
2026-08-17 11:24:58.006 Db YourSofia[98412:31db11] [com.apple.BacklightServices:scenes] BLSBacklightFBSSceneEnvironment (BacklightUIServices) _actionRespondersForScene
2026-08-17 11:24:58.006 Db YourSofia[98412:31db11] [com.apple.BacklightServices:scenes] create BLSBacklightUISceneEnvironmentActionHandler:<_UIBacklightUISceneEnvironmentActionHandler: 0x600000009490>
2026-08-17 11:24:58.006 Db YourSofia[98412:31db11] [com.apple.BacklightServices:scenes] BLSBacklightFBSSceneEnvironment (BacklightUIServices) _settingsDiffActionsForScene
2026-08-17 11:24:58.006 Db YourSofia[98412:31db11] [com.apple.BacklightServices:scenes] create BLSBacklightUISceneEnvironmentDiffAction:<_UIBacklightUISceneEnvironmentDiffAction: 0x600000009220>
2026-08-17 11:24:58.006 Db YourSofia[98412:31db11] [com.apple.BacklightServices:scenes] BLSBacklightFBSSceneEnvironment (BacklightUIServices) _actionRespondersForScene
2026-08-17 11:24:58.006 Db YourSofia[98412:31db11] [com.apple.BacklightServices:scenes] create BLSBacklightUISceneEnvironmentActionHandler:<_UIBacklightUISceneEnvironmentActionHandler: 0x600000008ec0>
2026-08-17 11:24:58.007 Df YourSofia[98412:31db11] [com.apple.UIKit:InterfaceStyle] Not push traits update to screen for new style 1, <UIWindowScene: 0x10330bde0> (8FA49A39-7661-46FB-8F2C-0158321648A4)
2026-08-17 11:24:58.007 Db YourSofia[98412:31db11] [com.apple.BacklightServices:scenes] BLSBacklightFBSSceneEnvironment (BacklightUIServices) _settingsDiffActionsForScene
2026-08-17 11:24:58.007 Db YourSofia[98412:31db11] [com.apple.BacklightServices:scenes] create BLSBacklightUISceneEnvironmentDiffAction:<_UIBacklightUISceneEnvironmentDiffAction: 0x600000008dd0>
2026-08-17 11:24:58.007 Db YourSofia[98412:31db11] [com.apple.BacklightServices:scenes] BLSBacklightFBSSceneEnvironment (BacklightUIServices) _actionRespondersForScene
2026-08-17 11:24:58.007 Db YourSofia[98412:31db11] [com.apple.BacklightServices:scenes] create BLSBacklightUISceneEnvironmentActionHandler:<_UIBacklightUISceneEnvironmentActionHandler: 0x600000010da0>
2026-08-17 11:24:58.007 Db YourSofia[98412:31db11] [com.apple.BacklightServices:scenes] BLSBacklightFBSSceneEnvironment (BacklightUIServices) _settingsDiffActionsForScene
2026-08-17 11:24:58.007 Db YourSofia[98412:31db11] [com.apple.BacklightServices:scenes] create BLSBacklightUISceneEnvironmentDiffAction:<_UIBacklightUISceneEnvironmentDiffAction: 0x600000010d80>
2026-08-17 11:24:58.007 Db YourSofia[98412:31db11] [com.apple.BacklightServices:scenes] BLSBacklightFBSSceneEnvironment (BacklightUIServices) _actionRespondersForScene
2026-08-17 11:24:58.007 Db YourSofia[98412:31db11] [com.apple.BacklightServices:scenes] create BLSBacklightUISceneEnvironmentActionHandler:<_UIBacklightUISceneEnvironmentActionHandler: 0x600000010df0>
2026-08-17 11:24:58.007 Db YourSofia[98412:31db11] [com.apple.BacklightServices:scenes] BLSBacklightFBSSceneEnvironment (BacklightUIServices) _settingsDiffActionsForScene
2026-08-17 11:24:58.007 Db YourSofia[98412:31db11] [com.apple.BacklightServices:scenes] create BLSBacklightUISceneEnvironmentDiffAction:<_UIBacklightUISceneEnvironmentDiffAction: 0x600000010c40>
2026-08-17 11:24:58.007 Db YourSofia[98412:31db11] [com.apple.BacklightServices:scenes] BLSBacklightFBSSceneEnvironment (BacklightUIServices) _actionRespondersForScene
2026-08-17 11:24:58.007 Db YourSofia[98412:31db11] [com.apple.BacklightServices:scenes] create BLSBacklightUISceneEnvironmentActionHandler:<_UIBacklightUISceneEnvironmentActionHandler: 0x600000010d80>
2026-08-17 11:24:58.007 Db YourSofia[98412:31db11] [com.apple.BacklightServices:scenes] BLSBacklightFBSSceneEnvironment (BacklightUIServices) _settingsDiffActionsForScene
2026-08-17 11:24:58.007 Db YourSofia[98412:31db11] [com.apple.BacklightServices:scenes] create BLSBacklightUISceneEnvironmentDiffAction:<_UIBacklightUISceneEnvironmentDiffAction: 0x600000010e00>
2026-08-17 11:24:58.007 Db YourSofia[98412:31db11] [com.apple.BacklightServices:scenes] BLSBacklightFBSSceneEnvironment (BacklightUIServices) _actionRespondersForScene
2026-08-17 11:24:58.007 Db YourSofia[98412:31db11] [com.apple.BacklightServices:scenes] create BLSBacklightUISceneEnvironmentActionHandler:<_UIBacklightUISceneEnvironmentActionHandler: 0x600000008dd0>
2026-08-17 11:24:58.007 Db YourSofia[98412:31db11] [com.apple.BacklightServices:scenes] BLSBacklightFBSSceneEnvironment (BacklightUIServices) _settingsDiffActionsForScene
2026-08-17 11:24:58.007 Db YourSofia[98412:31db11] [com.apple.BacklightServices:scenes] create BLSBacklightUISceneEnvironmentDiffAction:<_UIBacklightUISceneEnvironmentDiffAction: 0x600000010d70>
2026-08-17 11:24:58.007 Db YourSofia[98412:31db11] [com.apple.BacklightServices:scenes] BLSBacklightFBSSceneEnvironment (BacklightUIServices) _actionRespondersForScene
2026-08-17 11:24:58.007 Db YourSofia[98412:31db11] [com.apple.BacklightServices:scenes] create BLSBacklightUISceneEnvironmentActionHandler:<_UIBacklightUISceneEnvironmentActionHandler: 0x600000010ac0>
2026-08-17 11:24:58.007 Df YourSofia[98412:31db11] [com.apple.UIKit:InterfaceStyle] Not push traits update to screen for new style 1, <UIWindowScene: 0x10330bde0> (8FA49A39-7661-46FB-8F2C-0158321648A4)
2026-08-17 11:24:58.007 A  YourSofia[98412:31db11] (libsystem_trace.dylib) Activity for state dumps
2026-08-17 11:24:58.007 F  YourSofia[98412:31db11] [com.apple.runtime-issues:UIKit App Config] `UIScene` lifecycle will soon be required. Failure to adopt will result in an assert in the future.
2026-08-17 11:24:58.008 Df YourSofia[98412:31db11] [com.apple.UIKit:InterfaceStyle] Not push traits update to screen for new style 1, <UIWindowScene: 0x10330bde0> (8FA49A39-7661-46FB-8F2C-0158321648A4)
2026-08-17 11:24:58.008 Db YourSofia[98412:31db11] [com.apple.defaults:User Defaults] found no value for key LogAppLifecycle in CFPrefsSearchListSource<0x600002c01d80> (Domain: com.apple.UIKit, Container: (null) Non-launch persona: 0)
2026-08-17 11:24:58.008 Df YourSofia[98412:31db11] [com.apple.UIKit:AppLifecycle] sceneOfRecord: sceneID: sceneID:bg.sofia.yoursofia-default  persistentID: 8FA49A39-7661-46FB-8F2C-0158321648A4
2026-08-17 11:24:58.008 Df YourSofia[98412:31db11] [com.apple.UIKit:Application] Ignoring already applied deactivation reason: 5; deactivation reasons: 1056
2026-08-17 11:24:58.008 Df YourSofia[98412:31db11] [com.apple.UIKit:Application] Deactivation reason added: 11; deactivation reasons: 1056 -> 3104; animating application lifecycle event: 1
2026-08-17 11:24:58.008 Df YourSofia[98412:31db11] [com.apple.KeyboardArbiter:Client] startConnection
2026-08-17 11:24:58.008 Df YourSofia[98412:31db11] [com.apple.xpc:connection] [0x10310de80] activating connection: mach=true listener=false peer=false name=com.apple.UIKit.KeyboardManagement.hosted
2026-08-17 11:24:58.008 Df YourSofia[98412:31db11] (UIKitCore) You've implemented -[<UIApplicationDelegate> application:performFetchWithCompletionHandler:], but you still need to add "fetch" to the list of your supported UIBackgroundModes in your Info.plist.
2026-08-17 11:24:58.008 Df YourSofia[98412:31db11] (UIKitCore) You've implemented -[<UIApplicationDelegate> application:didReceiveRemoteNotification:fetchCompletionHandler:], but you still need to add "remote-notification" to the list of your supported UIBackgroundModes in your Info.plist.
2026-08-17 11:24:58.008 Db YourSofia[98412:31db11] [com.apple.defaults:User Defaults] found no value for key detoxURLOverride in CFPrefsSearchListSource<0x600002c04080> (Domain: bg.sofia.yoursofia, Container: (null) Non-launch persona: 0)
2026-08-17 11:24:58.008 Db YourSofia[98412:31db11] [com.apple.defaults:User Defaults] found no value for key detoxSourceAppOverride in CFPrefsSearchListSource<0x600002c04080> (Domain: bg.sofia.yoursofia, Container: (null) Non-launch persona: 0)
2026-08-17 11:24:58.009 Db YourSofia[98412:31db11] [com.apple.defaults:User Defaults] found no value for key LogStatusBar in CFPrefsSearchListSource<0x600002c01d80> (Domain: com.apple.UIKit, Container: (null) Non-launch persona: 0)
2026-08-17 11:24:58.006 Db YourSofia[98412:31db81] [com.apple.SystemConfiguration:SCPreferences] create <SCPreferences 0x1034046e0 [0x1e6193a48]> {name = SCDynamicStoreCopyProxiesWithOptions, id = /Library/Managed Preferences/mobile/com.apple.SystemConfiguration.plist, path = /Library/Managed Preferences/mobile/com.apple.SystemConfiguration.plist}
2026-08-17 11:24:58.009 Db YourSofia[98412:31db81] [com.apple.SystemConfiguration:SCPreferences] SCPreferences() access: /Library/Managed Preferences/mobile/com.apple.SystemConfiguration.plist, size=0
2026-08-17 11:24:58.009 Db YourSofia[98412:31db11] [com.apple.defaults:User Defaults] found no value for key detoxURLOverride in CFPrefsSearchListSource<0x600002c04080> (Domain: bg.sofia.yoursofia, Container: (null) Non-launch persona: 0)
2026-08-17 11:24:58.009 Db YourSofia[98412:31db81] [com.apple.SystemConfiguration:SCPreferences] release <SCPreferences 0x1034046e0 [0x1e6193a48]> {name = SCDynamicStoreCopyProxiesWithOptions, id = /Library/Managed Preferences/mobile/com.apple.SystemConfiguration.plist, path = /Library/Managed Preferences/mobile/com.apple.SystemConfiguration.plist, accessed}
2026-08-17 11:24:58.009 Db YourSofia[98412:31db11] [com.apple.defaults:User Defaults] found no value for key detoxSourceAppOverride in CFPrefsSearchListSource<0x600002c04080> (Domain: bg.sofia.yoursofia, Container: (null) Non-launch persona: 0)
2026-08-17 11:24:58.009 Db YourSofia[98412:31db11] [com.apple.CFBundle:resources] Resource lookup at CFBundle 0x600003b082a0 </Users/valentinasenov/Library/Developer/CoreSimulator/Devices/4EC5F74C-5A9C-4D89-8E44-374310E684AE/data/Containers/Bundle/Application/31087BF4-D319-4611-A136-08A015F59238/YourSofia.app> (executable, loaded)
	Request       : InfoPlist type: strings
	Result        : None
2026-08-17 11:24:58.009 Db YourSofia[98412:31db11] [com.apple.CFBundle:resources] Resource lookup at CFBundle 0x600003b082a0 </Users/valentinasenov/Library/Developer/CoreSimulator/Devices/4EC5F74C-5A9C-4D89-8E44-374310E684AE/data/Containers/Bundle/Application/31087BF4-D319-4611-A136-08A015F59238/YourSofia.app> (executable, loaded)
	Request       : InfoPlist type: stringsdict
	Result        : None
2026-08-17 11:24:58.009 Df YourSofia[98412:31db11] (React) _setUpFeatureFlags called with release level 2
2026-08-17 11:24:58.009 Db YourSofia[98412:31db11] [com.apple.CFBundle:resources] Resource lookup at CFBundle 0x600003b082a0 </Users/valentinasenov/Library/Developer/CoreSimulator/Devices/4EC5F74C-5A9C-4D89-8E44-374310E684AE/data/Containers/Bundle/Application/31087BF4-D319-4611-A136-08A015F59238/YourSofia.app> (executable, loaded)
	Request       : InfoPlist type: strings
	Result        : None
2026-08-17 11:24:58.009 Db YourSofia[98412:31db11] [com.apple.CFBundle:resources] Resource lookup at CFBundle 0x600003b082a0 </Users/valentinasenov/Library/Developer/CoreSimulator/Devices/4EC5F74C-5A9C-4D89-8E44-374310E684AE/data/Containers/Bundle/Application/31087BF4-D319-4611-A136-08A015F59238/YourSofia.app> (executable, loaded)
	Request       : InfoPlist type: stringsdict
	Result        : None
2026-08-17 11:24:58.009 Db YourSofia[98412:31db11] [com.apple.CFBundle:resources] Resource lookup at CFBundle 0x600003b082a0 </Users/valentinasenov/Library/Developer/CoreSimulator/Devices/4EC5F74C-5A9C-4D89-8E44-374310E684AE/data/Containers/Bundle/Application/31087BF4-D319-4611-A136-08A015F59238/YourSofia.app> (executable, loaded)
	Request       : InfoPlist type: strings
	Result        : None
2026-08-17 11:24:58.009 Db YourSofia[98412:31db11] [com.apple.CFBundle:resources] Resource lookup at CFBundle 0x600003b082a0 </Users/valentinasenov/Library/Developer/CoreSimulator/Devices/4EC5F74C-5A9C-4D89-8E44-374310E684AE/data/Containers/Bundle/Application/31087BF4-D319-4611-A136-08A015F59238/YourSofia.app> (executable, loaded)
	Request       : InfoPlist type: stringsdict
	Result        : None
2026-08-17 11:24:58.009 Db YourSofia[98412:31db11] [com.apple.CFBundle:resources] Resource lookup at CFBundle 0x600003b082a0 </Users/valentinasenov/Library/Developer/CoreSimulator/Devices/4EC5F74C-5A9C-4D89-8E44-374310E684AE/data/Containers/Bundle/Application/31087BF4-D319-4611-A136-08A015F59238/YourSofia.app> (executable, loaded)
	Request       : InfoPlist type: strings
	Result        : None
2026-08-17 11:24:58.009 Db YourSofia[98412:31db11] [com.apple.CFBundle:resources] Resource lookup at CFBundle 0x600003b082a0 </Users/valentinasenov/Library/Developer/CoreSimulator/Devices/4EC5F74C-5A9C-4D89-8E44-374310E684AE/data/Containers/Bundle/Application/31087BF4-D319-4611-A136-08A015F59238/YourSofia.app> (executable, loaded)
	Request       : InfoPlist type: stringsdict
	Result        : None
2026-08-17 11:24:58.009 Db YourSofia[98412:31db11] [com.apple.CFBundle:resources] Resource lookup at CFBundle 0x600003b082a0 </Users/valentinasenov/Library/Developer/CoreSimulator/Devices/4EC5F74C-5A9C-4D89-8E44-374310E684AE/data/Containers/Bundle/Application/31087BF4-D319-4611-A136-08A015F59238/YourSofia.app> (executable, loaded)
	Request       : InfoPlist type: strings
	Result        : None
2026-08-17 11:24:58.009 Db YourSofia[98412:31db11] [com.apple.CFBundle:resources] Resource lookup at CFBundle 0x600003b082a0 </Users/valentinasenov/Library/Developer/CoreSimulator/Devices/4EC5F74C-5A9C-4D89-8E44-374310E684AE/data/Containers/Bundle/Application/31087BF4-D319-4611-A136-08A015F59238/YourSofia.app> (executable, loaded)
	Request       : InfoPlist type: stringsdict
	Result        : None
2026-08-17 11:24:58.009 Db YourSofia[98412:31db11] [com.apple.CFBundle:resources] Resource lookup at CFBundle 0x600003b082a0 </Users/valentinasenov/Library/Developer/CoreSimulator/Devices/4EC5F74C-5A9C-4D89-8E44-374310E684AE/data/Containers/Bundle/Application/31087BF4-D319-4611-A136-08A015F59238/YourSofia.app> (executable, loaded)
	Request       : InfoPlist type: strings
	Result        : None
2026-08-17 11:24:58.009 Db YourSofia[98412:31db11] [com.apple.CFBundle:resources] Resource lookup at CFBundle 0x600003b082a0 </Users/valentinasenov/Library/Developer/CoreSimulator/Devices/4EC5F74C-5A9C-4D89-8E44-374310E684AE/data/Containers/Bundle/Application/31087BF4-D319-4611-A136-08A015F59238/YourSofia.app> (executable, loaded)
	Request       : InfoPlist type: stringsdict
	Result        : None
2026-08-17 11:24:58.010 I  YourSofia[98412:31db81] [com.apple.network:connection] nw_association_create_flow <nw_association IPv6#ae223e38.61878> Added association flow ID 1CB566FD-75FE-4B9F-B0B5-F5A896545BAE
2026-08-17 11:24:58.010 I  YourSofia[98412:31db81] [com.apple.network:connection] nw_endpoint_flow_setup_protocols [C1.1.1 IPv6#ae223e38.61878 in_progress socket-flow (satisfied (Path is satisfied), interface: lo0)] setup flow id 1CB566FD-75FE-4B9F-B0B5-F5A896545BAE
2026-08-17 11:24:58.010 Db YourSofia[98412:31db81] [com.apple.network:connection] nw_endpoint_flow_attach_protocols [C1.1.1 IPv6#ae223e38.61878 in_progress socket-flow (satisfied (Path is satisfied), interface: lo0)]
2026-08-17 11:24:58.010 Db YourSofia[98412:31db81] [com.apple.network:connection] nw_endpoint_flow_attach_protocols_block_invoke [C1.1.1 IPv6#ae223e38.61878 in_progress socket-flow (satisfied (Path is satisfied), interface: lo0)] Attached application protocol: CFNetworkConnection-3922443773
2026-08-17 11:24:58.012 Db YourSofia[98412:31db11] [com.apple.defaults:User Defaults] found no value for key UIViewLayoutFeedbackLoopDebuggingThreshold in CFPrefsSearchListSource<0x600002c04080> (Domain: bg.sofia.yoursofia, Container: (null) Non-launch persona: 0)
2026-08-17 11:24:58.012 Db YourSofia[98412:31db11] [com.apple.defaults:User Defaults] found no value for key UIEngineHostingViewsShouldGuardWantsAutolayoutFlagPropagation in CFPrefsSearchListSource<0x600002c04080> (Domain: bg.sofia.yoursofia, Container: (null) Non-launch persona: 0)
2026-08-17 11:24:58.012 Db YourSofia[98412:31db11] [com.apple.defaults:User Defaults] found no value for key UIViewUseStaleDelegateContentInsets in CFPrefsSearchListSource<0x600002c04080> (Domain: bg.sofia.yoursofia, Container: (null) Non-launch persona: 0)
2026-08-17 11:24:58.012 Db YourSofia[98412:31db11] [com.apple.defaults:User Defaults] found no value for key _UIConstraintBasedLayoutEngageNonLazily in CFPrefsSearchListSource<0x600002c04080> (Domain: bg.sofia.yoursofia, Container: (null) Non-launch persona: 0)
2026-08-17 11:24:58.010 Db YourSofia[98412:31db81] [com.apple.network:] nw_fd_wrapper_create Created <fd_wrapper 7, guarded: false>
2026-08-17 11:24:58.013 Db YourSofia[98412:31db81] [com.apple.network:connection] nw_endpoint_flow_attach_protocols [C1.1.1 IPv6#ae223e38.61878 in_progress socket-flow (satisfied (Path is satisfied), interface: lo0)] Attached socket protocol
2026-08-17 11:24:58.013 Db YourSofia[98412:31db81] [com.apple.network:connection] nw_endpoint_flow_setup_protocols [C1.1.1 IPv6#ae223e38.61878 in_progress socket-flow (satisfied (Path is satisfied), interface: lo0)] leaf flow starting
2026-08-17 11:24:58.013 Db YourSofia[98412:31db81] [com.apple.network:connection] nw_endpoint_resolver_receive_report [C1.1 Hostname#8b243438:61878 in_progress resolver (satisfied (Path is satisfied), interface: en0[802.11], uses wifi, LQM: unknown)] received child report: [C1.1.1 IPv6#ae223e38.61878 in_progress socket-flow (satisfied (Path is satisfied), interface: lo0)]
2026-08-17 11:24:58.013 Db YourSofia[98412:31db81] [com.apple.network:connection] nw_endpoint_flow_receive_report [C1 Hostname#8b243438:61878 in_progress parent-flow (satisfied (Path is satisfied), interface: en0[802.11], uses wifi, LQM: unknown)] received child report: [C1.1.1 IPv6#ae223e38.61878 in_progress socket-flow (satisfied (Path is satisfied), interface: lo0)]
2026-08-17 11:24:58.013 Df YourSofia[98412:31db81] [com.apple.network:connection] [C1.1.1 IPv6#ae223e38.61878 in_progress socket-flow (satisfied (Path is satisfied), interface: lo0)] event: flow:start_connect @0.116s
2026-08-17 11:24:58.013 Db YourSofia[98412:31db11] [com.apple.defaults:User Defaults] found no value for key com.apple.SwiftUI.IgnoreSolariumOptOut in CFPrefsSearchListSource<0x600002c04080> (Domain: bg.sofia.yoursofia, Container: (null) Non-launch persona: 0)
2026-08-17 11:24:58.013 I  YourSofia[98412:31db81] [com.apple.network:connection] nw_endpoint_resolver_start_next_child [C1.1 Hostname#8b243438:61878 in_progress resolver (satisfied (Path is satisfied), interface: en0[802.11], uses wifi, LQM: unknown)] starting next child endpoint in 100ms
2026-08-17 11:24:58.015 Db YourSofia[98412:31db81] [com.apple.network:connection] nw_socket_handle_socket_event [C1.1.1:2] Event mask: 0x800
2026-08-17 11:24:58.015 Df YourSofia[98412:31db81] [com.apple.network:connection] nw_socket_handle_socket_event [C1.1.1:2] Socket received CONNECTED event
2026-08-17 11:24:58.015 Db YourSofia[98412:31db81] [com.apple.network:connection] nw_socket_setup_notsent_lowat [C1.1.1:2] Set TCP_NOTSENT_LOWAT(16384)
2026-08-17 11:24:58.016 Db YourSofia[98412:31db11] [com.apple.defaults:User Defaults] found no value for key dev.expo.updates.updatesConfigOverride in CFPrefsSearchListSource<0x600002c04080> (Domain: bg.sofia.yoursofia, Container: (null) Non-launch persona: 0)
2026-08-17 11:24:58.016 Db YourSofia[98412:31db11] [com.apple.CFBundle:resources] Resource lookup at CFBundle 0x600003b082a0 </Users/valentinasenov/Library/Developer/CoreSimulator/Devices/4EC5F74C-5A9C-4D89-8E44-374310E684AE/data/Containers/Bundle/Application/31087BF4-D319-4611-A136-08A015F59238/YourSofia.app> (executable, loaded)
	Request       : Expo type: plist
	Result        : file:///Users/valentinasenov/Library/Developer/CoreSimulator/Devices/4EC5F74C-5A9C-4D89-8E44-374310E684AE/data/Containers/Bundle/Application/31087BF4-D319-4611-A136-08A015F59238/YourSofia.app/Expo.plist
2026-08-17 11:24:58.016 Df YourSofia[98412:31db81] [com.apple.network:connection] nw_flow_connected [C1.1.1 IPv6#ae223e38.61878 in_progress socket-flow (satisfied (Path is satisfied), interface: lo0)] Transport protocol connected (socket)
2026-08-17 11:24:58.016 Db YourSofia[98412:31db81] [com.apple.network:connection] nw_endpoint_resolver_receive_report [C1.1 Hostname#8b243438:61878 in_progress resolver (satisfied (Path is satisfied), interface: en0[802.11], uses wifi, LQM: unknown)] received child report: [C1.1.1 IPv6#ae223e38.61878 in_progress socket-flow (satisfied (Path is satisfied), interface: lo0)]
2026-08-17 11:24:58.016 Db YourSofia[98412:31db81] [com.apple.network:connection] nw_endpoint_flow_receive_report [C1 Hostname#8b243438:61878 in_progress parent-flow (satisfied (Path is satisfied), interface: en0[802.11], uses wifi, LQM: unknown)] received child report: [C1.1.1 IPv6#ae223e38.61878 in_progress socket-flow (satisfied (Path is satisfied), interface: lo0)]
2026-08-17 11:24:58.016 Df YourSofia[98412:31db81] [com.apple.network:connection] [C1.1.1 IPv6#ae223e38.61878 in_progress socket-flow (satisfied (Path is satisfied), interface: lo0)] event: flow:finish_transport @0.119s
2026-08-17 11:24:58.016 I  YourSofia[98412:31db81] [com.apple.network:connection] nw_endpoint_resolver_receive_report [C1.1 Hostname#8b243438:61878 in_progress resolver (satisfied (Path is satisfied), interface: en0[802.11], uses wifi, LQM: unknown)] pushing out endpoint race by 2000ms
2026-08-17 11:24:58.016 Df YourSofia[98412:31db81] [com.apple.network:connection] nw_flow_connected [C1.1.1 IPv6#ae223e38.61878 in_progress socket-flow (satisfied (Path is satisfied), interface: lo0)] Output protocol connected (CFNetworkConnection-3922443773)
2026-08-17 11:24:58.016 Db YourSofia[98412:31db11] [com.apple.CFBundle:resources] Resource lookup at CFBundle 0x600003b082a0 </Users/valentinasenov/Library/Developer/CoreSimulator/Devices/4EC5F74C-5A9C-4D89-8E44-374310E684AE/data/Containers/Bundle/Application/31087BF4-D319-4611-A136-08A015F59238/YourSofia.app> (executable, loaded)
	Request       : Expo type: plist
	Result        : file:///Users/valentinasenov/Library/Developer/CoreSimulator/Devices/4EC5F74C-5A9C-4D89-8E44-374310E684AE/data/Containers/Bundle/Application/31087BF4-D319-4611-A136-08A015F59238/YourSofia.app/Expo.plist
2026-08-17 11:24:58.016 Db YourSofia[98412:31db11] [com.apple.CFBundle:resources] Resource lookup at CFBundle 0x600003b082a0 </Users/valentinasenov/Library/Developer/CoreSimulator/Devices/4EC5F74C-5A9C-4D89-8E44-374310E684AE/data/Containers/Bundle/Application/31087BF4-D319-4611-A136-08A015F59238/YourSofia.app> (executable, loaded)
	Request       : Expo type: plist
	Result        : file:///Users/valentinasenov/Library/Developer/CoreSimulator/Devices/4EC5F74C-5A9C-4D89-8E44-374310E684AE/data/Containers/Bundle/Application/31087BF4-D319-4611-A136-08A015F59238/YourSofia.app/Expo.plist
2026-08-17 11:24:58.016 Db YourSofia[98412:31db11] [com.apple.defaults:User Defaults] found no value for key dev.expo.updates.updatesConfigOverride in CFPrefsSearchListSource<0x600002c04080> (Domain: bg.sofia.yoursofia, Container: (null) Non-launch persona: 0)
2026-08-17 11:24:58.016 Db YourSofia[98412:31db81] [com.apple.network:connection] nw_endpoint_flow_connected_path_change [C1.1.1 IPv6#ae223e38.61878 ready socket-flow (satisfied (Path is satisfied), interface: lo0)]
2026-08-17 11:24:58.017 I  YourSofia[98412:31db81] [com.apple.network:connection] nw_endpoint_flow_connected_path_change [C1.1.1 IPv6#ae223e38.61878 ready socket-flow (satisfied (Path is satisfied), interface: lo0)] Connected path is satisfied, not viable
2026-08-17 11:24:58.017 Db YourSofia[98412:31db81] [com.apple.network:connection] nw_endpoint_resolver_receive_report [C1.1 Hostname#8b243438:61878 in_progress resolver (satisfied (Path is satisfied), interface: en0[802.11], uses wifi, LQM: unknown)] received child report: [C1.1.1 IPv6#ae223e38.61878 ready socket-flow (satisfied (Path is satisfied), interface: lo0)]
2026-08-17 11:24:58.017 Db YourSofia[98412:31db81] [com.apple.network:connection] nw_endpoint_flow_receive_report [C1 Hostname#8b243438:61878 in_progress parent-flow (satisfied (Path is satisfied), interface: en0[802.11], uses wifi, LQM: unknown)] received child report: [C1.1.1 IPv6#ae223e38.61878 ready socket-flow (satisfied (Path is satisfied), interface: lo0)]
2026-08-17 11:24:58.017 Df YourSofia[98412:31db81] [com.apple.network:connection] [C1.1.1 IPv6#ae223e38.61878 ready socket-flow (satisfied (Path is satisfied), interface: lo0)] event: flow:child_finish_connect @0.121s
2026-08-17 11:24:58.017 Db YourSofia[98412:31db81] [com.apple.network:connection] nw_endpoint_flow_receive_report [C1 IPv6#ae223e38.61878 in_progress parent-flow (satisfied (Path is satisfied), interface: en0[802.11], uses wifi, LQM: unknown)] connecting endpoint_flow to child's shared protocol
2026-08-17 11:24:58.017 Db YourSofia[98412:31db81] [com.apple.network:connection] nw_endpoint_flow_setup_protocols [C1 IPv6#ae223e38.61878 in_progress parent-flow (satisfied (Path is satisfied), interface: en0[802.11], uses wifi, LQM: unknown)] already set up
2026-08-17 11:24:58.018 Db YourSofia[98412:31db81] [com.apple.network:connection] nw_endpoint_flow_setup_protocols [C1 IPv6#ae223e38.61878 in_progress parent-flow (satisfied (Path is satisfied), interface: en0[802.11], uses wifi, LQM: unknown)] child flow connected, starting
2026-08-17 11:24:58.018 Db YourSofia[98412:31db81] [com.apple.network:connection] nw_endpoint_flow_setup_protocols [C1 IPv6#ae223e38.61878 in_progress parent-flow (satisfied (Path is satisfied), interface: en0[802.11], uses wifi, LQM: unknown)] already started
2026-08-17 11:24:58.018 Db YourSofia[98412:31db81] [com.apple.network:connection] nw_endpoint_flow_receive_report [C1 IPv6#ae223e38.61878 in_progress parent-flow (satisfied (Path is satisfied), interface: en0[802.11], uses wifi, LQM: unknown)] received child report: [C1.1 Hostname#8b243438:61878 ready resolver (satisfied (Path is satisfied), interface: en0[802.11], uses wifi, LQM: unknown)]
2026-08-17 11:24:58.018 Df YourSofia[98412:31db81] [com.apple.network:connection] [C1.1 Hostname#8b243438:61878 ready resolver (satisfied (Path is satisfied), interface: en0[802.11], uses wifi, LQM: unknown)] event: flow:child_finish_connect @0.121s
2026-08-17 11:24:58.018 I  YourSofia[98412:31db81] [com.apple.network:connection] nw_endpoint_handler_cancel [C1.1.2 IPv4#e153a9a9:61878 initial path ((null))]
2026-08-17 11:24:58.018 Df YourSofia[98412:31db81] [com.apple.network:connection] nw_flow_connected [C1 IPv6#ae223e38.61878 in_progress parent-flow (satisfied (Path is satisfied), interface: en0[802.11], uses wifi, LQM: unknown)] Output protocol connected (endpoint_flow)
2026-08-17 11:24:58.018 Db YourSofia[98412:31db81] [com.apple.network:connection] nw_endpoint_flow_connected_path_change [C1 IPv6#ae223e38.61878 ready parent-flow (satisfied (Path is satisfied), interface: en0[802.11], uses wifi, LQM: unknown)]
2026-08-17 11:24:58.018 I  YourSofia[98412:31db81] [com.apple.network:connection] nw_endpoint_flow_connected_path_change [C1 IPv6#ae223e38.61878 ready parent-flow (satisfied (Path is satisfied), interface: en0[802.11], uses wifi, LQM: unknown)] Connected path is satisfied, child is not viable
2026-08-17 11:24:58.018 Df YourSofia[98412:31db81] [com.apple.network:connection] [C1 IPv6#ae223e38.61878 ready parent-flow (satisfied (Path is satisfied), interface: en0[802.11], uses wifi, LQM: unknown)] event: flow:finish_connect @0.121s
2026-08-17 11:24:58.018 Db YourSofia[98412:31db81] [com.apple.network:connection] nw_connection_run_pqtls_probe_locked_on_nw_queue [C1] No TLS metadata; not running PQ-TLS probe
2026-08-17 11:24:58.018 Db YourSofia[98412:31db81] [com.apple.network:connection] nw_connection_run_ech_probe_locked_on_nw_queue [C1] stack doesn't include TLS; not running ECH probe
2026-08-17 11:24:58.018 Db YourSofia[98412:31db81] [com.apple.network:connection] nw_connection_endpoint_report_on_nw_queue_block_invoke [C1] Connected fallback generation 0
2026-08-17 11:24:58.018 I  YourSofia[98412:31db81] [com.apple.network:connection] nw_connection_start_candidate_manager_if_needed_locked [C1] Checking whether to start candidate manager
2026-08-17 11:24:58.018 Db YourSofia[98412:31db81] [com.apple.network:connection] nw_connection_start_candidate_manager_if_needed_locked [C1] Connection does not support multipath, not starting candidate manager
2026-08-17 11:24:58.018 Df YourSofia[98412:31db81] [com.apple.network:connection] nw_connection_report_state_with_handler_on_nw_queue [C1] reporting state ready
2026-08-17 11:24:58.018 Df YourSofia[98412:31db81] [com.apple.CFNetwork:Default] Connection 1: connected successfully
2026-08-17 11:24:58.018 Df YourSofia[98412:31db81] [com.apple.CFNetwork:Default] Connection 1: ready C(N) E(N)
2026-08-17 11:24:58.019 Db YourSofia[98412:31db81] [com.apple.CFNetwork:Default] Task <D2FC0179-5EB9-429A-ABC6-724B5BF93535>.<1> done setting up Connection 1
2026-08-17 11:24:58.019 Db YourSofia[98412:31db81] [com.apple.network:activity] Returning should log: 0 for activity cfnetwork:foreground_task
2026-08-17 11:24:58.019 Df YourSofia[98412:31db81] [com.apple.CFNetwork:Default] Task <D2FC0179-5EB9-429A-ABC6-724B5BF93535>.<1> now using Connection 1
2026-08-17 11:24:58.020 Db YourSofia[98412:31db81] [com.apple.network:activity] Returning should log: 0 for activity cfnetwork:foreground_task
2026-08-17 11:24:58.020 Db YourSofia[98412:31db81] [com.apple.CFBundle:loading] dyld image path for pointer 0x184e41958 is /Library/Developer/CoreSimulator/Volumes/iOS_23D8133/Library/Developer/CoreSimulator/Profiles/Runtimes/iOS 26.3.simruntime/Contents/Resources/RuntimeRoot/System/Library/Frameworks/CFNetwork.framework/CFNetwork
2026-08-17 11:24:58.021 Db YourSofia[98412:31db81] [com.apple.CFBundle:loading] dlfcn check load bundle CFBundle 0x600003b1c000 </Library/Developer/CoreSimulator/Volumes/iOS_23D8133/Library/Developer/CoreSimulator/Profiles/Runtimes/iOS 26.3.simruntime/Contents/Resources/RuntimeRoot/System/Library/Frameworks/CFNetwork.framework> (not loaded), dlopen of /Library/Developer/CoreSimulator/Volumes/iOS_23D8133/Library/Developer/CoreSimulator/Profiles/Runtimes/iOS 26.3.simruntime/Contents/Resources/RuntimeRoot/System/Library/Frameworks/CFNetwork.framework/CFNetwork mode 0x115 getting handle 0x39c111
2026-08-17 11:24:58.021 Db YourSofia[98412:31db81] [com.apple.CFBundle:resources] Language lookup at CFBundle 0x600003b1c000 </Library/Developer/CoreSimulator/Volumes/iOS_23D8133/Library/Developer/CoreSimulator/Profiles/Runtimes/iOS 26.3.simruntime/Contents/Resources/RuntimeRoot/System/Library/Frameworks/CFNetwork.framework> (framework, loaded)
	Localizations : [de, ur, he, en_AU, ar, el, ja, mr, en, uk, es_419, gu, zh_CN, kn, pa, es, sl, or, pt_BR, da, it, bg, sk, kk, pt_PT, ms, ta, ml, sv, te, cs, ko, no, hu, zh_HK, tr, pl, zh_TW, en_GB, vi, lt, ru, fr_CA, fr, fi, id, nl, th, bn, ro, hr, hi, ca]
	Dev language  : en
	User prefs    : [en-US, bg-US]
	Main bundle   : [en]
	Allow mixed   : 0 
	Result        : [en]
2026-08-17 11:24:58.022 Db YourSofia[98412:31db81] [com.apple.CFBundle:resources] Resource lookup at CFBundle 0x600003b1c000 </Library/Developer/CoreSimulator/Volumes/iOS_23D8133/Library/Developer/CoreSimulator/Profiles/Runtimes/iOS 26.3.simruntime/Contents/Resources/RuntimeRoot/System/Library/Frameworks/CFNetwork.framework> (framework, loaded)
	Request       : InfoPlist type: loctable
	Result        : None
2026-08-17 11:24:58.022 Db YourSofia[98412:31db81] [com.apple.CFBundle:resources] Resource lookup at CFBundle 0x600003b1c000 </Library/Developer/CoreSimulator/Volumes/iOS_23D8133/Library/Developer/CoreSimulator/Profiles/Runtimes/iOS 26.3.simruntime/Contents/Resources/RuntimeRoot/System/Library/Frameworks/CFNetwork.framework> (framework, loaded)
	Request       : InfoPlist type: strings
	Result        : None
2026-08-17 11:24:58.022 Db YourSofia[98412:31db81] [com.apple.CFBundle:resources] Resource lookup at CFBundle 0x600003b1c000 </Library/Developer/CoreSimulator/Volumes/iOS_23D8133/Library/Developer/CoreSimulator/Profiles/Runtimes/iOS 26.3.simruntime/Contents/Resources/RuntimeRoot/System/Library/Frameworks/CFNetwork.framework> (framework, loaded)
	Request       : InfoPlist type: stringsdict
	Result        : None
2026-08-17 11:24:58.022 Df YourSofia[98412:31db81] [com.apple.CFNetwork:Default] Task <D2FC0179-5EB9-429A-ABC6-724B5BF93535>.<1> sent request, body N 0
2026-08-17 11:24:58.025 I  YourSofia[98412:31db11] [dev.expo.modules:expo-updates] 🟢 {"level":"info","timestamp":1786955098000,"message":"AppController sharedInstance created","code":"None"}
2026-08-17 11:24:58.030 Df YourSofia[98412:31db85] [com.apple.CFNetwork:Default] Task <D2FC0179-5EB9-429A-ABC6-724B5BF93535>.<1> received response, status 101 content U
2026-08-17 11:24:58.030 Df YourSofia[98412:31db85] [com.apple.CFNetwork:Default] Task <D2FC0179-5EB9-429A-ABC6-724B5BF93535>.<1> response ended
2026-08-17 11:24:58.030 Df YourSofia[98412:31db85] [com.apple.CFNetwork:Default] Task <D2FC0179-5EB9-429A-ABC6-724B5BF93535>.<1> done using Connection 1
2026-08-17 11:24:58.030 Db YourSofia[98412:31db85] [com.apple.network:activity] Returning should log: 0 for activity cfnetwork:foreground_task
2026-08-17 11:24:58.031 Db YourSofia[98412:31db85] [com.apple.cfnetwork:websocket] Task <D2FC0179-5EB9-429A-ABC6-724B5BF93535>.<1> handshake successful
2026-08-17 11:24:58.032 Db YourSofia[98412:31db85] [com.apple.network:connection] nw_endpoint_handler_modify_protocol_stack [C1.1.1 IPv6#ae223e38.61878 ready socket-flow (satisfied (Path is satisfied), interface: lo0)] Modified protocol stack
2026-08-17 11:24:58.033 Db YourSofia[98412:31db85] [com.apple.network:connection] nw_endpoint_resolver_receive_report [C1.1 Hostname#8b243438:61878 ready resolver (satisfied (Path is satisfied), interface: en0[802.11], uses wifi, LQM: unknown)] received child report: [C1.1.1 IPv6#ae223e38.61878 in_progress socket-flow (satisfied (Path is satisfied), interface: lo0)]
2026-08-17 11:24:58.033 Db YourSofia[98412:31db85] [com.apple.network:connection] nw_endpoint_flow_receive_report [C1 IPv6#ae223e38.61878 ready parent-flow (satisfied (Path is satisfied), interface: en0[802.11], uses wifi, LQM: unknown)] received child report: [C1.1.1 IPv6#ae223e38.61878 in_progress socket-flow (satisfied (Path is satisfied), interface: lo0)]
2026-08-17 11:24:58.033 Df YourSofia[98412:31db85] [com.apple.network:connection] [C1.1.1 IPv6#ae223e38.61878 in_progress socket-flow (satisfied (Path is satisfied), interface: lo0)] event: flow:start_secondary_connect @0.136s
2026-08-17 11:24:58.033 Db YourSofia[98412:31db85] [com.apple.network:connection] nw_endpoint_flow_receive_report [C1 IPv6#ae223e38.61878 ready parent-flow (satisfied (Path is satisfied), interface: en0[802.11], uses wifi, LQM: unknown)] received child report: [C1.1 Hostname#8b243438:61878 in_progress resolver (satisfied (Path is satisfied), interface: en0[802.11], uses wifi, LQM: unknown)]
2026-08-17 11:24:58.033 Df YourSofia[98412:31db85] [com.apple.network:connection] [C1.1 Hostname#8b243438:61878 in_progress resolver (satisfied (Path is satisfied), interface: en0[802.11], uses wifi, LQM: unknown)] event: flow:start_secondary_connect @0.136s
2026-08-17 11:24:58.033 Df YourSofia[98412:31db85] [com.apple.network:connection] [C1 IPv6#ae223e38.61878 in_progress parent-flow (satisfied (Path is satisfied), interface: en0[802.11], uses wifi, LQM: unknown)] event: flow:start_secondary_connect @0.136s
2026-08-17 11:24:58.033 Df YourSofia[98412:31db85] [com.apple.network:connection] nw_connection_report_state_with_handler_on_nw_queue [C1] reporting state preparing
2026-08-17 11:24:58.033 Db YourSofia[98412:31db85] [com.apple.network:connection] nw_endpoint_resolver_receive_report [C1.1 Hostname#8b243438:61878 in_progress resolver (satisfied (Path is satisfied), interface: en0[802.11], uses wifi, LQM: unknown)] received child report: [C1.1.1 IPv6#ae223e38.61878 in_progress socket-flow (satisfied (Path is satisfied), interface: lo0)]
2026-08-17 11:24:58.033 Db YourSofia[98412:31db85] [com.apple.network:connection] nw_endpoint_flow_receive_report [C1 IPv6#ae223e38.61878 in_progress parent-flow (satisfied (Path is satisfied), interface: en0[802.11], uses wifi, LQM: unknown)] received child report: [C1.1.1 IPv6#ae223e38.61878 in_progress socket-flow (satisfied (Path is satisfied), interface: lo0)]
2026-08-17 11:24:58.033 Df YourSofia[98412:31db85] [com.apple.network:connection] [C1.1.1 IPv6#ae223e38.61878 in_progress socket-flow (satisfied (Path is satisfied), interface: lo0)] event: flow:start_connect @0.136s
2026-08-17 11:24:58.033 Db YourSofia[98412:31db85] [com.apple.network:connection] nw_endpoint_flow_receive_report [C1 IPv6#ae223e38.61878 in_progress parent-flow (satisfied (Path is satisfied), interface: en0[802.11], uses wifi, LQM: unknown)] received child report: [C1.1 Hostname#8b243438:61878 in_progress resolver (satisfied (Path is satisfied), interface: en0[802.11], uses wifi, LQM: unknown)]
2026-08-17 11:24:58.033 Df YourSofia[98412:31db85] [com.apple.network:connection] [C1.1 Hostname#8b243438:61878 in_progress resolver (satisfied (Path is satisfied), interface: en0[802.11], uses wifi, LQM: unknown)] event: flow:start_connect @0.136s
2026-08-17 11:24:58.033 Df YourSofia[98412:31db85] [com.apple.network:connection] [C1 IPv6#ae223e38.61878 in_progress parent-flow (satisfied (Path is satisfied), interface: en0[802.11], uses wifi, LQM: unknown)] event: flow:start_connect @0.136s
2026-08-17 11:24:58.033 Df YourSofia[98412:31db85] [com.apple.network:connection] nw_flow_connected [C1.1.1 IPv6#ae223e38.61878 in_progress socket-flow (satisfied (Path is satisfied), interface: lo0)] Transport protocol connected (socket)
2026-08-17 11:24:58.033 Db YourSofia[98412:31db85] [com.apple.network:connection] nw_endpoint_resolver_receive_report [C1.1 Hostname#8b243438:61878 in_progress resolver (satisfied (Path is satisfied), interface: en0[802.11], uses wifi, LQM: unknown)] received child report: [C1.1.1 IPv6#ae223e38.61878 in_progress socket-flow (satisfied (Path is satisfied), interface: lo0)]
2026-08-17 11:24:58.033 Db YourSofia[98412:31db85] [com.apple.network:connection] nw_endpoint_flow_receive_report [C1 IPv6#ae223e38.61878 in_progress parent-flow (satisfied (Path is satisfied), interface: en0[802.11], uses wifi, LQM: unknown)] received child report: [C1.1.1 IPv6#ae223e38.61878 in_progress socket-flow (satisfied (Path is satisfied), interface: lo0)]
2026-08-17 11:24:58.033 Df YourSofia[98412:31db85] [com.apple.network:connection] [C1.1.1 IPv6#ae223e38.61878 in_progress socket-flow (satisfied (Path is satisfied), interface: lo0)] event: flow:finish_transport @0.136s
2026-08-17 11:24:58.033 Db YourSofia[98412:31db85] [com.apple.network:connection] nw_endpoint_flow_receive_report [C1 IPv6#ae223e38.61878 in_progress parent-flow (satisfied (Path is satisfied), interface: en0[802.11], uses wifi, LQM: unknown)] received child report: [C1.1 Hostname#8b243438:61878 in_progress resolver (satisfied (Path is satisfied), interface: en0[802.11], uses wifi, LQM: unknown)]
2026-08-17 11:24:58.033 Df YourSofia[98412:31db85] [com.apple.network:connection] [C1.1 Hostname#8b243438:61878 in_progress resolver (satisfied (Path is satisfied), interface: en0[802.11], uses wifi, LQM: unknown)] event: flow:finish_transport @0.136s
2026-08-17 11:24:58.033 Df YourSofia[98412:31db85] [com.apple.network:connection] [C1 IPv6#ae223e38.61878 in_progress parent-flow (satisfied (Path is satisfied), interface: en0[802.11], uses wifi, LQM: unknown)] event: flow:finish_transport @0.136s
2026-08-17 11:24:58.034 Df YourSofia[98412:31db85] [com.apple.network:connection] nw_flow_connected [C1.1.1 IPv6#ae223e38.61878 in_progress socket-flow (satisfied (Path is satisfied), interface: lo0)] Output protocol connected (CFNetworkConnection-3922443773)
2026-08-17 11:24:58.034 I  YourSofia[98412:31db11] [dev.expo.modules:expo-updates] 🟢 {"code":"None","timestamp":1786955098000,"level":"info","message":"Updates state change: state = idle, event = startStartup, context = UpdatesStateContext(isStartupProcedureRunning: true, isUpdateAvailable: false, isUpdatePending: false, isChecking: false, isDownloading: false, isRestarting: false, restartCount: 0, latestManifest: nil, downloadedManifest: nil, rollback: nil, checkError: nil, downloadError: nil, downloadProgress: 0.0, lastCheckForUpdateTime: nil, sequenceNumber: 1)"}
2026-08-17 11:24:58.034 Db YourSofia[98412:31db11] [com.apple.CFBundle:resources] Resource lookup at CFBundle 0x600003b082a0 </Users/valentinasenov/Library/Developer/CoreSimulator/Devices/4EC5F74C-5A9C-4D89-8E44-374310E684AE/data/Containers/Bundle/Application/31087BF4-D319-4611-A136-08A015F59238/YourSofia.app> (executable, loaded)
	Request       : InfoPlist type: strings
	Result        : None
2026-08-17 11:24:58.034 Db YourSofia[98412:31db11] [com.apple.CFBundle:resources] Resource lookup at CFBundle 0x600003b082a0 </Users/valentinasenov/Library/Developer/CoreSimulator/Devices/4EC5F74C-5A9C-4D89-8E44-374310E684AE/data/Containers/Bundle/Application/31087BF4-D319-4611-A136-08A015F59238/YourSofia.app> (executable, loaded)
	Request       : InfoPlist type: stringsdict
	Result        : None
2026-08-17 11:24:58.034 Db YourSofia[98412:31db11] [com.apple.CFBundle:resources] Resource lookup at CFBundle 0x600003b082a0 </Users/valentinasenov/Library/Developer/CoreSimulator/Devices/4EC5F74C-5A9C-4D89-8E44-374310E684AE/data/Containers/Bundle/Application/31087BF4-D319-4611-A136-08A015F59238/YourSofia.app> (executable, loaded)
	Request       : SplashScreen type: storyboard
	Result        : None
2026-08-17 11:24:58.034 Db YourSofia[98412:31db11] [com.apple.CFBundle:resources] Resource lookup at CFBundle 0x600003b082a0 </Users/valentinasenov/Library/Developer/CoreSimulator/Devices/4EC5F74C-5A9C-4D89-8E44-374310E684AE/data/Containers/Bundle/Application/31087BF4-D319-4611-A136-08A015F59238/YourSofia.app> (executable, loaded)
	Request       : SplashScreen type: storyboardc
	Result        : file:///Users/valentinasenov/Library/Developer/CoreSimulator/Devices/4EC5F74C-5A9C-4D89-8E44-374310E684AE/data/Containers/Bundle/Application/31087BF4-D319-4611-A136-08A015F59238/YourSofia.app/SplashScreen.storyboardc/
2026-08-17 11:24:58.034 Db YourSofia[98412:31db11] [com.apple.CFBundle:resources] Resource lookup at CFBundle 0x600003b082a0 </Users/valentinasenov/Library/Developer/CoreSimulator/Devices/4EC5F74C-5A9C-4D89-8E44-374310E684AE/data/Containers/Bundle/Application/31087BF4-D319-4611-A136-08A015F59238/YourSofia.app> (executable, loaded)
	Request       : SplashScreen type: storyboardc
	Result        : file:///Users/valentinasenov/Library/Developer/CoreSimulator/Devices/4EC5F74C-5A9C-4D89-8E44-374310E684AE/data/Containers/Bundle/Application/31087BF4-D319-4611-A136-08A015F59238/YourSofia.app/SplashScreen.storyboardc/
2026-08-17 11:24:58.034 Db YourSofia[98412:31db85] [com.apple.network:connection] nw_endpoint_flow_connected_path_change [C1.1.1 IPv6#ae223e38.61878 ready socket-flow (satisfied (Path is satisfied), interface: lo0)]
2026-08-17 11:24:58.034 I  YourSofia[98412:31db85] [com.apple.network:connection] nw_endpoint_flow_connected_path_change [C1.1.1 IPv6#ae223e38.61878 ready socket-flow (satisfied (Path is satisfied), interface: lo0)] Connected path is satisfied, not viable
2026-08-17 11:24:58.034 Db YourSofia[98412:31db85] [com.apple.network:connection] nw_endpoint_resolver_receive_report [C1.1 Hostname#8b243438:61878 in_progress resolver (satisfied (Path is satisfied), interface: en0[802.11], uses wifi, LQM: unknown)] received child report: [C1.1.1 IPv6#ae223e38.61878 ready socket-flow (satisfied (Path is satisfied), interface: lo0)]
2026-08-17 11:24:58.034 Db YourSofia[98412:31db85] [com.apple.network:connection] nw_endpoint_flow_receive_report [C1 IPv6#ae223e38.61878 in_progress parent-flow (satisfied (Path is satisfied), interface: en0[802.11], uses wifi, LQM: unknown)] received child report: [C1.1.1 IPv6#ae223e38.61878 ready socket-flow (satisfied (Path is satisfied), interface: lo0)]
2026-08-17 11:24:58.034 Df YourSofia[98412:31db85] [com.apple.network:connection] [C1.1.1 IPv6#ae223e38.61878 ready socket-flow (satisfied (Path is satisfied), interface: lo0)] event: flow:child_finish_connect @0.137s
2026-08-17 11:24:58.034 Db YourSofia[98412:31db85] [com.apple.network:connection] nw_endpoint_flow_receive_report [C1 IPv6#ae223e38.61878 in_progress parent-flow (satisfied (Path is satisfied), interface: en0[802.11], uses wifi, LQM: unknown)] received child report: [C1.1 Hostname#8b243438:61878 ready resolver (satisfied (Path is satisfied), interface: en0[802.11], uses wifi, LQM: unknown)]
2026-08-17 11:24:58.034 Df YourSofia[98412:31db85] [com.apple.network:connection] [C1.1 Hostname#8b243438:61878 ready resolver (satisfied (Path is satisfied), interface: en0[802.11], uses wifi, LQM: unknown)] event: flow:child_finish_connect @0.137s
2026-08-17 11:24:58.034 Df YourSofia[98412:31db85] [com.apple.network:connection] [C1 IPv6#ae223e38.61878 ready parent-flow (satisfied (Path is satisfied), interface: en0[802.11], uses wifi, LQM: unknown)] event: flow:finish_connect @0.137s
2026-08-17 11:24:58.034 Df YourSofia[98412:31db85] [com.apple.network:connection] nw_connection_report_state_with_handler_on_nw_queue [C1] reporting state ready
2026-08-17 11:24:58.034 Df YourSofia[98412:31db85] [com.apple.network:connection] nw_flow_connected [C1 IPv6#ae223e38.61878 ready parent-flow (satisfied (Path is satisfied), interface: en0[802.11], uses wifi, LQM: unknown)] Output protocol connected (endpoint_flow)
2026-08-17 11:24:58.034 Db YourSofia[98412:31db11] [com.apple.CFBundle:resources] Resource lookup at CFBundle 0x600003b082a0 </Users/valentinasenov/Library/Developer/CoreSimulator/Devices/4EC5F74C-5A9C-4D89-8E44-374310E684AE/data/Containers/Bundle/Application/31087BF4-D319-4611-A136-08A015F59238/YourSofia.app> (executable, loaded)
	Request       : SplashScreen type: storyboardc
	Result        : file:///Users/valentinasenov/Library/Developer/CoreSimulator/Devices/4EC5F74C-5A9C-4D89-8E44-374310E684AE/data/Containers/Bundle/Application/31087BF4-D319-4611-A136-08A015F59238/YourSofia.app/SplashScreen.storyboardc/
2026-08-17 11:24:58.034 Db YourSofia[98412:31db85] [com.apple.network:connection] nw_endpoint_flow_connected_path_change [C1 IPv6#ae223e38.61878 ready parent-flow (satisfied (Path is satisfied), interface: en0[802.11], uses wifi, LQM: unknown)]
2026-08-17 11:24:58.034 I  YourSofia[98412:31db85] [com.apple.network:connection] nw_endpoint_flow_connected_path_change [C1 IPv6#ae223e38.61878 ready parent-flow (satisfied (Path is satisfied), interface: en0[802.11], uses wifi, LQM: unknown)] Connected path is satisfied, child is not viable
2026-08-17 11:24:58.034 Db YourSofia[98412:31db11] [com.apple.CFBundle:resources] Resource lookup at CFBundle 0x600003b082a0 </Users/valentinasenov/Library/Developer/CoreSimulator/Devices/4EC5F74C-5A9C-4D89-8E44-374310E684AE/data/Containers/Bundle/Application/31087BF4-D319-4611-A136-08A015F59238/YourSofia.app> (executable, loaded)
	Request       : SplashScreenViewController type: nib path: SplashScreen.storyboardc
	Result        : file:///Users/valentinasenov/Library/Developer/CoreSimulator/Devices/4EC5F74C-5A9C-4D89-8E44-374310E684AE/data/Containers/Bundle/Application/31087BF4-D319-4611-A136-08A015F59238/YourSofia.app/SplashScreen.storyboardc/SplashScreenViewController.nib
2026-08-17 11:24:58.035 Db YourSofia[98412:31db11] [com.apple.CFBundle:resources] Resource lookup at CFBundle 0x600003b082a0 </Users/valentinasenov/Library/Developer/CoreSimulator/Devices/4EC5F74C-5A9C-4D89-8E44-374310E684AE/data/Containers/Bundle/Application/31087BF4-D319-4611-A136-08A015F59238/YourSofia.app> (executable, loaded)
	Request       : EXPO-VIEWCONTROLLER-1-view-EXPO-ContainerView type: nib path: SplashScreen.storyboardc
	Result        : file:///Users/valentinasenov/Library/Developer/CoreSimulator/Devices/4EC5F74C-5A9C-4D89-8E44-374310E684AE/data/Containers/Bundle/Application/31087BF4-D319-4611-A136-08A015F59238/YourSofia.app/SplashScreen.storyboardc/EXPO-VIEWCONTROLLER-1-view-EXPO-ContainerView.nib
2026-08-17 11:24:58.035 Db YourSofia[98412:31db8c] [com.apple.CFBundle:resources] Language lookup at CFBundle 0x600003b282a0 </Users/valentinasenov/Library/Developer/CoreSimulator/Devices/4EC5F74C-5A9C-4D89-8E44-374310E684AE/data/Containers/Bundle/Application/31087BF4-D319-4611-A136-08A015F59238/YourSofia.app/EXUpdates.bundle> (not loaded)
	Localizations : [en]
	Dev language  : en
	User prefs    : [en-US, bg-US]
	Main bundle   : [en]
	Allow mixed   : 0 
	Result        : [en]
2026-08-17 11:24:58.035 Db YourSofia[98412:31db11] [com.apple.CFBundle:resources] Resource lookup at CFBundle 0x600003b082a0 </Users/valentinasenov/Library/Developer/CoreSimulator/Devices/4EC5F74C-5A9C-4D89-8E44-374310E684AE/data/Containers/Bundle/Application/31087BF4-D319-4611-A136-08A015F59238/YourSofia.app> (executable, loaded)
	Request       : SplashScreen type: storyboardc
	Result        : file:///Users/valentinasenov/Library/Developer/CoreSimulator/Devices/4EC5F74C-5A9C-4D89-8E44-374310E684AE/data/Containers/Bundle/Application/31087BF4-D319-4611-A136-08A015F59238/YourSofia.app/SplashScreen.storyboardc/
2026-08-17 11:24:58.035 Db YourSofia[98412:31db11] [com.apple.CFBundle:resources] Resource lookup at CFBundle 0x600003b082a0 </Users/valentinasenov/Library/Developer/CoreSimulator/Devices/4EC5F74C-5A9C-4D89-8E44-374310E684AE/data/Containers/Bundle/Application/31087BF4-D319-4611-A136-08A015F59238/YourSofia.app> (executable, loaded)
	Request       : EXPO-VIEWCONTROLLER-1-view-EXPO-ContainerView type: nib path: SplashScreen.storyboardc
	Result        : file:///Users/valentinasenov/Library/Developer/CoreSimulator/Devices/4EC5F74C-5A9C-4D89-8E44-374310E684AE/data/Containers/Bundle/Application/31087BF4-D319-4611-A136-08A015F59238/YourSofia.app/SplashScreen.storyboardc/EXPO-VIEWCONTROLLER-1-view-EXPO-ContainerView.nib
2026-08-17 11:24:58.035 Db YourSofia[98412:31db8c] [com.apple.CFBundle:resources] Resource lookup at CFBundle 0x600003b282a0 </Users/valentinasenov/Library/Developer/CoreSimulator/Devices/4EC5F74C-5A9C-4D89-8E44-374310E684AE/data/Containers/Bundle/Application/31087BF4-D319-4611-A136-08A015F59238/YourSofia.app/EXUpdates.bundle> (not loaded)
	Request       : app type: manifest
	Result        : file:///Users/valentinasenov/Library/Developer/CoreSimulator/Devices/4EC5F74C-5A9C-4D89-8E44-374310E684AE/data/Containers/Bundle/Application/31087BF4-D319-4611-A136-08A015F59238/YourSofia.app/EXUpdates.bundle/app.manifest
2026-08-17 11:24:58.035 Db YourSofia[98412:31db11] [com.apple.defaults:User Defaults] found no value for key _UIConstraintBasedLayout in CFPrefsSearchListSource<0x600002c04080> (Domain: bg.sofia.yoursofia, Container: (null) Non-launch persona: 0)
2026-08-17 11:24:58.035 Db YourSofia[98412:31db11] [com.apple.CFBundle:resources] Resource lookup at CFBundle 0x600003b082a0 </Users/valentinasenov/Library/Developer/CoreSimulator/Devices/4EC5F74C-5A9C-4D89-8E44-374310E684AE/data/Containers/Bundle/Application/31087BF4-D319-4611-A136-08A015F59238/YourSofia.app> (executable, loaded)
	Request       : Assets type: car
	Result        : file:///Users/valentinasenov/Library/Developer/CoreSimulator/Devices/4EC5F74C-5A9C-4D89-8E44-374310E684AE/data/Containers/Bundle/Application/31087BF4-D319-4611-A136-08A015F59238/YourSofia.app/Assets.car
2026-08-17 11:24:58.035 Db YourSofia[98412:31db11] [com.apple.defaults:User Defaults] found no value for key CUIShowDebugLogs in CFPrefsSearchListSource<0x600002c04080> (Domain: bg.sofia.yoursofia, Container: (null) Non-launch persona: 0)
2026-08-17 11:24:58.035 Db YourSofia[98412:31db11] [com.apple.CFBundle:resources] Resource lookup at CFBundle 0x600003b082a0 </Users/valentinasenov/Library/Developer/CoreSimulator/Devices/4EC5F74C-5A9C-4D89-8E44-374310E684AE/data/Containers/Bundle/Application/31087BF4-D319-4611-A136-08A015F59238/YourSofia.app> (executable, loaded)
	Request       : SplashScreen@3x type: png
	Result        : None
2026-08-17 11:24:58.035 Db YourSofia[98412:31db11] [com.apple.CFBundle:resources] Resource lookup at CFBundle 0x600003b082a0 </Users/valentinasenov/Library/Developer/CoreSimulator/Devices/4EC5F74C-5A9C-4D89-8E44-374310E684AE/data/Containers/Bundle/Application/31087BF4-D319-4611-A136-08A015F59238/YourSofia.app> (executable, loaded)
	Request       : SplashScreen@2x type: png
	Result        : None
2026-08-17 11:24:58.035 Db YourSofia[98412:31db11] [com.apple.CFBundle:resources] Resource lookup at CFBundle 0x600003b082a0 </Users/valentinasenov/Library/Developer/CoreSimulator/Devices/4EC5F74C-5A9C-4D89-8E44-374310E684AE/data/Containers/Bundle/Application/31087BF4-D319-4611-A136-08A015F59238/YourSofia.app> (executable, loaded)
	Request       : SplashScreen type: png
	Result        : None
2026-08-17 11:24:58.035 Db YourSofia[98412:31db11] [com.apple.CFBundle:resources] Resource lookup at CFBundle 0x600003b082a0 </Users/valentinasenov/Library/Developer/CoreSimulator/Devices/4EC5F74C-5A9C-4D89-8E44-374310E684AE/data/Containers/Bundle/Application/31087BF4-D319-4611-A136-08A015F59238/YourSofia.app> (executable, loaded)
	Request       : SplashScreen@1x type: png
	Result        : None
2026-08-17 11:24:58.035 Df YourSofia[98412:31db11] (UIKitCore) Could not load the "SplashScreen" image referenced from a nib in the bundle with identifier "bg.sofia.yoursofia"
2026-08-17 11:24:58.035 Db YourSofia[98412:31db11] [com.apple.defaults:User Defaults] found no value for key CGAllowDebuggingDefaults in CFPrefsPlistSource<0x600002c0c300> (Domain: kCFPreferencesAnyApplication, User: kCFPreferencesCurrentUser, ByHost: No, Container: (null), Contents Need Refresh: No)
2026-08-17 11:24:58.036 Db YourSofia[98412:31db11] [com.apple.defaults:User Defaults] found no value for key UIViewShowAlignmentRects in CFPrefsSearchListSource<0x600002c04080> (Domain: bg.sofia.yoursofia, Container: (null) Non-launch persona: 0)
2026-08-17 11:24:58.037 Db YourSofia[98412:31db11] [com.apple.defaults:User Defaults] found no value for key UITraitUsageTrackingLoggingEnabled in CFPrefsSearchListSource<0x600002c04080> (Domain: bg.sofia.yoursofia, Container: (null) Non-launch persona: 0)
2026-08-17 11:24:58.037 Db YourSofia[98412:31db11] [com.apple.defaults:User Defaults] found no value for key UIStateTrackingLoggingEnabled in CFPrefsSearchListSource<0x600002c04080> (Domain: bg.sofia.yoursofia, Container: (null) Non-launch persona: 0)
2026-08-17 11:24:58.037 Db YourSofia[98412:31db11] [com.apple.defaults:User Defaults] found no value for key UILayoutAnchorsDeferTrippingWantsAutolayoutFlagUntilUsed in CFPrefsSearchListSource<0x600002c04080> (Domain: bg.sofia.yoursofia, Container: (null) Non-launch persona: 0)
2026-08-17 11:24:58.037 Db YourSofia[98412:31db11] [com.apple.defaults:User Defaults] found no value for key NSConstraintBasedLayoutTrackAllocation in CFPrefsSearchListSource<0x600002c04080> (Domain: bg.sofia.yoursofia, Container: (null) Non-launch persona: 0)
2026-08-17 11:24:58.037 Db YourSofia[98412:31db11] [com.apple.defaults:User Defaults] found no value for key NSConstraintBasedLayoutAriadneTracepoints in CFPrefsSearchListSource<0x600002c04080> (Domain: bg.sofia.yoursofia, Container: (null) Non-launch persona: 0)
2026-08-17 11:24:58.038 Db YourSofia[98412:31db11] [com.apple.defaults:User Defaults] found no value for key SheetAG in CFPrefsSearchListSource<0x600002c01d80> (Domain: com.apple.UIKit, Container: (null) Non-launch persona: 0)
2026-08-17 11:24:58.038 Db YourSofia[98412:31db11] [com.apple.defaults:User Defaults] looked up value 0 for key ReduceMotionEnabled in CFPrefsPlistSource<0x600002c0ca00> (Domain: com.apple.Accessibility, User: kCFPreferencesCurrentUser, ByHost: No, Container: (null), Contents Need Refresh: No) via CFPrefsSearchListSource<0x600002c0c900> (Domain: com.apple.Accessibility, Container: (null) Non-launch persona: 0)
2026-08-17 11:24:58.038 Db YourSofia[98412:31db11] [com.apple.Accessibility:AXSupportCommon] CF Read: domain = com.apple.Accessibility, preference = ReduceMotionEnabled, appID = (null) result = 0 (-1 - empty, 0 - false, 1 - true)
2026-08-17 11:24:58.039 Db YourSofia[98412:31db11] [com.apple.defaults:User Defaults] found no value for key LogUIPresentationController in CFPrefsSearchListSource<0x600002c01d80> (Domain: com.apple.UIKit, Container: (null) Non-launch persona: 0)
2026-08-17 11:24:58.039 I  YourSofia[98412:31db11] [com.apple.Accessibility:AXAppAccessibility] Presentation controller doesn't modalize: <_UIRootPresentationController: 0x10310d3e0>
2026-08-17 11:24:58.039 Db YourSofia[98412:31db11] [com.apple.defaults:User Defaults] found no value for key UseSingleSystemColor in CFPrefsSearchListSource<0x600002c0c900> (Domain: com.apple.Accessibility, Container: (null) Non-launch persona: 0)
2026-08-17 11:24:58.039 Db YourSofia[98412:31db11] [com.apple.Accessibility:AXSupportCommon] CF Read: domain = com.apple.Accessibility, preference = UseSingleSystemColor, appID = (null) result = (null) (-1 - empty, 0 - false, 1 - true)
2026-08-17 11:24:58.039 Db YourSofia[98412:31db11] [com.apple.defaults:User Defaults] found no value for key UseSingleSystemColor in CFPrefsPlistSource<0x600002c0cc80> (Domain: com.apple.Accessibility, User: kCFPreferencesCurrentUser, ByHost: No, Container: /Users/valentinasenov/Library/Developer/CoreSimulator/Devices/4EC5F74C-5A9C-4D89-8E44-374310E684AE/data, Contents Need Refresh: No)
2026-08-17 11:24:58.039 Db YourSofia[98412:31db8c] [com.apple.CFBundle:resources] Resource lookup at CFBundle 0x600003b082a0 </Users/valentinasenov/Library/Developer/CoreSimulator/Devices/4EC5F74C-5A9C-4D89-8E44-374310E684AE/data/Containers/Bundle/Application/31087BF4-D319-4611-A136-08A015F59238/YourSofia.app> (executable, loaded)
	Request       : main type: jsbundle
	Result        : file:///Users/valentinasenov/Library/Developer/CoreSimulator/Devices/4EC5F74C-5A9C-4D89-8E44-374310E684AE/data/Containers/Bundle/Application/31087BF4-D319-4611-A136-08A015F59238/YourSofia.app/main.jsbundle
2026-08-17 11:24:58.039 Db YourSofia[98412:31db11] [com.apple.defaults:User Defaults] found no value for key UIViewLocalizeOverrideLayoutEngine in CFPrefsSearchListSource<0x600002c04080> (Domain: bg.sofia.yoursofia, Container: (null) Non-launch persona: 0)
2026-08-17 11:24:58.040 Db YourSofia[98412:31db11] [com.apple.CFBundle:resources] Language lookup at CFBundle 0x600003b28540 </Library/Developer/CoreSimulator/Volumes/iOS_23D8133/Library/Developer/CoreSimulator/Profiles/Runtimes/iOS 26.3.simruntime/Contents/Resources/RuntimeRoot/System/Library/PrivateFrameworks/UIKitCore.framework/BoundingPathData.bundle> (not loaded)
	Localizations : [en]
	Dev language  : en
	User prefs    : [en-US, bg-US]
	Main bundle   : [en]
	Allow mixed   : 0 
	Result        : [en]
2026-08-17 11:24:58.040 Db YourSofia[98412:31db11] [com.apple.CFBundle:resources] Resource lookup at CFBundle 0x600003b28540 </Library/Developer/CoreSimulator/Volumes/iOS_23D8133/Library/Developer/CoreSimulator/Profiles/Runtimes/iOS 26.3.simruntime/Contents/Resources/RuntimeRoot/System/Library/PrivateFrameworks/UIKitCore.framework/BoundingPathData.bundle> (not loaded)
	Request       : Assets type: car
	Result        : file:///Library/Developer/CoreSimulator/Volumes/iOS_23D8133/Library/Developer/CoreSimulator/Profiles/Runtimes/iOS%2026.3.simruntime/Contents/Resources/RuntimeRoot/System/Library/PrivateFrameworks/UIKitCore.framework/BoundingPathData.bundle/Assets.car
2026-08-17 11:24:58.044 Db YourSofia[98412:31db11] [com.apple.defaults:User Defaults] found no value for key NSConstraintBasedLayoutDebug in CFPrefsSearchListSource<0x600002c04080> (Domain: bg.sofia.yoursofia, Container: (null) Non-launch persona: 0)
2026-08-17 11:24:58.044 Db YourSofia[98412:31db11] [com.apple.defaults:User Defaults] found no value for key NSConstraintBasedLayoutAllowUnoptimizedReads in CFPrefsSearchListSource<0x600002c04080> (Domain: bg.sofia.yoursofia, Container: (null) Non-launch persona: 0)
2026-08-17 11:24:58.044 Db YourSofia[98412:31db11] [com.apple.defaults:User Defaults] found no value for key _UIConstraintBasedLayoutPlaySoundWhenEngaged in CFPrefsSearchListSource<0x600002c04080> (Domain: bg.sofia.yoursofia, Container: (null) Non-launch persona: 0)
2026-08-17 11:24:58.044 Db YourSofia[98412:31db11] [com.apple.defaults:User Defaults] found no value for key NSConstraintBasedLayoutDebugEngineConsistency in CFPrefsSearchListSource<0x600002c04080> (Domain: bg.sofia.yoursofia, Container: (null) Non-launch persona: 0)
2026-08-17 11:24:58.044 Db YourSofia[98412:31db11] [com.apple.defaults:User Defaults] found no value for key NSConstraintBasedLayoutVariableChangeTransactions in CFPrefsSearchListSource<0x600002c04080> (Domain: bg.sofia.yoursofia, Container: (null) Non-launch persona: 0)
2026-08-17 11:24:58.044 Db YourSofia[98412:31db11] [com.apple.defaults:User Defaults] found no value for key NSConstraintBasedLayoutDeferOptimization in CFPrefsSearchListSource<0x600002c04080> (Domain: bg.sofia.yoursofia, Container: (null) Non-launch persona: 0)
2026-08-17 11:24:58.044 Db YourSofia[98412:31db11] [com.apple.defaults:User Defaults] found no value for key UIViewControllerDetachedInheritsContentOverlayInsetsFromSuperview in CFPrefsSearchListSource<0x600002c04080> (Domain: bg.sofia.yoursofia, Container: (null) Non-launch persona: 0)
2026-08-17 11:24:58.044 Db YourSofia[98412:31db11] [com.apple.defaults:User Defaults] found no value for key ModernContentOverlayInsetsPropagation in CFPrefsSearchListSource<0x600002c04080> (Domain: bg.sofia.yoursofia, Container: (null) Non-launch persona: 0)
2026-08-17 11:24:58.045 Db YourSofia[98412:31db11] [com.apple.defaults:User Defaults] found no value for key LogOrientation in CFPrefsSearchListSource<0x600002c01d80> (Domain: com.apple.UIKit, Container: (null) Non-launch persona: 0)
2026-08-17 11:24:58.045 Df YourSofia[98412:31db11] [com.apple.UIKit:Orientation] <UIWindowScene: 0x10330bde0> (8FA49A39-7661-46FB-8F2C-0158321648A4) Scene updated orientation preferences: none -> ( Pu )
2026-08-17 11:24:58.047 Df YourSofia[98412:31db11] [com.apple.UIKit:KeyWindow] Key window API is scene-level: YES
2026-08-17 11:24:58.047 Df YourSofia[98412:31db11] [com.apple.UIKit:KeyWindow] UIWindowScene: 0x10330bde0: Window became key in scene: UIWindow: 0x10341fd60; contextId: 0xDADA5985: reason: UIWindowScene: 0x10330bde0: Window requested to become key in scene: 0x10341fd60
2026-08-17 11:24:58.047 Df YourSofia[98412:31db11] [com.apple.UIKit:KeyWindow] Key window needs update: 1; currentKeyWindowScene: 0x0; evaluatedKeyWindowScene: 0x10330bde0; currentApplicationKeyWindow: 0x0; evaluatedApplicationKeyWindow: 0x10341fd60; reason: UIWindowScene: 0x10330bde0: Window requested to become key in scene: 0x10341fd60
2026-08-17 11:24:58.047 Df YourSofia[98412:31db11] [com.apple.UIKit:KeyWindow] Window did become application key: UIWindow: 0x10341fd60; contextId: 0xDADA5985; scene identity: com.apple.frontboard.systemappservices/FBSceneManager:sceneID%3Abg.sofia.yoursofia-default
2026-08-17 11:24:58.047 Df YourSofia[98412:31db11] [com.apple.UIKit:EventDeferring] [0x6000029389a0] Begin local event deferring requested for token: 0x60000262ad60; environments: 1; reason: UIWindowScene: 0x10330bde0: Begin event deferring in keyboardFocus for window: 0x10341fd60
2026-08-17 11:24:58.048 Db YourSofia[98412:31db11] [com.apple.BackBoard:EventDelivery] aborting flush, not connected to server
2026-08-17 11:24:58.048 Db YourSofia[98412:31db11] [com.apple.defaults:User Defaults] found no value for key LogKeyboardFocus in CFPrefsSearchListSource<0x600002c01d80> (Domain: com.apple.UIKit, Container: (null) Non-launch persona: 0)
2026-08-17 11:24:58.048 Df YourSofia[98412:31db81] [com.apple.BackBoard:EventDelivery] BKSHIDEventDeliveryManager - connection activation
2026-08-17 11:24:58.048 Db YourSofia[98412:31db81] [com.apple.BackBoard:EventDelivery] flushing changes: {
    contentsMask: 0x2; deferringRules: [[98412-1]];
}
2026-08-17 11:24:58.048 Db YourSofia[98412:31db11] [com.apple.defaults:User Defaults] found no value for key detoxURLOverride in CFPrefsSearchListSource<0x600002c04080> (Domain: bg.sofia.yoursofia, Container: (null) Non-launch persona: 0)
2026-08-17 11:24:58.048 Db YourSofia[98412:31db11] [com.apple.BackgroundTasks:Framework] Application finished launching
2026-08-17 11:24:58.049 Df YourSofia[98412:31db11] [com.apple.UIKit:Application] Deactivation reason removed: 10; deactivation reasons: 3104 -> 2080; animating application lifecycle event: 1
2026-08-17 11:24:58.049 Db YourSofia[98412:31db11] [com.apple.UIKit:UIDevice.orientation] Setting device orientation to 1 and sending notification.
2026-08-17 11:24:58.049 Db YourSofia[98412:31db11] [com.apple.UIKit:UIDevice.orientation] Setting device orientation to 0 and sending notification.
2026-08-17 11:24:58.049 Df YourSofia[98412:31db11] [com.apple.UIKit:Application] Deactivation reason added: 12; deactivation reasons: 2080 -> 6176; animating application lifecycle event: 1
2026-08-17 11:24:58.049 Df YourSofia[98412:31db11] [com.apple.UIKit:Application] Deactivation reason removed: 11; deactivation reasons: 6176 -> 4128; animating application lifecycle event: 1
2026-08-17 11:24:58.049 Df YourSofia[98412:31db11] [com.apple.FrontBoard:SceneExtension] Realizing settings extension <_UISceneIntelligenceSupportSettings> on FBSSceneSettings
2026-08-17 11:24:58.049 Db YourSofia[98412:31db11] [com.apple.FrontBoard:SceneExtension] registering method "collectAsRemoteElement" from extension <_UISceneIntelligenceSupportSettings> on class "FBSSceneSettings"
2026-08-17 11:24:58.049 Db YourSofia[98412:31db11] [com.apple.FrontBoard:SceneExtension] registering method "setCollectAsRemoteElement:" from extension <_UISceneIntelligenceSupportSettings> on class "FBSSceneSettings"
2026-08-17 11:24:58.049 Db YourSofia[98412:31db11] [com.apple.BacklightServices:scenes] 0x600000c23f60 environment updated:sceneID:bg.sofia.yoursofia-default
  delta:{ visualState:0 date:0 active:0 seed:0 }
  diff:(null)
  new:(null) (null)
  old:(null) (null)
  new:(null)
2026-08-17 11:24:58.049 Df YourSofia[98412:31db90] [com.apple.UIIntelligenceSupport:xpc] establishing connection to agent
2026-08-17 11:24:58.049 Db YourSofia[98412:31db11] [com.apple.BacklightServices:scenes] BLSBacklightFBSSceneEnvironment (BacklightUIServices) _settingsDiffActionsForScene
2026-08-17 11:24:58.049 Db YourSofia[98412:31db11] [com.apple.BacklightServices:scenes] create BLSBacklightUISceneEnvironmentDiffAction:<_UIBacklightUISceneEnvironmentDiffAction: 0x600000005990>
2026-08-17 11:24:58.049 Df YourSofia[98412:31db90] [com.apple.xpc:session] [0x60000213e620] Session created.
2026-08-17 11:24:58.050 Db YourSofia[98412:31db11] [com.apple.BacklightServices:scenes] BLSBacklightFBSSceneEnvironment (BacklightUIServices) _actionRespondersForScene
2026-08-17 11:24:58.050 Df YourSofia[98412:31db90] [com.apple.xpc:session] [0x60000213e620] Session created from connection [0x10322a960]
2026-08-17 11:24:58.050 Db YourSofia[98412:31db11] [com.apple.BacklightServices:scenes] create BLSBacklightUISceneEnvironmentActionHandler:<_UIBacklightUISceneEnvironmentActionHandler: 0x60000000c5e0>
2026-08-17 11:24:58.050 Df YourSofia[98412:31db90] [com.apple.xpc:connection] [0x10322a960] activating connection: mach=true listener=false peer=false name=com.apple.uiintelligencesupport.agent
2026-08-17 11:24:58.050 Df YourSofia[98412:31db11] [com.apple.UIKit:InterfaceStyle] Not push traits update to screen for new style 1, <UIWindowScene: 0x10330bde0> (8FA49A39-7661-46FB-8F2C-0158321648A4)
2026-08-17 11:24:58.050 Df YourSofia[98412:31db81] [com.apple.BackBoard:EventDelivery] policyStatus:<BKSHIDEventDeliveryPolicyObserver: 0x60000260c840; token: com.apple.frontboard.systemappservices/FBSceneManager:sceneID%3Abg.sofia.yoursofia-default; status: ancestor> was:target
2026-08-17 11:24:58.050 Db YourSofia[98412:31db81] [com.apple.BackBoard:EventDelivery] observerPolicyDidChange: 0x60000260c840 -> <_UIKeyWindowSceneObserver: 0x600000c616e0>
2026-08-17 11:24:58.050 Df YourSofia[98412:31db90] [com.apple.xpc:session] [0x60000213e620] Session activated
2026-08-17 11:24:58.050 Db YourSofia[98412:31db11] [com.apple.defaults:User Defaults] found no value for key NSConstraintBasedLayoutLogPivotCounts in CFPrefsSearchListSource<0x600002c04080> (Domain: bg.sofia.yoursofia, Container: (null) Non-launch persona: 0)
2026-08-17 11:24:58.050 Db YourSofia[98412:31db11] [com.apple.defaults:User Defaults] found no value for key NSConstraintBasedLayoutTrackDirtyObservables in CFPrefsSearchListSource<0x600002c04080> (Domain: bg.sofia.yoursofia, Container: (null) Non-launch persona: 0)
2026-08-17 11:24:58.054 Db YourSofia[98412:31db8c] [com.apple.CFBundle:resources] Resource lookup at CFBundle 0x600003b082a0 </Users/valentinasenov/Library/Developer/CoreSimulator/Devices/4EC5F74C-5A9C-4D89-8E44-374310E684AE/data/Containers/Bundle/Application/31087BF4-D319-4611-A136-08A015F59238/YourSofia.app> (executable, loaded)
	Request       : back-icon type: png path: assets/node_modules/.pnpm/@react-navigation+elements@2.6.4_@react-navigation+native@7.1.17_react-native@0.81.5_@b_28a2c3a7af745b08fd3e3ec803bf51ba/node_modules/@react-navigation/elements/lib/module/assets
	Result        : file:///Users/valentinasenov/Library/Developer/CoreSimulator/Devices/4EC5F74C-5A9C-4D89-8E44-374310E684AE/data/Containers/Bundle/Application/31087BF4-D319-4611-A136-08A015F59238/YourSofia.app/assets/node_modules/.pnpm/@react-navigation+elements@2.6.4_@react-navigation+native@7.1.17_react-native@0.81.5_@b_28a2c3a7af745b08fd3e3ec803bf51ba/node_modules/@react-navigation/elements/lib/module/assets/back-icon.png
2026-08-17 11:24:58.057 Db YourSofia[98412:31db11] [com.apple.defaults:User Defaults] found no value for key CGContextHighlight2xScaledImages in CFPrefsPlistSource<0x600002c0c080> (Domain: bg.sofia.yoursofia, User: kCFPreferencesCurrentUser, ByHost: No, Container: (null), Contents Need Refresh: No)
2026-08-17 11:24:58.057 Db YourSofia[98412:31db11] [com.apple.defaults:User Defaults] found no value for key CGContextHighlight2xScaledImages in CFPrefsPlistSource<0x600002c0c080> (Domain: bg.sofia.yoursofia, User: kCFPreferencesCurrentUser, ByHost: No, Container: (null), Contents Need Refresh: No)
2026-08-17 11:24:58.057 Db YourSofia[98412:31db11] [com.apple.defaults:User Defaults] found no value for key CGContextHighlight2xScaledImages in CFPrefsPlistSource<0x600002c0c300> (Domain: kCFPreferencesAnyApplication, User: kCFPreferencesCurrentUser, ByHost: No, Container: (null), Contents Need Refresh: No)
2026-08-17 11:24:58.057 Db YourSofia[98412:31db11] [com.apple.defaults:User Defaults] found no value for key CGContextHighlight2xScaledImages in CFPrefsPlistSource<0x600002c0c300> (Domain: kCFPreferencesAnyApplication, User: kCFPreferencesCurrentUser, ByHost: No, Container: (null), Contents Need Refresh: No)
2026-08-17 11:24:58.057 Db YourSofia[98412:31db11] [com.apple.defaults:User Defaults] found no value for key CGContextTrackImageDrawing in CFPrefsPlistSource<0x600002c0c080> (Domain: bg.sofia.yoursofia, User: kCFPreferencesCurrentUser, ByHost: No, Container: (null), Contents Need Refresh: No)
2026-08-17 11:24:58.057 Db YourSofia[98412:31db11] [com.apple.defaults:User Defaults] found no value for key CGContextTrackImageDrawing in CFPrefsPlistSource<0x600002c0c080> (Domain: bg.sofia.yoursofia, User: kCFPreferencesCurrentUser, ByHost: No, Container: (null), Contents Need Refresh: No)
2026-08-17 11:24:58.057 Db YourSofia[98412:31db11] [com.apple.defaults:User Defaults] found no value for key CGContextTrackImageDrawing in CFPrefsPlistSource<0x600002c0c300> (Domain: kCFPreferencesAnyApplication, User: kCFPreferencesCurrentUser, ByHost: No, Container: (null), Contents Need Refresh: No)
2026-08-17 11:24:58.057 Db YourSofia[98412:31db11] [com.apple.defaults:User Defaults] found no value for key CGContextTrackImageDrawing in CFPrefsPlistSource<0x600002c0c300> (Domain: kCFPreferencesAnyApplication, User: kCFPreferencesCurrentUser, ByHost: No, Container: (null), Contents Need Refresh: No)
2026-08-17 11:24:58.057 Db YourSofia[98412:31db11] [com.apple.defaults:User Defaults] found no value for key CAEnableDeepFramebuffer in CFPrefsSearchListSource<0x600002c04080> (Domain: bg.sofia.yoursofia, Container: (null) Non-launch persona: 0)
2026-08-17 11:24:58.057 Db YourSofia[98412:31db8c] [com.apple.CFBundle:resources] Resource lookup at CFBundle 0x600003b082a0 </Users/valentinasenov/Library/Developer/CoreSimulator/Devices/4EC5F74C-5A9C-4D89-8E44-374310E684AE/data/Containers/Bundle/Application/31087BF4-D319-4611-A136-08A015F59238/YourSofia.app> (executable, loaded)
	Request       : back-icon@2x type: png path: assets/node_modules/.pnpm/@react-navigation+elements@2.6.4_@react-navigation+native@7.1.17_react-native@0.81.5_@b_28a2c3a7af745b08fd3e3ec803bf51ba/node_modules/@react-navigation/elements/lib/module/assets
	Result        : file:///Users/valentinasenov/Library/Developer/CoreSimulator/Devices/4EC5F74C-5A9C-4D89-8E44-374310E684AE/data/Containers/Bundle/Application/31087BF4-D319-4611-A136-08A015F59238/YourSofia.app/assets/node_modules/.pnpm/@react-navigation+elements@2.6.4_@react-navigation+native@7.1.17_react-native@0.81.5_@b_28a2c3a7af745b08fd3e3ec803bf51ba/node_modules/@react-navigation/elements/lib/module/assets/back-icon@2x.png
2026-08-17 11:24:58.057 Db YourSofia[98412:31db90] [com.apple.BaseBoard:Common] [BSBlockSentinel:FBSWorkspaceScenesClient] signaled! 1 of 1
2026-08-17 11:24:58.057 Db YourSofia[98412:31db90] [com.apple.BaseBoard:Common] [BSBlockSentinel:FBSWorkspaceScenesClient] dealloc
2026-08-17 11:24:58.057 Db YourSofia[98412:31db8c] [com.apple.CFBundle:resources] Resource lookup at CFBundle 0x600003b082a0 </Users/valentinasenov/Library/Developer/CoreSimulator/Devices/4EC5F74C-5A9C-4D89-8E44-374310E684AE/data/Containers/Bundle/Application/31087BF4-D319-4611-A136-08A015F59238/YourSofia.app> (executable, loaded)
	Request       : back-icon@3x type: png path: assets/node_modules/.pnpm/@react-navigation+elements@2.6.4_@react-navigation+native@7.1.17_react-native@0.81.5_@b_28a2c3a7af745b08fd3e3ec803bf51ba/node_modules/@react-navigation/elements/lib/module/assets
	Result        : file:///Users/valentinasenov/Library/Developer/CoreSimulator/Devices/4EC5F74C-5A9C-4D89-8E44-374310E684AE/data/Containers/Bundle/Application/31087BF4-D319-4611-A136-08A015F59238/YourSofia.app/assets/node_modules/.pnpm/@react-navigation+elements@2.6.4_@react-navigation+native@7.1.17_react-native@0.81.5_@b_28a2c3a7af745b08fd3e3ec803bf51ba/node_modules/@react-navigation/elements/lib/module/assets/back-icon@3x.png
2026-08-17 11:24:58.058 Db YourSofia[98412:31db11] [com.apple.launchservices:db] LS DB needs to be mapped into process 98412 for session LSSessionKey(system: 0 uid: 501) (existing DB @ 0x0).
2026-08-17 11:24:58.058 Db YourSofia[98412:31db8c] [com.apple.CFBundle:resources] Resource lookup at CFBundle 0x600003b082a0 </Users/valentinasenov/Library/Developer/CoreSimulator/Devices/4EC5F74C-5A9C-4D89-8E44-374310E684AE/data/Containers/Bundle/Application/31087BF4-D319-4611-A136-08A015F59238/YourSofia.app> (executable, loaded)
	Request       : back-icon-mask type: png path: assets/node_modules/.pnpm/@react-navigation+elements@2.6.4_@react-navigation+native@7.1.17_react-native@0.81.5_@b_28a2c3a7af745b08fd3e3ec803bf51ba/node_modules/@react-navigation/elements/lib/module/assets
	Result        : file:///Users/valentinasenov/Library/Developer/CoreSimulator/Devices/4EC5F74C-5A9C-4D89-8E44-374310E684AE/data/Containers/Bundle/Application/31087BF4-D319-4611-A136-08A015F59238/YourSofia.app/assets/node_modules/.pnpm/@react-navigation+elements@2.6.4_@react-navigation+native@7.1.17_react-native@0.81.5_@b_28a2c3a7af745b08fd3e3ec803bf51ba/node_modules/@react-navigation/elements/lib/module/assets/back-icon-mask.png
2026-08-17 11:24:58.058 Db YourSofia[98412:31db8c] [com.apple.CFBundle:resources] Resource lookup at CFBundle 0x600003b082a0 </Users/valentinasenov/Library/Developer/CoreSimulator/Devices/4EC5F74C-5A9C-4D89-8E44-374310E684AE/data/Containers/Bundle/Application/31087BF4-D319-4611-A136-08A015F59238/YourSofia.app> (executable, loaded)
	Request       : clear-icon type: png path: assets/node_modules/.pnpm/@react-navigation+elements@2.6.4_@react-navigation+native@7.1.17_react-native@0.81.5_@b_28a2c3a7af745b08fd3e3ec803bf51ba/node_modules/@react-navigation/elements/lib/module/assets
	Result        : file:///Users/valentinasenov/Library/Developer/CoreSimulator/Devices/4EC5F74C-5A9C-4D89-8E44-374310E684AE/data/Containers/Bundle/Application/31087BF4-D319-4611-A136-08A015F59238/YourSofia.app/assets/node_modules/.pnpm/@react-navigation+elements@2.6.4_@react-navigation+native@7.1.17_react-native@0.81.5_@b_28a2c3a7af745b08fd3e3ec803bf51ba/node_modules/@react-navigation/elements/lib/module/assets/clear-icon.png
2026-08-17 11:24:58.058 Df YourSofia[98412:31db11] [com.apple.xpc:connection] [0x10310f3d0] activating connection: mach=true listener=false peer=false name=com.apple.lsd.mapdb
2026-08-17 11:24:58.058 Db YourSofia[98412:31db8c] [com.apple.CFBundle:resources] Resource lookup at CFBundle 0x600003b082a0 </Users/valentinasenov/Library/Developer/CoreSimulator/Devices/4EC5F74C-5A9C-4D89-8E44-374310E684AE/data/Containers/Bundle/Application/31087BF4-D319-4611-A136-08A015F59238/YourSofia.app> (executable, loaded)
	Request       : clear-icon type: png path: assets/node_modules/.pnpm/@react-navigation+elements@2.6.4_@react-navigation+native@7.1.17_react-native@0.81.5_@b_28a2c3a7af745b08fd3e3ec803bf51ba/node_modules/@react-navigation/elements/lib/module/assets
	Result        : file:///Users/valentinasenov/Library/Developer/CoreSimulator/Devices/4EC5F74C-5A9C-4D89-8E44-374310E684AE/data/Containers/Bundle/Application/31087BF4-D319-4611-A136-08A015F59238/YourSofia.app/assets/node_modules/.pnpm/@react-navigation+elements@2.6.4_@react-navigation+native@7.1.17_react-native@0.81.5_@b_28a2c3a7af745b08fd3e3ec803bf51ba/node_modules/@react-navigation/elements/lib/module/assets/clear-icon.png
2026-08-17 11:24:58.058 Db YourSofia[98412:31db11] [com.apple.coreservicesstore:default] Creating CSStore from XPC coder with length 8175616
2026-08-17 11:24:58.058 Db YourSofia[98412:31db11] [com.apple.coreservicesstore:default] Checked CSStore data with lengths 8175616/8081108/8162208
2026-08-17 11:24:58.059 I  YourSofia[98412:31db11] [com.apple.launchservices:db] LaunchServices database schema version: 20971543
2026-08-17 11:24:58.059 Db YourSofia[98412:31db11] [com.apple.launchservices:db] Loaded LS database with sequence number 920
2026-08-17 11:24:58.059 Db YourSofia[98412:31db11] [com.apple.launchservices:db] Client database updated - seq#: 920
2026-08-17 11:24:58.059 I  YourSofia[98412:31db11] [com.apple.launchservices:datasep] application record search init. Node: <FSNode 0x600000269300> { isDir = y, path = '/Users/valentinasenov/Library/Developer/CoreSimulator/Devices/4EC5F74C-5A9C-4D89-8E44-374310E684AE/data/Containers/Bundle/Application/31087BF4-D319-4611-A136-08A015F59238/YourSofia.app' } bundleID: (null) itemID: 0
2026-08-17 11:24:58.059 Db YourSofia[98412:31db11] [com.apple.launchservices:binding] BindingEvaluator::CreateWithBundleInfo(ID=(null), name=YourSofia.app, CC=????, vers=(null))
2026-08-17 11:24:58.059 Db YourSofia[98412:31db11] [com.apple.launchservices:binding] Skipping strong binding binding due to options
2026-08-17 11:24:58.059 Db YourSofia[98412:31db11] [com.apple.launchservices:binding] Truncating a list of bindings to max 1 known-good ones.
2026-08-17 11:24:58.059 Db YourSofia[98412:31db11] [com.apple.launchservices:binding] Truncating a list of bindings to max 1 known-good ones.
2026-08-17 11:24:58.059 Db YourSofia[98412:31db8c] [com.apple.CFBundle:resources] Resource lookup at CFBundle 0x600003b082a0 </Users/valentinasenov/Library/Developer/CoreSimulator/Devices/4EC5F74C-5A9C-4D89-8E44-374310E684AE/data/Containers/Bundle/Application/31087BF4-D319-4611-A136-08A015F59238/YourSofia.app> (executable, loaded)
	Request       : clear-icon@2x type: png path: assets/node_modules/.pnpm/@react-navigation+elements@2.6.4_@react-navigation+native@7.1.17_react-native@0.81.5_@b_28a2c3a7af745b08fd3e3ec803bf51ba/node_modules/@react-navigation/elements/lib/module/assets
	Result        : file:///Users/valentinasenov/Library/Developer/CoreSimulator/Devices/4EC5F74C-5A9C-4D89-8E44-374310E684AE/data/Containers/Bundle/Application/31087BF4-D319-4611-A136-08A015F59238/YourSofia.app/assets/node_modules/.pnpm/@react-navigation+elements@2.6.4_@react-navigation+native@7.1.17_react-native@0.81.5_@b_28a2c3a7af745b08fd3e3ec803bf51ba/node_modules/@react-navigation/elements/lib/module/assets/clear-icon@2x.png
2026-08-17 11:24:58.059 Db YourSofia[98412:31db11] [com.apple.CFBundle:resources] Language lookup at CFBundle 0x600003b18000 </Library/Developer/CoreSimulator/Volumes/iOS_23D8133/Library/Developer/CoreSimulator/Profiles/Runtimes/iOS 26.3.simruntime/Contents/Resources/RuntimeRoot/System/Library/PrivateFrameworks/UIKitCore.framework> (not loaded)
	Localizations : [de, ur, he, en_AU, ar, el, ja, mr, en, uk, es_419, gu, zh_CN, kn, pa, es, sl, or, da, it, bg, sk, kk, pt_PT, ms, ta, ml, sv, te, cs, ko, no, hu, zh_HK, tr, pl, zh_TW, en_GB, vi, lt, ru, fr_CA, fr, fi, id, nl, th, pt, bn, ro, hr, hi, ca]
	Dev language  : en
	User prefs    : [en-US, bg-US]
	Main bundle   : [en]
	Allow mixed   : 0 
	Result        : [en]
2026-08-17 11:24:58.059 Db YourSofia[98412:31db8c] [com.apple.CFBundle:resources] Resource lookup at CFBundle 0x600003b082a0 </Users/valentinasenov/Library/Developer/CoreSimulator/Devices/4EC5F74C-5A9C-4D89-8E44-374310E684AE/data/Containers/Bundle/Application/31087BF4-D319-4611-A136-08A015F59238/YourSofia.app> (executable, loaded)
	Request       : clear-icon@3x type: png path: assets/node_modules/.pnpm/@react-navigation+elements@2.6.4_@react-navigation+native@7.1.17_react-native@0.81.5_@b_28a2c3a7af745b08fd3e3ec803bf51ba/node_modules/@react-navigation/elements/lib/module/assets
	Result        : file:///Users/valentinasenov/Library/Developer/CoreSimulator/Devices/4EC5F74C-5A9C-4D89-8E44-374310E684AE/data/Containers/Bundle/Application/31087BF4-D319-4611-A136-08A015F59238/YourSofia.app/assets/node_modules/.pnpm/@react-navigation+elements@2.6.4_@react-navigation+native@7.1.17_react-native@0.81.5_@b_28a2c3a7af745b08fd3e3ec803bf51ba/node_modules/@react-navigation/elements/lib/module/assets/clear-icon@3x.png
2026-08-17 11:24:58.059 Db YourSofia[98412:31db11] [com.apple.CFBundle:resources] Resource lookup at CFBundle 0x600003b18000 </Library/Developer/CoreSimulator/Volumes/iOS_23D8133/Library/Developer/CoreSimulator/Profiles/Runtimes/iOS 26.3.simruntime/Contents/Resources/RuntimeRoot/System/Library/PrivateFrameworks/UIKitCore.framework> (not loaded)
	Request       : Localizable type: loctable
	Result        : None
2026-08-17 11:24:58.059 Db YourSofia[98412:31db11] [com.apple.CFBundle:resources] Resource lookup at CFBundle 0x600003b18000 </Library/Developer/CoreSimulator/Volumes/iOS_23D8133/Library/Developer/CoreSimulator/Profiles/Runtimes/iOS 26.3.simruntime/Contents/Resources/RuntimeRoot/System/Library/PrivateFrameworks/UIKitCore.framework> (not loaded)
	Request       : Localizable type: strings
	Result        : file:///Library/Developer/CoreSimulator/Volumes/iOS_23D8133/Library/Developer/CoreSimulator/Profiles/Runtimes/iOS%2026.3.simruntime/Contents/Resources/RuntimeRoot/System/Library/PrivateFrameworks/UIKitCore.framework/en.lproj/Localizable.strings
2026-08-17 11:24:58.059 Db YourSofia[98412:31db11] [com.apple.CFBundle:resources] Resource lookup at CFBundle 0x600003b18000 </Library/Developer/CoreSimulator/Volumes/iOS_23D8133/Library/Developer/CoreSimulator/Profiles/Runtimes/iOS 26.3.simruntime/Contents/Resources/RuntimeRoot/System/Library/PrivateFrameworks/UIKitCore.framework> (not loaded)
	Request       : Localizable type: stringsdict
	Result        : file:///Library/Developer/CoreSimulator/Volumes/iOS_23D8133/Library/Developer/CoreSimulator/Profiles/Runtimes/iOS%2026.3.simruntime/Contents/Resources/RuntimeRoot/System/Library/PrivateFrameworks/UIKitCore.framework/en.lproj/Localizable.stringsdict
2026-08-17 11:24:58.059 Db YourSofia[98412:31db8c] [com.apple.CFBundle:resources] Resource lookup at CFBundle 0x600003b082a0 </Users/valentinasenov/Library/Developer/CoreSimulator/Devices/4EC5F74C-5A9C-4D89-8E44-374310E684AE/data/Containers/Bundle/Application/31087BF4-D319-4611-A136-08A015F59238/YourSofia.app> (executable, loaded)
	Request       : close-icon type: png path: assets/node_modules/.pnpm/@react-navigation+elements@2.6.4_@react-navigation+native@7.1.17_react-native@0.81.5_@b_28a2c3a7af745b08fd3e3ec803bf51ba/node_modules/@react-navigation/elements/lib/module/assets
	Result        : file:///Users/valentinasenov/Library/Developer/CoreSimulator/Devices/4EC5F74C-5A9C-4D89-8E44-374310E684AE/data/Containers/Bundle/Application/31087BF4-D319-4611-A136-08A015F59238/YourSofia.app/assets/node_modules/.pnpm/@react-navigation+elements@2.6.4_@react-navigation+native@7.1.17_react-native@0.81.5_@b_28a2c3a7af745b08fd3e3ec803bf51ba/node_modules/@react-navigation/elements/lib/module/assets/close-icon.png
2026-08-17 11:24:58.059 Db YourSofia[98412:31db8c] [com.apple.CFBundle:resources] Resource lookup at CFBundle 0x600003b082a0 </Users/valentinasenov/Library/Developer/CoreSimulator/Devices/4EC5F74C-5A9C-4D89-8E44-374310E684AE/data/Containers/Bundle/Application/31087BF4-D319-4611-A136-08A015F59238/YourSofia.app> (executable, loaded)
	Request       : close-icon type: png path: assets/node_modules/.pnpm/@react-navigation+elements@2.6.4_@react-navigation+native@7.1.17_react-native@0.81.5_@b_28a2c3a7af745b08fd3e3ec803bf51ba/node_modules/@react-navigation/elements/lib/module/assets
	Result        : file:///Users/valentinasenov/Library/Developer/CoreSimulator/Devices/4EC5F74C-5A9C-4D89-8E44-374310E684AE/data/Containers/Bundle/Application/31087BF4-D319-4611-A136-08A015F59238/YourSofia.app/assets/node_modules/.pnpm/@react-navigation+elements@2.6.4_@react-navigation+native@7.1.17_react-native@0.81.5_@b_28a2c3a7af745b08fd3e3ec803bf51ba/node_modules/@react-navigation/elements/lib/module/assets/close-icon.png
2026-08-17 11:24:58.060 Db YourSofia[98412:31db11] [com.apple.defaults:User Defaults] found no value for key NSDoubleLocalizedStrings in CFPrefsSearchListSource<0x600002c04080> (Domain: bg.sofia.yoursofia, Container: (null) Non-launch persona: 0)
2026-08-17 11:24:58.060 Db YourSofia[98412:31db11] [com.apple.defaults:User Defaults] found no value for key NSForceRightToLeftLocalizedStrings in CFPrefsSearchListSource<0x600002c04080> (Domain: bg.sofia.yoursofia, Container: (null) Non-launch persona: 0)
2026-08-17 11:24:58.060 Db YourSofia[98412:31db11] [com.apple.defaults:User Defaults] found no value for key NSAccentuateLocalizedStrings in CFPrefsSearchListSource<0x600002c04080> (Domain: bg.sofia.yoursofia, Container: (null) Non-launch persona: 0)
2026-08-17 11:24:58.060 Db YourSofia[98412:31db11] [com.apple.defaults:User Defaults] found no value for key NSSurroundLocalizedStrings in CFPrefsSearchListSource<0x600002c04080> (Domain: bg.sofia.yoursofia, Container: (null) Non-launch persona: 0)
2026-08-17 11:24:58.060 Db YourSofia[98412:31db11] [com.apple.defaults:User Defaults] found no value for key NSTallLocalizedStrings in CFPrefsSearchListSource<0x600002c04080> (Domain: bg.sofia.yoursofia, Container: (null) Non-launch persona: 0)
2026-08-17 11:24:58.060 Db YourSofia[98412:31db11] [com.apple.CFBundle:strings] Bundle: CFBundle 0x600003b18000 </Library/Developer/CoreSimulator/Volumes/iOS_23D8133/Library/Developer/CoreSimulator/Profiles/Runtimes/iOS 26.3.simruntime/Contents/Resources/RuntimeRoot/System/Library/PrivateFrameworks/UIKitCore.framework> (not loaded), key: Duplicate, value: Duplicate, table: Localizable, localizationNames: (null), result: Duplicate
2026-08-17 11:24:58.060 Db YourSofia[98412:31db11] [com.apple.CFBundle:strings] Bundle: CFBundle 0x600003b18000 </Library/Developer/CoreSimulator/Volumes/iOS_23D8133/Library/Developer/CoreSimulator/Profiles/Runtimes/iOS 26.3.simruntime/Contents/Resources/RuntimeRoot/System/Library/PrivateFrameworks/UIKitCore.framework> (not loaded), key: Move, value: Move, table: Localizable, localizationNames: (null), result: Move
2026-08-17 11:24:58.060 Db YourSofia[98412:31db8c] [com.apple.CFBundle:resources] Resource lookup at CFBundle 0x600003b082a0 </Users/valentinasenov/Library/Developer/CoreSimulator/Devices/4EC5F74C-5A9C-4D89-8E44-374310E684AE/data/Containers/Bundle/Application/31087BF4-D319-4611-A136-08A015F59238/YourSofia.app> (executable, loaded)
	Request       : close-icon@2x type: png path: assets/node_modules/.pnpm/@react-navigation+elements@2.6.4_@react-navigation+native@7.1.17_react-native@0.81.5_@b_28a2c3a7af745b08fd3e3ec803bf51ba/node_modules/@react-navigation/elements/lib/module/assets
	Result        : file:///Users/valentinasenov/Library/Developer/CoreSimulator/Devices/4EC5F74C-5A9C-4D89-8E44-374310E684AE/data/Containers/Bundle/Application/31087BF4-D319-4611-A136-08A015F59238/YourSofia.app/assets/node_modules/.pnpm/@react-navigation+elements@2.6.4_@react-navigation+native@7.1.17_react-native@0.81.5_@b_28a2c3a7af745b08fd3e3ec803bf51ba/node_modules/@react-navigation/elements/lib/module/assets/close-icon@2x.png
2026-08-17 11:24:58.060 Db YourSofia[98412:31db11] [com.apple.CFBundle:strings] Bundle: CFBundle 0x600003b18000 </Library/Developer/CoreSimulator/Volumes/iOS_23D8133/Library/Developer/CoreSimulator/Profiles/Runtimes/iOS 26.3.simruntime/Contents/Resources/RuntimeRoot/System/Library/PrivateFrameworks/UIKitCore.framework> (not loaded), key: Rename, value: Rename, table: Localizable, localizationNames: (null), result: Rename
2026-08-17 11:24:58.060 Db YourSofia[98412:31db11] [com.apple.CFBundle:strings] Bundle: CFBundle 0x600003b18000 </Library/Developer/CoreSimulator/Volumes/iOS_23D8133/Library/Developer/CoreSimulator/Profiles/Runtimes/iOS 26.3.simruntime/Contents/Resources/RuntimeRoot/System/Library/PrivateFrameworks/UIKitCore.framework> (not loaded), key: Export, value: Export, table: Localizable, localizationNames: (null), result: Export
2026-08-17 11:24:58.060 Db YourSofia[98412:31db11] [com.apple.CFBundle:strings] Bundle: CFBundle 0x600003b18000 </Library/Developer/CoreSimulator/Volumes/iOS_23D8133/Library/Developer/CoreSimulator/Profiles/Runtimes/iOS 26.3.simruntime/Contents/Resources/RuntimeRoot/System/Library/PrivateFrameworks/UIKitCore.framework> (not loaded), key: Dictation, value: Dictation, table: Localizable, localizationNames: (null), result: Dictation
2026-08-17 11:24:58.060 Db YourSofia[98412:31db11] [com.apple.CFBundle:strings] Bundle: CFBundle 0x600003b18000 </Library/Developer/CoreSimulator/Volumes/iOS_23D8133/Library/Developer/CoreSimulator/Profiles/Runtimes/iOS 26.3.simruntime/Contents/Resources/RuntimeRoot/System/Library/PrivateFrameworks/UIKitCore.framework> (not loaded), key: Emoji, value: Emoji, table: Localizable, localizationNames: (null), result: Emoji
2026-08-17 11:24:58.060 Db YourSofia[98412:31db11] [com.apple.CFBundle:strings] Bundle: CFBundle 0x600003b18000 </Library/Developer/CoreSimulator/Volumes/iOS_23D8133/Library/Developer/CoreSimulator/Profiles/Runtimes/iOS 26.3.simruntime/Contents/Resources/RuntimeRoot/System/Library/PrivateFrameworks/UIKitCore.framework> (not loaded), key: KEYSHORTCUTHUDITEM_FILE_NEW_WINDOW, value: New Window, table: Localizable, localizationNames: (null), result: New Window
2026-08-17 11:24:58.060 Db YourSofia[98412:31db11] [com.apple.CFBundle:strings] Bundle: CFBundle 0x600003b18000 </Library/Developer/CoreSimulator/Volumes/iOS_23D8133/Library/Developer/CoreSimulator/Profiles/Runtimes/iOS 26.3.simruntime/Contents/Resources/RuntimeRoot/System/Library/PrivateFrameworks/UIKitCore.framework> (not loaded), key: Copy[Menu], value: Copy, table: Localizable, localizationNames: (null), result: Copy
2026-08-17 11:24:58.060 Db YourSofia[98412:31db11] [com.apple.CFBundle:strings] Bundle: CFBundle 0x600003b18000 </Library/Developer/CoreSimulator/Volumes/iOS_23D8133/Library/Developer/CoreSimulator/Profiles/Runtimes/iOS 26.3.simruntime/Contents/Resources/RuntimeRoot/System/Library/PrivateFrameworks/UIKitCore.framework> (not loaded), key: Cut, value: Cut, table: Localizable, localizationNames: (null), result: Cut
2026-08-17 11:24:58.060 Db YourSofia[98412:31db11] [com.apple.CFBundle:strings] Bundle: CFBundle 0x600003b18000 </Library/Developer/CoreSimulator/Volumes/iOS_23D8133/Library/Developer/CoreSimulator/Profiles/Runtimes/iOS 26.3.simruntime/Contents/Resources/RuntimeRoot/System/Library/PrivateFrameworks/UIKitCore.framework> (not loaded), key: Smaller, value: Smaller, table: Localizable, localizationNames: (null), result: Smaller
2026-08-17 11:24:58.060 Db YourSofia[98412:31db11] [com.apple.CFBundle:strings] Bundle: CFBundle 0x600003b18000 </Library/Developer/CoreSimulator/Volumes/iOS_23D8133/Library/Developer/CoreSimulator/Profiles/Runtimes/iOS 26.3.simruntime/Contents/Resources/RuntimeRoot/System/Library/PrivateFrameworks/UIKitCore.framework> (not loaded), key: Delete[Menu], value: Delete, table: Localizable, localizationNames: (null), result: Delete
2026-08-17 11:24:58.060 Db YourSofia[98412:31db11] [com.apple.CFBundle:strings] Bundle: CFBundle 0x600003b18000 </Library/Developer/CoreSimulator/Volumes/iOS_23D8133/Library/Developer/CoreSimulator/Profiles/Runtimes/iOS 26.3.simruntime/Contents/Resources/RuntimeRoot/System/Library/PrivateFrameworks/UIKitCore.framework> (not loaded), key: Bigger, value: Bigger, table: Localizable, localizationNames: (null), result: Bigger
2026-08-17 11:24:58.060 Db YourSofia[98412:31db11] [com.apple.CFBundle:strings] Bundle: CFBundle 0x600003b18000 </Library/Developer/CoreSimulator/Volumes/iOS_23D8133/Library/Developer/CoreSimulator/Profiles/Runtimes/iOS 26.3.simruntime/Contents/Resources/RuntimeRoot/System/Library/PrivateFrameworks/UIKitCore.framework> (not loaded), key: Default, value: Default, table: Localizable, localizationNames: (null), result: Default
2026-08-17 11:24:58.060 Db YourSofia[98412:31db11] [com.apple.CFBundle:strings] Bundle: CFBundle 0x600003b18000 </Library/Developer/CoreSimulator/Volumes/iOS_23D8133/Library/Developer/CoreSimulator/Profiles/Runtimes/iOS 26.3.simruntime/Contents/Resources/RuntimeRoot/System/Library/PrivateFrameworks/UIKitCore.framework> (not loaded), key: Left to Right, value: Left to Right, table: Localizable, localizationNames: (null), result: Left to Right
2026-08-17 11:24:58.060 Db YourSofia[98412:31db11] [com.apple.CFBundle:strings] Bundle: CFBundle 0x600003b18000 </Library/Developer/CoreSimulator/Volumes/iOS_23D8133/Library/Developer/CoreSimulator/Profiles/Runtimes/iOS 26.3.simruntime/Contents/Resources/RuntimeRoot/System/Library/PrivateFrameworks/UIKitCore.framework> (not loaded), key: Right to Left, value: Right to Left, table: Localizable, localizationNames: (null), result: Right to Left
2026-08-17 11:24:58.060 Db YourSofia[98412:31db11] [com.apple.CFBundle:strings] Bundle: CFBundle 0x600003b18000 </Library/Developer/CoreSimulator/Volumes/iOS_23D8133/Library/Developer/CoreSimulator/Profiles/Runtimes/iOS 26.3.simruntime/Contents/Resources/RuntimeRoot/System/Library/PrivateFrameworks/UIKitCore.framework> (not loaded), key: Paste, value: Paste, table: Localizable, localizationNames: (null), result: Paste
2026-08-17 11:24:58.060 Db YourSofia[98412:31db11] [com.apple.CFBundle:strings] Bundle: CFBundle 0x600003b18000 </Library/Developer/CoreSimulator/Volumes/iOS_23D8133/Library/Developer/CoreSimulator/Profiles/Runtimes/iOS 26.3.simruntime/Contents/Resources/RuntimeRoot/System/Library/PrivateFrameworks/UIKitCore.framework> (not loaded), key: Paste and Match Style, value: Paste and Match Style, table: Localizable, localizationNames: (null), result: Paste and Match Style
2026-08-17 11:24:58.060 Db YourSofia[98412:31db11] [com.apple.CFBundle:strings] Bundle: CFBundle 0x600003b18000 </Library/Developer/CoreSimulator/Volumes/iOS_23D8133/Library/Developer/CoreSimulator/Profiles/Runtimes/iOS 26.3.simruntime/Contents/Resources/RuntimeRoot/System/Library/PrivateFrameworks/UIKitCore.framework> (not loaded), key: Redo, value: Redo, table: Localizable, localizationNames: (null), result: Redo
2026-08-17 11:24:58.060 Db YourSofia[98412:31db11] [com.apple.CFBundle:strings] Bundle: CFBundle 0x600003b18000 </Library/Developer/CoreSimulator/Volumes/iOS_23D8133/Library/Developer/CoreSimulator/Profiles/Runtimes/iOS 26.3.simruntime/Contents/Resources/RuntimeRoot/System/Library/PrivateFrameworks/UIKitCore.framework> (not loaded), key: Select, value: Select, table: Localizable, localizationNames: (null), result: Select
2026-08-17 11:24:58.060 Db YourSofia[98412:31db11] [com.apple.CFBundle:strings] Bundle: CFBundle 0x600003b18000 </Library/Developer/CoreSimulator/Volumes/iOS_23D8133/Library/Developer/CoreSimulator/Profiles/Runtimes/iOS 26.3.simruntime/Contents/Resources/RuntimeRoot/System/Library/PrivateFrameworks/UIKitCore.framework> (not loaded), key: Select All, value: Select All, table: Localizable, localizationNames: (null), result: Select All
2026-08-17 11:24:58.060 Db YourSofia[98412:31db11] [com.apple.CFBundle:strings] Bundle: CFBundle 0x600003b18000 </Library/Developer/CoreSimulator/Volumes/iOS_23D8133/Library/Developer/CoreSimulator/Profiles/Runtimes/iOS 26.3.simruntime/Contents/Resources/RuntimeRoot/System/Library/PrivateFrameworks/UIKitCore.framework> (not loaded), key: TEXT_FORMATTING_MORE, value: More…, table: Localizable, localizationNames: (null), result: More…
2026-08-17 11:24:58.060 Db YourSofia[98412:31db11] [com.apple.CFBundle:strings] Bundle: CFBundle 0x600003b18000 </Library/Developer/CoreSimulator/Volumes/iOS_23D8133/Library/Developer/CoreSimulator/Profiles/Runtimes/iOS 26.3.simruntime/Contents/Resources/RuntimeRoot/System/Library/PrivateFrameworks/UIKitCore.framework> (not loaded), key: Bold, value: Bold, table: Localizable, localizationNames: (null), result: Bold
2026-08-17 11:24:58.060 Db YourSofia[98412:31db11] [com.apple.CFBundle:strings] Bundle: CFBundle 0x600003b18000 </Library/Developer/CoreSimulator/Volumes/iOS_23D8133/Library/Developer/CoreSimulator/Profiles/Runtimes/iOS 26.3.simruntime/Contents/Resources/RuntimeRoot/System/Library/PrivateFrameworks/UIKitCore.framework> (not loaded), key: Italic, value: Italic, table: Localizable, localizationNames: (null), result: Italic
2026-08-17 11:24:58.060 Db YourSofia[98412:31db11] [com.apple.CFBundle:strings] Bundle: CFBundle 0x600003b18000 </Library/Developer/CoreSimulator/Volumes/iOS_23D8133/Library/Developer/CoreSimulator/Profiles/Runtimes/iOS 26.3.simruntime/Contents/Resources/RuntimeRoot/System/Library/PrivateFrameworks/UIKitCore.framework> (not loaded), key: Underline, value: Underline, table: Localizable, localizationNames: (null), result: Underline
2026-08-17 11:24:58.060 Db YourSofia[98412:31db11] [com.apple.CFBundle:strings] Bundle: CFBundle 0x600003b18000 </Library/Developer/CoreSimulator/Volumes/iOS_23D8133/Library/Developer/CoreSimulator/Profiles/Runtimes/iOS 26.3.simruntime/Contents/Resources/RuntimeRoot/System/Library/PrivateFrameworks/UIKitCore.framework> (not loaded), key: Undo, value: Undo, table: Localizable, localizationNames: (null), result: Undo
2026-08-17 11:24:58.060 Db YourSofia[98412:31db11] [com.apple.CFBundle:strings] Bundle: CFBundle 0x600003b18000 </Library/Developer/CoreSimulator/Volumes/iOS_23D8133/Library/Developer/CoreSimulator/Profiles/Runtimes/iOS 26.3.simruntime/Contents/Resources/RuntimeRoot/System/Library/PrivateFrameworks/UIKitCore.framework> (not loaded), key: Pause, value: Pause, table: Localizable, localizationNames: (null), result: Pause
2026-08-17 11:24:58.060 Db YourSofia[98412:31db11] [com.apple.CFBundle:strings] Bundle: CFBundle 0x600003b18000 </Library/Developer/CoreSimulator/Volumes/iOS_23D8133/Library/Developer/CoreSimulator/Profiles/Runtimes/iOS 26.3.simruntime/Contents/Resources/RuntimeRoot/System/Library/PrivateFrameworks/UIKitCore.framework> (not loaded), key: Speak, value: Speak, table: Localizable, localizationNames: (null), result: Speak
2026-08-17 11:24:58.060 Db YourSofia[98412:31db11] [com.apple.CFBundle:strings] Bundle: CFBundle 0x600003b18000 </Library/Developer/CoreSimulator/Volumes/iOS_23D8133/Library/Developer/CoreSimulator/Profiles/Runtimes/iOS 26.3.simruntime/Contents/Resources/RuntimeRoot/System/Library/PrivateFrameworks/UIKitCore.framework> (not loaded), key: Speak…, value: Speak…, table: Localizable, localizationNames: (null), result: Speak…
2026-08-17 11:24:58.060 Db YourSofia[98412:31db8c] [com.apple.CFBundle:resources] Resource lookup at CFBundle 0x600003b082a0 </Users/valentinasenov/Library/Developer/CoreSimulator/Devices/4EC5F74C-5A9C-4D89-8E44-374310E684AE/data/Containers/Bundle/Application/31087BF4-D319-4611-A136-08A015F59238/YourSofia.app> (executable, loaded)
	Request       : close-icon@3x type: png path: assets/node_modules/.pnpm/@react-navigation+elements@2.6.4_@react-navigation+native@7.1.17_react-native@0.81.5_@b_28a2c3a7af745b08fd3e3ec803bf51ba/node_modules/@react-navigation/elements/lib/module/assets
	Result        : file:///Users/valentinasenov/Library/Developer/CoreSimulator/Devices/4EC5F74C-5A9C-4D89-8E44-374310E684AE/data/Containers/Bundle/Application/31087BF4-D319-4611-A136-08A015F59238/YourSofia.app/assets/node_modules/.pnpm/@react-navigation+elements@2.6.4_@react-navigation+native@7.1.17_react-native@0.81.5_@b_28a2c3a7af745b08fd3e3ec803bf51ba/node_modules/@react-navigation/elements/lib/module/assets/close-icon@3x.png
2026-08-17 11:24:58.060 Db YourSofia[98412:31db11] [com.apple.CFBundle:strings] Bundle: CFBundle 0x600003b18000 </Library/Developer/CoreSimulator/Volumes/iOS_23D8133/Library/Developer/CoreSimulator/Profiles/Runtimes/iOS 26.3.simruntime/Contents/Resources/RuntimeRoot/System/Library/PrivateFrameworks/UIKitCore.framework> (not loaded), key: Learn…, value: Learn…, table: Localizable, localizationNames: (null), result: Learn…
2026-08-17 11:24:58.060 Db YourSofia[98412:31db11] [com.apple.CFBundle:strings] Bundle: CFBundle 0x600003b18000 </Library/Developer/CoreSimulator/Volumes/iOS_23D8133/Library/Developer/CoreSimulator/Profiles/Runtimes/iOS 26.3.simruntime/Contents/Resources/RuntimeRoot/System/Library/PrivateFrameworks/UIKitCore.framework> (not loaded), key: Look Up, value: Look Up, table: Localizable, localizationNames: (null), result: Look Up
2026-08-17 11:24:58.060 Db YourSofia[98412:31db11] [com.apple.CFBundle:strings] Bundle: CFBundle 0x600003b18000 </Library/Developer/CoreSimulator/Volumes/iOS_23D8133/Library/Developer/CoreSimulator/Profiles/Runtimes/iOS 26.3.simruntime/Contents/Resources/RuntimeRoot/System/Library/PrivateFrameworks/UIKitCore.framework> (not loaded), key: Insert Drawing, value: Insert Drawing, table: Localizable, localizationNames: (null), result: Insert Drawing
2026-08-17 11:24:58.060 Db YourSofia[98412:31db11] [com.apple.CFBundle:strings] Bundle: CFBundle 0x600003b18000 </Library/Developer/CoreSimulator/Volumes/iOS_23D8133/Library/Developer/CoreSimulator/Profiles/Runtimes/iOS 26.3.simruntime/Contents/Resources/RuntimeRoot/System/Library/PrivateFrameworks/UIKitCore.framework> (not loaded), key: Look Up, value: Look Up, table: Localizable, localizationNames: (null), result: Look Up
2026-08-17 11:24:58.060 Db YourSofia[98412:31db11] [com.apple.CFBundle:strings] Bundle: CFBundle 0x600003b18000 </Library/Developer/CoreSimulator/Volumes/iOS_23D8133/Library/Developer/CoreSimulator/Profiles/Runtimes/iOS 26.3.simruntime/Contents/Resources/RuntimeRoot/System/Library/PrivateFrameworks/UIKitCore.framework> (not loaded), key: Replace…, value: Replace…, table: Localizable, localizationNames: (null), result: Replace…
2026-08-17 11:24:58.060 Db YourSofia[98412:31db11] [com.apple.CFBundle:strings] Bundle: CFBundle 0x600003b18000 </Library/Developer/CoreSimulator/Volumes/iOS_23D8133/Library/Developer/CoreSimulator/Profiles/Runtimes/iOS 26.3.simruntime/Contents/Resources/RuntimeRoot/System/Library/PrivateFrameworks/UIKitCore.framework> (not loaded), key: Share…, value: Share…, table: Localizable, localizationNames: (null), result: Share…
2026-08-17 11:24:58.060 Db YourSofia[98412:31db11] [com.apple.CFBundle:strings] Bundle: CFBundle 0x600003b18000 </Library/Developer/CoreSimulator/Volumes/iOS_23D8133/Library/Developer/CoreSimulator/Profiles/Runtimes/iOS 26.3.simruntime/Contents/Resources/RuntimeRoot/System/Library/PrivateFrameworks/UIKitCore.framework> (not loaded), key: Find, value: Find, table: Localizable, localizationNames: (null), result: Find
2026-08-17 11:24:58.060 Db YourSofia[98412:31db11] [com.apple.CFBundle:strings] Bundle: CFBundle 0x600003b18000 </Library/Developer/CoreSimulator/Volumes/iOS_23D8133/Library/Developer/CoreSimulator/Profiles/Runtimes/iOS 26.3.simruntime/Contents/Resources/RuntimeRoot/System/Library/PrivateFrameworks/UIKitCore.framework> (not loaded), key: Find & Replace, value: Find & Replace, table: Localizable, localizationNames: (null), result: Find & Replace
2026-08-17 11:24:58.060 Db YourSofia[98412:31db11] [com.apple.CFBundle:strings] Bundle: CFBundle 0x600003b18000 </Library/Developer/CoreSimulator/Volumes/iOS_23D8133/Library/Developer/CoreSimulator/Profiles/Runtimes/iOS 26.3.simruntime/Contents/Resources/RuntimeRoot/System/Library/PrivateFrameworks/UIKitCore.framework> (not loaded), key: Find Next, value: Find Next, table: Localizable, localizationNames: (null), result: Find Next
2026-08-17 11:24:58.060 Db YourSofia[98412:31db11] [com.apple.CFBundle:strings] Bundle: CFBundle 0x600003b18000 </Library/Developer/CoreSimulator/Volumes/iOS_23D8133/Library/Developer/CoreSimulator/Profiles/Runtimes/iOS 26.3.simruntime/Contents/Resources/RuntimeRoot/System/Library/PrivateFrameworks/UIKitCore.framework> (not loaded), key: Find Previous, value: Find Previous, table: Localizable, localizationNames: (null), result: Find Previous
2026-08-17 11:24:58.060 Db YourSofia[98412:31db11] [com.apple.CFBundle:strings] Bundle: CFBundle 0x600003b18000 </Library/Developer/CoreSimulator/Volumes/iOS_23D8133/Library/Developer/CoreSimulator/Profiles/Runtimes/iOS 26.3.simruntime/Contents/Resources/RuntimeRoot/System/Library/PrivateFrameworks/UIKitCore.framework> (not loaded), key: Use Selection for Find, value: Use Selection for Find, table: Localizable, localizationNames: (null), result: Use Selection for Find
2026-08-17 11:24:58.060 Db YourSofia[98412:31db11] [com.apple.CFBundle:strings] Bundle: CFBundle 0x600003b18000 </Library/Developer/CoreSimulator/Volumes/iOS_23D8133/Library/Developer/CoreSimulator/Profiles/Runtimes/iOS 26.3.simruntime/Contents/Resources/RuntimeRoot/System/Library/PrivateFrameworks/UIKitCore.framework> (not loaded), key: Find Selection, value: Find Selection, table: Localizable, localizationNames: (null), result: Find Selection
2026-08-17 11:24:58.060 Db YourSofia[98412:31db11] [com.apple.CFBundle:strings] Bundle: CFBundle 0x600003b18000 </Library/Developer/CoreSimulator/Volumes/iOS_23D8133/Library/Developer/CoreSimulator/Profiles/Runtimes/iOS 26.3.simruntime/Contents/Resources/RuntimeRoot/System/Library/PrivateFrameworks/UIKitCore.framework> (not loaded), key: Open..., value: Open..., table: Localizable, localizationNames: (null), result: Open...
2026-08-17 11:24:58.060 Db YourSofia[98412:31db11] [com.apple.CFBundle:strings] Bundle: CFBundle 0x600003b18000 </Library/Developer/CoreSimulator/Volumes/iOS_23D8133/Library/Developer/CoreSimulator/Profiles/Runtimes/iOS 26.3.simruntime/Contents/Resources/RuntimeRoot/System/Library/PrivateFrameworks/UIKitCore.framework> (not loaded), key: Open in New Window, value: Open in New Window, table: Localizable, localizationNames: (null), result: Open in New Window
2026-08-17 11:24:58.060 Db YourSofia[98412:31db11] [com.apple.CFBundle:strings] Bundle: CFBundle 0x600003b18000 </Library/Developer/CoreSimulator/Volumes/iOS_23D8133/Library/Developer/CoreSimulator/Profiles/Runtimes/iOS 26.3.simruntime/Contents/Resources/RuntimeRoot/System/Library/PrivateFrameworks/UIKitCore.framework> (not loaded), key: KEYSHORTCUTHUDITEM_FORMAT_TEXTALIGN_LEFT, value: Align Left, table: Localizable, localizationNames: (null), result: Align Left
2026-08-17 11:24:58.060 Db YourSofia[98412:31db8c] [com.apple.CFBundle:resources] Resource lookup at CFBundle 0x600003b082a0 </Users/valentinasenov/Library/Developer/CoreSimulator/Devices/4EC5F74C-5A9C-4D89-8E44-374310E684AE/data/Containers/Bundle/Application/31087BF4-D319-4611-A136-08A015F59238/YourSofia.app> (executable, loaded)
	Request       : search-icon type: png path: assets/node_modules/.pnpm/@react-navigation+elements@2.6.4_@react-navigation+native@7.1.17_react-native@0.81.5_@b_28a2c3a7af745b08fd3e3ec803bf51ba/node_modules/@react-navigation/elements/lib/module/assets
	Result        : file:///Users/valentinasenov/Library/Developer/CoreSimulator/Devices/4EC5F74C-5A9C-4D89-8E44-374310E684AE/data/Containers/Bundle/Application/31087BF4-D319-4611-A136-08A015F59238/YourSofia.app/assets/node_modules/.pnpm/@react-navigation+elements@2.6.4_@react-navigation+native@7.1.17_react-native@0.81.5_@b_28a2c3a7af745b08fd3e3ec803bf51ba/node_modules/@react-navigation/elements/lib/module/assets/search-icon.png
2026-08-17 11:24:58.060 Db YourSofia[98412:31db11] [com.apple.CFBundle:strings] Bundle: CFBundle 0x600003b18000 </Library/Developer/CoreSimulator/Volumes/iOS_23D8133/Library/Developer/CoreSimulator/Profiles/Runtimes/iOS 26.3.simruntime/Contents/Resources/RuntimeRoot/System/Library/PrivateFrameworks/UIKitCore.framework> (not loaded), key: KEYSHORTCUTHUDITEM_FORMAT_TEXTALIGN_CENTER, value: Center, table: Localizable, localizationNames: (null), result: Center
2026-08-17 11:24:58.060 Db YourSofia[98412:31db11] [com.apple.CFBundle:strings] Bundle: CFBundle 0x600003b18000 </Library/Developer/CoreSimulator/Volumes/iOS_23D8133/Library/Developer/CoreSimulator/Profiles/Runtimes/iOS 26.3.simruntime/Contents/Resources/RuntimeRoot/System/Library/PrivateFrameworks/UIKitCore.framework> (not loaded), key: KEYSHORTCUTHUDITEM_FORMAT_TEXTALIGN_JUSTIFY, value: Justify, table: Localizable, localizationNames: (null), result: Justify
2026-08-17 11:24:58.060 Db YourSofia[98412:31db11] [com.apple.CFBundle:strings] Bundle: CFBundle 0x600003b18000 </Library/Developer/CoreSimulator/Volumes/iOS_23D8133/Library/Developer/CoreSimulator/Profiles/Runtimes/iOS 26.3.simruntime/Contents/Resources/RuntimeRoot/System/Library/PrivateFrameworks/UIKitCore.framework> (not loaded), key: KEYSHORTCUTHUDITEM_FORMAT_TEXTALIGN_RIGHT, value: Align Right, table: Localizable, localizationNames: (null), result: Align Right
2026-08-17 11:24:58.060 Db YourSofia[98412:31db11] [com.apple.CFBundle:strings] Bundle: CFBundle 0x600003b18000 </Library/Developer/CoreSimulator/Volumes/iOS_23D8133/Library/Developer/CoreSimulator/Profiles/Runtimes/iOS 26.3.simruntime/Contents/Resources/RuntimeRoot/System/Library/PrivateFrameworks/UIKitCore.framework> (not loaded), key: KEYSHORTCUTHUDITEM_VIEW_CUSTOMIZE_TOOLBAR, value: Customize Toolbar…, table: Localizable, localizationNames: (null), result: Customize Toolbar…
2026-08-17 11:24:58.060 Db YourSofia[98412:31db11] [com.apple.CFBundle:strings] Bundle: CFBundle 0x600003b18000 </Library/Developer/CoreSimulator/Volumes/iOS_23D8133/Library/Developer/CoreSimulator/Profiles/Runtimes/iOS 26.3.simruntime/Contents/Resources/RuntimeRoot/System/Library/PrivateFrameworks/UIKitCore.framework> (not loaded), key: Show Sidebar, value: Show Sidebar, table: Localizable, localizationNames: (null), result: Show Sidebar
2026-08-17 11:24:58.060 Db YourSofia[98412:31db11] [com.apple.CFBundle:strings] Bundle: CFBundle 0x600003b18000 </Library/Developer/CoreSimulator/Volumes/iOS_23D8133/Library/Developer/CoreSimulator/Profiles/Runtimes/iOS 26.3.simruntime/Contents/Resources/RuntimeRoot/System/Library/PrivateFrameworks/UIKitCore.framework> (not loaded), key: Show Inspector, value: Show Inspector, table: Localizable, localizationNames: (null), result: Show Inspector
2026-08-17 11:24:58.060 Db YourSofia[98412:31db11] [com.apple.CFBundle:strings] Bundle: CFBundle 0x600003b18000 </Library/Developer/CoreSimulator/Volumes/iOS_23D8133/Library/Developer/CoreSimulator/Profiles/Runtimes/iOS 26.3.simruntime/Contents/Resources/RuntimeRoot/System/Library/PrivateFrameworks/UIKitCore.framework> (not loaded), key: Show Keyboard, value: Show Keyboard, table: Localizable, localizationNames: (null), result: Show Keyboard
2026-08-17 11:24:58.060 Db YourSofia[98412:31db11] [com.apple.CFBundle:strings] Bundle: CFBundle 0x600003b18000 </Library/Developer/CoreSimulator/Volumes/iOS_23D8133/Library/Developer/CoreSimulator/Profiles/Runtimes/iOS 26.3.simruntime/Contents/Resources/RuntimeRoot/System/Library/PrivateFrameworks/UIKitCore.framework> (not loaded), key: KEYSHORTCUTHUDITEM_FILE_CLOSE, value: Close, table: Localizable, localizationNames: (null), result: Close
2026-08-17 11:24:58.060 Db YourSofia[98412:31db11] [com.apple.CFBundle:strings] Bundle: CFBundle 0x600003b18000 </Library/Developer/CoreSimulator/Volumes/iOS_23D8133/Library/Developer/CoreSimulator/Profiles/Runtimes/iOS 26.3.simruntime/Contents/Resources/RuntimeRoot/System/Library/PrivateFrameworks/UIKitCore.framework> (not loaded), key: KEYSHORTCUTHUDITEM_FILE_CLOSE_ALL, value: Close All, table: Localizable, localizationNames: (null), result: Close All
2026-08-17 11:24:58.060 Db YourSofia[98412:31db11] [com.apple.CFBundle:strings] Bundle: CFBundle 0x600003b18000 </Library/Developer/CoreSimulator/Volumes/iOS_23D8133/Library/Developer/CoreSimulator/Profiles/Runtimes/iOS 26.3.simruntime/Contents/Resources/RuntimeRoot/System/Library/PrivateFrameworks/UIKitCore.framework> (not loaded), key: Print, value: Print, table: Localizable, localizationNames: (null), result: Print
2026-08-17 11:24:58.060 Db YourSofia[98412:31db11] [com.apple.CFBundle:strings] Bundle: CFBundle 0x600003b18000 </Library/Developer/CoreSimulator/Volumes/iOS_23D8133/Library/Developer/CoreSimulator/Profiles/Runtimes/iOS 26.3.simruntime/Contents/Resources/RuntimeRoot/System/Library/PrivateFrameworks/UIKitCore.framework> (not loaded), key: Scan Text, value: Scan Text, table: Localizable, localizationNames: (null), result: Scan Text
2026-08-17 11:24:58.060 Db YourSofia[98412:31db11] [com.apple.CFBundle:strings] Bundle: CFBundle 0x600003b18000 </Library/Developer/CoreSimulator/Volumes/iOS_23D8133/Library/Developer/CoreSimulator/Profiles/Runtimes/iOS 26.3.simruntime/Contents/Resources/RuntimeRoot/System/Library/PrivateFrameworks/UIKitCore.framework> (not loaded), key: Translate, value: Translate, table: Localizable, localizationNames: (null), result: Translate
2026-08-17 11:24:58.060 Db YourSofia[98412:31db11] [com.apple.CFBundle:strings] Bundle: CFBundle 0x600003b18000 </Library/Developer/CoreSimulator/Volumes/iOS_23D8133/Library/Developer/CoreSimulator/Profiles/Runtimes/iOS 26.3.simruntime/Contents/Resources/RuntimeRoot/System/Library/PrivateFrameworks/UIKitCore.framework> (not loaded), key: Writing Tools, value: Writing Tools, table: Localizable, localizationNames: (null), result: Writing Tools
2026-08-17 11:24:58.060 Db YourSofia[98412:31db8c] [com.apple.CFBundle:resources] Resource lookup at CFBundle 0x600003b082a0 </Users/valentinasenov/Library/Developer/CoreSimulator/Devices/4EC5F74C-5A9C-4D89-8E44-374310E684AE/data/Containers/Bundle/Application/31087BF4-D319-4611-A136-08A015F59238/YourSofia.app> (executable, loaded)
	Request       : search-icon@2x type: png path: assets/node_modules/.pnpm/@react-navigation+elements@2.6.4_@react-navigation+native@7.1.17_react-native@0.81.5_@b_28a2c3a7af745b08fd3e3ec803bf51ba/node_modules/@react-navigation/elements/lib/module/assets
	Result        : file:///Users/valentinasenov/Library/Developer/CoreSimulator/Devices/4EC5F74C-5A9C-4D89-8E44-374310E684AE/data/Containers/Bundle/Application/31087BF4-D319-4611-A136-08A015F59238/YourSofia.app/assets/node_modules/.pnpm/@react-navigation+elements@2.6.4_@react-navigation+native@7.1.17_react-native@0.81.5_@b_28a2c3a7af745b08fd3e3ec803bf51ba/node_modules/@react-navigation/elements/lib/module/assets/search-icon@2x.png
2026-08-17 11:24:58.060 Db YourSofia[98412:31db11] [com.apple.CFBundle:strings] Bundle: CFBundle 0x600003b18000 </Library/Developer/CoreSimulator/Volumes/iOS_23D8133/Library/Developer/CoreSimulator/Profiles/Runtimes/iOS 26.3.simruntime/Contents/Resources/RuntimeRoot/System/Library/PrivateFrameworks/UIKitCore.framework> (not loaded), key: KEYSHORTCUTHUDITEM_APP_SERVICES, value: Services, table: Localizable, localizationNames: (null), result: Services
2026-08-17 11:24:58.060 Db YourSofia[98412:31db11] [com.apple.CFBundle:strings] Bundle: CFBundle 0x600003b18000 </Library/Developer/CoreSimulator/Volumes/iOS_23D8133/Library/Developer/CoreSimulator/Profiles/Runtimes/iOS 26.3.simruntime/Contents/Resources/RuntimeRoot/System/Library/PrivateFrameworks/UIKitCore.framework> (not loaded), key: KEYSHORTCUTHUD_FILE, value: File, table: Localizable, localizationNames: (null), result: File
2026-08-17 11:24:58.060 Db YourSofia[98412:31db11] [com.apple.CFBundle:strings] Bundle: CFBundle 0x600003b18000 </Library/Developer/CoreSimulator/Volumes/iOS_23D8133/Library/Developer/CoreSimulator/Profiles/Runtimes/iOS 26.3.simruntime/Contents/Resources/RuntimeRoot/System/Library/PrivateFrameworks/UIKitCore.framework> (not loaded), key: KEYSHORTCUTHUDITEM_FILE_OPEN_RECENT, value: Open Recent, table: Localizable, localizationNames: (null), result: Open Recent
2026-08-17 11:24:58.060 Db YourSofia[98412:31db11] [com.apple.CFBundle:strings] Bundle: CFBundle 0x600003b18000 </Library/Developer/CoreSimulator/Volumes/iOS_23D8133/Library/Developer/CoreSimulator/Profiles/Runtimes/iOS 26.3.simruntime/Contents/Resources/RuntimeRoot/System/Library/PrivateFrameworks/UIKitCore.framework> (not loaded), key: KEYSHORTCUTHUD_EDIT, value: Edit, table: Localizable, localizationNames: (null), result: Edit
2026-08-17 11:24:58.060 Db YourSofia[98412:31db11] [com.apple.CFBundle:strings] Bundle: CFBundle 0x600003b18000 </Library/Developer/CoreSimulator/Volumes/iOS_23D8133/Library/Developer/CoreSimulator/Profiles/Runtimes/iOS 26.3.simruntime/Contents/Resources/RuntimeRoot/System/Library/PrivateFrameworks/UIKitCore.framework> (not loaded), key: KEYSHORTCUTHUDITEM_EDIT_FIND_MENU, value: Find, table: Localizable, localizationNames: (null), result: Find
2026-08-17 11:24:58.060 Db YourSofia[98412:31db11] [com.apple.CFBundle:strings] Bundle: CFBundle 0x600003b18000 </Library/Developer/CoreSimulator/Volumes/iOS_23D8133/Library/Developer/CoreSimulator/Profiles/Runtimes/iOS 26.3.simruntime/Contents/Resources/RuntimeRoot/System/Library/PrivateFrameworks/UIKitCore.framework> (not loaded), key: KEYSHORTCUTHUDITEM_EDIT_SPELLING_AND_GRAMMAR, value: Spelling and Grammar, table: Localizable, localizationNames: (null), result: Spelling and Grammar
2026-08-17 11:24:58.060 Db YourSofia[98412:31db11] [com.apple.CFBundle:strings] Bundle: CFBundle 0x600003b18000 </Library/Developer/CoreSimulator/Volumes/iOS_23D8133/Library/Developer/CoreSimulator/Profiles/Runtimes/iOS 26.3.simruntime/Contents/Resources/RuntimeRoot/System/Library/PrivateFrameworks/UIKitCore.framework> (not loaded), key: KEYSHORTCUTHUDITEM_EDIT_SUBSTITUTIONS, value: Substitutions, table: Localizable, localizationNames: (null), result: Substitutions
2026-08-17 11:24:58.060 Db YourSofia[98412:31db11] [com.apple.CFBundle:strings] Bundle: CFBundle 0x600003b18000 </Library/Developer/CoreSimulator/Volumes/iOS_23D8133/Library/Developer/CoreSimulator/Profiles/Runtimes/iOS 26.3.simruntime/Contents/Resources/RuntimeRoot/System/Library/PrivateFrameworks/UIKitCore.framework> (not loaded), key: KEYSHORTCUTHUDITEM_EDIT_TRANSFORMATIONS, value: Transformations, table: Localizable, localizationNames: (null), result: Transformations
2026-08-17 11:24:58.060 Db YourSofia[98412:31db11] [com.apple.CFBundle:strings] Bundle: CFBundle 0x600003b18000 </Library/Developer/CoreSimulator/Volumes/iOS_23D8133/Library/Developer/CoreSimulator/Profiles/Runtimes/iOS 26.3.simruntime/Contents/Resources/RuntimeRoot/System/Library/PrivateFrameworks/UIKitCore.framework> (not loaded), key: KEYSHORTCUTHUDITEM_EDIT_SPEECH, value: Speech, table: Localizable, localizationNames: (null), result: Speech
2026-08-17 11:24:58.060 Db YourSofia[98412:31db11] [com.apple.CFBundle:strings] Bundle: CFBundle 0x600003b18000 </Library/Developer/CoreSimulator/Volumes/iOS_23D8133/Library/Developer/CoreSimulator/Profiles/Runtimes/iOS 26.3.simruntime/Contents/Resources/RuntimeRoot/System/Library/PrivateFrameworks/UIKitCore.framework> (not loaded), key: KEYSHORTCUTHUD_FORMAT, value: Format, table: Localizable, localizationNames: (null), result: Format
2026-08-17 11:24:58.060 Db YourSofia[98412:31db11] [com.apple.CFBundle:strings] Bundle: CFBundle 0x600003b18000 </Library/Developer/CoreSimulator/Volumes/iOS_23D8133/Library/Developer/CoreSimulator/Profiles/Runtimes/iOS 26.3.simruntime/Contents/Resources/RuntimeRoot/System/Library/PrivateFrameworks/UIKitCore.framework> (not loaded), key: KEYSHORTCUTHUDITEM_FORMAT_FONT, value: Font, table: Localizable, localizationNames: (null), result: Font
2026-08-17 11:24:58.060 Db YourSofia[98412:31db11] [com.apple.CFBundle:strings] Bundle: CFBundle 0x600003b18000 </Library/Developer/CoreSimulator/Volumes/iOS_23D8133/Library/Developer/CoreSimulator/Profiles/Runtimes/iOS 26.3.simruntime/Contents/Resources/RuntimeRoot/System/Library/PrivateFrameworks/UIKitCore.framework> (not loaded), key: KEYSHORTCUTHUDITEM_FORMAT_TEXT, value: Text, table: Localizable, localizationNames: (null), result: Text
2026-08-17 11:24:58.060 Db YourSofia[98412:31db11] [com.apple.CFBundle:strings] Bundle: CFBundle 0x600003b18000 </Library/Developer/CoreSimulator/Volumes/iOS_23D8133/Library/Developer/CoreSimulator/Profiles/Runtimes/iOS 26.3.simruntime/Contents/Resources/RuntimeRoot/System/Library/PrivateFrameworks/UIKitCore.framework> (not loaded), key: KEYSHORTCUTHUDITEM_FORMAT_TEXT_WRITING_DIRECTION, value: Writing Direction, table: Localizable, localizationNames: (null), result: Writing Direction
2026-08-17 11:24:58.060 Db YourSofia[98412:31db11] [com.apple.CFBundle:strings] Bundle: CFBundle 0x600003b18000 </Library/Developer/CoreSimulator/Volumes/iOS_23D8133/Library/Developer/CoreSimulator/Profiles/Runtimes/iOS 26.3.simruntime/Contents/Resources/RuntimeRoot/System/Library/PrivateFrameworks/UIKitCore.framework> (not loaded), key: KEYSHORTCUTHUD_VIEW, value: View, table: Localizable, localizationNames: (null), result: View
2026-08-17 11:24:58.060 Db YourSofia[98412:31db11] [com.apple.CFBundle:strings] Bundle: CFBundle 0x600003b18000 </Library/Developer/CoreSimulator/Volumes/iOS_23D8133/Library/Developer/CoreSimulator/Profiles/Runtimes/iOS 26.3.simruntime/Contents/Resources/RuntimeRoot/System/Library/PrivateFrameworks/UIKitCore.framework> (not loaded), key: KEYSHORTCUTHUD_WINDOW, value: Window, table: Localizable, localizationNames: (null), result: Window
2026-08-17 11:24:58.060 Db YourSofia[98412:31db11] [com.apple.CFBundle:strings] Bundle: CFBundle 0x600003b18000 </Library/Developer/CoreSimulator/Volumes/iOS_23D8133/Library/Developer/CoreSimulator/Profiles/Runtimes/iOS 26.3.simruntime/Contents/Resources/RuntimeRoot/System/Library/PrivateFrameworks/UIKitCore.framework> (not loaded), key: KEYSHORTCUTHUD_HELP, value: Help, table: Localizable, localizationNames: (null), result: Help
2026-08-17 11:24:58.060 Db YourSofia[98412:31db11] [com.apple.CFBundle:strings] Bundle: CFBundle 0x600003b18000 </Library/Developer/CoreSimulator/Volumes/iOS_23D8133/Library/Developer/CoreSimulator/Profiles/Runtimes/iOS 26.3.simruntime/Contents/Resources/RuntimeRoot/System/Library/PrivateFrameworks/UIKitCore.framework> (not loaded), key: KEYSHORTCUTHUDITEM_FORMAT_TEXT_STYLE, value: Text Style, table: Localizable, localizationNames: (null), result: Text Style
2026-08-17 11:24:58.060 Db YourSofia[98412:31db11] [com.apple.CFBundle:strings] Bundle: CFBundle 0x600003b18000 </Library/Developer/CoreSimulator/Volumes/iOS_23D8133/Library/Developer/CoreSimulator/Profiles/Runtimes/iOS 26.3.simruntime/Contents/Resources/RuntimeRoot/System/Library/PrivateFrameworks/UIKitCore.framework> (not loaded), key: KEYSHORTCUTHUD_AUTOFILL, value: AutoFill, table: Localizable, localizationNames: (null), result: AutoFill
2026-08-17 11:24:58.060 Db YourSofia[98412:31db8c] [com.apple.CFBundle:resources] Resource lookup at CFBundle 0x600003b082a0 </Users/valentinasenov/Library/Developer/CoreSimulator/Devices/4EC5F74C-5A9C-4D89-8E44-374310E684AE/data/Containers/Bundle/Application/31087BF4-D319-4611-A136-08A015F59238/YourSofia.app> (executable, loaded)
	Request       : search-icon@3x type: png path: assets/node_modules/.pnpm/@react-navigation+elements@2.6.4_@react-navigation+native@7.1.17_react-native@0.81.5_@b_28a2c3a7af745b08fd3e3ec803bf51ba/node_modules/@react-navigation/elements/lib/module/assets
	Result        : file:///Users/valentinasenov/Library/Developer/CoreSimulator/Devices/4EC5F74C-5A9C-4D89-8E44-374310E684AE/data/Containers/Bundle/Application/31087BF4-D319-4611-A136-08A015F59238/YourSofia.app/assets/node_modules/.pnpm/@react-navigation+elements@2.6.4_@react-navigation+native@7.1.17_react-native@0.81.5_@b_28a2c3a7af745b08fd3e3ec803bf51ba/node_modules/@react-navigation/elements/lib/module/assets/search-icon@3x.png
2026-08-17 11:24:58.061 Db YourSofia[98412:31db11] [com.apple.CFBundle:resources] Resource lookup at CFBundle 0x600003b082a0 </Users/valentinasenov/Library/Developer/CoreSimulator/Devices/4EC5F74C-5A9C-4D89-8E44-374310E684AE/data/Containers/Bundle/Application/31087BF4-D319-4611-A136-08A015F59238/YourSofia.app> (executable, loaded)
	Request       : InfoPlist type: strings
	Result        : None
2026-08-17 11:24:58.061 Db YourSofia[98412:31db11] [com.apple.CFBundle:resources] Resource lookup at CFBundle 0x600003b082a0 </Users/valentinasenov/Library/Developer/CoreSimulator/Devices/4EC5F74C-5A9C-4D89-8E44-374310E684AE/data/Containers/Bundle/Application/31087BF4-D319-4611-A136-08A015F59238/YourSofia.app> (executable, loaded)
	Request       : InfoPlist type: stringsdict
	Result        : None
2026-08-17 11:24:58.061 Db YourSofia[98412:31db11] [com.apple.CFBundle:strings] Bundle: CFBundle 0x600003b18000 </Library/Developer/CoreSimulator/Volumes/iOS_23D8133/Library/Developer/CoreSimulator/Profiles/Runtimes/iOS 26.3.simruntime/Contents/Resources/RuntimeRoot/System/Library/PrivateFrameworks/UIKitCore.framework> (not loaded), key: KEYSHORTCUTHUD_APP_SETTINGS_ELLIPSIS, value: %@ Settings…, table: Localizable, localizationNames: (null), result: %@ Settings…
2026-08-17 11:24:58.061 Db YourSofia[98412:31db8c] [com.apple.CFBundle:resources] Resource lookup at CFBundle 0x600003b082a0 </Users/valentinasenov/Library/Developer/CoreSimulator/Devices/4EC5F74C-5A9C-4D89-8E44-374310E684AE/data/Containers/Bundle/Application/31087BF4-D319-4611-A136-08A015F59238/YourSofia.app> (executable, loaded)
	Request       : error type: png path: assets/node_modules/.pnpm/expo-router@6.0.22_df0c677153b00f82db80c956be709681/node_modules/expo-router/assets
	Result        : file:///Users/valentinasenov/Library/Developer/CoreSimulator/Devices/4EC5F74C-5A9C-4D89-8E44-374310E684AE/data/Containers/Bundle/Application/31087BF4-D319-4611-A136-08A015F59238/YourSofia.app/assets/node_modules/.pnpm/expo-router@6.0.22_df0c677153b00f82db80c956be709681/node_modules/expo-router/assets/error.png
2026-08-17 11:24:58.061 Db YourSofia[98412:31db8c] [com.apple.CFBundle:resources] Resource lookup at CFBundle 0x600003b082a0 </Users/valentinasenov/Library/Developer/CoreSimulator/Devices/4EC5F74C-5A9C-4D89-8E44-374310E684AE/data/Containers/Bundle/Application/31087BF4-D319-4611-A136-08A015F59238/YourSofia.app> (executable, loaded)
	Request       : file type: png path: assets/node_modules/.pnpm/expo-router@6.0.22_df0c677153b00f82db80c956be709681/node_modules/expo-router/assets
	Result        : file:///Users/valentinasenov/Library/Developer/CoreSimulator/Devices/4EC5F74C-5A9C-4D89-8E44-374310E684AE/data/Containers/Bundle/Application/31087BF4-D319-4611-A136-08A015F59238/YourSofia.app/assets/node_modules/.pnpm/expo-router@6.0.22_df0c677153b00f82db80c956be709681/node_modules/expo-router/assets/file.png
2026-08-17 11:24:58.061 Db YourSofia[98412:31db8c] [com.apple.CFBundle:resources] Resource lookup at CFBundle 0x600003b082a0 </Users/valentinasenov/Library/Developer/CoreSimulator/Devices/4EC5F74C-5A9C-4D89-8E44-374310E684AE/data/Containers/Bundle/Application/31087BF4-D319-4611-A136-08A015F59238/YourSofia.app> (executable, loaded)
	Request       : pkg type: png path: assets/node_modules/.pnpm/expo-router@6.0.22_df0c677153b00f82db80c956be709681/node_modules/expo-router/assets
	Result        : file:///Users/valentinasenov/Library/Developer/CoreSimulator/Devices/4EC5F74C-5A9C-4D89-8E44-374310E684AE/data/Containers/Bundle/Application/31087BF4-D319-4611-A136-08A015F59238/YourSofia.app/assets/node_modules/.pnpm/expo-router@6.0.22_df0c677153b00f82db80c956be709681/node_modules/expo-router/assets/pkg.png
2026-08-17 11:24:58.061 Db YourSofia[98412:31db8c] [com.apple.CFBundle:resources] Resource lookup at CFBundle 0x600003b082a0 </Users/valentinasenov/Library/Developer/CoreSimulator/Devices/4EC5F74C-5A9C-4D89-8E44-374310E684AE/data/Containers/Bundle/Application/31087BF4-D319-4611-A136-08A015F59238/YourSofia.app> (executable, loaded)
	Request       : forward type: png path: assets/node_modules/.pnpm/expo-router@6.0.22_df0c677153b00f82db80c956be709681/node_modules/expo-router/assets
	Result        : file:///Users/valentinasenov/Library/Developer/CoreSimulator/Devices/4EC5F74C-5A9C-4D89-8E44-374310E684AE/data/Containers/Bundle/Application/31087BF4-D319-4611-A136-08A015F59238/YourSofia.app/assets/node_modules/.pnpm/expo-router@6.0.22_df0c677153b00f82db80c956be709681/node_modules/expo-router/assets/forward.png
2026-08-17 11:24:58.061 Db YourSofia[98412:31db8c] [com.apple.CFBundle:resources] Resource lookup at CFBundle 0x600003b082a0 </Users/valentinasenov/Library/Developer/CoreSimulator/Devices/4EC5F74C-5A9C-4D89-8E44-374310E684AE/data/Containers/Bundle/Application/31087BF4-D319-4611-A136-08A015F59238/YourSofia.app> (executable, loaded)
	Request       : sitemap type: png path: assets/node_modules/.pnpm/expo-router@6.0.22_df0c677153b00f82db80c956be709681/node_modules/expo-router/assets
	Result        : file:///Users/valentinasenov/Library/Developer/CoreSimulator/Devices/4EC5F74C-5A9C-4D89-8E44-374310E684AE/data/Containers/Bundle/Application/31087BF4-D319-4611-A136-08A015F59238/YourSofia.app/assets/node_modules/.pnpm/expo-router@6.0.22_df0c677153b00f82db80c956be709681/node_modules/expo-router/assets/sitemap.png
2026-08-17 11:24:58.061 Db YourSofia[98412:31db8c] [com.apple.CFBundle:resources] Resource lookup at CFBundle 0x600003b082a0 </Users/valentinasenov/Library/Developer/CoreSimulator/Devices/4EC5F74C-5A9C-4D89-8E44-374310E684AE/data/Containers/Bundle/Application/31087BF4-D319-4611-A136-08A015F59238/YourSofia.app> (executable, loaded)
	Request       : arrow_down type: png path: assets/node_modules/.pnpm/expo-router@6.0.22_df0c677153b00f82db80c956be709681/node_modules/expo-router/assets
	Result        : file:///Users/valentinasenov/Library/Developer/CoreSimulator/Devices/4EC5F74C-5A9C-4D89-8E44-374310E684AE/data/Containers/Bundle/Application/31087BF4-D319-4611-A136-08A015F59238/YourSofia.app/assets/node_modules/.pnpm/expo-router@6.0.22_df0c677153b00f82db80c956be709681/node_modules/expo-router/assets/arrow_down.png
2026-08-17 11:24:58.062 Db YourSofia[98412:31db8c] [com.apple.CFBundle:resources] Resource lookup at CFBundle 0x600003b082a0 </Users/valentinasenov/Library/Developer/CoreSimulator/Devices/4EC5F74C-5A9C-4D89-8E44-374310E684AE/data/Containers/Bundle/Application/31087BF4-D319-4611-A136-08A015F59238/YourSofia.app> (executable, loaded)
	Request       : unmatched type: png path: assets/node_modules/.pnpm/expo-router@6.0.22_df0c677153b00f82db80c956be709681/node_modules/expo-router/assets
	Result        : file:///Users/valentinasenov/Library/Developer/CoreSimulator/Devices/4EC5F74C-5A9C-4D89-8E44-374310E684AE/data/Containers/Bundle/Application/31087BF4-D319-4611-A136-08A015F59238/YourSofia.app/assets/node_modules/.pnpm/expo-router@6.0.22_df0c677153b00f82db80c956be709681/node_modules/expo-router/assets/unmatched.png
2026-08-17 11:24:58.062 Db YourSofia[98412:31db8c] [com.apple.CFBundle:resources] Resource lookup at CFBundle 0x600003b082a0 </Users/valentinasenov/Library/Developer/CoreSimulator/Devices/4EC5F74C-5A9C-4D89-8E44-374310E684AE/data/Containers/Bundle/Application/31087BF4-D319-4611-A136-08A015F59238/YourSofia.app> (executable, loaded)
	Request       : JetBrainsMono_500Medium type: ttf path: assets/node_modules/.pnpm/@expo-google-fonts+jetbrains-mono@0.4.1/node_modules/@expo-google-fonts/jetbrains-mono/500Medium
	Result        : file:///Users/valentinasenov/Library/Developer/CoreSimulator/Devices/4EC5F74C-5A9C-4D89-8E44-374310E684AE/data/Containers/Bundle/Application/31087BF4-D319-4611-A136-08A015F59238/YourSofia.app/assets/node_modules/.pnpm/@expo-google-fonts+jetbrains-mono@0.4.1/node_modules/@expo-google-fonts/jetbrains-mono/500Medium/JetBrainsMono_500Medium.ttf
2026-08-17 11:24:58.062 Db YourSofia[98412:31db8c] [com.apple.CFBundle:resources] Resource lookup at CFBundle 0x600003b082a0 </Users/valentinasenov/Library/Developer/CoreSimulator/Devices/4EC5F74C-5A9C-4D89-8E44-374310E684AE/data/Containers/Bundle/Application/31087BF4-D319-4611-A136-08A015F59238/YourSofia.app> (executable, loaded)
	Request       : SofiaSans_100Thin type: ttf path: assets/node_modules/.pnpm/@expo-google-fonts+sofia-sans@0.4.3/node_modules/@expo-google-fonts/sofia-sans/100Thin
	Result        : file:///Users/valentinasenov/Library/Developer/CoreSimulator/Devices/4EC5F74C-5A9C-4D89-8E44-374310E684AE/data/Containers/Bundle/Application/31087BF4-D319-4611-A136-08A015F59238/YourSofia.app/assets/node_modules/.pnpm/@expo-google-fonts+sofia-sans@0.4.3/node_modules/@expo-google-fonts/sofia-sans/100Thin/SofiaSans_100Thin.ttf
2026-08-17 11:24:58.063 Db YourSofia[98412:31db8c] [com.apple.CFBundle:resources] Resource lookup at CFBundle 0x600003b082a0 </Users/valentinasenov/Library/Developer/CoreSimulator/Devices/4EC5F74C-5A9C-4D89-8E44-374310E684AE/data/Containers/Bundle/Application/31087BF4-D319-4611-A136-08A015F59238/YourSofia.app> (executable, loaded)
	Request       : SofiaSans_200ExtraLight type: ttf path: assets/node_modules/.pnpm/@expo-google-fonts+sofia-sans@0.4.3/node_modules/@expo-google-fonts/sofia-sans/200ExtraLight
	Result        : file:///Users/valentinasenov/Library/Developer/CoreSimulator/Devices/4EC5F74C-5A9C-4D89-8E44-374310E684AE/data/Containers/Bundle/Application/31087BF4-D319-4611-A136-08A015F59238/YourSofia.app/assets/node_modules/.pnpm/@expo-google-fonts+sofia-sans@0.4.3/node_modules/@expo-google-fonts/sofia-sans/200ExtraLight/SofiaSans_200ExtraLight.ttf
2026-08-17 11:24:58.063 Db YourSofia[98412:31db8c] [com.apple.CFBundle:resources] Resource lookup at CFBundle 0x600003b082a0 </Users/valentinasenov/Library/Developer/CoreSimulator/Devices/4EC5F74C-5A9C-4D89-8E44-374310E684AE/data/Containers/Bundle/Application/31087BF4-D319-4611-A136-08A015F59238/YourSofia.app> (executable, loaded)
	Request       : SofiaSans_300Light type: ttf path: assets/node_modules/.pnpm/@expo-google-fonts+sofia-sans@0.4.3/node_modules/@expo-google-fonts/sofia-sans/300Light
	Result        : file:///Users/valentinasenov/Library/Developer/CoreSimulator/Devices/4EC5F74C-5A9C-4D89-8E44-374310E684AE/data/Containers/Bundle/Application/31087BF4-D319-4611-A136-08A015F59238/YourSofia.app/assets/node_modules/.pnpm/@expo-google-fonts+sofia-sans@0.4.3/node_modules/@expo-google-fonts/sofia-sans/300Light/SofiaSans_300Light.ttf
2026-08-17 11:24:58.064 Db YourSofia[98412:31db8c] [com.apple.CFBundle:resources] Resource lookup at CFBundle 0x600003b082a0 </Users/valentinasenov/Library/Developer/CoreSimulator/Devices/4EC5F74C-5A9C-4D89-8E44-374310E684AE/data/Containers/Bundle/Application/31087BF4-D319-4611-A136-08A015F59238/YourSofia.app> (executable, loaded)
	Request       : SofiaSans_400Regular type: ttf path: assets/node_modules/.pnpm/@expo-google-fonts+sofia-sans@0.4.3/node_modules/@expo-google-fonts/sofia-sans/400Regular
	Result        : file:///Users/valentinasenov/Library/Developer/CoreSimulator/Devices/4EC5F74C-5A9C-4D89-8E44-374310E684AE/data/Containers/Bundle/Application/31087BF4-D319-4611-A136-08A015F59238/YourSofia.app/assets/node_modules/.pnpm/@expo-google-fonts+sofia-sans@0.4.3/node_modules/@expo-google-fonts/sofia-sans/400Regular/SofiaSans_400Regular.ttf
2026-08-17 11:24:58.064 Db YourSofia[98412:31db8c] [com.apple.CFBundle:resources] Resource lookup at CFBundle 0x600003b082a0 </Users/valentinasenov/Library/Developer/CoreSimulator/Devices/4EC5F74C-5A9C-4D89-8E44-374310E684AE/data/Containers/Bundle/Application/31087BF4-D319-4611-A136-08A015F59238/YourSofia.app> (executable, loaded)
	Request       : SofiaSans_500Medium type: ttf path: assets/node_modules/.pnpm/@expo-google-fonts+sofia-sans@0.4.3/node_modules/@expo-google-fonts/sofia-sans/500Medium
	Result        : file:///Users/valentinasenov/Library/Developer/CoreSimulator/Devices/4EC5F74C-5A9C-4D89-8E44-374310E684AE/data/Containers/Bundle/Application/31087BF4-D319-4611-A136-08A015F59238/YourSofia.app/assets/node_modules/.pnpm/@expo-google-fonts+sofia-sans@0.4.3/node_modules/@expo-google-fonts/sofia-sans/500Medium/SofiaSans_500Medium.ttf
2026-08-17 11:24:58.064 Db YourSofia[98412:31db11] [com.apple.CFBundle:strings] Bundle: CFBundle 0x600003b18000 </Library/Developer/CoreSimulator/Volumes/iOS_23D8133/Library/Developer/CoreSimulator/Profiles/Runtimes/iOS 26.3.simruntime/Contents/Resources/RuntimeRoot/System/Library/PrivateFrameworks/UIKitCore.framework> (not loaded), key: CONTEXT_MENU_LOADING, value: Loading…, table: Localizable, localizationNames: (null), result: Loading…
2026-08-17 11:24:58.064 Db YourSofia[98412:31db8c] [com.apple.CFBundle:resources] Resource lookup at CFBundle 0x600003b082a0 </Users/valentinasenov/Library/Developer/CoreSimulator/Devices/4EC5F74C-5A9C-4D89-8E44-374310E684AE/data/Containers/Bundle/Application/31087BF4-D319-4611-A136-08A015F59238/YourSofia.app> (executable, loaded)
	Request       : SofiaSans_600SemiBold type: ttf path: assets/node_modules/.pnpm/@expo-google-fonts+sofia-sans@0.4.3/node_modules/@expo-google-fonts/sofia-sans/600SemiBold
	Result        : file:///Users/valentinasenov/Library/Developer/CoreSimulator/Devices/4EC5F74C-5A9C-4D89-8E44-374310E684AE/data/Containers/Bundle/Application/31087BF4-D319-4611-A136-08A015F59238/YourSofia.app/assets/node_modules/.pnpm/@expo-google-fonts+sofia-sans@0.4.3/node_modules/@expo-google-fonts/sofia-sans/600SemiBold/SofiaSans_600SemiBold.ttf
2026-08-17 11:24:58.065 Db YourSofia[98412:31db11] [com.apple.BackBoard:EventDelivery] flushing changes: {
    contentsMask: 0x8; keyCommandsRegistrations: [environment: keyboardFocus; token: 0xDADA5985; keyCommands: 34];
}
2026-08-17 11:24:58.065 Db YourSofia[98412:31db8c] [com.apple.CFBundle:resources] Resource lookup at CFBundle 0x600003b082a0 </Users/valentinasenov/Library/Developer/CoreSimulator/Devices/4EC5F74C-5A9C-4D89-8E44-374310E684AE/data/Containers/Bundle/Application/31087BF4-D319-4611-A136-08A015F59238/YourSofia.app> (executable, loaded)
	Request       : SofiaSans_700Bold type: ttf path: assets/node_modules/.pnpm/@expo-google-fonts+sofia-sans@0.4.3/node_modules/@expo-google-fonts/sofia-sans/700Bold
	Result        : file:///Users/valentinasenov/Library/Developer/CoreSimulator/Devices/4EC5F74C-5A9C-4D89-8E44-374310E684AE/data/Containers/Bundle/Application/31087BF4-D319-4611-A136-08A015F59238/YourSofia.app/assets/node_modules/.pnpm/@expo-google-fonts+sofia-sans@0.4.3/node_modules/@expo-google-fonts/sofia-sans/700Bold/SofiaSans_700Bold.ttf
2026-08-17 11:24:58.066 Db YourSofia[98412:31db8c] [com.apple.CFBundle:resources] Resource lookup at CFBundle 0x600003b082a0 </Users/valentinasenov/Library/Developer/CoreSimulator/Devices/4EC5F74C-5A9C-4D89-8E44-374310E684AE/data/Containers/Bundle/Application/31087BF4-D319-4611-A136-08A015F59238/YourSofia.app> (executable, loaded)
	Request       : SofiaSans_800ExtraBold type: ttf path: assets/node_modules/.pnpm/@expo-google-fonts+sofia-sans@0.4.3/node_modules/@expo-google-fonts/sofia-sans/800ExtraBold
	Result        : file:///Users/valentinasenov/Library/Developer/CoreSimulator/Devices/4EC5F74C-5A9C-4D89-8E44-374310E684AE/data/Containers/Bundle/Application/31087BF4-D319-4611-A136-08A015F59238/YourSofia.app/assets/node_modules/.pnpm/@expo-google-fonts+sofia-sans@0.4.3/node_modules/@expo-google-fonts/sofia-sans/800ExtraBold/SofiaSans_800ExtraBold.ttf
2026-08-17 11:24:58.066 Db YourSofia[98412:31db8c] [com.apple.CFBundle:resources] Resource lookup at CFBundle 0x600003b082a0 </Users/valentinasenov/Library/Developer/CoreSimulator/Devices/4EC5F74C-5A9C-4D89-8E44-374310E684AE/data/Containers/Bundle/Application/31087BF4-D319-4611-A136-08A015F59238/YourSofia.app> (executable, loaded)
	Request       : SofiaSans_900Black type: ttf path: assets/node_modules/.pnpm/@expo-google-fonts+sofia-sans@0.4.3/node_modules/@expo-google-fonts/sofia-sans/900Black
	Result        : file:///Users/valentinasenov/Library/Developer/CoreSimulator/Devices/4EC5F74C-5A9C-4D89-8E44-374310E684AE/data/Containers/Bundle/Application/31087BF4-D319-4611-A136-08A015F59238/YourSofia.app/assets/node_modules/.pnpm/@expo-google-fonts+sofia-sans@0.4.3/node_modules/@expo-google-fonts/sofia-sans/900Black/SofiaSans_900Black.ttf
2026-08-17 11:24:58.067 Db YourSofia[98412:31db8c] [com.apple.CFBundle:resources] Resource lookup at CFBundle 0x600003b082a0 </Users/valentinasenov/Library/Developer/CoreSimulator/Devices/4EC5F74C-5A9C-4D89-8E44-374310E684AE/data/Containers/Bundle/Application/31087BF4-D319-4611-A136-08A015F59238/YourSofia.app> (executable, loaded)
	Request       : SofiaSans_100Thin_Italic type: ttf path: assets/node_modules/.pnpm/@expo-google-fonts+sofia-sans@0.4.3/node_modules/@expo-google-fonts/sofia-sans/100Thin_Italic
	Result        : file:///Users/valentinasenov/Library/Developer/CoreSimulator/Devices/4EC5F74C-5A9C-4D89-8E44-374310E684AE/data/Containers/Bundle/Application/31087BF4-D319-4611-A136-08A015F59238/YourSofia.app/assets/node_modules/.pnpm/@expo-google-fonts+sofia-sans@0.4.3/node_modules/@expo-google-fonts/sofia-sans/100Thin_Italic/SofiaSans_100Thin_Italic.ttf
2026-08-17 11:24:58.067 Db YourSofia[98412:31db90] [com.apple.runningboard:message] PERF: [app<bg.sofia.yoursofia((null))>:98412] Received message from runningboardd: async_didChangeInheritances:completion:
2026-08-17 11:24:58.067 A  YourSofia[98412:31db90] (RunningBoardServices) didChangeInheritances
2026-08-17 11:24:58.067 Db YourSofia[98412:31db90] [com.apple.runningboard:connection] didChangeInheritances: <RBSInheritanceChangeSet| gained:{(
    <RBSInheritance| environment:UIScene:com.apple.frontboard.systemappservices/FBSceneManager:sceneID%3Abg.sofia.yoursofia-default name:com.apple.frontboard.visibility origID:98125-98378-761 payload 8719656185504109860>
)} lost:(null)>
2026-08-17 11:24:58.067 Db YourSofia[98412:31db8c] [com.apple.CFBundle:resources] Resource lookup at CFBundle 0x600003b082a0 </Users/valentinasenov/Library/Developer/CoreSimulator/Devices/4EC5F74C-5A9C-4D89-8E44-374310E684AE/data/Containers/Bundle/Application/31087BF4-D319-4611-A136-08A015F59238/YourSofia.app> (executable, loaded)
	Request       : SofiaSans_200ExtraLight_Italic type: ttf path: assets/node_modules/.pnpm/@expo-google-fonts+sofia-sans@0.4.3/node_modules/@expo-google-fonts/sofia-sans/200ExtraLight_Italic
	Result        : file:///Users/valentinasenov/Library/Developer/CoreSimulator/Devices/4EC5F74C-5A9C-4D89-8E44-374310E684AE/data/Containers/Bundle/Application/31087BF4-D319-4611-A136-08A015F59238/YourSofia.app/assets/node_modules/.pnpm/@expo-google-fonts+sofia-sans@0.4.3/node_modules/@expo-google-fonts/sofia-sans/200ExtraLight_Italic/SofiaSans_200ExtraLight_Italic.ttf
2026-08-17 11:24:58.068 Db YourSofia[98412:31db8c] [com.apple.CFBundle:resources] Resource lookup at CFBundle 0x600003b082a0 </Users/valentinasenov/Library/Developer/CoreSimulator/Devices/4EC5F74C-5A9C-4D89-8E44-374310E684AE/data/Containers/Bundle/Application/31087BF4-D319-4611-A136-08A015F59238/YourSofia.app> (executable, loaded)
	Request       : SofiaSans_300Light_Italic type: ttf path: assets/node_modules/.pnpm/@expo-google-fonts+sofia-sans@0.4.3/node_modules/@expo-google-fonts/sofia-sans/300Light_Italic
	Result        : file:///Users/valentinasenov/Library/Developer/CoreSimulator/Devices/4EC5F74C-5A9C-4D89-8E44-374310E684AE/data/Containers/Bundle/Application/31087BF4-D319-4611-A136-08A015F59238/YourSofia.app/assets/node_modules/.pnpm/@expo-google-fonts+sofia-sans@0.4.3/node_modules/@expo-google-fonts/sofia-sans/300Light_Italic/SofiaSans_300Light_Italic.ttf
2026-08-17 11:24:58.068 Db YourSofia[98412:31db8c] [com.apple.CFBundle:resources] Resource lookup at CFBundle 0x600003b082a0 </Users/valentinasenov/Library/Developer/CoreSimulator/Devices/4EC5F74C-5A9C-4D89-8E44-374310E684AE/data/Containers/Bundle/Application/31087BF4-D319-4611-A136-08A015F59238/YourSofia.app> (executable, loaded)
	Request       : SofiaSans_400Regular_Italic type: ttf path: assets/node_modules/.pnpm/@expo-google-fonts+sofia-sans@0.4.3/node_modules/@expo-google-fonts/sofia-sans/400Regular_Italic
	Result        : file:///Users/valentinasenov/Library/Developer/CoreSimulator/Devices/4EC5F74C-5A9C-4D89-8E44-374310E684AE/data/Containers/Bundle/Application/31087BF4-D319-4611-A136-08A015F59238/YourSofia.app/assets/node_modules/.pnpm/@expo-google-fonts+sofia-sans@0.4.3/node_modules/@expo-google-fonts/sofia-sans/400Regular_Italic/SofiaSans_400Regular_Italic.ttf
2026-08-17 11:24:58.069 Db YourSofia[98412:31db8c] [com.apple.CFBundle:resources] Resource lookup at CFBundle 0x600003b082a0 </Users/valentinasenov/Library/Developer/CoreSimulator/Devices/4EC5F74C-5A9C-4D89-8E44-374310E684AE/data/Containers/Bundle/Application/31087BF4-D319-4611-A136-08A015F59238/YourSofia.app> (executable, loaded)
	Request       : SofiaSans_500Medium_Italic type: ttf path: assets/node_modules/.pnpm/@expo-google-fonts+sofia-sans@0.4.3/node_modules/@expo-google-fonts/sofia-sans/500Medium_Italic
	Result        : file:///Users/valentinasenov/Library/Developer/CoreSimulator/Devices/4EC5F74C-5A9C-4D89-8E44-374310E684AE/data/Containers/Bundle/Application/31087BF4-D319-4611-A136-08A015F59238/YourSofia.app/assets/node_modules/.pnpm/@expo-google-fonts+sofia-sans@0.4.3/node_modules/@expo-google-fonts/sofia-sans/500Medium_Italic/SofiaSans_500Medium_Italic.ttf
2026-08-17 11:24:58.069 Db YourSofia[98412:31db8f] [com.apple.runningboard:message] PERF: [app<bg.sofia.yoursofia((null))>:98412] Received message from runningboardd: async_didChangeInheritances:completion:
2026-08-17 11:24:58.069 A  YourSofia[98412:31db8f] (RunningBoardServices) didChangeInheritances
2026-08-17 11:24:58.069 Db YourSofia[98412:31db8f] [com.apple.runningboard:connection] didChangeInheritances: <RBSInheritanceChangeSet| gained:{(
    <RBSInheritance| environment:UIScene:com.apple.frontboard.systemappservices/FBSceneManager:sceneID%3Abg.sofia.yoursofia-default name:com.apple.frontboard.visibility origID:98125-98378-763 payload 8719656185504109860>
)} lost:(null)>
2026-08-17 11:24:58.070 Db YourSofia[98412:31db8c] [com.apple.CFBundle:resources] Resource lookup at CFBundle 0x600003b082a0 </Users/valentinasenov/Library/Developer/CoreSimulator/Devices/4EC5F74C-5A9C-4D89-8E44-374310E684AE/data/Containers/Bundle/Application/31087BF4-D319-4611-A136-08A015F59238/YourSofia.app> (executable, loaded)
	Request       : SofiaSans_600SemiBold_Italic type: ttf path: assets/node_modules/.pnpm/@expo-google-fonts+sofia-sans@0.4.3/node_modules/@expo-google-fonts/sofia-sans/600SemiBold_Italic
	Result        : file:///Users/valentinasenov/Library/Developer/CoreSimulator/Devices/4EC5F74C-5A9C-4D89-8E44-374310E684AE/data/Containers/Bundle/Application/31087BF4-D319-4611-A136-08A015F59238/YourSofia.app/assets/node_modules/.pnpm/@expo-google-fonts+sofia-sans@0.4.3/node_modules/@expo-google-fonts/sofia-sans/600SemiBold_Italic/SofiaSans_600SemiBold_Italic.ttf
2026-08-17 11:24:58.070 Db YourSofia[98412:31db8c] [com.apple.CFBundle:resources] Resource lookup at CFBundle 0x600003b082a0 </Users/valentinasenov/Library/Developer/CoreSimulator/Devices/4EC5F74C-5A9C-4D89-8E44-374310E684AE/data/Containers/Bundle/Application/31087BF4-D319-4611-A136-08A015F59238/YourSofia.app> (executable, loaded)
	Request       : SofiaSans_700Bold_Italic type: ttf path: assets/node_modules/.pnpm/@expo-google-fonts+sofia-sans@0.4.3/node_modules/@expo-google-fonts/sofia-sans/700Bold_Italic
	Result        : file:///Users/valentinasenov/Library/Developer/CoreSimulator/Devices/4EC5F74C-5A9C-4D89-8E44-374310E684AE/data/Containers/Bundle/Application/31087BF4-D319-4611-A136-08A015F59238/YourSofia.app/assets/node_modules/.pnpm/@expo-google-fonts+sofia-sans@0.4.3/node_modules/@expo-google-fonts/sofia-sans/700Bold_Italic/SofiaSans_700Bold_Italic.ttf
2026-08-17 11:24:58.071 Db YourSofia[98412:31db8c] [com.apple.CFBundle:resources] Resource lookup at CFBundle 0x600003b082a0 </Users/valentinasenov/Library/Developer/CoreSimulator/Devices/4EC5F74C-5A9C-4D89-8E44-374310E684AE/data/Containers/Bundle/Application/31087BF4-D319-4611-A136-08A015F59238/YourSofia.app> (executable, loaded)
	Request       : SofiaSans_800ExtraBold_Italic type: ttf path: assets/node_modules/.pnpm/@expo-google-fonts+sofia-sans@0.4.3/node_modules/@expo-google-fonts/sofia-sans/800ExtraBold_Italic
	Result        : file:///Users/valentinasenov/Library/Developer/CoreSimulator/Devices/4EC5F74C-5A9C-4D89-8E44-374310E684AE/data/Containers/Bundle/Application/31087BF4-D319-4611-A136-08A015F59238/YourSofia.app/assets/node_modules/.pnpm/@expo-google-fonts+sofia-sans@0.4.3/node_modules/@expo-google-fonts/sofia-sans/800ExtraBold_Italic/SofiaSans_800ExtraBold_Italic.ttf
2026-08-17 11:24:58.071 Db YourSofia[98412:31db8c] [com.apple.CFBundle:resources] Resource lookup at CFBundle 0x600003b082a0 </Users/valentinasenov/Library/Developer/CoreSimulator/Devices/4EC5F74C-5A9C-4D89-8E44-374310E684AE/data/Containers/Bundle/Application/31087BF4-D319-4611-A136-08A015F59238/YourSofia.app> (executable, loaded)
	Request       : SofiaSans_900Black_Italic type: ttf path: assets/node_modules/.pnpm/@expo-google-fonts+sofia-sans@0.4.3/node_modules/@expo-google-fonts/sofia-sans/900Black_Italic
	Result        : file:///Users/valentinasenov/Library/Developer/CoreSimulator/Devices/4EC5F74C-5A9C-4D89-8E44-374310E684AE/data/Containers/Bundle/Application/31087BF4-D319-4611-A136-08A015F59238/YourSofia.app/assets/node_modules/.pnpm/@expo-google-fonts+sofia-sans@0.4.3/node_modules/@expo-google-fonts/sofia-sans/900Black_Italic/SofiaSans_900Black_Italic.ttf
2026-08-17 11:24:58.072 Db YourSofia[98412:31db8c] [com.apple.CFBundle:resources] Resource lookup at CFBundle 0x600003b082a0 </Users/valentinasenov/Library/Developer/CoreSimulator/Devices/4EC5F74C-5A9C-4D89-8E44-374310E684AE/data/Containers/Bundle/Application/31087BF4-D319-4611-A136-08A015F59238/YourSofia.app> (executable, loaded)
	Request       : JetBrainsMono_100Thin type: ttf path: assets/node_modules/.pnpm/@expo-google-fonts+jetbrains-mono@0.4.1/node_modules/@expo-google-fonts/jetbrains-mono/100Thin
	Result        : file:///Users/valentinasenov/Library/Developer/CoreSimulator/Devices/4EC5F74C-5A9C-4D89-8E44-374310E684AE/data/Containers/Bundle/Application/31087BF4-D319-4611-A136-08A015F59238/YourSofia.app/assets/node_modules/.pnpm/@expo-google-fonts+jetbrains-mono@0.4.1/node_modules/@expo-google-fonts/jetbrains-mono/100Thin/JetBrainsMono_100Thin.ttf
2026-08-17 11:24:58.072 Db YourSofia[98412:31db8c] [com.apple.CFBundle:resources] Resource lookup at CFBundle 0x600003b082a0 </Users/valentinasenov/Library/Developer/CoreSimulator/Devices/4EC5F74C-5A9C-4D89-8E44-374310E684AE/data/Containers/Bundle/Application/31087BF4-D319-4611-A136-08A015F59238/YourSofia.app> (executable, loaded)
	Request       : JetBrainsMono_200ExtraLight type: ttf path: assets/node_modules/.pnpm/@expo-google-fonts+jetbrains-mono@0.4.1/node_modules/@expo-google-fonts/jetbrains-mono/200ExtraLight
	Result        : file:///Users/valentinasenov/Library/Developer/CoreSimulator/Devices/4EC5F74C-5A9C-4D89-8E44-374310E684AE/data/Containers/Bundle/Application/31087BF4-D319-4611-A136-08A015F59238/YourSofia.app/assets/node_modules/.pnpm/@expo-google-fonts+jetbrains-mono@0.4.1/node_modules/@expo-google-fonts/jetbrains-mono/200ExtraLight/JetBrainsMono_200ExtraLight.ttf
2026-08-17 11:24:58.073 Db YourSofia[98412:31db8c] [com.apple.CFBundle:resources] Resource lookup at CFBundle 0x600003b082a0 </Users/valentinasenov/Library/Developer/CoreSimulator/Devices/4EC5F74C-5A9C-4D89-8E44-374310E684AE/data/Containers/Bundle/Application/31087BF4-D319-4611-A136-08A015F59238/YourSofia.app> (executable, loaded)
	Request       : JetBrainsMono_300Light type: ttf path: assets/node_modules/.pnpm/@expo-google-fonts+jetbrains-mono@0.4.1/node_modules/@expo-google-fonts/jetbrains-mono/300Light
	Result        : file:///Users/valentinasenov/Library/Developer/CoreSimulator/Devices/4EC5F74C-5A9C-4D89-8E44-374310E684AE/data/Containers/Bundle/Application/31087BF4-D319-4611-A136-08A015F59238/YourSofia.app/assets/node_modules/.pnpm/@expo-google-fonts+jetbrains-mono@0.4.1/node_modules/@expo-google-fonts/jetbrains-mono/300Light/JetBrainsMono_300Light.ttf
2026-08-17 11:24:58.073 Db YourSofia[98412:31db8c] [com.apple.CFBundle:resources] Resource lookup at CFBundle 0x600003b082a0 </Users/valentinasenov/Library/Developer/CoreSimulator/Devices/4EC5F74C-5A9C-4D89-8E44-374310E684AE/data/Containers/Bundle/Application/31087BF4-D319-4611-A136-08A015F59238/YourSofia.app> (executable, loaded)
	Request       : JetBrainsMono_400Regular type: ttf path: assets/node_modules/.pnpm/@expo-google-fonts+jetbrains-mono@0.4.1/node_modules/@expo-google-fonts/jetbrains-mono/400Regular
	Result        : file:///Users/valentinasenov/Library/Developer/CoreSimulator/Devices/4EC5F74C-5A9C-4D89-8E44-374310E684AE/data/Containers/Bundle/Application/31087BF4-D319-4611-A136-08A015F59238/YourSofia.app/assets/node_modules/.pnpm/@expo-google-fonts+jetbrains-mono@0.4.1/node_modules/@expo-google-fonts/jetbrains-mono/400Regular/JetBrainsMono_400Regular.ttf
2026-08-17 11:24:58.073 Db YourSofia[98412:31db8c] [com.apple.CFBundle:resources] Resource lookup at CFBundle 0x600003b082a0 </Users/valentinasenov/Library/Developer/CoreSimulator/Devices/4EC5F74C-5A9C-4D89-8E44-374310E684AE/data/Containers/Bundle/Application/31087BF4-D319-4611-A136-08A015F59238/YourSofia.app> (executable, loaded)
	Request       : JetBrainsMono_600SemiBold type: ttf path: assets/node_modules/.pnpm/@expo-google-fonts+jetbrains-mono@0.4.1/node_modules/@expo-google-fonts/jetbrains-mono/600SemiBold
	Result        : file:///Users/valentinasenov/Library/Developer/CoreSimulator/Devices/4EC5F74C-5A9C-4D89-8E44-374310E684AE/data/Containers/Bundle/Application/31087BF4-D319-4611-A136-08A015F59238/YourSofia.app/assets/node_modules/.pnpm/@expo-google-fonts+jetbrains-mono@0.4.1/node_modules/@expo-google-fonts/jetbrains-mono/600SemiBold/JetBrainsMono_600SemiBold.ttf
2026-08-17 11:24:58.074 Db YourSofia[98412:31db8c] [com.apple.CFBundle:resources] Resource lookup at CFBundle 0x600003b082a0 </Users/valentinasenov/Library/Developer/CoreSimulator/Devices/4EC5F74C-5A9C-4D89-8E44-374310E684AE/data/Containers/Bundle/Application/31087BF4-D319-4611-A136-08A015F59238/YourSofia.app> (executable, loaded)
	Request       : JetBrainsMono_700Bold type: ttf path: assets/node_modules/.pnpm/@expo-google-fonts+jetbrains-mono@0.4.1/node_modules/@expo-google-fonts/jetbrains-mono/700Bold
	Result        : file:///Users/valentinasenov/Library/Developer/CoreSimulator/Devices/4EC5F74C-5A9C-4D89-8E44-374310E684AE/data/Containers/Bundle/Application/31087BF4-D319-4611-A136-08A015F59238/YourSofia.app/assets/node_modules/.pnpm/@expo-google-fonts+jetbrains-mono@0.4.1/node_modules/@expo-google-fonts/jetbrains-mono/700Bold/JetBrainsMono_700Bold.ttf
2026-08-17 11:24:58.074 Db YourSofia[98412:31db8c] [com.apple.CFBundle:resources] Resource lookup at CFBundle 0x600003b082a0 </Users/valentinasenov/Library/Developer/CoreSimulator/Devices/4EC5F74C-5A9C-4D89-8E44-374310E684AE/data/Containers/Bundle/Application/31087BF4-D319-4611-A136-08A015F59238/YourSofia.app> (executable, loaded)
	Request       : JetBrainsMono_800ExtraBold type: ttf path: assets/node_modules/.pnpm/@expo-google-fonts+jetbrains-mono@0.4.1/node_modules/@expo-google-fonts/jetbrains-mono/800ExtraBold
	Result        : file:///Users/valentinasenov/Library/Developer/CoreSimulator/Devices/4EC5F74C-5A9C-4D89-8E44-374310E684AE/data/Containers/Bundle/Application/31087BF4-D319-4611-A136-08A015F59238/YourSofia.app/assets/node_modules/.pnpm/@expo-google-fonts+jetbrains-mono@0.4.1/node_modules/@expo-google-fonts/jetbrains-mono/800ExtraBold/JetBrainsMono_800ExtraBold.ttf
2026-08-17 11:24:58.075 Db YourSofia[98412:31db8c] [com.apple.CFBundle:resources] Resource lookup at CFBundle 0x600003b082a0 </Users/valentinasenov/Library/Developer/CoreSimulator/Devices/4EC5F74C-5A9C-4D89-8E44-374310E684AE/data/Containers/Bundle/Application/31087BF4-D319-4611-A136-08A015F59238/YourSofia.app> (executable, loaded)
	Request       : JetBrainsMono_100Thin_Italic type: ttf path: assets/node_modules/.pnpm/@expo-google-fonts+jetbrains-mono@0.4.1/node_modules/@expo-google-fonts/jetbrains-mono/100Thin_Italic
	Result        : file:///Users/valentinasenov/Library/Developer/CoreSimulator/Devices/4EC5F74C-5A9C-4D89-8E44-374310E684AE/data/Containers/Bundle/Application/31087BF4-D319-4611-A136-08A015F59238/YourSofia.app/assets/node_modules/.pnpm/@expo-google-fonts+jetbrains-mono@0.4.1/node_modules/@expo-google-fonts/jetbrains-mono/100Thin_Italic/JetBrainsMono_100Thin_Italic.ttf
2026-08-17 11:24:58.075 Db YourSofia[98412:31db8c] [com.apple.CFBundle:resources] Resource lookup at CFBundle 0x600003b082a0 </Users/valentinasenov/Library/Developer/CoreSimulator/Devices/4EC5F74C-5A9C-4D89-8E44-374310E684AE/data/Containers/Bundle/Application/31087BF4-D319-4611-A136-08A015F59238/YourSofia.app> (executable, loaded)
	Request       : JetBrainsMono_200ExtraLight_Italic type: ttf path: assets/node_modules/.pnpm/@expo-google-fonts+jetbrains-mono@0.4.1/node_modules/@expo-google-fonts/jetbrains-mono/200ExtraLight_Italic
	Result        : file:///Users/valentinasenov/Library/Developer/CoreSimulator/Devices/4EC5F74C-5A9C-4D89-8E44-374310E684AE/data/Containers/Bundle/Application/31087BF4-D319-4611-A136-08A015F59238/YourSofia.app/assets/node_modules/.pnpm/@expo-google-fonts+jetbrains-mono@0.4.1/node_modules/@expo-google-fonts/jetbrains-mono/200ExtraLight_Italic/JetBrainsMono_200ExtraLight_Italic.ttf
2026-08-17 11:24:58.076 Db YourSofia[98412:31db8c] [com.apple.CFBundle:resources] Resource lookup at CFBundle 0x600003b082a0 </Users/valentinasenov/Library/Developer/CoreSimulator/Devices/4EC5F74C-5A9C-4D89-8E44-374310E684AE/data/Containers/Bundle/Application/31087BF4-D319-4611-A136-08A015F59238/YourSofia.app> (executable, loaded)
	Request       : JetBrainsMono_300Light_Italic type: ttf path: assets/node_modules/.pnpm/@expo-google-fonts+jetbrains-mono@0.4.1/node_modules/@expo-google-fonts/jetbrains-mono/300Light_Italic
	Result        : file:///Users/valentinasenov/Library/Developer/CoreSimulator/Devices/4EC5F74C-5A9C-4D89-8E44-374310E684AE/data/Containers/Bundle/Application/31087BF4-D319-4611-A136-08A015F59238/YourSofia.app/assets/node_modules/.pnpm/@expo-google-fonts+jetbrains-mono@0.4.1/node_modules/@expo-google-fonts/jetbrains-mono/300Light_Italic/JetBrainsMono_300Light_Italic.ttf
2026-08-17 11:24:58.076 Db YourSofia[98412:31db8c] [com.apple.CFBundle:resources] Resource lookup at CFBundle 0x600003b082a0 </Users/valentinasenov/Library/Developer/CoreSimulator/Devices/4EC5F74C-5A9C-4D89-8E44-374310E684AE/data/Containers/Bundle/Application/31087BF4-D319-4611-A136-08A015F59238/YourSofia.app> (executable, loaded)
	Request       : JetBrainsMono_400Regular_Italic type: ttf path: assets/node_modules/.pnpm/@expo-google-fonts+jetbrains-mono@0.4.1/node_modules/@expo-google-fonts/jetbrains-mono/400Regular_Italic
	Result        : file:///Users/valentinasenov/Library/Developer/CoreSimulator/Devices/4EC5F74C-5A9C-4D89-8E44-374310E684AE/data/Containers/Bundle/Application/31087BF4-D319-4611-A136-08A015F59238/YourSofia.app/assets/node_modules/.pnpm/@expo-google-fonts+jetbrains-mono@0.4.1/node_modules/@expo-google-fonts/jetbrains-mono/400Regular_Italic/JetBrainsMono_400Regular_Italic.ttf
2026-08-17 11:24:58.077 Db YourSofia[98412:31db8c] [com.apple.CFBundle:resources] Resource lookup at CFBundle 0x600003b082a0 </Users/valentinasenov/Library/Developer/CoreSimulator/Devices/4EC5F74C-5A9C-4D89-8E44-374310E684AE/data/Containers/Bundle/Application/31087BF4-D319-4611-A136-08A015F59238/YourSofia.app> (executable, loaded)
	Request       : JetBrainsMono_500Medium_Italic type: ttf path: assets/node_modules/.pnpm/@expo-google-fonts+jetbrains-mono@0.4.1/node_modules/@expo-google-fonts/jetbrains-mono/500Medium_Italic
	Result        : file:///Users/valentinasenov/Library/Developer/CoreSimulator/Devices/4EC5F74C-5A9C-4D89-8E44-374310E684AE/data/Containers/Bundle/Application/31087BF4-D319-4611-A136-08A015F59238/YourSofia.app/assets/node_modules/.pnpm/@expo-google-fonts+jetbrains-mono@0.4.1/node_modules/@expo-google-fonts/jetbrains-mono/500Medium_Italic/JetBrainsMono_500Medium_Italic.ttf
2026-08-17 11:24:58.077 Df YourSofia[98412:31db11] [com.apple.network:activity] Create activity from XPC object <nw_activity 50:1 [DBC6B5F7-7DBD-45AC-99DE-0A0499FC922B] (reporting strategy default)>
2026-08-17 11:24:58.077 Df YourSofia[98412:31db11] [com.apple.network:activity] Create activity from XPC object <nw_activity 50:2 [3D05F71E-B759-479D-825C-FD44820E3D4C] (reporting strategy default)>
2026-08-17 11:24:58.077 Df YourSofia[98412:31db11] [com.apple.network:activity] Set activity <nw_activity 50:1 [DBC6B5F7-7DBD-45AC-99DE-0A0499FC922B] (reporting strategy default)> as the global parent
2026-08-17 11:24:58.077 Df YourSofia[98412:31db11] [com.apple.UIKit:BackgroundTask] Ending background task with UIBackgroundTaskIdentifier: 1
2026-08-17 11:24:58.077 Df YourSofia[98412:31db11] [com.apple.UIKit:BackgroundTask] Ending task with identifier 1 and description: <_UIBackgroundTaskInfo: 0x6000017324c0>: taskID = 1, taskName = Launch Background Task for Coalescing, creationTime = 184376 (elapsed = 0), _expireHandler: (null)
2026-08-17 11:24:58.077 Df YourSofia[98412:31db11] [com.apple.UIKit:BackgroundTask] Decrementing reference count for assertion <BKSProcessAssertion: 0x600002112620> (used by background task with identifier 1: <_UIBackgroundTaskInfo: 0x6000017324c0>: taskID = 1, taskName = Launch Background Task for Coalescing, creationTime = 184376 (elapsed = 0))
2026-08-17 11:24:58.077 Db YourSofia[98412:31db8c] [com.apple.CFBundle:resources] Resource lookup at CFBundle 0x600003b082a0 </Users/valentinasenov/Library/Developer/CoreSimulator/Devices/4EC5F74C-5A9C-4D89-8E44-374310E684AE/data/Containers/Bundle/Application/31087BF4-D319-4611-A136-08A015F59238/YourSofia.app> (executable, loaded)
	Request       : JetBrainsMono_600SemiBold_Italic type: ttf path: assets/node_modules/.pnpm/@expo-google-fonts+jetbrains-mono@0.4.1/node_modules/@expo-google-fonts/jetbrains-mono/600SemiBold_Italic
	Result        : file:///Users/valentinasenov/Library/Developer/CoreSimulator/Devices/4EC5F74C-5A9C-4D89-8E44-374310E684AE/data/Containers/Bundle/Application/31087BF4-D319-4611-A136-08A015F59238/YourSofia.app/assets/node_modules/.pnpm/@expo-google-fonts+jetbrains-mono@0.4.1/node_modules/@expo-google-fonts/jetbrains-mono/600SemiBold_Italic/JetBrainsMono_600SemiBold_Italic.ttf
2026-08-17 11:24:58.077 Db YourSofia[98412:31db11] [com.apple.defaults:User Defaults] found no value for key LogEventBus in CFPrefsSearchListSource<0x600002c01d80> (Domain: com.apple.UIKit, Container: (null) Non-launch persona: 0)
2026-08-17 11:24:58.077 Df YourSofia[98412:31db11] [com.apple.UIKit:EventBus] Event Timing Profile for Touch: not found, path="/System/Library/EventTimingProfiles/Sim.Touch.plist"
2026-08-17 11:24:58.077 Df YourSofia[98412:31db11] [com.apple.UIKit:EventBus] Event Timing Profile for Pencil: not found, path="/System/Library/EventTimingProfiles/Sim.Pencil.plist"
2026-08-17 11:24:58.077 Df YourSofia[98412:31db11] [com.apple.UIKit:UpdateScheduler] Target list changed: <CADisplay:LCD PurpleMain>
2026-08-17 11:24:58.077 Db YourSofia[98412:31db11] [com.apple.defaults:User Defaults] found no value for key LogUpdateCycle in CFPrefsSearchListSource<0x600002c01d80> (Domain: com.apple.UIKit, Container: (null) Non-launch persona: 0)
2026-08-17 11:24:58.077 Df YourSofia[98412:31db11] [com.apple.UIKit:AppLifecycle] sceneOfRecord: sceneID: sceneID:bg.sofia.yoursofia-default  persistentID: 8FA49A39-7661-46FB-8F2C-0158321648A4
2026-08-17 11:24:58.077 Db YourSofia[98412:31db11] [com.apple.BacklightServices:scenes] 0x600000c23f60 environment updated:sceneID:bg.sofia.yoursofia-default
  delta:{ visualState:0 date:0 active:0 seed:0 }
  diff:<FBSSceneSettingsDiff: 0x60000172a540; UIApplicationSceneSettings> {
    settings = <BSKeyedSettingsDiff: 0x600000c23ae0> {
        _UISceneRenderingEnvironmentSettings = <BSKeyedSettingsDiff: 0x600000c23c00> {
            activeAppearance = 1;
        };
    };
}
  new:(null) (null)
  old:(null) (null)
  new:(null)
2026-08-17 11:24:58.077 Df YourSofia[98412:31db11] [com.apple.UIKit:InterfaceStyle] Not push traits update to screen for new style 1, <UIWindowScene: 0x10330bde0> (8FA49A39-7661-46FB-8F2C-0158321648A4)
2026-08-17 11:24:58.077 Db YourSofia[98412:31db11] [com.apple.BaseBoard:Common] [BSBlockSentinel:FBSScene] signaled! 1 of 2
2026-08-17 11:24:58.078 Db YourSofia[98412:31db8c] [com.apple.CFBundle:resources] Resource lookup at CFBundle 0x600003b082a0 </Users/valentinasenov/Library/Developer/CoreSimulator/Devices/4EC5F74C-5A9C-4D89-8E44-374310E684AE/data/Containers/Bundle/Application/31087BF4-D319-4611-A136-08A015F59238/YourSofia.app> (executable, loaded)
	Request       : JetBrainsMono_700Bold_Italic type: ttf path: assets/node_modules/.pnpm/@expo-google-fonts+jetbrains-mono@0.4.1/node_modules/@expo-google-fonts/jetbrains-mono/700Bold_Italic
	Result        : file:///Users/valentinasenov/Library/Developer/CoreSimulator/Devices/4EC5F74C-5A9C-4D89-8E44-374310E684AE/data/Containers/Bundle/Application/31087BF4-D319-4611-A136-08A015F59238/YourSofia.app/assets/node_modules/.pnpm/@expo-google-fonts+jetbrains-mono@0.4.1/node_modules/@expo-google-fonts/jetbrains-mono/700Bold_Italic/JetBrainsMono_700Bold_Italic.ttf
2026-08-17 11:24:58.078 I  YourSofia[98412:31db11] [com.apple.Accessibility:AXAppAccessibility] Loading settings loader: (system: 0)
2026-08-17 11:24:58.078 Db YourSofia[98412:31db8c] [com.apple.CFBundle:resources] Resource lookup at CFBundle 0x600003b082a0 </Users/valentinasenov/Library/Developer/CoreSimulator/Devices/4EC5F74C-5A9C-4D89-8E44-374310E684AE/data/Containers/Bundle/Application/31087BF4-D319-4611-A136-08A015F59238/YourSofia.app> (executable, loaded)
	Request       : JetBrainsMono_800ExtraBold_Italic type: ttf path: assets/node_modules/.pnpm/@expo-google-fonts+jetbrains-mono@0.4.1/node_modules/@expo-google-fonts/jetbrains-mono/800ExtraBold_Italic
	Result        : file:///Users/valentinasenov/Library/Developer/CoreSimulator/Devices/4EC5F74C-5A9C-4D89-8E44-374310E684AE/data/Containers/Bundle/Application/31087BF4-D319-4611-A136-08A015F59238/YourSofia.app/assets/node_modules/.pnpm/@expo-google-fonts+jetbrains-mono@0.4.1/node_modules/@expo-google-fonts/jetbrains-mono/800ExtraBold_Italic/JetBrainsMono_800ExtraBold_Italic.ttf
2026-08-17 11:24:58.078 Db YourSofia[98412:31db11] [com.apple.defaults:User Defaults] found no value for key ZoomTouchEnabled in CFPrefsSearchListSource<0x600002c0c900> (Domain: com.apple.Accessibility, Container: (null) Non-launch persona: 0)
2026-08-17 11:24:58.078 Db YourSofia[98412:31db11] [com.apple.Accessibility:AXSupportCommon] CF Read: domain = com.apple.Accessibility, preference = ZoomTouchEnabled, appID = (null) result = (null) (-1 - empty, 0 - false, 1 - true)
2026-08-17 11:24:58.078 Db YourSofia[98412:31db11] [com.apple.defaults:User Defaults] found no value for key ZoomTouchEnabled in CFPrefsPlistSource<0x600002c0cc80> (Domain: com.apple.Accessibility, User: kCFPreferencesCurrentUser, ByHost: No, Container: /Users/valentinasenov/Library/Developer/CoreSimulator/Devices/4EC5F74C-5A9C-4D89-8E44-374310E684AE/data, Contents Need Refresh: No)
2026-08-17 11:24:58.078 Db YourSofia[98412:31db11] [com.apple.defaults:User Defaults] found no value for key SpeechSettingsDisabledByManagedConfiguration in CFPrefsSearchListSource<0x600002c0c900> (Domain: com.apple.Accessibility, Container: (null) Non-launch persona: 0)
2026-08-17 11:24:58.078 Db YourSofia[98412:31db11] [com.apple.Accessibility:AXSupportCommon] CF Read: domain = com.apple.Accessibility, preference = SpeechSettingsDisabledByManagedConfiguration, appID = (null) result = (null) (-1 - empty, 0 - false, 1 - true)
2026-08-17 11:24:58.078 Db YourSofia[98412:31db11] [com.apple.defaults:User Defaults] found no value for key SpeechSettingsDisabledByManagedConfiguration in CFPrefsPlistSource<0x600002c0cc80> (Domain: com.apple.Accessibility, User: kCFPreferencesCurrentUser, ByHost: No, Container: /Users/valentinasenov/Library/Developer/CoreSimulator/Devices/4EC5F74C-5A9C-4D89-8E44-374310E684AE/data, Contents Need Refresh: No)
2026-08-17 11:24:58.078 Db YourSofia[98412:31db11] [com.apple.defaults:User Defaults] found no value for key SpeakThisEnabled in CFPrefsSearchListSource<0x600002c0c900> (Domain: com.apple.Accessibility, Container: (null) Non-launch persona: 0)
2026-08-17 11:24:58.078 Db YourSofia[98412:31db11] [com.apple.Accessibility:AXSupportCommon] CF Read: domain = com.apple.Accessibility, preference = SpeakThisEnabled, appID = (null) result = (null) (-1 - empty, 0 - false, 1 - true)
2026-08-17 11:24:58.078 Db YourSofia[98412:31db11] [com.apple.defaults:User Defaults] found no value for key SpeakThisEnabled in CFPrefsPlistSource<0x600002c0cc80> (Domain: com.apple.Accessibility, User: kCFPreferencesCurrentUser, ByHost: No, Container: /Users/valentinasenov/Library/Developer/CoreSimulator/Devices/4EC5F74C-5A9C-4D89-8E44-374310E684AE/data, Contents Need Refresh: No)
2026-08-17 11:24:58.079 Db YourSofia[98412:31db8c] [com.apple.CFBundle:resources] Resource lookup at CFBundle 0x600003b082a0 </Users/valentinasenov/Library/Developer/CoreSimulator/Devices/4EC5F74C-5A9C-4D89-8E44-374310E684AE/data/Containers/Bundle/Application/31087BF4-D319-4611-A136-08A015F59238/YourSofia.app> (executable, loaded)
	Request       : sofia-gerb type: png path: assets/assets/images
	Result        : file:///Users/valentinasenov/Library/Developer/CoreSimulator/Devices/4EC5F74C-5A9C-4D89-8E44-374310E684AE/data/Containers/Bundle/Application/31087BF4-D319-4611-A136-08A015F59238/YourSofia.app/assets/assets/images/sofia-gerb.png
2026-08-17 11:24:58.085 Db YourSofia[98412:31db90] [com.apple.CFBundle:resources] Resource lookup at CFBundle 0x600003b082a0 </Users/valentinasenov/Library/Developer/CoreSimulator/Devices/4EC5F74C-5A9C-4D89-8E44-374310E684AE/data/Containers/Bundle/Application/31087BF4-D319-4611-A136-08A015F59238/YourSofia.app> (executable, loaded)
	Request       : back-icon type: png path: assets/node_modules/.pnpm/@react-navigation+elements@2.6.4_@react-navigation+native@7.1.17_react-native@0.81.5_@b_28a2c3a7af745b08fd3e3ec803bf51ba/node_modules/@react-navigation/elements/lib/module/assets
	Result        : file:///Users/valentinasenov/Library/Developer/CoreSimulator/Devices/4EC5F74C-5A9C-4D89-8E44-374310E684AE/data/Containers/Bundle/Application/31087BF4-D319-4611-A136-08A015F59238/YourSofia.app/assets/node_modules/.pnpm/@react-navigation+elements@2.6.4_@react-navigation+native@7.1.17_react-native@0.81.5_@b_28a2c3a7af745b08fd3e3ec803bf51ba/node_modules/@react-navigation/elements/lib/module/assets/back-icon.png
2026-08-17 11:24:58.085 Db YourSofia[98412:31db90] [com.apple.CFBundle:resources] Resource lookup at CFBundle 0x600003b082a0 </Users/valentinasenov/Library/Developer/CoreSimulator/Devices/4EC5F74C-5A9C-4D89-8E44-374310E684AE/data/Containers/Bundle/Application/31087BF4-D319-4611-A136-08A015F59238/YourSofia.app> (executable, loaded)
	Request       : back-icon@2x type: png path: assets/node_modules/.pnpm/@react-navigation+elements@2.6.4_@react-navigation+native@7.1.17_react-native@0.81.5_@b_28a2c3a7af745b08fd3e3ec803bf51ba/node_modules/@react-navigation/elements/lib/module/assets
	Result        : file:///Users/valentinasenov/Library/Developer/CoreSimulator/Devices/4EC5F74C-5A9C-4D89-8E44-374310E684AE/data/Containers/Bundle/Application/31087BF4-D319-4611-A136-08A015F59238/YourSofia.app/assets/node_modules/.pnpm/@react-navigation+elements@2.6.4_@react-navigation+native@7.1.17_react-native@0.81.5_@b_28a2c3a7af745b08fd3e3ec803bf51ba/node_modules/@react-navigation/elements/lib/module/assets/back-icon@2x.png
2026-08-17 11:24:58.085 Db YourSofia[98412:31db90] [com.apple.CFBundle:resources] Resource lookup at CFBundle 0x600003b082a0 </Users/valentinasenov/Library/Developer/CoreSimulator/Devices/4EC5F74C-5A9C-4D89-8E44-374310E684AE/data/Containers/Bundle/Application/31087BF4-D319-4611-A136-08A015F59238/YourSofia.app> (executable, loaded)
	Request       : back-icon@3x type: png path: assets/node_modules/.pnpm/@react-navigation+elements@2.6.4_@react-navigation+native@7.1.17_react-native@0.81.5_@b_28a2c3a7af745b08fd3e3ec803bf51ba/node_modules/@react-navigation/elements/lib/module/assets
	Result        : file:///Users/valentinasenov/Library/Developer/CoreSimulator/Devices/4EC5F74C-5A9C-4D89-8E44-374310E684AE/data/Containers/Bundle/Application/31087BF4-D319-4611-A136-08A015F59238/YourSofia.app/assets/node_modules/.pnpm/@react-navigation+elements@2.6.4_@react-navigation+native@7.1.17_react-native@0.81.5_@b_28a2c3a7af745b08fd3e3ec803bf51ba/node_modules/@react-navigation/elements/lib/module/assets/back-icon@3x.png
2026-08-17 11:24:58.085 Db YourSofia[98412:31db90] [com.apple.CFBundle:resources] Resource lookup at CFBundle 0x600003b082a0 </Users/valentinasenov/Library/Developer/CoreSimulator/Devices/4EC5F74C-5A9C-4D89-8E44-374310E684AE/data/Containers/Bundle/Application/31087BF4-D319-4611-A136-08A015F59238/YourSofia.app> (executable, loaded)
	Request       : back-icon-mask type: png path: assets/node_modules/.pnpm/@react-navigation+elements@2.6.4_@react-navigation+native@7.1.17_react-native@0.81.5_@b_28a2c3a7af745b08fd3e3ec803bf51ba/node_modules/@react-navigation/elements/lib/module/assets
	Result        : file:///Users/valentinasenov/Library/Developer/CoreSimulator/Devices/4EC5F74C-5A9C-4D89-8E44-374310E684AE/data/Containers/Bundle/Application/31087BF4-D319-4611-A136-08A015F59238/YourSofia.app/assets/node_modules/.pnpm/@react-navigation+elements@2.6.4_@react-navigation+native@7.1.17_react-native@0.81.5_@b_28a2c3a7af745b08fd3e3ec803bf51ba/node_modules/@react-navigation/elements/lib/module/assets/back-icon-mask.png
2026-08-17 11:24:58.085 Db YourSofia[98412:31db90] [com.apple.CFBundle:resources] Resource lookup at CFBundle 0x600003b082a0 </Users/valentinasenov/Library/Developer/CoreSimulator/Devices/4EC5F74C-5A9C-4D89-8E44-374310E684AE/data/Containers/Bundle/Application/31087BF4-D319-4611-A136-08A015F59238/YourSofia.app> (executable, loaded)
	Request       : clear-icon type: png path: assets/node_modules/.pnpm/@react-navigation+elements@2.6.4_@react-navigation+native@7.1.17_react-native@0.81.5_@b_28a2c3a7af745b08fd3e3ec803bf51ba/node_modules/@react-navigation/elements/lib/module/assets
	Result        : file:///Users/valentinasenov/Library/Developer/CoreSimulator/Devices/4EC5F74C-5A9C-4D89-8E44-374310E684AE/data/Containers/Bundle/Application/31087BF4-D319-4611-A136-08A015F59238/YourSofia.app/assets/node_modules/.pnpm/@react-navigation+elements@2.6.4_@react-navigation+native@7.1.17_react-native@0.81.5_@b_28a2c3a7af745b08fd3e3ec803bf51ba/node_modules/@react-navigation/elements/lib/module/assets/clear-icon.png
2026-08-17 11:24:58.085 Db YourSofia[98412:31db90] [com.apple.CFBundle:resources] Resource lookup at CFBundle 0x600003b082a0 </Users/valentinasenov/Library/Developer/CoreSimulator/Devices/4EC5F74C-5A9C-4D89-8E44-374310E684AE/data/Containers/Bundle/Application/31087BF4-D319-4611-A136-08A015F59238/YourSofia.app> (executable, loaded)
	Request       : clear-icon type: png path: assets/node_modules/.pnpm/@react-navigation+elements@2.6.4_@react-navigation+native@7.1.17_react-native@0.81.5_@b_28a2c3a7af745b08fd3e3ec803bf51ba/node_modules/@react-navigation/elements/lib/module/assets
	Result        : file:///Users/valentinasenov/Library/Developer/CoreSimulator/Devices/4EC5F74C-5A9C-4D89-8E44-374310E684AE/data/Containers/Bundle/Application/31087BF4-D319-4611-A136-08A015F59238/YourSofia.app/assets/node_modules/.pnpm/@react-navigation+elements@2.6.4_@react-navigation+native@7.1.17_react-native@0.81.5_@b_28a2c3a7af745b08fd3e3ec803bf51ba/node_modules/@react-navigation/elements/lib/module/assets/clear-icon.png
2026-08-17 11:24:58.085 Db YourSofia[98412:31db90] [com.apple.CFBundle:resources] Resource lookup at CFBundle 0x600003b082a0 </Users/valentinasenov/Library/Developer/CoreSimulator/Devices/4EC5F74C-5A9C-4D89-8E44-374310E684AE/data/Containers/Bundle/Application/31087BF4-D319-4611-A136-08A015F59238/YourSofia.app> (executable, loaded)
	Request       : clear-icon@2x type: png path: assets/node_modules/.pnpm/@react-navigation+elements@2.6.4_@react-navigation+native@7.1.17_react-native@0.81.5_@b_28a2c3a7af745b08fd3e3ec803bf51ba/node_modules/@react-navigation/elements/lib/module/assets
	Result        : file:///Users/valentinasenov/Library/Developer/CoreSimulator/Devices/4EC5F74C-5A9C-4D89-8E44-374310E684AE/data/Containers/Bundle/Application/31087BF4-D319-4611-A136-08A015F59238/YourSofia.app/assets/node_modules/.pnpm/@react-navigation+elements@2.6.4_@react-navigation+native@7.1.17_react-native@0.81.5_@b_28a2c3a7af745b08fd3e3ec803bf51ba/node_modules/@react-navigation/elements/lib/module/assets/clear-icon@2x.png
2026-08-17 11:24:58.086 Db YourSofia[98412:31db90] [com.apple.CFBundle:resources] Resource lookup at CFBundle 0x600003b082a0 </Users/valentinasenov/Library/Developer/CoreSimulator/Devices/4EC5F74C-5A9C-4D89-8E44-374310E684AE/data/Containers/Bundle/Application/31087BF4-D319-4611-A136-08A015F59238/YourSofia.app> (executable, loaded)
	Request       : clear-icon@3x type: png path: assets/node_modules/.pnpm/@react-navigation+elements@2.6.4_@react-navigation+native@7.1.17_react-native@0.81.5_@b_28a2c3a7af745b08fd3e3ec803bf51ba/node_modules/@react-navigation/elements/lib/module/assets
	Result        : file:///Users/valentinasenov/Library/Developer/CoreSimulator/Devices/4EC5F74C-5A9C-4D89-8E44-374310E684AE/data/Containers/Bundle/Application/31087BF4-D319-4611-A136-08A015F59238/YourSofia.app/assets/node_modules/.pnpm/@react-navigation+elements@2.6.4_@react-navigation+native@7.1.17_react-native@0.81.5_@b_28a2c3a7af745b08fd3e3ec803bf51ba/node_modules/@react-navigation/elements/lib/module/assets/clear-icon@3x.png
2026-08-17 11:24:58.086 Db YourSofia[98412:31db90] [com.apple.CFBundle:resources] Resource lookup at CFBundle 0x600003b082a0 </Users/valentinasenov/Library/Developer/CoreSimulator/Devices/4EC5F74C-5A9C-4D89-8E44-374310E684AE/data/Containers/Bundle/Application/31087BF4-D319-4611-A136-08A015F59238/YourSofia.app> (executable, loaded)
	Request       : close-icon type: png path: assets/node_modules/.pnpm/@react-navigation+elements@2.6.4_@react-navigation+native@7.1.17_react-native@0.81.5_@b_28a2c3a7af745b08fd3e3ec803bf51ba/node_modules/@react-navigation/elements/lib/module/assets
	Result        : file:///Users/valentinasenov/Library/Developer/CoreSimulator/Devices/4EC5F74C-5A9C-4D89-8E44-374310E684AE/data/Containers/Bundle/Application/31087BF4-D319-4611-A136-08A015F59238/YourSofia.app/assets/node_modules/.pnpm/@react-navigation+elements@2.6.4_@react-navigation+native@7.1.17_react-native@0.81.5_@b_28a2c3a7af745b08fd3e3ec803bf51ba/node_modules/@react-navigation/elements/lib/module/assets/close-icon.png
2026-08-17 11:24:58.086 Db YourSofia[98412:31db90] [com.apple.CFBundle:resources] Resource lookup at CFBundle 0x600003b082a0 </Users/valentinasenov/Library/Developer/CoreSimulator/Devices/4EC5F74C-5A9C-4D89-8E44-374310E684AE/data/Containers/Bundle/Application/31087BF4-D319-4611-A136-08A015F59238/YourSofia.app> (executable, loaded)
	Request       : close-icon type: png path: assets/node_modules/.pnpm/@react-navigation+elements@2.6.4_@react-navigation+native@7.1.17_react-native@0.81.5_@b_28a2c3a7af745b08fd3e3ec803bf51ba/node_modules/@react-navigation/elements/lib/module/assets
	Result        : file:///Users/valentinasenov/Library/Developer/CoreSimulator/Devices/4EC5F74C-5A9C-4D89-8E44-374310E684AE/data/Containers/Bundle/Application/31087BF4-D319-4611-A136-08A015F59238/YourSofia.app/assets/node_modules/.pnpm/@react-navigation+elements@2.6.4_@react-navigation+native@7.1.17_react-native@0.81.5_@b_28a2c3a7af745b08fd3e3ec803bf51ba/node_modules/@react-navigation/elements/lib/module/assets/close-icon.png
2026-08-17 11:24:58.086 Db YourSofia[98412:31db90] [com.apple.CFBundle:resources] Resource lookup at CFBundle 0x600003b082a0 </Users/valentinasenov/Library/Developer/CoreSimulator/Devices/4EC5F74C-5A9C-4D89-8E44-374310E684AE/data/Containers/Bundle/Application/31087BF4-D319-4611-A136-08A015F59238/YourSofia.app> (executable, loaded)
	Request       : close-icon@2x type: png path: assets/node_modules/.pnpm/@react-navigation+elements@2.6.4_@react-navigation+native@7.1.17_react-native@0.81.5_@b_28a2c3a7af745b08fd3e3ec803bf51ba/node_modules/@react-navigation/elements/lib/module/assets
	Result        : file:///Users/valentinasenov/Library/Developer/CoreSimulator/Devices/4EC5F74C-5A9C-4D89-8E44-374310E684AE/data/Containers/Bundle/Application/31087BF4-D319-4611-A136-08A015F59238/YourSofia.app/assets/node_modules/.pnpm/@react-navigation+elements@2.6.4_@react-navigation+native@7.1.17_react-native@0.81.5_@b_28a2c3a7af745b08fd3e3ec803bf51ba/node_modules/@react-navigation/elements/lib/module/assets/close-icon@2x.png
2026-08-17 11:24:58.086 Db YourSofia[98412:31db90] [com.apple.CFBundle:resources] Resource lookup at CFBundle 0x600003b082a0 </Users/valentinasenov/Library/Developer/CoreSimulator/Devices/4EC5F74C-5A9C-4D89-8E44-374310E684AE/data/Containers/Bundle/Application/31087BF4-D319-4611-A136-08A015F59238/YourSofia.app> (executable, loaded)
	Request       : close-icon@3x type: png path: assets/node_modules/.pnpm/@react-navigation+elements@2.6.4_@react-navigation+native@7.1.17_react-native@0.81.5_@b_28a2c3a7af745b08fd3e3ec803bf51ba/node_modules/@react-navigation/elements/lib/module/assets
	Result        : file:///Users/valentinasenov/Library/Developer/CoreSimulator/Devices/4EC5F74C-5A9C-4D89-8E44-374310E684AE/data/Containers/Bundle/Application/31087BF4-D319-4611-A136-08A015F59238/YourSofia.app/assets/node_modules/.pnpm/@react-navigation+elements@2.6.4_@react-navigation+native@7.1.17_react-native@0.81.5_@b_28a2c3a7af745b08fd3e3ec803bf51ba/node_modules/@react-navigation/elements/lib/module/assets/close-icon@3x.png
2026-08-17 11:24:58.086 Db YourSofia[98412:31db90] [com.apple.CFBundle:resources] Resource lookup at CFBundle 0x600003b082a0 </Users/valentinasenov/Library/Developer/CoreSimulator/Devices/4EC5F74C-5A9C-4D89-8E44-374310E684AE/data/Containers/Bundle/Application/31087BF4-D319-4611-A136-08A015F59238/YourSofia.app> (executable, loaded)
	Request       : search-icon type: png path: assets/node_modules/.pnpm/@react-navigation+elements@2.6.4_@react-navigation+native@7.1.17_react-native@0.81.5_@b_28a2c3a7af745b08fd3e3ec803bf51ba/node_modules/@react-navigation/elements/lib/module/assets
	Result        : file:///Users/valentinasenov/Library/Developer/CoreSimulator/Devices/4EC5F74C-5A9C-4D89-8E44-374310E684AE/data/Containers/Bundle/Application/31087BF4-D319-4611-A136-08A015F59238/YourSofia.app/assets/node_modules/.pnpm/@react-navigation+elements@2.6.4_@react-navigation+native@7.1.17_react-native@0.81.5_@b_28a2c3a7af745b08fd3e3ec803bf51ba/node_modules/@react-navigation/elements/lib/module/assets/search-icon.png
2026-08-17 11:24:58.086 Db YourSofia[98412:31db90] [com.apple.CFBundle:resources] Resource lookup at CFBundle 0x600003b082a0 </Users/valentinasenov/Library/Developer/CoreSimulator/Devices/4EC5F74C-5A9C-4D89-8E44-374310E684AE/data/Containers/Bundle/Application/31087BF4-D319-4611-A136-08A015F59238/YourSofia.app> (executable, loaded)
	Request       : search-icon@2x type: png path: assets/node_modules/.pnpm/@react-navigation+elements@2.6.4_@react-navigation+native@7.1.17_react-native@0.81.5_@b_28a2c3a7af745b08fd3e3ec803bf51ba/node_modules/@react-navigation/elements/lib/module/assets
	Result        : file:///Users/valentinasenov/Library/Developer/CoreSimulator/Devices/4EC5F74C-5A9C-4D89-8E44-374310E684AE/data/Containers/Bundle/Application/31087BF4-D319-4611-A136-08A015F59238/YourSofia.app/assets/node_modules/.pnpm/@react-navigation+elements@2.6.4_@react-navigation+native@7.1.17_react-native@0.81.5_@b_28a2c3a7af745b08fd3e3ec803bf51ba/node_modules/@react-navigation/elements/lib/module/assets/search-icon@2x.png
2026-08-17 11:24:58.086 Db YourSofia[98412:31db90] [com.apple.CFBundle:resources] Resource lookup at CFBundle 0x600003b082a0 </Users/valentinasenov/Library/Developer/CoreSimulator/Devices/4EC5F74C-5A9C-4D89-8E44-374310E684AE/data/Containers/Bundle/Application/31087BF4-D319-4611-A136-08A015F59238/YourSofia.app> (executable, loaded)
	Request       : search-icon@3x type: png path: assets/node_modules/.pnpm/@react-navigation+elements@2.6.4_@react-navigation+native@7.1.17_react-native@0.81.5_@b_28a2c3a7af745b08fd3e3ec803bf51ba/node_modules/@react-navigation/elements/lib/module/assets
	Result        : file:///Users/valentinasenov/Library/Developer/CoreSimulator/Devices/4EC5F74C-5A9C-4D89-8E44-374310E684AE/data/Containers/Bundle/Application/31087BF4-D319-4611-A136-08A015F59238/YourSofia.app/assets/node_modules/.pnpm/@react-navigation+elements@2.6.4_@react-navigation+native@7.1.17_react-native@0.81.5_@b_28a2c3a7af745b08fd3e3ec803bf51ba/node_modules/@react-navigation/elements/lib/module/assets/search-icon@3x.png
2026-08-17 11:24:58.086 Db YourSofia[98412:31db90] [com.apple.CFBundle:resources] Resource lookup at CFBundle 0x600003b082a0 </Users/valentinasenov/Library/Developer/CoreSimulator/Devices/4EC5F74C-5A9C-4D89-8E44-374310E684AE/data/Containers/Bundle/Application/31087BF4-D319-4611-A136-08A015F59238/YourSofia.app> (executable, loaded)
	Request       : error type: png path: assets/node_modules/.pnpm/expo-router@6.0.22_df0c677153b00f82db80c956be709681/node_modules/expo-router/assets
	Result        : file:///Users/valentinasenov/Library/Developer/CoreSimulator/Devices/4EC5F74C-5A9C-4D89-8E44-374310E684AE/data/Containers/Bundle/Application/31087BF4-D319-4611-A136-08A015F59238/YourSofia.app/assets/node_modules/.pnpm/expo-router@6.0.22_df0c677153b00f82db80c956be709681/node_modules/expo-router/assets/error.png
2026-08-17 11:24:58.086 Db YourSofia[98412:31db90] [com.apple.CFBundle:resources] Resource lookup at CFBundle 0x600003b082a0 </Users/valentinasenov/Library/Developer/CoreSimulator/Devices/4EC5F74C-5A9C-4D89-8E44-374310E684AE/data/Containers/Bundle/Application/31087BF4-D319-4611-A136-08A015F59238/YourSofia.app> (executable, loaded)
	Request       : file type: png path: assets/node_modules/.pnpm/expo-router@6.0.22_df0c677153b00f82db80c956be709681/node_modules/expo-router/assets
	Result        : file:///Users/valentinasenov/Library/Developer/CoreSimulator/Devices/4EC5F74C-5A9C-4D89-8E44-374310E684AE/data/Containers/Bundle/Application/31087BF4-D319-4611-A136-08A015F59238/YourSofia.app/assets/node_modules/.pnpm/expo-router@6.0.22_df0c677153b00f82db80c956be709681/node_modules/expo-router/assets/file.png
2026-08-17 11:24:58.086 Db YourSofia[98412:31db90] [com.apple.CFBundle:resources] Resource lookup at CFBundle 0x600003b082a0 </Users/valentinasenov/Library/Developer/CoreSimulator/Devices/4EC5F74C-5A9C-4D89-8E44-374310E684AE/data/Containers/Bundle/Application/31087BF4-D319-4611-A136-08A015F59238/YourSofia.app> (executable, loaded)
	Request       : pkg type: png path: assets/node_modules/.pnpm/expo-router@6.0.22_df0c677153b00f82db80c956be709681/node_modules/expo-router/assets
	Result        : file:///Users/valentinasenov/Library/Developer/CoreSimulator/Devices/4EC5F74C-5A9C-4D89-8E44-374310E684AE/data/Containers/Bundle/Application/31087BF4-D319-4611-A136-08A015F59238/YourSofia.app/assets/node_modules/.pnpm/expo-router@6.0.22_df0c677153b00f82db80c956be709681/node_modules/expo-router/assets/pkg.png
2026-08-17 11:24:58.087 Db YourSofia[98412:31db90] [com.apple.CFBundle:resources] Resource lookup at CFBundle 0x600003b082a0 </Users/valentinasenov/Library/Developer/CoreSimulator/Devices/4EC5F74C-5A9C-4D89-8E44-374310E684AE/data/Containers/Bundle/Application/31087BF4-D319-4611-A136-08A015F59238/YourSofia.app> (executable, loaded)
	Request       : forward type: png path: assets/node_modules/.pnpm/expo-router@6.0.22_df0c677153b00f82db80c956be709681/node_modules/expo-router/assets
	Result        : file:///Users/valentinasenov/Library/Developer/CoreSimulator/Devices/4EC5F74C-5A9C-4D89-8E44-374310E684AE/data/Containers/Bundle/Application/31087BF4-D319-4611-A136-08A015F59238/YourSofia.app/assets/node_modules/.pnpm/expo-router@6.0.22_df0c677153b00f82db80c956be709681/node_modules/expo-router/assets/forward.png
2026-08-17 11:24:58.087 Db YourSofia[98412:31db90] [com.apple.CFBundle:resources] Resource lookup at CFBundle 0x600003b082a0 </Users/valentinasenov/Library/Developer/CoreSimulator/Devices/4EC5F74C-5A9C-4D89-8E44-374310E684AE/data/Containers/Bundle/Application/31087BF4-D319-4611-A136-08A015F59238/YourSofia.app> (executable, loaded)
	Request       : sitemap type: png path: assets/node_modules/.pnpm/expo-router@6.0.22_df0c677153b00f82db80c956be709681/node_modules/expo-router/assets
	Result        : file:///Users/valentinasenov/Library/Developer/CoreSimulator/Devices/4EC5F74C-5A9C-4D89-8E44-374310E684AE/data/Containers/Bundle/Application/31087BF4-D319-4611-A136-08A015F59238/YourSofia.app/assets/node_modules/.pnpm/expo-router@6.0.22_df0c677153b00f82db80c956be709681/node_modules/expo-router/assets/sitemap.png
2026-08-17 11:24:58.087 Db YourSofia[98412:31db90] [com.apple.CFBundle:resources] Resource lookup at CFBundle 0x600003b082a0 </Users/valentinasenov/Library/Developer/CoreSimulator/Devices/4EC5F74C-5A9C-4D89-8E44-374310E684AE/data/Containers/Bundle/Application/31087BF4-D319-4611-A136-08A015F59238/YourSofia.app> (executable, loaded)
	Request       : arrow_down type: png path: assets/node_modules/.pnpm/expo-router@6.0.22_df0c677153b00f82db80c956be709681/node_modules/expo-router/assets
	Result        : file:///Users/valentinasenov/Library/Developer/CoreSimulator/Devices/4EC5F74C-5A9C-4D89-8E44-374310E684AE/data/Containers/Bundle/Application/31087BF4-D319-4611-A136-08A015F59238/YourSofia.app/assets/node_modules/.pnpm/expo-router@6.0.22_df0c677153b00f82db80c956be709681/node_modules/expo-router/assets/arrow_down.png
2026-08-17 11:24:58.087 Db YourSofia[98412:31db90] [com.apple.CFBundle:resources] Resource lookup at CFBundle 0x600003b082a0 </Users/valentinasenov/Library/Developer/CoreSimulator/Devices/4EC5F74C-5A9C-4D89-8E44-374310E684AE/data/Containers/Bundle/Application/31087BF4-D319-4611-A136-08A015F59238/YourSofia.app> (executable, loaded)
	Request       : unmatched type: png path: assets/node_modules/.pnpm/expo-router@6.0.22_df0c677153b00f82db80c956be709681/node_modules/expo-router/assets
	Result        : file:///Users/valentinasenov/Library/Developer/CoreSimulator/Devices/4EC5F74C-5A9C-4D89-8E44-374310E684AE/data/Containers/Bundle/Application/31087BF4-D319-4611-A136-08A015F59238/YourSofia.app/assets/node_modules/.pnpm/expo-router@6.0.22_df0c677153b00f82db80c956be709681/node_modules/expo-router/assets/unmatched.png
2026-08-17 11:24:58.087 Db YourSofia[98412:31db90] [com.apple.CFBundle:resources] Resource lookup at CFBundle 0x600003b082a0 </Users/valentinasenov/Library/Developer/CoreSimulator/Devices/4EC5F74C-5A9C-4D89-8E44-374310E684AE/data/Containers/Bundle/Application/31087BF4-D319-4611-A136-08A015F59238/YourSofia.app> (executable, loaded)
	Request       : JetBrainsMono_500Medium type: ttf path: assets/node_modules/.pnpm/@expo-google-fonts+jetbrains-mono@0.4.1/node_modules/@expo-google-fonts/jetbrains-mono/500Medium
	Result        : file:///Users/valentinasenov/Library/Developer/CoreSimulator/Devices/4EC5F74C-5A9C-4D89-8E44-374310E684AE/data/Containers/Bundle/Application/31087BF4-D319-4611-A136-08A015F59238/YourSofia.app/assets/node_modules/.pnpm/@expo-google-fonts+jetbrains-mono@0.4.1/node_modules/@expo-google-fonts/jetbrains-mono/500Medium/JetBrainsMono_500Medium.ttf
2026-08-17 11:24:58.087 Db YourSofia[98412:31db90] [com.apple.CFBundle:resources] Resource lookup at CFBundle 0x600003b082a0 </Users/valentinasenov/Library/Developer/CoreSimulator/Devices/4EC5F74C-5A9C-4D89-8E44-374310E684AE/data/Containers/Bundle/Application/31087BF4-D319-4611-A136-08A015F59238/YourSofia.app> (executable, loaded)
	Request       : SofiaSans_100Thin type: ttf path: assets/node_modules/.pnpm/@expo-google-fonts+sofia-sans@0.4.3/node_modules/@expo-google-fonts/sofia-sans/100Thin
	Result        : file:///Users/valentinasenov/Library/Developer/CoreSimulator/Devices/4EC5F74C-5A9C-4D89-8E44-374310E684AE/data/Containers/Bundle/Application/31087BF4-D319-4611-A136-08A015F59238/YourSofia.app/assets/node_modules/.pnpm/@expo-google-fonts+sofia-sans@0.4.3/node_modules/@expo-google-fonts/sofia-sans/100Thin/SofiaSans_100Thin.ttf
2026-08-17 11:24:58.087 Db YourSofia[98412:31db90] [com.apple.CFBundle:resources] Resource lookup at CFBundle 0x600003b082a0 </Users/valentinasenov/Library/Developer/CoreSimulator/Devices/4EC5F74C-5A9C-4D89-8E44-374310E684AE/data/Containers/Bundle/Application/31087BF4-D319-4611-A136-08A015F59238/YourSofia.app> (executable, loaded)
	Request       : SofiaSans_200ExtraLight type: ttf path: assets/node_modules/.pnpm/@expo-google-fonts+sofia-sans@0.4.3/node_modules/@expo-google-fonts/sofia-sans/200ExtraLight
	Result        : file:///Users/valentinasenov/Library/Developer/CoreSimulator/Devices/4EC5F74C-5A9C-4D89-8E44-374310E684AE/data/Containers/Bundle/Application/31087BF4-D319-4611-A136-08A015F59238/YourSofia.app/assets/node_modules/.pnpm/@expo-google-fonts+sofia-sans@0.4.3/node_modules/@expo-google-fonts/sofia-sans/200ExtraLight/SofiaSans_200ExtraLight.ttf
2026-08-17 11:24:58.087 Db YourSofia[98412:31db90] [com.apple.CFBundle:resources] Resource lookup at CFBundle 0x600003b082a0 </Users/valentinasenov/Library/Developer/CoreSimulator/Devices/4EC5F74C-5A9C-4D89-8E44-374310E684AE/data/Containers/Bundle/Application/31087BF4-D319-4611-A136-08A015F59238/YourSofia.app> (executable, loaded)
	Request       : SofiaSans_300Light type: ttf path: assets/node_modules/.pnpm/@expo-google-fonts+sofia-sans@0.4.3/node_modules/@expo-google-fonts/sofia-sans/300Light
	Result        : file:///Users/valentinasenov/Library/Developer/CoreSimulator/Devices/4EC5F74C-5A9C-4D89-8E44-374310E684AE/data/Containers/Bundle/Application/31087BF4-D319-4611-A136-08A015F59238/YourSofia.app/assets/node_modules/.pnpm/@expo-google-fonts+sofia-sans@0.4.3/node_modules/@expo-google-fonts/sofia-sans/300Light/SofiaSans_300Light.ttf
2026-08-17 11:24:58.087 Db YourSofia[98412:31db90] [com.apple.CFBundle:resources] Resource lookup at CFBundle 0x600003b082a0 </Users/valentinasenov/Library/Developer/CoreSimulator/Devices/4EC5F74C-5A9C-4D89-8E44-374310E684AE/data/Containers/Bundle/Application/31087BF4-D319-4611-A136-08A015F59238/YourSofia.app> (executable, loaded)
	Request       : SofiaSans_400Regular type: ttf path: assets/node_modules/.pnpm/@expo-google-fonts+sofia-sans@0.4.3/node_modules/@expo-google-fonts/sofia-sans/400Regular
	Result        : file:///Users/valentinasenov/Library/Developer/CoreSimulator/Devices/4EC5F74C-5A9C-4D89-8E44-374310E684AE/data/Containers/Bundle/Application/31087BF4-D319-4611-A136-08A015F59238/YourSofia.app/assets/node_modules/.pnpm/@expo-google-fonts+sofia-sans@0.4.3/node_modules/@expo-google-fonts/sofia-sans/400Regular/SofiaSans_400Regular.ttf
2026-08-17 11:24:58.087 Db YourSofia[98412:31db90] [com.apple.CFBundle:resources] Resource lookup at CFBundle 0x600003b082a0 </Users/valentinasenov/Library/Developer/CoreSimulator/Devices/4EC5F74C-5A9C-4D89-8E44-374310E684AE/data/Containers/Bundle/Application/31087BF4-D319-4611-A136-08A015F59238/YourSofia.app> (executable, loaded)
	Request       : SofiaSans_500Medium type: ttf path: assets/node_modules/.pnpm/@expo-google-fonts+sofia-sans@0.4.3/node_modules/@expo-google-fonts/sofia-sans/500Medium
	Result        : file:///Users/valentinasenov/Library/Developer/CoreSimulator/Devices/4EC5F74C-5A9C-4D89-8E44-374310E684AE/data/Containers/Bundle/Application/31087BF4-D319-4611-A136-08A015F59238/YourSofia.app/assets/node_modules/.pnpm/@expo-google-fonts+sofia-sans@0.4.3/node_modules/@expo-google-fonts/sofia-sans/500Medium/SofiaSans_500Medium.ttf
2026-08-17 11:24:58.087 Db YourSofia[98412:31db90] [com.apple.CFBundle:resources] Resource lookup at CFBundle 0x600003b082a0 </Users/valentinasenov/Library/Developer/CoreSimulator/Devices/4EC5F74C-5A9C-4D89-8E44-374310E684AE/data/Containers/Bundle/Application/31087BF4-D319-4611-A136-08A015F59238/YourSofia.app> (executable, loaded)
	Request       : SofiaSans_600SemiBold type: ttf path: assets/node_modules/.pnpm/@expo-google-fonts+sofia-sans@0.4.3/node_modules/@expo-google-fonts/sofia-sans/600SemiBold
	Result        : file:///Users/valentinasenov/Library/Developer/CoreSimulator/Devices/4EC5F74C-5A9C-4D89-8E44-374310E684AE/data/Containers/Bundle/Application/31087BF4-D319-4611-A136-08A015F59238/YourSofia.app/assets/node_modules/.pnpm/@expo-google-fonts+sofia-sans@0.4.3/node_modules/@expo-google-fonts/sofia-sans/600SemiBold/SofiaSans_600SemiBold.ttf
2026-08-17 11:24:58.087 Db YourSofia[98412:31db90] [com.apple.CFBundle:resources] Resource lookup at CFBundle 0x600003b082a0 </Users/valentinasenov/Library/Developer/CoreSimulator/Devices/4EC5F74C-5A9C-4D89-8E44-374310E684AE/data/Containers/Bundle/Application/31087BF4-D319-4611-A136-08A015F59238/YourSofia.app> (executable, loaded)
	Request       : SofiaSans_700Bold type: ttf path: assets/node_modules/.pnpm/@expo-google-fonts+sofia-sans@0.4.3/node_modules/@expo-google-fonts/sofia-sans/700Bold
	Result        : file:///Users/valentinasenov/Library/Developer/CoreSimulator/Devices/4EC5F74C-5A9C-4D89-8E44-374310E684AE/data/Containers/Bundle/Application/31087BF4-D319-4611-A136-08A015F59238/YourSofia.app/assets/node_modules/.pnpm/@expo-google-fonts+sofia-sans@0.4.3/node_modules/@expo-google-fonts/sofia-sans/700Bold/SofiaSans_700Bold.ttf
2026-08-17 11:24:58.087 Db YourSofia[98412:31db90] [com.apple.CFBundle:resources] Resource lookup at CFBundle 0x600003b082a0 </Users/valentinasenov/Library/Developer/CoreSimulator/Devices/4EC5F74C-5A9C-4D89-8E44-374310E684AE/data/Containers/Bundle/Application/31087BF4-D319-4611-A136-08A015F59238/YourSofia.app> (executable, loaded)
	Request       : SofiaSans_800ExtraBold type: ttf path: assets/node_modules/.pnpm/@expo-google-fonts+sofia-sans@0.4.3/node_modules/@expo-google-fonts/sofia-sans/800ExtraBold
	Result        : file:///Users/valentinasenov/Library/Developer/CoreSimulator/Devices/4EC5F74C-5A9C-4D89-8E44-374310E684AE/data/Containers/Bundle/Application/31087BF4-D319-4611-A136-08A015F59238/YourSofia.app/assets/node_modules/.pnpm/@expo-google-fonts+sofia-sans@0.4.3/node_modules/@expo-google-fonts/sofia-sans/800ExtraBold/SofiaSans_800ExtraBold.ttf
2026-08-17 11:24:58.087 Db YourSofia[98412:31db90] [com.apple.CFBundle:resources] Resource lookup at CFBundle 0x600003b082a0 </Users/valentinasenov/Library/Developer/CoreSimulator/Devices/4EC5F74C-5A9C-4D89-8E44-374310E684AE/data/Containers/Bundle/Application/31087BF4-D319-4611-A136-08A015F59238/YourSofia.app> (executable, loaded)
	Request       : SofiaSans_900Black type: ttf path: assets/node_modules/.pnpm/@expo-google-fonts+sofia-sans@0.4.3/node_modules/@expo-google-fonts/sofia-sans/900Black
	Result        : file:///Users/valentinasenov/Library/Developer/CoreSimulator/Devices/4EC5F74C-5A9C-4D89-8E44-374310E684AE/data/Containers/Bundle/Application/31087BF4-D319-4611-A136-08A015F59238/YourSofia.app/assets/node_modules/.pnpm/@expo-google-fonts+sofia-sans@0.4.3/node_modules/@expo-google-fonts/sofia-sans/900Black/SofiaSans_900Black.ttf
2026-08-17 11:24:58.087 Db YourSofia[98412:31db90] [com.apple.CFBundle:resources] Resource lookup at CFBundle 0x600003b082a0 </Users/valentinasenov/Library/Developer/CoreSimulator/Devices/4EC5F74C-5A9C-4D89-8E44-374310E684AE/data/Containers/Bundle/Application/31087BF4-D319-4611-A136-08A015F59238/YourSofia.app> (executable, loaded)
	Request       : SofiaSans_100Thin_Italic type: ttf path: assets/node_modules/.pnpm/@expo-google-fonts+sofia-sans@0.4.3/node_modules/@expo-google-fonts/sofia-sans/100Thin_Italic
	Result        : file:///Users/valentinasenov/Library/Developer/CoreSimulator/Devices/4EC5F74C-5A9C-4D89-8E44-374310E684AE/data/Containers/Bundle/Application/31087BF4-D319-4611-A136-08A015F59238/YourSofia.app/assets/node_modules/.pnpm/@expo-google-fonts+sofia-sans@0.4.3/node_modules/@expo-google-fonts/sofia-sans/100Thin_Italic/SofiaSans_100Thin_Italic.ttf
2026-08-17 11:24:58.087 Db YourSofia[98412:31db90] [com.apple.CFBundle:resources] Resource lookup at CFBundle 0x600003b082a0 </Users/valentinasenov/Library/Developer/CoreSimulator/Devices/4EC5F74C-5A9C-4D89-8E44-374310E684AE/data/Containers/Bundle/Application/31087BF4-D319-4611-A136-08A015F59238/YourSofia.app> (executable, loaded)
	Request       : SofiaSans_200ExtraLight_Italic type: ttf path: assets/node_modules/.pnpm/@expo-google-fonts+sofia-sans@0.4.3/node_modules/@expo-google-fonts/sofia-sans/200ExtraLight_Italic
	Result        : file:///Users/valentinasenov/Library/Developer/CoreSimulator/Devices/4EC5F74C-5A9C-4D89-8E44-374310E684AE/data/Containers/Bundle/Application/31087BF4-D319-4611-A136-08A015F59238/YourSofia.app/assets/node_modules/.pnpm/@expo-google-fonts+sofia-sans@0.4.3/node_modules/@expo-google-fonts/sofia-sans/200ExtraLight_Italic/SofiaSans_200ExtraLight_Italic.ttf
2026-08-17 11:24:58.087 Db YourSofia[98412:31db90] [com.apple.CFBundle:resources] Resource lookup at CFBundle 0x600003b082a0 </Users/valentinasenov/Library/Developer/CoreSimulator/Devices/4EC5F74C-5A9C-4D89-8E44-374310E684AE/data/Containers/Bundle/Application/31087BF4-D319-4611-A136-08A015F59238/YourSofia.app> (executable, loaded)
	Request       : SofiaSans_300Light_Italic type: ttf path: assets/node_modules/.pnpm/@expo-google-fonts+sofia-sans@0.4.3/node_modules/@expo-google-fonts/sofia-sans/300Light_Italic
	Result        : file:///Users/valentinasenov/Library/Developer/CoreSimulator/Devices/4EC5F74C-5A9C-4D89-8E44-374310E684AE/data/Containers/Bundle/Application/31087BF4-D319-4611-A136-08A015F59238/YourSofia.app/assets/node_modules/.pnpm/@expo-google-fonts+sofia-sans@0.4.3/node_modules/@expo-google-fonts/sofia-sans/300Light_Italic/SofiaSans_300Light_Italic.ttf
2026-08-17 11:24:58.087 Db YourSofia[98412:31db90] [com.apple.CFBundle:resources] Resource lookup at CFBundle 0x600003b082a0 </Users/valentinasenov/Library/Developer/CoreSimulator/Devices/4EC5F74C-5A9C-4D89-8E44-374310E684AE/data/Containers/Bundle/Application/31087BF4-D319-4611-A136-08A015F59238/YourSofia.app> (executable, loaded)
	Request       : SofiaSans_400Regular_Italic type: ttf path: assets/node_modules/.pnpm/@expo-google-fonts+sofia-sans@0.4.3/node_modules/@expo-google-fonts/sofia-sans/400Regular_Italic
	Result        : file:///Users/valentinasenov/Library/Developer/CoreSimulator/Devices/4EC5F74C-5A9C-4D89-8E44-374310E684AE/data/Containers/Bundle/Application/31087BF4-D319-4611-A136-08A015F59238/YourSofia.app/assets/node_modules/.pnpm/@expo-google-fonts+sofia-sans@0.4.3/node_modules/@expo-google-fonts/sofia-sans/400Regular_Italic/SofiaSans_400Regular_Italic.ttf
2026-08-17 11:24:58.088 Db YourSofia[98412:31db90] [com.apple.CFBundle:resources] Resource lookup at CFBundle 0x600003b082a0 </Users/valentinasenov/Library/Developer/CoreSimulator/Devices/4EC5F74C-5A9C-4D89-8E44-374310E684AE/data/Containers/Bundle/Application/31087BF4-D319-4611-A136-08A015F59238/YourSofia.app> (executable, loaded)
	Request       : SofiaSans_500Medium_Italic type: ttf path: assets/node_modules/.pnpm/@expo-google-fonts+sofia-sans@0.4.3/node_modules/@expo-google-fonts/sofia-sans/500Medium_Italic
	Result        : file:///Users/valentinasenov/Library/Developer/CoreSimulator/Devices/4EC5F74C-5A9C-4D89-8E44-374310E684AE/data/Containers/Bundle/Application/31087BF4-D319-4611-A136-08A015F59238/YourSofia.app/assets/node_modules/.pnpm/@expo-google-fonts+sofia-sans@0.4.3/node_modules/@expo-google-fonts/sofia-sans/500Medium_Italic/SofiaSans_500Medium_Italic.ttf
2026-08-17 11:24:58.088 Db YourSofia[98412:31db90] [com.apple.CFBundle:resources] Resource lookup at CFBundle 0x600003b082a0 </Users/valentinasenov/Library/Developer/CoreSimulator/Devices/4EC5F74C-5A9C-4D89-8E44-374310E684AE/data/Containers/Bundle/Application/31087BF4-D319-4611-A136-08A015F59238/YourSofia.app> (executable, loaded)
	Request       : SofiaSans_600SemiBold_Italic type: ttf path: assets/node_modules/.pnpm/@expo-google-fonts+sofia-sans@0.4.3/node_modules/@expo-google-fonts/sofia-sans/600SemiBold_Italic
	Result        : file:///Users/valentinasenov/Library/Developer/CoreSimulator/Devices/4EC5F74C-5A9C-4D89-8E44-374310E684AE/data/Containers/Bundle/Application/31087BF4-D319-4611-A136-08A015F59238/YourSofia.app/assets/node_modules/.pnpm/@expo-google-fonts+sofia-sans@0.4.3/node_modules/@expo-google-fonts/sofia-sans/600SemiBold_Italic/SofiaSans_600SemiBold_Italic.ttf
2026-08-17 11:24:58.088 Db YourSofia[98412:31db90] [com.apple.CFBundle:resources] Resource lookup at CFBundle 0x600003b082a0 </Users/valentinasenov/Library/Developer/CoreSimulator/Devices/4EC5F74C-5A9C-4D89-8E44-374310E684AE/data/Containers/Bundle/Application/31087BF4-D319-4611-A136-08A015F59238/YourSofia.app> (executable, loaded)
	Request       : SofiaSans_700Bold_Italic type: ttf path: assets/node_modules/.pnpm/@expo-google-fonts+sofia-sans@0.4.3/node_modules/@expo-google-fonts/sofia-sans/700Bold_Italic
	Result        : file:///Users/valentinasenov/Library/Developer/CoreSimulator/Devices/4EC5F74C-5A9C-4D89-8E44-374310E684AE/data/Containers/Bundle/Application/31087BF4-D319-4611-A136-08A015F59238/YourSofia.app/assets/node_modules/.pnpm/@expo-google-fonts+sofia-sans@0.4.3/node_modules/@expo-google-fonts/sofia-sans/700Bold_Italic/SofiaSans_700Bold_Italic.ttf
2026-08-17 11:24:58.088 Db YourSofia[98412:31db90] [com.apple.CFBundle:resources] Resource lookup at CFBundle 0x600003b082a0 </Users/valentinasenov/Library/Developer/CoreSimulator/Devices/4EC5F74C-5A9C-4D89-8E44-374310E684AE/data/Containers/Bundle/Application/31087BF4-D319-4611-A136-08A015F59238/YourSofia.app> (executable, loaded)
	Request       : SofiaSans_800ExtraBold_Italic type: ttf path: assets/node_modules/.pnpm/@expo-google-fonts+sofia-sans@0.4.3/node_modules/@expo-google-fonts/sofia-sans/800ExtraBold_Italic
	Result        : file:///Users/valentinasenov/Library/Developer/CoreSimulator/Devices/4EC5F74C-5A9C-4D89-8E44-374310E684AE/data/Containers/Bundle/Application/31087BF4-D319-4611-A136-08A015F59238/YourSofia.app/assets/node_modules/.pnpm/@expo-google-fonts+sofia-sans@0.4.3/node_modules/@expo-google-fonts/sofia-sans/800ExtraBold_Italic/SofiaSans_800ExtraBold_Italic.ttf
2026-08-17 11:24:58.088 Db YourSofia[98412:31db90] [com.apple.CFBundle:resources] Resource lookup at CFBundle 0x600003b082a0 </Users/valentinasenov/Library/Developer/CoreSimulator/Devices/4EC5F74C-5A9C-4D89-8E44-374310E684AE/data/Containers/Bundle/Application/31087BF4-D319-4611-A136-08A015F59238/YourSofia.app> (executable, loaded)
	Request       : SofiaSans_900Black_Italic type: ttf path: assets/node_modules/.pnpm/@expo-google-fonts+sofia-sans@0.4.3/node_modules/@expo-google-fonts/sofia-sans/900Black_Italic
	Result        : file:///Users/valentinasenov/Library/Developer/CoreSimulator/Devices/4EC5F74C-5A9C-4D89-8E44-374310E684AE/data/Containers/Bundle/Application/31087BF4-D319-4611-A136-08A015F59238/YourSofia.app/assets/node_modules/.pnpm/@expo-google-fonts+sofia-sans@0.4.3/node_modules/@expo-google-fonts/sofia-sans/900Black_Italic/SofiaSans_900Black_Italic.ttf
2026-08-17 11:24:58.088 Db YourSofia[98412:31db90] [com.apple.CFBundle:resources] Resource lookup at CFBundle 0x600003b082a0 </Users/valentinasenov/Library/Developer/CoreSimulator/Devices/4EC5F74C-5A9C-4D89-8E44-374310E684AE/data/Containers/Bundle/Application/31087BF4-D319-4611-A136-08A015F59238/YourSofia.app> (executable, loaded)
	Request       : JetBrainsMono_100Thin type: ttf path: assets/node_modules/.pnpm/@expo-google-fonts+jetbrains-mono@0.4.1/node_modules/@expo-google-fonts/jetbrains-mono/100Thin
	Result        : file:///Users/valentinasenov/Library/Developer/CoreSimulator/Devices/4EC5F74C-5A9C-4D89-8E44-374310E684AE/data/Containers/Bundle/Application/31087BF4-D319-4611-A136-08A015F59238/YourSofia.app/assets/node_modules/.pnpm/@expo-google-fonts+jetbrains-mono@0.4.1/node_modules/@expo-google-fonts/jetbrains-mono/100Thin/JetBrainsMono_100Thin.ttf
2026-08-17 11:24:58.088 Db YourSofia[98412:31db90] [com.apple.CFBundle:resources] Resource lookup at CFBundle 0x600003b082a0 </Users/valentinasenov/Library/Developer/CoreSimulator/Devices/4EC5F74C-5A9C-4D89-8E44-374310E684AE/data/Containers/Bundle/Application/31087BF4-D319-4611-A136-08A015F59238/YourSofia.app> (executable, loaded)
	Request       : JetBrainsMono_200ExtraLight type: ttf path: assets/node_modules/.pnpm/@expo-google-fonts+jetbrains-mono@0.4.1/node_modules/@expo-google-fonts/jetbrains-mono/200ExtraLight
	Result        : file:///Users/valentinasenov/Library/Developer/CoreSimulator/Devices/4EC5F74C-5A9C-4D89-8E44-374310E684AE/data/Containers/Bundle/Application/31087BF4-D319-4611-A136-08A015F59238/YourSofia.app/assets/node_modules/.pnpm/@expo-google-fonts+jetbrains-mono@0.4.1/node_modules/@expo-google-fonts/jetbrains-mono/200ExtraLight/JetBrainsMono_200ExtraLight.ttf
2026-08-17 11:24:58.088 Db YourSofia[98412:31db90] [com.apple.CFBundle:resources] Resource lookup at CFBundle 0x600003b082a0 </Users/valentinasenov/Library/Developer/CoreSimulator/Devices/4EC5F74C-5A9C-4D89-8E44-374310E684AE/data/Containers/Bundle/Application/31087BF4-D319-4611-A136-08A015F59238/YourSofia.app> (executable, loaded)
	Request       : JetBrainsMono_300Light type: ttf path: assets/node_modules/.pnpm/@expo-google-fonts+jetbrains-mono@0.4.1/node_modules/@expo-google-fonts/jetbrains-mono/300Light
	Result        : file:///Users/valentinasenov/Library/Developer/CoreSimulator/Devices/4EC5F74C-5A9C-4D89-8E44-374310E684AE/data/Containers/Bundle/Application/31087BF4-D319-4611-A136-08A015F59238/YourSofia.app/assets/node_modules/.pnpm/@expo-google-fonts+jetbrains-mono@0.4.1/node_modules/@expo-google-fonts/jetbrains-mono/300Light/JetBrainsMono_300Light.ttf
2026-08-17 11:24:58.088 Db YourSofia[98412:31db90] [com.apple.CFBundle:resources] Resource lookup at CFBundle 0x600003b082a0 </Users/valentinasenov/Library/Developer/CoreSimulator/Devices/4EC5F74C-5A9C-4D89-8E44-374310E684AE/data/Containers/Bundle/Application/31087BF4-D319-4611-A136-08A015F59238/YourSofia.app> (executable, loaded)
	Request       : JetBrainsMono_400Regular type: ttf path: assets/node_modules/.pnpm/@expo-google-fonts+jetbrains-mono@0.4.1/node_modules/@expo-google-fonts/jetbrains-mono/400Regular
	Result        : file:///Users/valentinasenov/Library/Developer/CoreSimulator/Devices/4EC5F74C-5A9C-4D89-8E44-374310E684AE/data/Containers/Bundle/Application/31087BF4-D319-4611-A136-08A015F59238/YourSofia.app/assets/node_modules/.pnpm/@expo-google-fonts+jetbrains-mono@0.4.1/node_modules/@expo-google-fonts/jetbrains-mono/400Regular/JetBrainsMono_400Regular.ttf
2026-08-17 11:24:58.088 Db YourSofia[98412:31db90] [com.apple.CFBundle:resources] Resource lookup at CFBundle 0x600003b082a0 </Users/valentinasenov/Library/Developer/CoreSimulator/Devices/4EC5F74C-5A9C-4D89-8E44-374310E684AE/data/Containers/Bundle/Application/31087BF4-D319-4611-A136-08A015F59238/YourSofia.app> (executable, loaded)
	Request       : JetBrainsMono_600SemiBold type: ttf path: assets/node_modules/.pnpm/@expo-google-fonts+jetbrains-mono@0.4.1/node_modules/@expo-google-fonts/jetbrains-mono/600SemiBold
	Result        : file:///Users/valentinasenov/Library/Developer/CoreSimulator/Devices/4EC5F74C-5A9C-4D89-8E44-374310E684AE/data/Containers/Bundle/Application/31087BF4-D319-4611-A136-08A015F59238/YourSofia.app/assets/node_modules/.pnpm/@expo-google-fonts+jetbrains-mono@0.4.1/node_modules/@expo-google-fonts/jetbrains-mono/600SemiBold/JetBrainsMono_600SemiBold.ttf
2026-08-17 11:24:58.088 Db YourSofia[98412:31db90] [com.apple.CFBundle:resources] Resource lookup at CFBundle 0x600003b082a0 </Users/valentinasenov/Library/Developer/CoreSimulator/Devices/4EC5F74C-5A9C-4D89-8E44-374310E684AE/data/Containers/Bundle/Application/31087BF4-D319-4611-A136-08A015F59238/YourSofia.app> (executable, loaded)
	Request       : JetBrainsMono_700Bold type: ttf path: assets/node_modules/.pnpm/@expo-google-fonts+jetbrains-mono@0.4.1/node_modules/@expo-google-fonts/jetbrains-mono/700Bold
	Result        : file:///Users/valentinasenov/Library/Developer/CoreSimulator/Devices/4EC5F74C-5A9C-4D89-8E44-374310E684AE/data/Containers/Bundle/Application/31087BF4-D319-4611-A136-08A015F59238/YourSofia.app/assets/node_modules/.pnpm/@expo-google-fonts+jetbrains-mono@0.4.1/node_modules/@expo-google-fonts/jetbrains-mono/700Bold/JetBrainsMono_700Bold.ttf
2026-08-17 11:24:58.088 Db YourSofia[98412:31db90] [com.apple.CFBundle:resources] Resource lookup at CFBundle 0x600003b082a0 </Users/valentinasenov/Library/Developer/CoreSimulator/Devices/4EC5F74C-5A9C-4D89-8E44-374310E684AE/data/Containers/Bundle/Application/31087BF4-D319-4611-A136-08A015F59238/YourSofia.app> (executable, loaded)
	Request       : JetBrainsMono_800ExtraBold type: ttf path: assets/node_modules/.pnpm/@expo-google-fonts+jetbrains-mono@0.4.1/node_modules/@expo-google-fonts/jetbrains-mono/800ExtraBold
	Result        : file:///Users/valentinasenov/Library/Developer/CoreSimulator/Devices/4EC5F74C-5A9C-4D89-8E44-374310E684AE/data/Containers/Bundle/Application/31087BF4-D319-4611-A136-08A015F59238/YourSofia.app/assets/node_modules/.pnpm/@expo-google-fonts+jetbrains-mono@0.4.1/node_modules/@expo-google-fonts/jetbrains-mono/800ExtraBold/JetBrainsMono_800ExtraBold.ttf
2026-08-17 11:24:58.088 Db YourSofia[98412:31db90] [com.apple.CFBundle:resources] Resource lookup at CFBundle 0x600003b082a0 </Users/valentinasenov/Library/Developer/CoreSimulator/Devices/4EC5F74C-5A9C-4D89-8E44-374310E684AE/data/Containers/Bundle/Application/31087BF4-D319-4611-A136-08A015F59238/YourSofia.app> (executable, loaded)
	Request       : JetBrainsMono_100Thin_Italic type: ttf path: assets/node_modules/.pnpm/@expo-google-fonts+jetbrains-mono@0.4.1/node_modules/@expo-google-fonts/jetbrains-mono/100Thin_Italic
	Result        : file:///Users/valentinasenov/Library/Developer/CoreSimulator/Devices/4EC5F74C-5A9C-4D89-8E44-374310E684AE/data/Containers/Bundle/Application/31087BF4-D319-4611-A136-08A015F59238/YourSofia.app/assets/node_modules/.pnpm/@expo-google-fonts+jetbrains-mono@0.4.1/node_modules/@expo-google-fonts/jetbrains-mono/100Thin_Italic/JetBrainsMono_100Thin_Italic.ttf
2026-08-17 11:24:58.088 Db YourSofia[98412:31db90] [com.apple.CFBundle:resources] Resource lookup at CFBundle 0x600003b082a0 </Users/valentinasenov/Library/Developer/CoreSimulator/Devices/4EC5F74C-5A9C-4D89-8E44-374310E684AE/data/Containers/Bundle/Application/31087BF4-D319-4611-A136-08A015F59238/YourSofia.app> (executable, loaded)
	Request       : JetBrainsMono_200ExtraLight_Italic type: ttf path: assets/node_modules/.pnpm/@expo-google-fonts+jetbrains-mono@0.4.1/node_modules/@expo-google-fonts/jetbrains-mono/200ExtraLight_Italic
	Result        : file:///Users/valentinasenov/Library/Developer/CoreSimulator/Devices/4EC5F74C-5A9C-4D89-8E44-374310E684AE/data/Containers/Bundle/Application/31087BF4-D319-4611-A136-08A015F59238/YourSofia.app/assets/node_modules/.pnpm/@expo-google-fonts+jetbrains-mono@0.4.1/node_modules/@expo-google-fonts/jetbrains-mono/200ExtraLight_Italic/JetBrainsMono_200ExtraLight_Italic.ttf
2026-08-17 11:24:58.088 Db YourSofia[98412:31db90] [com.apple.CFBundle:resources] Resource lookup at CFBundle 0x600003b082a0 </Users/valentinasenov/Library/Developer/CoreSimulator/Devices/4EC5F74C-5A9C-4D89-8E44-374310E684AE/data/Containers/Bundle/Application/31087BF4-D319-4611-A136-08A015F59238/YourSofia.app> (executable, loaded)
	Request       : JetBrainsMono_300Light_Italic type: ttf path: assets/node_modules/.pnpm/@expo-google-fonts+jetbrains-mono@0.4.1/node_modules/@expo-google-fonts/jetbrains-mono/300Light_Italic
	Result        : file:///Users/valentinasenov/Library/Developer/CoreSimulator/Devices/4EC5F74C-5A9C-4D89-8E44-374310E684AE/data/Containers/Bundle/Application/31087BF4-D319-4611-A136-08A015F59238/YourSofia.app/assets/node_modules/.pnpm/@expo-google-fonts+jetbrains-mono@0.4.1/node_modules/@expo-google-fonts/jetbrains-mono/300Light_Italic/JetBrainsMono_300Light_Italic.ttf
2026-08-17 11:24:58.088 Db YourSofia[98412:31db90] [com.apple.CFBundle:resources] Resource lookup at CFBundle 0x600003b082a0 </Users/valentinasenov/Library/Developer/CoreSimulator/Devices/4EC5F74C-5A9C-4D89-8E44-374310E684AE/data/Containers/Bundle/Application/31087BF4-D319-4611-A136-08A015F59238/YourSofia.app> (executable, loaded)
	Request       : JetBrainsMono_400Regular_Italic type: ttf path: assets/node_modules/.pnpm/@expo-google-fonts+jetbrains-mono@0.4.1/node_modules/@expo-google-fonts/jetbrains-mono/400Regular_Italic
	Result        : file:///Users/valentinasenov/Library/Developer/CoreSimulator/Devices/4EC5F74C-5A9C-4D89-8E44-374310E684AE/data/Containers/Bundle/Application/31087BF4-D319-4611-A136-08A015F59238/YourSofia.app/assets/node_modules/.pnpm/@expo-google-fonts+jetbrains-mono@0.4.1/node_modules/@expo-google-fonts/jetbrains-mono/400Regular_Italic/JetBrainsMono_400Regular_Italic.ttf
2026-08-17 11:24:58.088 Db YourSofia[98412:31db90] [com.apple.CFBundle:resources] Resource lookup at CFBundle 0x600003b082a0 </Users/valentinasenov/Library/Developer/CoreSimulator/Devices/4EC5F74C-5A9C-4D89-8E44-374310E684AE/data/Containers/Bundle/Application/31087BF4-D319-4611-A136-08A015F59238/YourSofia.app> (executable, loaded)
	Request       : JetBrainsMono_500Medium_Italic type: ttf path: assets/node_modules/.pnpm/@expo-google-fonts+jetbrains-mono@0.4.1/node_modules/@expo-google-fonts/jetbrains-mono/500Medium_Italic
	Result        : file:///Users/valentinasenov/Library/Developer/CoreSimulator/Devices/4EC5F74C-5A9C-4D89-8E44-374310E684AE/data/Containers/Bundle/Application/31087BF4-D319-4611-A136-08A015F59238/YourSofia.app/assets/node_modules/.pnpm/@expo-google-fonts+jetbrains-mono@0.4.1/node_modules/@expo-google-fonts/jetbrains-mono/500Medium_Italic/JetBrainsMono_500Medium_Italic.ttf
2026-08-17 11:24:58.088 Db YourSofia[98412:31db90] [com.apple.CFBundle:resources] Resource lookup at CFBundle 0x600003b082a0 </Users/valentinasenov/Library/Developer/CoreSimulator/Devices/4EC5F74C-5A9C-4D89-8E44-374310E684AE/data/Containers/Bundle/Application/31087BF4-D319-4611-A136-08A015F59238/YourSofia.app> (executable, loaded)
	Request       : JetBrainsMono_600SemiBold_Italic type: ttf path: assets/node_modules/.pnpm/@expo-google-fonts+jetbrains-mono@0.4.1/node_modules/@expo-google-fonts/jetbrains-mono/600SemiBold_Italic
	Result        : file:///Users/valentinasenov/Library/Developer/CoreSimulator/Devices/4EC5F74C-5A9C-4D89-8E44-374310E684AE/data/Containers/Bundle/Application/31087BF4-D319-4611-A136-08A015F59238/YourSofia.app/assets/node_modules/.pnpm/@expo-google-fonts+jetbrains-mono@0.4.1/node_modules/@expo-google-fonts/jetbrains-mono/600SemiBold_Italic/JetBrainsMono_600SemiBold_Italic.ttf
2026-08-17 11:24:58.088 Db YourSofia[98412:31db90] [com.apple.CFBundle:resources] Resource lookup at CFBundle 0x600003b082a0 </Users/valentinasenov/Library/Developer/CoreSimulator/Devices/4EC5F74C-5A9C-4D89-8E44-374310E684AE/data/Containers/Bundle/Application/31087BF4-D319-4611-A136-08A015F59238/YourSofia.app> (executable, loaded)
	Request       : JetBrainsMono_700Bold_Italic type: ttf path: assets/node_modules/.pnpm/@expo-google-fonts+jetbrains-mono@0.4.1/node_modules/@expo-google-fonts/jetbrains-mono/700Bold_Italic
	Result        : file:///Users/valentinasenov/Library/Developer/CoreSimulator/Devices/4EC5F74C-5A9C-4D89-8E44-374310E684AE/data/Containers/Bundle/Application/31087BF4-D319-4611-A136-08A015F59238/YourSofia.app/assets/node_modules/.pnpm/@expo-google-fonts+jetbrains-mono@0.4.1/node_modules/@expo-google-fonts/jetbrains-mono/700Bold_Italic/JetBrainsMono_700Bold_Italic.ttf
2026-08-17 11:24:58.088 Db YourSofia[98412:31db90] [com.apple.CFBundle:resources] Resource lookup at CFBundle 0x600003b082a0 </Users/valentinasenov/Library/Developer/CoreSimulator/Devices/4EC5F74C-5A9C-4D89-8E44-374310E684AE/data/Containers/Bundle/Application/31087BF4-D319-4611-A136-08A015F59238/YourSofia.app> (executable, loaded)
	Request       : JetBrainsMono_800ExtraBold_Italic type: ttf path: assets/node_modules/.pnpm/@expo-google-fonts+jetbrains-mono@0.4.1/node_modules/@expo-google-fonts/jetbrains-mono/800ExtraBold_Italic
	Result        : file:///Users/valentinasenov/Library/Developer/CoreSimulator/Devices/4EC5F74C-5A9C-4D89-8E44-374310E684AE/data/Containers/Bundle/Application/31087BF4-D319-4611-A136-08A015F59238/YourSofia.app/assets/node_modules/.pnpm/@expo-google-fonts+jetbrains-mono@0.4.1/node_modules/@expo-google-fonts/jetbrains-mono/800ExtraBold_Italic/JetBrainsMono_800ExtraBold_Italic.ttf
2026-08-17 11:24:58.088 Db YourSofia[98412:31db90] [com.apple.CFBundle:resources] Resource lookup at CFBundle 0x600003b082a0 </Users/valentinasenov/Library/Developer/CoreSimulator/Devices/4EC5F74C-5A9C-4D89-8E44-374310E684AE/data/Containers/Bundle/Application/31087BF4-D319-4611-A136-08A015F59238/YourSofia.app> (executable, loaded)
	Request       : sofia-gerb type: png path: assets/assets/images
	Result        : file:///Users/valentinasenov/Library/Developer/CoreSimulator/Devices/4EC5F74C-5A9C-4D89-8E44-374310E684AE/data/Containers/Bundle/Application/31087BF4-D319-4611-A136-08A015F59238/YourSofia.app/assets/assets/images/sofia-gerb.png
2026-08-17 11:24:58.089 Db YourSofia[98412:31db8c] [com.apple.CFBundle:resources] Resource lookup at CFBundle 0x600003b082a0 </Users/valentinasenov/Library/Developer/CoreSimulator/Devices/4EC5F74C-5A9C-4D89-8E44-374310E684AE/data/Containers/Bundle/Application/31087BF4-D319-4611-A136-08A015F59238/YourSofia.app> (executable, loaded)
	Request       : main type: jsbundle
	Result        : file:///Users/valentinasenov/Library/Developer/CoreSimulator/Devices/4EC5F74C-5A9C-4D89-8E44-374310E684AE/data/Containers/Bundle/Application/31087BF4-D319-4611-A136-08A015F59238/YourSofia.app/main.jsbundle
2026-08-17 11:24:58.089 Db YourSofia[98412:31db8c] [com.apple.CFBundle:resources] Resource lookup at CFBundle 0x600003b082a0 </Users/valentinasenov/Library/Developer/CoreSimulator/Devices/4EC5F74C-5A9C-4D89-8E44-374310E684AE/data/Containers/Bundle/Application/31087BF4-D319-4611-A136-08A015F59238/YourSofia.app> (executable, loaded)
	Request       : back-icon type: png path: assets/node_modules/.pnpm/@react-navigation+elements@2.6.4_@react-navigation+native@7.1.17_react-native@0.81.5_@b_28a2c3a7af745b08fd3e3ec803bf51ba/node_modules/@react-navigation/elements/lib/module/assets
	Result        : file:///Users/valentinasenov/Library/Developer/CoreSimulator/Devices/4EC5F74C-5A9C-4D89-8E44-374310E684AE/data/Containers/Bundle/Application/31087BF4-D319-4611-A136-08A015F59238/YourSofia.app/assets/node_modules/.pnpm/@react-navigation+elements@2.6.4_@react-navigation+native@7.1.17_react-native@0.81.5_@b_28a2c3a7af745b08fd3e3ec803bf51ba/node_modules/@react-navigation/elements/lib/module/assets/back-icon.png
2026-08-17 11:24:58.090 Db YourSofia[98412:31db8c] [com.apple.CFBundle:resources] Resource lookup at CFBundle 0x600003b082a0 </Users/valentinasenov/Library/Developer/CoreSimulator/Devices/4EC5F74C-5A9C-4D89-8E44-374310E684AE/data/Containers/Bundle/Application/31087BF4-D319-4611-A136-08A015F59238/YourSofia.app> (executable, loaded)
	Request       : back-icon@2x type: png path: assets/node_modules/.pnpm/@react-navigation+elements@2.6.4_@react-navigation+native@7.1.17_react-native@0.81.5_@b_28a2c3a7af745b08fd3e3ec803bf51ba/node_modules/@react-navigation/elements/lib/module/assets
	Result        : file:///Users/valentinasenov/Library/Developer/CoreSimulator/Devices/4EC5F74C-5A9C-4D89-8E44-374310E684AE/data/Containers/Bundle/Application/31087BF4-D319-4611-A136-08A015F59238/YourSofia.app/assets/node_modules/.pnpm/@react-navigation+elements@2.6.4_@react-navigation+native@7.1.17_react-native@0.81.5_@b_28a2c3a7af745b08fd3e3ec803bf51ba/node_modules/@react-navigation/elements/lib/module/assets/back-icon@2x.png
2026-08-17 11:24:58.090 Db YourSofia[98412:31db8c] [com.apple.CFBundle:resources] Resource lookup at CFBundle 0x600003b082a0 </Users/valentinasenov/Library/Developer/CoreSimulator/Devices/4EC5F74C-5A9C-4D89-8E44-374310E684AE/data/Containers/Bundle/Application/31087BF4-D319-4611-A136-08A015F59238/YourSofia.app> (executable, loaded)
	Request       : back-icon@3x type: png path: assets/node_modules/.pnpm/@react-navigation+elements@2.6.4_@react-navigation+native@7.1.17_react-native@0.81.5_@b_28a2c3a7af745b08fd3e3ec803bf51ba/node_modules/@react-navigation/elements/lib/module/assets
	Result        : file:///Users/valentinasenov/Library/Developer/CoreSimulator/Devices/4EC5F74C-5A9C-4D89-8E44-374310E684AE/data/Containers/Bundle/Application/31087BF4-D319-4611-A136-08A015F59238/YourSofia.app/assets/node_modules/.pnpm/@react-navigation+elements@2.6.4_@react-navigation+native@7.1.17_react-native@0.81.5_@b_28a2c3a7af745b08fd3e3ec803bf51ba/node_modules/@react-navigation/elements/lib/module/assets/back-icon@3x.png
2026-08-17 11:24:58.090 Db YourSofia[98412:31db8c] [com.apple.CFBundle:resources] Resource lookup at CFBundle 0x600003b082a0 </Users/valentinasenov/Library/Developer/CoreSimulator/Devices/4EC5F74C-5A9C-4D89-8E44-374310E684AE/data/Containers/Bundle/Application/31087BF4-D319-4611-A136-08A015F59238/YourSofia.app> (executable, loaded)
	Request       : back-icon-mask type: png path: assets/node_modules/.pnpm/@react-navigation+elements@2.6.4_@react-navigation+native@7.1.17_react-native@0.81.5_@b_28a2c3a7af745b08fd3e3ec803bf51ba/node_modules/@react-navigation/elements/lib/module/assets
	Result        : file:///Users/valentinasenov/Library/Developer/CoreSimulator/Devices/4EC5F74C-5A9C-4D89-8E44-374310E684AE/data/Containers/Bundle/Application/31087BF4-D319-4611-A136-08A015F59238/YourSofia.app/assets/node_modules/.pnpm/@react-navigation+elements@2.6.4_@react-navigation+native@7.1.17_react-native@0.81.5_@b_28a2c3a7af745b08fd3e3ec803bf51ba/node_modules/@react-navigation/elements/lib/module/assets/back-icon-mask.png
2026-08-17 11:24:58.090 Db YourSofia[98412:31db8c] [com.apple.CFBundle:resources] Resource lookup at CFBundle 0x600003b082a0 </Users/valentinasenov/Library/Developer/CoreSimulator/Devices/4EC5F74C-5A9C-4D89-8E44-374310E684AE/data/Containers/Bundle/Application/31087BF4-D319-4611-A136-08A015F59238/YourSofia.app> (executable, loaded)
	Request       : clear-icon type: png path: assets/node_modules/.pnpm/@react-navigation+elements@2.6.4_@react-navigation+native@7.1.17_react-native@0.81.5_@b_28a2c3a7af745b08fd3e3ec803bf51ba/node_modules/@react-navigation/elements/lib/module/assets
	Result        : file:///Users/valentinasenov/Library/Developer/CoreSimulator/Devices/4EC5F74C-5A9C-4D89-8E44-374310E684AE/data/Containers/Bundle/Application/31087BF4-D319-4611-A136-08A015F59238/YourSofia.app/assets/node_modules/.pnpm/@react-navigation+elements@2.6.4_@react-navigation+native@7.1.17_react-native@0.81.5_@b_28a2c3a7af745b08fd3e3ec803bf51ba/node_modules/@react-navigation/elements/lib/module/assets/clear-icon.png
2026-08-17 11:24:58.090 Db YourSofia[98412:31db8c] [com.apple.CFBundle:resources] Resource lookup at CFBundle 0x600003b082a0 </Users/valentinasenov/Library/Developer/CoreSimulator/Devices/4EC5F74C-5A9C-4D89-8E44-374310E684AE/data/Containers/Bundle/Application/31087BF4-D319-4611-A136-08A015F59238/YourSofia.app> (executable, loaded)
	Request       : clear-icon type: png path: assets/node_modules/.pnpm/@react-navigation+elements@2.6.4_@react-navigation+native@7.1.17_react-native@0.81.5_@b_28a2c3a7af745b08fd3e3ec803bf51ba/node_modules/@react-navigation/elements/lib/module/assets
	Result        : file:///Users/valentinasenov/Library/Developer/CoreSimulator/Devices/4EC5F74C-5A9C-4D89-8E44-374310E684AE/data/Containers/Bundle/Application/31087BF4-D319-4611-A136-08A015F59238/YourSofia.app/assets/node_modules/.pnpm/@react-navigation+elements@2.6.4_@react-navigation+native@7.1.17_react-native@0.81.5_@b_28a2c3a7af745b08fd3e3ec803bf51ba/node_modules/@react-navigation/elements/lib/module/assets/clear-icon.png
2026-08-17 11:24:58.091 Db YourSofia[98412:31db8c] [com.apple.CFBundle:resources] Resource lookup at CFBundle 0x600003b082a0 </Users/valentinasenov/Library/Developer/CoreSimulator/Devices/4EC5F74C-5A9C-4D89-8E44-374310E684AE/data/Containers/Bundle/Application/31087BF4-D319-4611-A136-08A015F59238/YourSofia.app> (executable, loaded)
	Request       : clear-icon@2x type: png path: assets/node_modules/.pnpm/@react-navigation+elements@2.6.4_@react-navigation+native@7.1.17_react-native@0.81.5_@b_28a2c3a7af745b08fd3e3ec803bf51ba/node_modules/@react-navigation/elements/lib/module/assets
	Result        : file:///Users/valentinasenov/Library/Developer/CoreSimulator/Devices/4EC5F74C-5A9C-4D89-8E44-374310E684AE/data/Containers/Bundle/Application/31087BF4-D319-4611-A136-08A015F59238/YourSofia.app/assets/node_modules/.pnpm/@react-navigation+elements@2.6.4_@react-navigation+native@7.1.17_react-native@0.81.5_@b_28a2c3a7af745b08fd3e3ec803bf51ba/node_modules/@react-navigation/elements/lib/module/assets/clear-icon@2x.png
2026-08-17 11:24:58.091 Db YourSofia[98412:31db8c] [com.apple.CFBundle:resources] Resource lookup at CFBundle 0x600003b082a0 </Users/valentinasenov/Library/Developer/CoreSimulator/Devices/4EC5F74C-5A9C-4D89-8E44-374310E684AE/data/Containers/Bundle/Application/31087BF4-D319-4611-A136-08A015F59238/YourSofia.app> (executable, loaded)
	Request       : clear-icon@3x type: png path: assets/node_modules/.pnpm/@react-navigation+elements@2.6.4_@react-navigation+native@7.1.17_react-native@0.81.5_@b_28a2c3a7af745b08fd3e3ec803bf51ba/node_modules/@react-navigation/elements/lib/module/assets
	Result        : file:///Users/valentinasenov/Library/Developer/CoreSimulator/Devices/4EC5F74C-5A9C-4D89-8E44-374310E684AE/data/Containers/Bundle/Application/31087BF4-D319-4611-A136-08A015F59238/YourSofia.app/assets/node_modules/.pnpm/@react-navigation+elements@2.6.4_@react-navigation+native@7.1.17_react-native@0.81.5_@b_28a2c3a7af745b08fd3e3ec803bf51ba/node_modules/@react-navigation/elements/lib/module/assets/clear-icon@3x.png
2026-08-17 11:24:58.091 Db YourSofia[98412:31db8c] [com.apple.CFBundle:resources] Resource lookup at CFBundle 0x600003b082a0 </Users/valentinasenov/Library/Developer/CoreSimulator/Devices/4EC5F74C-5A9C-4D89-8E44-374310E684AE/data/Containers/Bundle/Application/31087BF4-D319-4611-A136-08A015F59238/YourSofia.app> (executable, loaded)
	Request       : close-icon type: png path: assets/node_modules/.pnpm/@react-navigation+elements@2.6.4_@react-navigation+native@7.1.17_react-native@0.81.5_@b_28a2c3a7af745b08fd3e3ec803bf51ba/node_modules/@react-navigation/elements/lib/module/assets
	Result        : file:///Users/valentinasenov/Library/Developer/CoreSimulator/Devices/4EC5F74C-5A9C-4D89-8E44-374310E684AE/data/Containers/Bundle/Application/31087BF4-D319-4611-A136-08A015F59238/YourSofia.app/assets/node_modules/.pnpm/@react-navigation+elements@2.6.4_@react-navigation+native@7.1.17_react-native@0.81.5_@b_28a2c3a7af745b08fd3e3ec803bf51ba/node_modules/@react-navigation/elements/lib/module/assets/close-icon.png
2026-08-17 11:24:58.091 Db YourSofia[98412:31db8c] [com.apple.CFBundle:resources] Resource lookup at CFBundle 0x600003b082a0 </Users/valentinasenov/Library/Developer/CoreSimulator/Devices/4EC5F74C-5A9C-4D89-8E44-374310E684AE/data/Containers/Bundle/Application/31087BF4-D319-4611-A136-08A015F59238/YourSofia.app> (executable, loaded)
	Request       : close-icon type: png path: assets/node_modules/.pnpm/@react-navigation+elements@2.6.4_@react-navigation+native@7.1.17_react-native@0.81.5_@b_28a2c3a7af745b08fd3e3ec803bf51ba/node_modules/@react-navigation/elements/lib/module/assets
	Result        : file:///Users/valentinasenov/Library/Developer/CoreSimulator/Devices/4EC5F74C-5A9C-4D89-8E44-374310E684AE/data/Containers/Bundle/Application/31087BF4-D319-4611-A136-08A015F59238/YourSofia.app/assets/node_modules/.pnpm/@react-navigation+elements@2.6.4_@react-navigation+native@7.1.17_react-native@0.81.5_@b_28a2c3a7af745b08fd3e3ec803bf51ba/node_modules/@react-navigation/elements/lib/module/assets/close-icon.png
2026-08-17 11:24:58.091 Db YourSofia[98412:31db8c] [com.apple.CFBundle:resources] Resource lookup at CFBundle 0x600003b082a0 </Users/valentinasenov/Library/Developer/CoreSimulator/Devices/4EC5F74C-5A9C-4D89-8E44-374310E684AE/data/Containers/Bundle/Application/31087BF4-D319-4611-A136-08A015F59238/YourSofia.app> (executable, loaded)
	Request       : close-icon@2x type: png path: assets/node_modules/.pnpm/@react-navigation+elements@2.6.4_@react-navigation+native@7.1.17_react-native@0.81.5_@b_28a2c3a7af745b08fd3e3ec803bf51ba/node_modules/@react-navigation/elements/lib/module/assets
	Result        : file:///Users/valentinasenov/Library/Developer/CoreSimulator/Devices/4EC5F74C-5A9C-4D89-8E44-374310E684AE/data/Containers/Bundle/Application/31087BF4-D319-4611-A136-08A015F59238/YourSofia.app/assets/node_modules/.pnpm/@react-navigation+elements@2.6.4_@react-navigation+native@7.1.17_react-native@0.81.5_@b_28a2c3a7af745b08fd3e3ec803bf51ba/node_modules/@react-navigation/elements/lib/module/assets/close-icon@2x.png
2026-08-17 11:24:58.091 Db YourSofia[98412:31db8c] [com.apple.CFBundle:resources] Resource lookup at CFBundle 0x600003b082a0 </Users/valentinasenov/Library/Developer/CoreSimulator/Devices/4EC5F74C-5A9C-4D89-8E44-374310E684AE/data/Containers/Bundle/Application/31087BF4-D319-4611-A136-08A015F59238/YourSofia.app> (executable, loaded)
	Request       : close-icon@3x type: png path: assets/node_modules/.pnpm/@react-navigation+elements@2.6.4_@react-navigation+native@7.1.17_react-native@0.81.5_@b_28a2c3a7af745b08fd3e3ec803bf51ba/node_modules/@react-navigation/elements/lib/module/assets
	Result        : file:///Users/valentinasenov/Library/Developer/CoreSimulator/Devices/4EC5F74C-5A9C-4D89-8E44-374310E684AE/data/Containers/Bundle/Application/31087BF4-D319-4611-A136-08A015F59238/YourSofia.app/assets/node_modules/.pnpm/@react-navigation+elements@2.6.4_@react-navigation+native@7.1.17_react-native@0.81.5_@b_28a2c3a7af745b08fd3e3ec803bf51ba/node_modules/@react-navigation/elements/lib/module/assets/close-icon@3x.png
2026-08-17 11:24:58.092 Db YourSofia[98412:31db8c] [com.apple.CFBundle:resources] Resource lookup at CFBundle 0x600003b082a0 </Users/valentinasenov/Library/Developer/CoreSimulator/Devices/4EC5F74C-5A9C-4D89-8E44-374310E684AE/data/Containers/Bundle/Application/31087BF4-D319-4611-A136-08A015F59238/YourSofia.app> (executable, loaded)
	Request       : search-icon type: png path: assets/node_modules/.pnpm/@react-navigation+elements@2.6.4_@react-navigation+native@7.1.17_react-native@0.81.5_@b_28a2c3a7af745b08fd3e3ec803bf51ba/node_modules/@react-navigation/elements/lib/module/assets
	Result        : file:///Users/valentinasenov/Library/Developer/CoreSimulator/Devices/4EC5F74C-5A9C-4D89-8E44-374310E684AE/data/Containers/Bundle/Application/31087BF4-D319-4611-A136-08A015F59238/YourSofia.app/assets/node_modules/.pnpm/@react-navigation+elements@2.6.4_@react-navigation+native@7.1.17_react-native@0.81.5_@b_28a2c3a7af745b08fd3e3ec803bf51ba/node_modules/@react-navigation/elements/lib/module/assets/search-icon.png
2026-08-17 11:24:58.092 Db YourSofia[98412:31db8c] [com.apple.CFBundle:resources] Resource lookup at CFBundle 0x600003b082a0 </Users/valentinasenov/Library/Developer/CoreSimulator/Devices/4EC5F74C-5A9C-4D89-8E44-374310E684AE/data/Containers/Bundle/Application/31087BF4-D319-4611-A136-08A015F59238/YourSofia.app> (executable, loaded)
	Request       : search-icon@2x type: png path: assets/node_modules/.pnpm/@react-navigation+elements@2.6.4_@react-navigation+native@7.1.17_react-native@0.81.5_@b_28a2c3a7af745b08fd3e3ec803bf51ba/node_modules/@react-navigation/elements/lib/module/assets
	Result        : file:///Users/valentinasenov/Library/Developer/CoreSimulator/Devices/4EC5F74C-5A9C-4D89-8E44-374310E684AE/data/Containers/Bundle/Application/31087BF4-D319-4611-A136-08A015F59238/YourSofia.app/assets/node_modules/.pnpm/@react-navigation+elements@2.6.4_@react-navigation+native@7.1.17_react-native@0.81.5_@b_28a2c3a7af745b08fd3e3ec803bf51ba/node_modules/@react-navigation/elements/lib/module/assets/search-icon@2x.png
2026-08-17 11:24:58.092 Db YourSofia[98412:31db8c] [com.apple.CFBundle:resources] Resource lookup at CFBundle 0x600003b082a0 </Users/valentinasenov/Library/Developer/CoreSimulator/Devices/4EC5F74C-5A9C-4D89-8E44-374310E684AE/data/Containers/Bundle/Application/31087BF4-D319-4611-A136-08A015F59238/YourSofia.app> (executable, loaded)
	Request       : search-icon@3x type: png path: assets/node_modules/.pnpm/@react-navigation+elements@2.6.4_@react-navigation+native@7.1.17_react-native@0.81.5_@b_28a2c3a7af745b08fd3e3ec803bf51ba/node_modules/@react-navigation/elements/lib/module/assets
	Result        : file:///Users/valentinasenov/Library/Developer/CoreSimulator/Devices/4EC5F74C-5A9C-4D89-8E44-374310E684AE/data/Containers/Bundle/Application/31087BF4-D319-4611-A136-08A015F59238/YourSofia.app/assets/node_modules/.pnpm/@react-navigation+elements@2.6.4_@react-navigation+native@7.1.17_react-native@0.81.5_@b_28a2c3a7af745b08fd3e3ec803bf51ba/node_modules/@react-navigation/elements/lib/module/assets/search-icon@3x.png
2026-08-17 11:24:58.092 Db YourSofia[98412:31db8c] [com.apple.CFBundle:resources] Resource lookup at CFBundle 0x600003b082a0 </Users/valentinasenov/Library/Developer/CoreSimulator/Devices/4EC5F74C-5A9C-4D89-8E44-374310E684AE/data/Containers/Bundle/Application/31087BF4-D319-4611-A136-08A015F59238/YourSofia.app> (executable, loaded)
	Request       : error type: png path: assets/node_modules/.pnpm/expo-router@6.0.22_df0c677153b00f82db80c956be709681/node_modules/expo-router/assets
	Result        : file:///Users/valentinasenov/Library/Developer/CoreSimulator/Devices/4EC5F74C-5A9C-4D89-8E44-374310E684AE/data/Containers/Bundle/Application/31087BF4-D319-4611-A136-08A015F59238/YourSofia.app/assets/node_modules/.pnpm/expo-router@6.0.22_df0c677153b00f82db80c956be709681/node_modules/expo-router/assets/error.png
2026-08-17 11:24:58.092 Db YourSofia[98412:31db8c] [com.apple.CFBundle:resources] Resource lookup at CFBundle 0x600003b082a0 </Users/valentinasenov/Library/Developer/CoreSimulator/Devices/4EC5F74C-5A9C-4D89-8E44-374310E684AE/data/Containers/Bundle/Application/31087BF4-D319-4611-A136-08A015F59238/YourSofia.app> (executable, loaded)
	Request       : file type: png path: assets/node_modules/.pnpm/expo-router@6.0.22_df0c677153b00f82db80c956be709681/node_modules/expo-router/assets
	Result        : file:///Users/valentinasenov/Library/Developer/CoreSimulator/Devices/4EC5F74C-5A9C-4D89-8E44-374310E684AE/data/Containers/Bundle/Application/31087BF4-D319-4611-A136-08A015F59238/YourSofia.app/assets/node_modules/.pnpm/expo-router@6.0.22_df0c677153b00f82db80c956be709681/node_modules/expo-router/assets/file.png
2026-08-17 11:24:58.093 Db YourSofia[98412:31db8c] [com.apple.CFBundle:resources] Resource lookup at CFBundle 0x600003b082a0 </Users/valentinasenov/Library/Developer/CoreSimulator/Devices/4EC5F74C-5A9C-4D89-8E44-374310E684AE/data/Containers/Bundle/Application/31087BF4-D319-4611-A136-08A015F59238/YourSofia.app> (executable, loaded)
	Request       : pkg type: png path: assets/node_modules/.pnpm/expo-router@6.0.22_df0c677153b00f82db80c956be709681/node_modules/expo-router/assets
	Result        : file:///Users/valentinasenov/Library/Developer/CoreSimulator/Devices/4EC5F74C-5A9C-4D89-8E44-374310E684AE/data/Containers/Bundle/Application/31087BF4-D319-4611-A136-08A015F59238/YourSofia.app/assets/node_modules/.pnpm/expo-router@6.0.22_df0c677153b00f82db80c956be709681/node_modules/expo-router/assets/pkg.png
2026-08-17 11:24:58.128 Db YourSofia[98412:31db8c] [com.apple.CFBundle:resources] Resource lookup at CFBundle 0x600003b082a0 </Users/valentinasenov/Library/Developer/CoreSimulator/Devices/4EC5F74C-5A9C-4D89-8E44-374310E684AE/data/Containers/Bundle/Application/31087BF4-D319-4611-A136-08A015F59238/YourSofia.app> (executable, loaded)
	Request       : forward type: png path: assets/node_modules/.pnpm/expo-router@6.0.22_df0c677153b00f82db80c956be709681/node_modules/expo-router/assets
	Result        : file:///Users/valentinasenov/Library/Developer/CoreSimulator/Devices/4EC5F74C-5A9C-4D89-8E44-374310E684AE/data/Containers/Bundle/Application/31087BF4-D319-4611-A136-08A015F59238/YourSofia.app/assets/node_modules/.pnpm/expo-router@6.0.22_df0c677153b00f82db80c956be709681/node_modules/expo-router/assets/forward.png
2026-08-17 11:24:58.128 Db YourSofia[98412:31db8c] [com.apple.CFBundle:resources] Resource lookup at CFBundle 0x600003b082a0 </Users/valentinasenov/Library/Developer/CoreSimulator/Devices/4EC5F74C-5A9C-4D89-8E44-374310E684AE/data/Containers/Bundle/Application/31087BF4-D319-4611-A136-08A015F59238/YourSofia.app> (executable, loaded)
	Request       : sitemap type: png path: assets/node_modules/.pnpm/expo-router@6.0.22_df0c677153b00f82db80c956be709681/node_modules/expo-router/assets
	Result        : file:///Users/valentinasenov/Library/Developer/CoreSimulator/Devices/4EC5F74C-5A9C-4D89-8E44-374310E684AE/data/Containers/Bundle/Application/31087BF4-D319-4611-A136-08A015F59238/YourSofia.app/assets/node_modules/.pnpm/expo-router@6.0.22_df0c677153b00f82db80c956be709681/node_modules/expo-router/assets/sitemap.png
2026-08-17 11:24:58.128 Db YourSofia[98412:31db8c] [com.apple.CFBundle:resources] Resource lookup at CFBundle 0x600003b082a0 </Users/valentinasenov/Library/Developer/CoreSimulator/Devices/4EC5F74C-5A9C-4D89-8E44-374310E684AE/data/Containers/Bundle/Application/31087BF4-D319-4611-A136-08A015F59238/YourSofia.app> (executable, loaded)
	Request       : arrow_down type: png path: assets/node_modules/.pnpm/expo-router@6.0.22_df0c677153b00f82db80c956be709681/node_modules/expo-router/assets
	Result        : file:///Users/valentinasenov/Library/Developer/CoreSimulator/Devices/4EC5F74C-5A9C-4D89-8E44-374310E684AE/data/Containers/Bundle/Application/31087BF4-D319-4611-A136-08A015F59238/YourSofia.app/assets/node_modules/.pnpm/expo-router@6.0.22_df0c677153b00f82db80c956be709681/node_modules/expo-router/assets/arrow_down.png
2026-08-17 11:24:58.129 Db YourSofia[98412:31db8c] [com.apple.CFBundle:resources] Resource lookup at CFBundle 0x600003b082a0 </Users/valentinasenov/Library/Developer/CoreSimulator/Devices/4EC5F74C-5A9C-4D89-8E44-374310E684AE/data/Containers/Bundle/Application/31087BF4-D319-4611-A136-08A015F59238/YourSofia.app> (executable, loaded)
	Request       : unmatched type: png path: assets/node_modules/.pnpm/expo-router@6.0.22_df0c677153b00f82db80c956be709681/node_modules/expo-router/assets
	Result        : file:///Users/valentinasenov/Library/Developer/CoreSimulator/Devices/4EC5F74C-5A9C-4D89-8E44-374310E684AE/data/Containers/Bundle/Application/31087BF4-D319-4611-A136-08A015F59238/YourSofia.app/assets/node_modules/.pnpm/expo-router@6.0.22_df0c677153b00f82db80c956be709681/node_modules/expo-router/assets/unmatched.png
2026-08-17 11:24:58.129 Db YourSofia[98412:31db8c] [com.apple.CFBundle:resources] Resource lookup at CFBundle 0x600003b082a0 </Users/valentinasenov/Library/Developer/CoreSimulator/Devices/4EC5F74C-5A9C-4D89-8E44-374310E684AE/data/Containers/Bundle/Application/31087BF4-D319-4611-A136-08A015F59238/YourSofia.app> (executable, loaded)
	Request       : JetBrainsMono_500Medium type: ttf path: assets/node_modules/.pnpm/@expo-google-fonts+jetbrains-mono@0.4.1/node_modules/@expo-google-fonts/jetbrains-mono/500Medium
	Result        : file:///Users/valentinasenov/Library/Developer/CoreSimulator/Devices/4EC5F74C-5A9C-4D89-8E44-374310E684AE/data/Containers/Bundle/Application/31087BF4-D319-4611-A136-08A015F59238/YourSofia.app/assets/node_modules/.pnpm/@expo-google-fonts+jetbrains-mono@0.4.1/node_modules/@expo-google-fonts/jetbrains-mono/500Medium/JetBrainsMono_500Medium.ttf
2026-08-17 11:24:58.129 Db YourSofia[98412:31db8c] [com.apple.CFBundle:resources] Resource lookup at CFBundle 0x600003b082a0 </Users/valentinasenov/Library/Developer/CoreSimulator/Devices/4EC5F74C-5A9C-4D89-8E44-374310E684AE/data/Containers/Bundle/Application/31087BF4-D319-4611-A136-08A015F59238/YourSofia.app> (executable, loaded)
	Request       : SofiaSans_100Thin type: ttf path: assets/node_modules/.pnpm/@expo-google-fonts+sofia-sans@0.4.3/node_modules/@expo-google-fonts/sofia-sans/100Thin
	Result        : file:///Users/valentinasenov/Library/Developer/CoreSimulator/Devices/4EC5F74C-5A9C-4D89-8E44-374310E684AE/data/Containers/Bundle/Application/31087BF4-D319-4611-A136-08A015F59238/YourSofia.app/assets/node_modules/.pnpm/@expo-google-fonts+sofia-sans@0.4.3/node_modules/@expo-google-fonts/sofia-sans/100Thin/SofiaSans_100Thin.ttf
2026-08-17 11:24:58.129 Db YourSofia[98412:31db11] [com.apple.defaults:User Defaults] found no value for key __NSTextAttachmentAlwaysUsesAttachmentView in CFPrefsSearchListSource<0x600002c04080> (Domain: bg.sofia.yoursofia, Container: (null) Non-launch persona: 0)
2026-08-17 11:24:58.129 Db YourSofia[98412:31db8c] [com.apple.CFBundle:resources] Resource lookup at CFBundle 0x600003b082a0 </Users/valentinasenov/Library/Developer/CoreSimulator/Devices/4EC5F74C-5A9C-4D89-8E44-374310E684AE/data/Containers/Bundle/Application/31087BF4-D319-4611-A136-08A015F59238/YourSofia.app> (executable, loaded)
	Request       : SofiaSans_200ExtraLight type: ttf path: assets/node_modules/.pnpm/@expo-google-fonts+sofia-sans@0.4.3/node_modules/@expo-google-fonts/sofia-sans/200ExtraLight
	Result        : file:///Users/valentinasenov/Library/Developer/CoreSimulator/Devices/4EC5F74C-5A9C-4D89-8E44-374310E684AE/data/Containers/Bundle/Application/31087BF4-D319-4611-A136-08A015F59238/YourSofia.app/assets/node_modules/.pnpm/@expo-google-fonts+sofia-sans@0.4.3/node_modules/@expo-google-fonts/sofia-sans/200ExtraLight/SofiaSans_200ExtraLight.ttf
2026-08-17 11:24:58.130 Db YourSofia[98412:31db8c] [com.apple.CFBundle:resources] Resource lookup at CFBundle 0x600003b082a0 </Users/valentinasenov/Library/Developer/CoreSimulator/Devices/4EC5F74C-5A9C-4D89-8E44-374310E684AE/data/Containers/Bundle/Application/31087BF4-D319-4611-A136-08A015F59238/YourSofia.app> (executable, loaded)
	Request       : SofiaSans_300Light type: ttf path: assets/node_modules/.pnpm/@expo-google-fonts+sofia-sans@0.4.3/node_modules/@expo-google-fonts/sofia-sans/300Light
	Result        : file:///Users/valentinasenov/Library/Developer/CoreSimulator/Devices/4EC5F74C-5A9C-4D89-8E44-374310E684AE/data/Containers/Bundle/Application/31087BF4-D319-4611-A136-08A015F59238/YourSofia.app/assets/node_modules/.pnpm/@expo-google-fonts+sofia-sans@0.4.3/node_modules/@expo-google-fonts/sofia-sans/300Light/SofiaSans_300Light.ttf
2026-08-17 11:24:58.130 Db YourSofia[98412:31db8c] [com.apple.CFBundle:resources] Resource lookup at CFBundle 0x600003b082a0 </Users/valentinasenov/Library/Developer/CoreSimulator/Devices/4EC5F74C-5A9C-4D89-8E44-374310E684AE/data/Containers/Bundle/Application/31087BF4-D319-4611-A136-08A015F59238/YourSofia.app> (executable, loaded)
	Request       : SofiaSans_400Regular type: ttf path: assets/node_modules/.pnpm/@expo-google-fonts+sofia-sans@0.4.3/node_modules/@expo-google-fonts/sofia-sans/400Regular
	Result        : file:///Users/valentinasenov/Library/Developer/CoreSimulator/Devices/4EC5F74C-5A9C-4D89-8E44-374310E684AE/data/Containers/Bundle/Application/31087BF4-D319-4611-A136-08A015F59238/YourSofia.app/assets/node_modules/.pnpm/@expo-google-fonts+sofia-sans@0.4.3/node_modules/@expo-google-fonts/sofia-sans/400Regular/SofiaSans_400Regular.ttf
2026-08-17 11:24:58.130 Db YourSofia[98412:31db8c] [com.apple.CFBundle:resources] Resource lookup at CFBundle 0x600003b082a0 </Users/valentinasenov/Library/Developer/CoreSimulator/Devices/4EC5F74C-5A9C-4D89-8E44-374310E684AE/data/Containers/Bundle/Application/31087BF4-D319-4611-A136-08A015F59238/YourSofia.app> (executable, loaded)
	Request       : SofiaSans_500Medium type: ttf path: assets/node_modules/.pnpm/@expo-google-fonts+sofia-sans@0.4.3/node_modules/@expo-google-fonts/sofia-sans/500Medium
	Result        : file:///Users/valentinasenov/Library/Developer/CoreSimulator/Devices/4EC5F74C-5A9C-4D89-8E44-374310E684AE/data/Containers/Bundle/Application/31087BF4-D319-4611-A136-08A015F59238/YourSofia.app/assets/node_modules/.pnpm/@expo-google-fonts+sofia-sans@0.4.3/node_modules/@expo-google-fonts/sofia-sans/500Medium/SofiaSans_500Medium.ttf
2026-08-17 11:24:58.130 Db YourSofia[98412:31db8c] [com.apple.CFBundle:resources] Resource lookup at CFBundle 0x600003b082a0 </Users/valentinasenov/Library/Developer/CoreSimulator/Devices/4EC5F74C-5A9C-4D89-8E44-374310E684AE/data/Containers/Bundle/Application/31087BF4-D319-4611-A136-08A015F59238/YourSofia.app> (executable, loaded)
	Request       : SofiaSans_600SemiBold type: ttf path: assets/node_modules/.pnpm/@expo-google-fonts+sofia-sans@0.4.3/node_modules/@expo-google-fonts/sofia-sans/600SemiBold
	Result        : file:///Users/valentinasenov/Library/Developer/CoreSimulator/Devices/4EC5F74C-5A9C-4D89-8E44-374310E684AE/data/Containers/Bundle/Application/31087BF4-D319-4611-A136-08A015F59238/YourSofia.app/assets/node_modules/.pnpm/@expo-google-fonts+sofia-sans@0.4.3/node_modules/@expo-google-fonts/sofia-sans/600SemiBold/SofiaSans_600SemiBold.ttf
2026-08-17 11:24:58.130 Db YourSofia[98412:31db8c] [com.apple.CFBundle:resources] Resource lookup at CFBundle 0x600003b082a0 </Users/valentinasenov/Library/Developer/CoreSimulator/Devices/4EC5F74C-5A9C-4D89-8E44-374310E684AE/data/Containers/Bundle/Application/31087BF4-D319-4611-A136-08A015F59238/YourSofia.app> (executable, loaded)
	Request       : SofiaSans_700Bold type: ttf path: assets/node_modules/.pnpm/@expo-google-fonts+sofia-sans@0.4.3/node_modules/@expo-google-fonts/sofia-sans/700Bold
	Result        : file:///Users/valentinasenov/Library/Developer/CoreSimulator/Devices/4EC5F74C-5A9C-4D89-8E44-374310E684AE/data/Containers/Bundle/Application/31087BF4-D319-4611-A136-08A015F59238/YourSofia.app/assets/node_modules/.pnpm/@expo-google-fonts+sofia-sans@0.4.3/node_modules/@expo-google-fonts/sofia-sans/700Bold/SofiaSans_700Bold.ttf
2026-08-17 11:24:58.130 Db YourSofia[98412:31db8c] [com.apple.CFBundle:resources] Resource lookup at CFBundle 0x600003b082a0 </Users/valentinasenov/Library/Developer/CoreSimulator/Devices/4EC5F74C-5A9C-4D89-8E44-374310E684AE/data/Containers/Bundle/Application/31087BF4-D319-4611-A136-08A015F59238/YourSofia.app> (executable, loaded)
	Request       : SofiaSans_800ExtraBold type: ttf path: assets/node_modules/.pnpm/@expo-google-fonts+sofia-sans@0.4.3/node_modules/@expo-google-fonts/sofia-sans/800ExtraBold
	Result        : file:///Users/valentinasenov/Library/Developer/CoreSimulator/Devices/4EC5F74C-5A9C-4D89-8E44-374310E684AE/data/Containers/Bundle/Application/31087BF4-D319-4611-A136-08A015F59238/YourSofia.app/assets/node_modules/.pnpm/@expo-google-fonts+sofia-sans@0.4.3/node_modules/@expo-google-fonts/sofia-sans/800ExtraBold/SofiaSans_800ExtraBold.ttf
2026-08-17 11:24:58.131 Db YourSofia[98412:31db8c] [com.apple.CFBundle:resources] Resource lookup at CFBundle 0x600003b082a0 </Users/valentinasenov/Library/Developer/CoreSimulator/Devices/4EC5F74C-5A9C-4D89-8E44-374310E684AE/data/Containers/Bundle/Application/31087BF4-D319-4611-A136-08A015F59238/YourSofia.app> (executable, loaded)
	Request       : SofiaSans_900Black type: ttf path: assets/node_modules/.pnpm/@expo-google-fonts+sofia-sans@0.4.3/node_modules/@expo-google-fonts/sofia-sans/900Black
	Result        : file:///Users/valentinasenov/Library/Developer/CoreSimulator/Devices/4EC5F74C-5A9C-4D89-8E44-374310E684AE/data/Containers/Bundle/Application/31087BF4-D319-4611-A136-08A015F59238/YourSofia.app/assets/node_modules/.pnpm/@expo-google-fonts+sofia-sans@0.4.3/node_modules/@expo-google-fonts/sofia-sans/900Black/SofiaSans_900Black.ttf
2026-08-17 11:24:58.131 Db YourSofia[98412:31db8c] [com.apple.CFBundle:resources] Resource lookup at CFBundle 0x600003b082a0 </Users/valentinasenov/Library/Developer/CoreSimulator/Devices/4EC5F74C-5A9C-4D89-8E44-374310E684AE/data/Containers/Bundle/Application/31087BF4-D319-4611-A136-08A015F59238/YourSofia.app> (executable, loaded)
	Request       : SofiaSans_100Thin_Italic type: ttf path: assets/node_modules/.pnpm/@expo-google-fonts+sofia-sans@0.4.3/node_modules/@expo-google-fonts/sofia-sans/100Thin_Italic
	Result        : file:///Users/valentinasenov/Library/Developer/CoreSimulator/Devices/4EC5F74C-5A9C-4D89-8E44-374310E684AE/data/Containers/Bundle/Application/31087BF4-D319-4611-A136-08A015F59238/YourSofia.app/assets/node_modules/.pnpm/@expo-google-fonts+sofia-sans@0.4.3/node_modules/@expo-google-fonts/sofia-sans/100Thin_Italic/SofiaSans_100Thin_Italic.ttf
2026-08-17 11:24:58.131 Db YourSofia[98412:31db8c] [com.apple.CFBundle:resources] Resource lookup at CFBundle 0x600003b082a0 </Users/valentinasenov/Library/Developer/CoreSimulator/Devices/4EC5F74C-5A9C-4D89-8E44-374310E684AE/data/Containers/Bundle/Application/31087BF4-D319-4611-A136-08A015F59238/YourSofia.app> (executable, loaded)
	Request       : SofiaSans_200ExtraLight_Italic type: ttf path: assets/node_modules/.pnpm/@expo-google-fonts+sofia-sans@0.4.3/node_modules/@expo-google-fonts/sofia-sans/200ExtraLight_Italic
	Result        : file:///Users/valentinasenov/Library/Developer/CoreSimulator/Devices/4EC5F74C-5A9C-4D89-8E44-374310E684AE/data/Containers/Bundle/Application/31087BF4-D319-4611-A136-08A015F59238/YourSofia.app/assets/node_modules/.pnpm/@expo-google-fonts+sofia-sans@0.4.3/node_modules/@expo-google-fonts/sofia-sans/200ExtraLight_Italic/SofiaSans_200ExtraLight_Italic.ttf
2026-08-17 11:24:58.131 Db YourSofia[98412:31db8c] [com.apple.CFBundle:resources] Resource lookup at CFBundle 0x600003b082a0 </Users/valentinasenov/Library/Developer/CoreSimulator/Devices/4EC5F74C-5A9C-4D89-8E44-374310E684AE/data/Containers/Bundle/Application/31087BF4-D319-4611-A136-08A015F59238/YourSofia.app> (executable, loaded)
	Request       : SofiaSans_300Light_Italic type: ttf path: assets/node_modules/.pnpm/@expo-google-fonts+sofia-sans@0.4.3/node_modules/@expo-google-fonts/sofia-sans/300Light_Italic
	Result        : file:///Users/valentinasenov/Library/Developer/CoreSimulator/Devices/4EC5F74C-5A9C-4D89-8E44-374310E684AE/data/Containers/Bundle/Application/31087BF4-D319-4611-A136-08A015F59238/YourSofia.app/assets/node_modules/.pnpm/@expo-google-fonts+sofia-sans@0.4.3/node_modules/@expo-google-fonts/sofia-sans/300Light_Italic/SofiaSans_300Light_Italic.ttf
2026-08-17 11:24:58.131 Db YourSofia[98412:31db8c] [com.apple.CFBundle:resources] Resource lookup at CFBundle 0x600003b082a0 </Users/valentinasenov/Library/Developer/CoreSimulator/Devices/4EC5F74C-5A9C-4D89-8E44-374310E684AE/data/Containers/Bundle/Application/31087BF4-D319-4611-A136-08A015F59238/YourSofia.app> (executable, loaded)
	Request       : SofiaSans_400Regular_Italic type: ttf path: assets/node_modules/.pnpm/@expo-google-fonts+sofia-sans@0.4.3/node_modules/@expo-google-fonts/sofia-sans/400Regular_Italic
	Result        : file:///Users/valentinasenov/Library/Developer/CoreSimulator/Devices/4EC5F74C-5A9C-4D89-8E44-374310E684AE/data/Containers/Bundle/Application/31087BF4-D319-4611-A136-08A015F59238/YourSofia.app/assets/node_modules/.pnpm/@expo-google-fonts+sofia-sans@0.4.3/node_modules/@expo-google-fonts/sofia-sans/400Regular_Italic/SofiaSans_400Regular_Italic.ttf
2026-08-17 11:24:58.132 Db YourSofia[98412:31db8c] [com.apple.CFBundle:resources] Resource lookup at CFBundle 0x600003b082a0 </Users/valentinasenov/Library/Developer/CoreSimulator/Devices/4EC5F74C-5A9C-4D89-8E44-374310E684AE/data/Containers/Bundle/Application/31087BF4-D319-4611-A136-08A015F59238/YourSofia.app> (executable, loaded)
	Request       : SofiaSans_500Medium_Italic type: ttf path: assets/node_modules/.pnpm/@expo-google-fonts+sofia-sans@0.4.3/node_modules/@expo-google-fonts/sofia-sans/500Medium_Italic
	Result        : file:///Users/valentinasenov/Library/Developer/CoreSimulator/Devices/4EC5F74C-5A9C-4D89-8E44-374310E684AE/data/Containers/Bundle/Application/31087BF4-D319-4611-A136-08A015F59238/YourSofia.app/assets/node_modules/.pnpm/@expo-google-fonts+sofia-sans@0.4.3/node_modules/@expo-google-fonts/sofia-sans/500Medium_Italic/SofiaSans_500Medium_Italic.ttf
2026-08-17 11:24:58.132 Db YourSofia[98412:31db8c] [com.apple.CFBundle:resources] Resource lookup at CFBundle 0x600003b082a0 </Users/valentinasenov/Library/Developer/CoreSimulator/Devices/4EC5F74C-5A9C-4D89-8E44-374310E684AE/data/Containers/Bundle/Application/31087BF4-D319-4611-A136-08A015F59238/YourSofia.app> (executable, loaded)
	Request       : SofiaSans_600SemiBold_Italic type: ttf path: assets/node_modules/.pnpm/@expo-google-fonts+sofia-sans@0.4.3/node_modules/@expo-google-fonts/sofia-sans/600SemiBold_Italic
	Result        : file:///Users/valentinasenov/Library/Developer/CoreSimulator/Devices/4EC5F74C-5A9C-4D89-8E44-374310E684AE/data/Containers/Bundle/Application/31087BF4-D319-4611-A136-08A015F59238/YourSofia.app/assets/node_modules/.pnpm/@expo-google-fonts+sofia-sans@0.4.3/node_modules/@expo-google-fonts/sofia-sans/600SemiBold_Italic/SofiaSans_600SemiBold_Italic.ttf
2026-08-17 11:24:58.132 Db YourSofia[98412:31db8c] [com.apple.CFBundle:resources] Resource lookup at CFBundle 0x600003b082a0 </Users/valentinasenov/Library/Developer/CoreSimulator/Devices/4EC5F74C-5A9C-4D89-8E44-374310E684AE/data/Containers/Bundle/Application/31087BF4-D319-4611-A136-08A015F59238/YourSofia.app> (executable, loaded)
	Request       : SofiaSans_700Bold_Italic type: ttf path: assets/node_modules/.pnpm/@expo-google-fonts+sofia-sans@0.4.3/node_modules/@expo-google-fonts/sofia-sans/700Bold_Italic
	Result        : file:///Users/valentinasenov/Library/Developer/CoreSimulator/Devices/4EC5F74C-5A9C-4D89-8E44-374310E684AE/data/Containers/Bundle/Application/31087BF4-D319-4611-A136-08A015F59238/YourSofia.app/assets/node_modules/.pnpm/@expo-google-fonts+sofia-sans@0.4.3/node_modules/@expo-google-fonts/sofia-sans/700Bold_Italic/SofiaSans_700Bold_Italic.ttf
2026-08-17 11:24:58.132 Df YourSofia[98412:31db11] [com.apple.UIKit:EventDeferring] [0x6000029389a0] Scene target of event deferring environments did update: scene: 0x10330bde0; current systemShellManagesKeyboardFocus: 1; systemShellManagesKeyboardFocusForScene: 1; eligibleForRecordRemoval: 1;
2026-08-17 11:24:58.132 Df YourSofia[98412:31db11] [com.apple.UIKit:KeyWindow] Scene became target of keyboard event deferring environment: UIWindowScene: 0x10330bde0; scene identity: com.apple.frontboard.systemappservices/FBSceneManager:sceneID%3Abg.sofia.yoursofia-default
2026-08-17 11:24:58.132 Db YourSofia[98412:31db11] [com.apple.defaults:User Defaults] found no value for key LogFirstResponderRestoration in CFPrefsSearchListSource<0x600002c01d80> (Domain: com.apple.UIKit, Container: (null) Non-launch persona: 0)
2026-08-17 11:24:58.132 Db YourSofia[98412:31db8c] [com.apple.CFBundle:resources] Resource lookup at CFBundle 0x600003b082a0 </Users/valentinasenov/Library/Developer/CoreSimulator/Devices/4EC5F74C-5A9C-4D89-8E44-374310E684AE/data/Containers/Bundle/Application/31087BF4-D319-4611-A136-08A015F59238/YourSofia.app> (executable, loaded)
	Request       : SofiaSans_800ExtraBold_Italic type: ttf path: assets/node_modules/.pnpm/@expo-google-fonts+sofia-sans@0.4.3/node_modules/@expo-google-fonts/sofia-sans/800ExtraBold_Italic
	Result        : file:///Users/valentinasenov/Library/Developer/CoreSimulator/Devices/4EC5F74C-5A9C-4D89-8E44-374310E684AE/data/Containers/Bundle/Application/31087BF4-D319-4611-A136-08A015F59238/YourSofia.app/assets/node_modules/.pnpm/@expo-google-fonts+sofia-sans@0.4.3/node_modules/@expo-google-fonts/sofia-sans/800ExtraBold_Italic/SofiaSans_800ExtraBold_Italic.ttf
2026-08-17 11:24:58.133 Db YourSofia[98412:31db11] [com.apple.defaults:User Defaults] looked up value 0 for key AutomationEnabled in CFPrefsPlistSource<0x600002c0ca00> (Domain: com.apple.Accessibility, User: kCFPreferencesCurrentUser, ByHost: No, Container: (null), Contents Need Refresh: No) via CFPrefsSearchListSource<0x600002c0c900> (Domain: com.apple.Accessibility, Container: (null) Non-launch persona: 0)
2026-08-17 11:24:58.133 Db YourSofia[98412:31db11] [com.apple.Accessibility:AXSupportCommon] CF Read: domain = com.apple.Accessibility, preference = AutomationEnabled, appID = (null) result = 0 (-1 - empty, 0 - false, 1 - true)
2026-08-17 11:24:58.133 Db YourSofia[98412:31db8c] [com.apple.CFBundle:resources] Resource lookup at CFBundle 0x600003b082a0 </Users/valentinasenov/Library/Developer/CoreSimulator/Devices/4EC5F74C-5A9C-4D89-8E44-374310E684AE/data/Containers/Bundle/Application/31087BF4-D319-4611-A136-08A015F59238/YourSofia.app> (executable, loaded)
	Request       : SofiaSans_900Black_Italic type: ttf path: assets/node_modules/.pnpm/@expo-google-fonts+sofia-sans@0.4.3/node_modules/@expo-google-fonts/sofia-sans/900Black_Italic
	Result        : file:///Users/valentinasenov/Library/Developer/CoreSimulator/Devices/4EC5F74C-5A9C-4D89-8E44-374310E684AE/data/Containers/Bundle/Application/31087BF4-D319-4611-A136-08A015F59238/YourSofia.app/assets/node_modules/.pnpm/@expo-google-fonts+sofia-sans@0.4.3/node_modules/@expo-google-fonts/sofia-sans/900Black_Italic/SofiaSans_900Black_Italic.ttf
2026-08-17 11:24:58.133 Db YourSofia[98412:31db8f] [com.apple.BaseBoard:Common] [BSBlockSentinel:FBSScene] signaled! 2 of 2
2026-08-17 11:24:58.133 Db YourSofia[98412:31db8f] [com.apple.BaseBoard:Common] [BSBlockSentinel:FBSScene] dealloc
2026-08-17 11:24:58.133 Df YourSofia[98412:31db11] [com.apple.FrontBoard:SceneExtension] Realizing settings extension SBUISecureRenderingSettingsExtension on FBSSceneSettings
2026-08-17 11:24:58.133 Db YourSofia[98412:31db11] [com.apple.FrontBoard:SceneExtension] registering method "isSecureRenderingEnabled" from extension SBUISecureRenderingSettingsExtension on class "FBSSceneSettings"
2026-08-17 11:24:58.133 Db YourSofia[98412:31db11] [com.apple.FrontBoard:SceneExtension] registering method "setSecureRenderingEnabled:" from extension SBUISecureRenderingSettingsExtension on class "FBSSceneSettings"
2026-08-17 11:24:58.133 Db YourSofia[98412:31db11] [com.apple.FrontBoard:SceneClient] [(FBSceneManager):sceneID:bg.sofia.yoursofia-default] Adding extension: "SBUISecureRenderingSceneExtension"
2026-08-17 11:24:58.133 Db YourSofia[98412:31db8c] [com.apple.CFBundle:resources] Resource lookup at CFBundle 0x600003b082a0 </Users/valentinasenov/Library/Developer/CoreSimulator/Devices/4EC5F74C-5A9C-4D89-8E44-374310E684AE/data/Containers/Bundle/Application/31087BF4-D319-4611-A136-08A015F59238/YourSofia.app> (executable, loaded)
	Request       : JetBrainsMono_100Thin type: ttf path: assets/node_modules/.pnpm/@expo-google-fonts+jetbrains-mono@0.4.1/node_modules/@expo-google-fonts/jetbrains-mono/100Thin
	Result        : file:///Users/valentinasenov/Library/Developer/CoreSimulator/Devices/4EC5F74C-5A9C-4D89-8E44-374310E684AE/data/Containers/Bundle/Application/31087BF4-D319-4611-A136-08A015F59238/YourSofia.app/assets/node_modules/.pnpm/@expo-google-fonts+jetbrains-mono@0.4.1/node_modules/@expo-google-fonts/jetbrains-mono/100Thin/JetBrainsMono_100Thin.ttf
2026-08-17 11:24:58.133 Db YourSofia[98412:31db11] [com.apple.FrontBoard:SceneClient] [(FBSceneManager):sceneID:bg.sofia.yoursofia-default] Instantiated component: "<SBUISecureRenderingClientComponent: 0x600000281b20>"
2026-08-17 11:24:58.134 Df YourSofia[98412:31db11] [com.apple.UIKit:InterfaceStyle] Not push traits update to screen for new style 1, <UIWindowScene: 0x10330bde0> (8FA49A39-7661-46FB-8F2C-0158321648A4)
2026-08-17 11:24:58.134 Df YourSofia[98412:31db11] [com.apple.UIKit:InterfaceStyle] Not push traits update to screen for new style 1, <UIWindowScene: 0x10330bde0> (8FA49A39-7661-46FB-8F2C-0158321648A4)
2026-08-17 11:24:58.134 Df YourSofia[98412:31db11] [com.apple.UIKit:AppLifecycle] sceneOfRecord: sceneID: sceneID:bg.sofia.yoursofia-default  persistentID: 8FA49A39-7661-46FB-8F2C-0158321648A4
2026-08-17 11:24:58.134 Df YourSofia[98412:31db11] [com.apple.UIKit:Application] Deactivation reason removed: 12; deactivation reasons: 4128 -> 32; animating application lifecycle event: 1
2026-08-17 11:24:58.134 Df YourSofia[98412:31db11] [com.apple.KeyboardArbiter:Client] Send setDeactivating: N (-DeactivationReason:SuspendedEventsOnly)
2026-08-17 11:24:58.134 Db YourSofia[98412:31db8c] [com.apple.CFBundle:resources] Resource lookup at CFBundle 0x600003b082a0 </Users/valentinasenov/Library/Developer/CoreSimulator/Devices/4EC5F74C-5A9C-4D89-8E44-374310E684AE/data/Containers/Bundle/Application/31087BF4-D319-4611-A136-08A015F59238/YourSofia.app> (executable, loaded)
	Request       : JetBrainsMono_200ExtraLight type: ttf path: assets/node_modules/.pnpm/@expo-google-fonts+jetbrains-mono@0.4.1/node_modules/@expo-google-fonts/jetbrains-mono/200ExtraLight
	Result        : file:///Users/valentinasenov/Library/Developer/CoreSimulator/Devices/4EC5F74C-5A9C-4D89-8E44-374310E684AE/data/Containers/Bundle/Application/31087BF4-D319-4611-A136-08A015F59238/YourSofia.app/assets/node_modules/.pnpm/@expo-google-fonts+jetbrains-mono@0.4.1/node_modules/@expo-google-fonts/jetbrains-mono/200ExtraLight/JetBrainsMono_200ExtraLight.ttf
2026-08-17 11:24:58.134 Df YourSofia[98412:31db11] [com.apple.UIKit:Application] Deactivation reason removed: 5; deactivation reasons: 32 -> 0; animating application lifecycle event: 0
2026-08-17 11:24:58.135 Db YourSofia[98412:31db8c] [com.apple.CFBundle:resources] Resource lookup at CFBundle 0x600003b082a0 </Users/valentinasenov/Library/Developer/CoreSimulator/Devices/4EC5F74C-5A9C-4D89-8E44-374310E684AE/data/Containers/Bundle/Application/31087BF4-D319-4611-A136-08A015F59238/YourSofia.app> (executable, loaded)
	Request       : JetBrainsMono_300Light type: ttf path: assets/node_modules/.pnpm/@expo-google-fonts+jetbrains-mono@0.4.1/node_modules/@expo-google-fonts/jetbrains-mono/300Light
	Result        : file:///Users/valentinasenov/Library/Developer/CoreSimulator/Devices/4EC5F74C-5A9C-4D89-8E44-374310E684AE/data/Containers/Bundle/Application/31087BF4-D319-4611-A136-08A015F59238/YourSofia.app/assets/node_modules/.pnpm/@expo-google-fonts+jetbrains-mono@0.4.1/node_modules/@expo-google-fonts/jetbrains-mono/300Light/JetBrainsMono_300Light.ttf
2026-08-17 11:24:58.135 Db YourSofia[98412:31db8c] [com.apple.CFBundle:resources] Resource lookup at CFBundle 0x600003b082a0 </Users/valentinasenov/Library/Developer/CoreSimulator/Devices/4EC5F74C-5A9C-4D89-8E44-374310E684AE/data/Containers/Bundle/Application/31087BF4-D319-4611-A136-08A015F59238/YourSofia.app> (executable, loaded)
	Request       : JetBrainsMono_400Regular type: ttf path: assets/node_modules/.pnpm/@expo-google-fonts+jetbrains-mono@0.4.1/node_modules/@expo-google-fonts/jetbrains-mono/400Regular
	Result        : file:///Users/valentinasenov/Library/Developer/CoreSimulator/Devices/4EC5F74C-5A9C-4D89-8E44-374310E684AE/data/Containers/Bundle/Application/31087BF4-D319-4611-A136-08A015F59238/YourSofia.app/assets/node_modules/.pnpm/@expo-google-fonts+jetbrains-mono@0.4.1/node_modules/@expo-google-fonts/jetbrains-mono/400Regular/JetBrainsMono_400Regular.ttf
2026-08-17 11:24:58.135 Db YourSofia[98412:31db11] [com.apple.BacklightServices:scenes] 0x600000c23f60 environment updated:sceneID:bg.sofia.yoursofia-default
  delta:{ visualState:0 date:0 active:0 seed:0 }
  diff:<FBSSceneSettingsDiff: 0x600001752640; UIApplicationSceneSettings> {
    settings = <BSKeyedSettingsDiff: 0x600000c70ba0> {
        SBUISecureRenderingSettingsExtension = <BSKeyedSettingsDiff: 0x600000c70960> {
            secureRenderingEnabled = 0;
        };
        _UISystemShellSceneHostingEnvironmentSettings = <BSKeyedSettingsDiff: 0x600000c70390> {
            systemShellHostingSpaceIdentifier = SB-display-<embedded>;
        };
        FBSSceneExtensions = <BSKeyedSettingsDiff: 0x600000c70300> {
            14 = SBUISecureRenderingSceneExtension;
        };
        <_UIHomeAffordanceHostSceneSettings> = <BSKeyedSettingsDiff: 0x600000c70ab0> {
            homeAffordanceSceneReferenceFrame = NSRect: {{115.66666666666667, 805}, {159, 39}};
        };
        _UISceneRenderingEnvironmentSettings = <BSKeyedSettingsDiff: 0x600000c70360> {
            systemDisplayIdentifier = 74C6E8F3-2860-48B7-B8E9-D1
  new:<decode: missing data>
  old:<decode: missing data>
  new:<decode: missing data>
2026-08-17 11:24:58.135 Db YourSofia[98412:31db8c] [com.apple.CFBundle:resources] Resource lookup at CFBundle 0x600003b082a0 </Users/valentinasenov/Library/Developer/CoreSimulator/Devices/4EC5F74C-5A9C-4D89-8E44-374310E684AE/data/Containers/Bundle/Application/31087BF4-D319-4611-A136-08A015F59238/YourSofia.app> (executable, loaded)
	Request       : JetBrainsMono_600SemiBold type: ttf path: assets/node_modules/.pnpm/@expo-google-fonts+jetbrains-mono@0.4.1/node_modules/@expo-google-fonts/jetbrains-mono/600SemiBold
	Result        : file:///Users/valentinasenov/Library/Developer/CoreSimulator/Devices/4EC5F74C-5A9C-4D89-8E44-374310E684AE/data/Containers/Bundle/Application/31087BF4-D319-4611-A136-08A015F59238/YourSofia.app/assets/node_modules/.pnpm/@expo-google-fonts+jetbrains-mono@0.4.1/node_modules/@expo-google-fonts/jetbrains-mono/600SemiBold/JetBrainsMono_600SemiBold.ttf
2026-08-17 11:24:58.135 Db YourSofia[98412:31db11] [com.apple.defaults:User Defaults] found no value for key LogHomeAffordanceGestureGate in CFPrefsSearchListSource<0x600002c01d80> (Domain: com.apple.UIKit, Container: (null) Non-launch persona: 0)
2026-08-17 11:24:58.136 Db YourSofia[98412:31db11] [com.apple.BaseBoard:Common] [BSBlockSentinel:FBSScene] signaled! 1 of 2
2026-08-17 11:24:58.136 Db YourSofia[98412:31db11] (TextInput) -[TIPreferencesController preferencesChangedCallback:]  preferencesChangedCallback: Triggering preferencesChangedCallback for domain <_TIPreferenceDomain: 0x600000c0c0f0> with notification AppleKeyboardsSettingsChangedNotification
2026-08-17 11:24:58.136 Db YourSofia[98412:31db8c] [com.apple.CFBundle:resources] Resource lookup at CFBundle 0x600003b082a0 </Users/valentinasenov/Library/Developer/CoreSimulator/Devices/4EC5F74C-5A9C-4D89-8E44-374310E684AE/data/Containers/Bundle/Application/31087BF4-D319-4611-A136-08A015F59238/YourSofia.app> (executable, loaded)
	Request       : JetBrainsMono_700Bold type: ttf path: assets/node_modules/.pnpm/@expo-google-fonts+jetbrains-mono@0.4.1/node_modules/@expo-google-fonts/jetbrains-mono/700Bold
	Result        : file:///Users/valentinasenov/Library/Developer/CoreSimulator/Devices/4EC5F74C-5A9C-4D89-8E44-374310E684AE/data/Containers/Bundle/Application/31087BF4-D319-4611-A136-08A015F59238/YourSofia.app/assets/node_modules/.pnpm/@expo-google-fonts+jetbrains-mono@0.4.1/node_modules/@expo-google-fonts/jetbrains-mono/700Bold/JetBrainsMono_700Bold.ttf
2026-08-17 11:24:58.136 Db YourSofia[98412:31db8c] [com.apple.CFBundle:resources] Resource lookup at CFBundle 0x600003b082a0 </Users/valentinasenov/Library/Developer/CoreSimulator/Devices/4EC5F74C-5A9C-4D89-8E44-374310E684AE/data/Containers/Bundle/Application/31087BF4-D319-4611-A136-08A015F59238/YourSofia.app> (executable, loaded)
	Request       : JetBrainsMono_800ExtraBold type: ttf path: assets/node_modules/.pnpm/@expo-google-fonts+jetbrains-mono@0.4.1/node_modules/@expo-google-fonts/jetbrains-mono/800ExtraBold
	Result        : file:///Users/valentinasenov/Library/Developer/CoreSimulator/Devices/4EC5F74C-5A9C-4D89-8E44-374310E684AE/data/Containers/Bundle/Application/31087BF4-D319-4611-A136-08A015F59238/YourSofia.app/assets/node_modules/.pnpm/@expo-google-fonts+jetbrains-mono@0.4.1/node_modules/@expo-google-fonts/jetbrains-mono/800ExtraBold/JetBrainsMono_800ExtraBold.ttf
2026-08-17 11:24:58.137 Db YourSofia[98412:31db8c] [com.apple.CFBundle:resources] Resource lookup at CFBundle 0x600003b082a0 </Users/valentinasenov/Library/Developer/CoreSimulator/Devices/4EC5F74C-5A9C-4D89-8E44-374310E684AE/data/Containers/Bundle/Application/31087BF4-D319-4611-A136-08A015F59238/YourSofia.app> (executable, loaded)
	Request       : JetBrainsMono_100Thin_Italic type: ttf path: assets/node_modules/.pnpm/@expo-google-fonts+jetbrains-mono@0.4.1/node_modules/@expo-google-fonts/jetbrains-mono/100Thin_Italic
	Result        : file:///Users/valentinasenov/Library/Developer/CoreSimulator/Devices/4EC5F74C-5A9C-4D89-8E44-374310E684AE/data/Containers/Bundle/Application/31087BF4-D319-4611-A136-08A015F59238/YourSofia.app/assets/node_modules/.pnpm/@expo-google-fonts+jetbrains-mono@0.4.1/node_modules/@expo-google-fonts/jetbrains-mono/100Thin_Italic/JetBrainsMono_100Thin_Italic.ttf
2026-08-17 11:24:58.137 Df YourSofia[98412:31db11] [com.apple.KeyboardArbiter:Client] startConnection
2026-08-17 11:24:58.137 Df YourSofia[98412:31db11] [com.apple.KeyboardArbiter:Client] handleKeyboardChange: set currentKeyboard:N (wasKeyboard:N)
2026-08-17 11:24:58.137 Db YourSofia[98412:31db8c] [com.apple.CFBundle:resources] Resource lookup at CFBundle 0x600003b082a0 </Users/valentinasenov/Library/Developer/CoreSimulator/Devices/4EC5F74C-5A9C-4D89-8E44-374310E684AE/data/Containers/Bundle/Application/31087BF4-D319-4611-A136-08A015F59238/YourSofia.app> (executable, loaded)
	Request       : JetBrainsMono_200ExtraLight_Italic type: ttf path: assets/node_modules/.pnpm/@expo-google-fonts+jetbrains-mono@0.4.1/node_modules/@expo-google-fonts/jetbrains-mono/200ExtraLight_Italic
	Result        : file:///Users/valentinasenov/Library/Developer/CoreSimulator/Devices/4EC5F74C-5A9C-4D89-8E44-374310E684AE/data/Containers/Bundle/Application/31087BF4-D319-4611-A136-08A015F59238/YourSofia.app/assets/node_modules/.pnpm/@expo-google-fonts+jetbrains-mono@0.4.1/node_modules/@expo-google-fonts/jetbrains-mono/200ExtraLight_Italic/JetBrainsMono_200ExtraLight_Italic.ttf
2026-08-17 11:24:58.137 Db YourSofia[98412:31db8c] [com.apple.CFBundle:resources] Resource lookup at CFBundle 0x600003b082a0 </Users/valentinasenov/Library/Developer/CoreSimulator/Devices/4EC5F74C-5A9C-4D89-8E44-374310E684AE/data/Containers/Bundle/Application/31087BF4-D319-4611-A136-08A015F59238/YourSofia.app> (executable, loaded)
	Request       : JetBrainsMono_300Light_Italic type: ttf path: assets/node_modules/.pnpm/@expo-google-fonts+jetbrains-mono@0.4.1/node_modules/@expo-google-fonts/jetbrains-mono/300Light_Italic
	Result        : file:///Users/valentinasenov/Library/Developer/CoreSimulator/Devices/4EC5F74C-5A9C-4D89-8E44-374310E684AE/data/Containers/Bundle/Application/31087BF4-D319-4611-A136-08A015F59238/YourSofia.app/assets/node_modules/.pnpm/@expo-google-fonts+jetbrains-mono@0.4.1/node_modules/@expo-google-fonts/jetbrains-mono/300Light_Italic/JetBrainsMono_300Light_Italic.ttf
2026-08-17 11:24:58.137 Db YourSofia[98412:31db11] [com.apple.defaults:User Defaults] found no value for key AssistiveTouchEnabled in CFPrefsSearchListSource<0x600002c0c900> (Domain: com.apple.Accessibility, Container: (null) Non-launch persona: 0)
2026-08-17 11:24:58.137 Db YourSofia[98412:31db11] [com.apple.Accessibility:AXSupportCommon] CF Read: domain = com.apple.Accessibility, preference = AssistiveTouchEnabled, appID = (null) result = (null) (-1 - empty, 0 - false, 1 - true)
2026-08-17 11:24:58.137 Db YourSofia[98412:31db11] [com.apple.defaults:User Defaults] found no value for key AssistiveTouchEnabled in CFPrefsPlistSource<0x600002c0cc80> (Domain: com.apple.Accessibility, User: kCFPreferencesCurrentUser, ByHost: No, Container: /Users/valentinasenov/Library/Developer/CoreSimulator/Devices/4EC5F74C-5A9C-4D89-8E44-374310E684AE/data, Contents Need Refresh: No)
2026-08-17 11:24:58.137 Db YourSofia[98412:31db8c] [com.apple.CFBundle:resources] Resource lookup at CFBundle 0x600003b082a0 </Users/valentinasenov/Library/Developer/CoreSimulator/Devices/4EC5F74C-5A9C-4D89-8E44-374310E684AE/data/Containers/Bundle/Application/31087BF4-D319-4611-A136-08A015F59238/YourSofia.app> (executable, loaded)
	Request       : JetBrainsMono_400Regular_Italic type: ttf path: assets/node_modules/.pnpm/@expo-google-fonts+jetbrains-mono@0.4.1/node_modules/@expo-google-fonts/jetbrains-mono/400Regular_Italic
	Result        : file:///Users/valentinasenov/Library/Developer/CoreSimulator/Devices/4EC5F74C-5A9C-4D89-8E44-374310E684AE/data/Containers/Bundle/Application/31087BF4-D319-4611-A136-08A015F59238/YourSofia.app/assets/node_modules/.pnpm/@expo-google-fonts+jetbrains-mono@0.4.1/node_modules/@expo-google-fonts/jetbrains-mono/400Regular_Italic/JetBrainsMono_400Regular_Italic.ttf
2026-08-17 11:24:58.138 Db YourSofia[98412:31db11] [com.apple.defaults:User Defaults] looked up value bg_BG@sw=Bulgarian-Standard;hw=Automatic for key KeyboardLastUsed in CFPrefsPlistSource<0x600002c01700> (Domain: com.apple.keyboard.preferences, User: kCFPreferencesCurrentUser, ByHost: No, Container: /Users/valentinasenov/Library/Developer/CoreSimulator/Devices/4EC5F74C-5A9C-4D89-8E44-374310E684AE/data, Contents Need Refresh: No) via CFPrefsSearchListSource<0x600002c01500> (Domain: com.apple.keyboard.preferences, Container: (null) Non-launch persona: 0)
2026-08-17 11:24:58.138 Db YourSofia[98412:31db11] [com.apple.defaults:User Defaults] found no value for key AppleKeyboardsIncludeIntl in CFPrefsSearchListSource<0x600002c08e00> (Domain: kCFPreferencesAnyApplication, Container: (null) Non-launch persona: 0)
2026-08-17 11:24:58.138 Db YourSofia[98412:31db8c] [com.apple.CFBundle:resources] Resource lookup at CFBundle 0x600003b082a0 </Users/valentinasenov/Library/Developer/CoreSimulator/Devices/4EC5F74C-5A9C-4D89-8E44-374310E684AE/data/Containers/Bundle/Application/31087BF4-D319-4611-A136-08A015F59238/YourSofia.app> (executable, loaded)
	Request       : JetBrainsMono_500Medium_Italic type: ttf path: assets/node_modules/.pnpm/@expo-google-fonts+jetbrains-mono@0.4.1/node_modules/@expo-google-fonts/jetbrains-mono/500Medium_Italic
	Result        : file:///Users/valentinasenov/Library/Developer/CoreSimulator/Devices/4EC5F74C-5A9C-4D89-8E44-374310E684AE/data/Containers/Bundle/Application/31087BF4-D319-4611-A136-08A015F59238/YourSofia.app/assets/node_modules/.pnpm/@expo-google-fonts+jetbrains-mono@0.4.1/node_modules/@expo-google-fonts/jetbrains-mono/500Medium_Italic/JetBrainsMono_500Medium_Italic.ttf
2026-08-17 11:24:58.138 Db YourSofia[98412:31db8c] [com.apple.CFBundle:resources] Resource lookup at CFBundle 0x600003b082a0 </Users/valentinasenov/Library/Developer/CoreSimulator/Devices/4EC5F74C-5A9C-4D89-8E44-374310E684AE/data/Containers/Bundle/Application/31087BF4-D319-4611-A136-08A015F59238/YourSofia.app> (executable, loaded)
	Request       : JetBrainsMono_600SemiBold_Italic type: ttf path: assets/node_modules/.pnpm/@expo-google-fonts+jetbrains-mono@0.4.1/node_modules/@expo-google-fonts/jetbrains-mono/600SemiBold_Italic
	Result        : file:///Users/valentinasenov/Library/Developer/CoreSimulator/Devices/4EC5F74C-5A9C-4D89-8E44-374310E684AE/data/Containers/Bundle/Application/31087BF4-D319-4611-A136-08A015F59238/YourSofia.app/assets/node_modules/.pnpm/@expo-google-fonts+jetbrains-mono@0.4.1/node_modules/@expo-google-fonts/jetbrains-mono/600SemiBold_Italic/JetBrainsMono_600SemiBold_Italic.ttf
2026-08-17 11:24:58.138 Db YourSofia[98412:31db8c] [com.apple.CFBundle:resources] Resource lookup at CFBundle 0x600003b082a0 </Users/valentinasenov/Library/Developer/CoreSimulator/Devices/4EC5F74C-5A9C-4D89-8E44-374310E684AE/data/Containers/Bundle/Application/31087BF4-D319-4611-A136-08A015F59238/YourSofia.app> (executable, loaded)
	Request       : JetBrainsMono_700Bold_Italic type: ttf path: assets/node_modules/.pnpm/@expo-google-fonts+jetbrains-mono@0.4.1/node_modules/@expo-google-fonts/jetbrains-mono/700Bold_Italic
	Result        : file:///Users/valentinasenov/Library/Developer/CoreSimulator/Devices/4EC5F74C-5A9C-4D89-8E44-374310E684AE/data/Containers/Bundle/Application/31087BF4-D319-4611-A136-08A015F59238/YourSofia.app/assets/node_modules/.pnpm/@expo-google-fonts+jetbrains-mono@0.4.1/node_modules/@expo-google-fonts/jetbrains-mono/700Bold_Italic/JetBrainsMono_700Bold_Italic.ttf
2026-08-17 11:24:58.138 Db YourSofia[98412:31db8c] [com.apple.CFBundle:resources] Resource lookup at CFBundle 0x600003b082a0 </Users/valentinasenov/Library/Developer/CoreSimulator/Devices/4EC5F74C-5A9C-4D89-8E44-374310E684AE/data/Containers/Bundle/Application/31087BF4-D319-4611-A136-08A015F59238/YourSofia.app> (executable, loaded)
	Request       : JetBrainsMono_800ExtraBold_Italic type: ttf path: assets/node_modules/.pnpm/@expo-google-fonts+jetbrains-mono@0.4.1/node_modules/@expo-google-fonts/jetbrains-mono/800ExtraBold_Italic
	Result        : file:///Users/valentinasenov/Library/Developer/CoreSimulator/Devices/4EC5F74C-5A9C-4D89-8E44-374310E684AE/data/Containers/Bundle/Application/31087BF4-D319-4611-A136-08A015F59238/YourSofia.app/assets/node_modules/.pnpm/@expo-google-fonts+jetbrains-mono@0.4.1/node_modules/@expo-google-fonts/jetbrains-mono/800ExtraBold_Italic/JetBrainsMono_800ExtraBold_Italic.ttf
2026-08-17 11:24:58.139 Db YourSofia[98412:31db8c] [com.apple.CFBundle:resources] Resource lookup at CFBundle 0x600003b082a0 </Users/valentinasenov/Library/Developer/CoreSimulator/Devices/4EC5F74C-5A9C-4D89-8E44-374310E684AE/data/Containers/Bundle/Application/31087BF4-D319-4611-A136-08A015F59238/YourSofia.app> (executable, loaded)
	Request       : sofia-gerb type: png path: assets/assets/images
	Result        : file:///Users/valentinasenov/Library/Developer/CoreSimulator/Devices/4EC5F74C-5A9C-4D89-8E44-374310E684AE/data/Containers/Bundle/Application/31087BF4-D319-4611-A136-08A015F59238/YourSofia.app/assets/assets/images/sofia-gerb.png
2026-08-17 11:24:58.139 Df YourSofia[98412:31db11] [com.apple.UIKit:KeyboardSceneDelegate] forceReloadInputViews
2026-08-17 11:24:58.139 I  YourSofia[98412:31db8c] [dev.expo.modules:expo-updates] 🟢 {"code":"None","level":"info","timestamp":1786955098000,"message":"AppController appLoaderTask didFinishWithLauncher, isUpToDate=0, remoteLoadStatus=0"}
2026-08-17 11:24:58.139 Df YourSofia[98412:31db11] [com.apple.UIKit:KeyboardSceneDelegate] Reloading input views for key-window scene responder: <(null): 0x0; > force:Y
2026-08-17 11:24:58.139 I  YourSofia[98412:31db8c] [dev.expo.modules:expo-updates] 🟢 {"message":"Updates state change: state = checking, event = check, context = UpdatesStateContext(isStartupProcedureRunning: true, isUpdateAvailable: false, isUpdatePending: false, isChecking: true, isDownloading: false, isRestarting: false, restartCount: 0, latestManifest: nil, downloadedManifest: nil, rollback: nil, checkError: nil, downloadError: nil, downloadProgress: 0.0, lastCheckForUpdateTime: nil, sequenceNumber: 2)","code":"None","level":"info","timestamp":1786955098000}
2026-08-17 11:24:58.139 Df YourSofia[98412:31db11] [com.apple.UIKit:KeyboardArbiterClientLog] isWritingToolsHandlingKeyboardTracking:Y (WT ready:Y, Arbiter ready:Y)
2026-08-17 11:24:58.139 Db YourSofia[98412:31db82] [com.apple.defaults:User Defaults] found no value for key expo.eas-client-id in CFPrefsSearchListSource<0x600002c04080> (Domain: bg.sofia.yoursofia, Container: (null) Non-launch persona: 0)
2026-08-17 11:24:58.139 Db YourSofia[98412:31db82] [com.apple.defaults:User Defaults] setting {
    "expo.eas-client-id" = "71D85D33-B569-42A5-A584-91FFD98FE2E1";
} in CFPrefsPlistSource<0x600002c0c080> (Domain: bg.sofia.yoursofia, User: kCFPreferencesCurrentUser, ByHost: No, Container: (null), Contents Need Refresh: No)
2026-08-17 11:24:58.140 Df YourSofia[98412:31db82] [com.apple.CFNetwork:Default] Task <E030A1E9-515A-428B-B8FE-8DDAC20D65E5>.<1> resuming, timeouts(60.0, 604800.0) qos(0x19) voucher(<OS_voucher: 0x600002111bd0>) activity(00000000-0000-0000-0000-000000000000)
2026-08-17 11:24:58.140 Db YourSofia[98412:31db82] [com.apple.network:activity] Returning should log: 0 for activity cfnetwork:foreground_task
2026-08-17 11:24:58.140 Db YourSofia[98412:31db82] [com.apple.network:activity] Activity <nw_activity 12:2 [No UUID] (parent is global) (reporting strategy default)> inheriting reporting strategy from parent <nw_activity 50:1 [DBC6B5F7-7DBD-45AC-99DE-0A0499FC922B] (reporting strategy default)>
2026-08-17 11:24:58.140 Db YourSofia[98412:31db82] [com.apple.network:activity] Returning should log: 0 for activity cfnetwork:foreground_task
2026-08-17 11:24:58.140 Db YourSofia[98412:31db82] [com.apple.network:activity] Returning should log: 0 for activity cfnetwork:foreground_task
2026-08-17 11:24:58.140 Db YourSofia[98412:31db82] [com.apple.CFNetwork:Default] [Telemetry]: Activity <nw_activity 12:2 [DE27C937-E3FC-4E4C-A3D4-F32D086653AE] (parent is global) (reporting strategy default)> on Task <E030A1E9-515A-428B-B8FE-8DDAC20D65E5>.<1> was not selected for reporting
2026-08-17 11:24:58.141 Db YourSofia[98412:31db8c] [com.apple.defaults:User Defaults] CFPrefsPlistSource<0x600002c0c280> (Domain: bg.sofia.yoursofia, User: kCFPreferencesCurrentUser, ByHost: No, Container: /Users/valentinasenov/Library/Developer/CoreSimulator/Devices/4EC5F74C-5A9C-4D89-8E44-374310E684AE/data, Contents Need Refresh: No) loaded: an empty base plist and no additional changes from the base plist
2026-08-17 11:24:58.141 Db YourSofia[98412:31db8c] [com.apple.defaults:User Defaults] CFPrefsPlistSource<0x600002c0c480> (Domain: bg.sofia.yoursofia, User: kCFPreferencesCurrentUser, ByHost: Yes, Container: (null), Contents Need Refresh: No) loaded: an empty base plist and no additional changes from the base plist
2026-08-17 11:24:58.141 Db YourSofia[98412:31db8c] [com.apple.defaults:User Defaults] looked up value (
    "en-US",
    "bg-US"
) for key AppleLanguages in CFPrefsPlistSource<0x600002c0c400> (Domain: kCFPreferencesAnyApplication, User: kCFPreferencesCurrentUser, ByHost: No, Container: /Users/valentinasenov/Library/Developer/CoreSimulator/Devices/4EC5F74C-5A9C-4D89-8E44-374310E684AE/data, Contents Need Refresh: No) via CFPrefsSearchListSource<0x600002c04080> (Domain: bg.sofia.yoursofia, Container: (null) Non-launch persona: 0)
2026-08-17 11:24:58.166 E  YourSofia[98412:31db11] [com.wix.Detox:DetoxManager] Message was too long and was split into 9 parts
2026-08-17 11:24:58.166 E  YourSofia[98412:31db11] [com.wix.Detox:DetoxManager] Part 1/9: App crashed: Expo/ExpoAppDelegate.swift:31: Fatal error: recreateRootView: Missing factory in ExpoAppDelegate
(
	0   Detox                               0x0000000102c4e58c +[NSThread(DetoxUtils) dtx_demangledCallStackSymbols] + 36
	1   Detox                               0x0000000102c51fd4 __DTXHandleCrash + 668
	2   Detox                               0x0000000102c52464 __dtx_asl_log + 404
	3   libswiftCore.dylib                  0x0000000197771458 swift_reportError + 80
	4   libswiftCore.dylib
2026-08-17 11:24:58.166 E  YourSofia[98412:31db11] [com.wix.Detox:DetoxManager] Part 2/9:       0x0000000197834164 _swift_stdlib_reportFatalErrorInFile + 120
	5   libswiftCore.dylib                  0x000000019785d0c8 closure #1 (Swift.UnsafeBufferPointer<Swift.UInt8>) -> () in Swift._assertionFailure(_: Swift.StaticString, _: Swift.String, file: Swift.StaticString, line: Swift.UInt, flags: Swift.UInt32) -> Swift.Never + 344
	6   libswiftCore.dylib                  0x000000019785c2d4 Swift._assertionFailure(_: Swift.StaticString, _: Swift.String, file: Swift.StaticString, line: Swift.UInt, flags
2026-08-17 11:24:58.166 E  YourSofia[98412:31db11] [com.wix.Detox:DetoxManager] Part 3/9: : Swift.UInt32) -> Swift.Never + 156
	7   YourSofia                           0x0000000100917278 Expo.ExpoAppDelegate.recreateRootView(withBundleURL: Swift.Optional<Foundation.URL>, moduleName: Swift.Optional<Swift.String>, initialProps: Swift.Optional<Swift.Dictionary<Swift.AnyHashable, Any>>, launchOptions: Swift.Optional<Swift.Dictionary<Swift.AnyHashable, Any>>) -> __C.UIView + 1484
	8   YourSofia                           0x00000001008ae944 recreateRootView #1 (withBundleURL: Swift.Optional<Foundation.
2026-08-17 11:24:58.166 E  YourSofia[98412:31db11] [com.wix.Detox:DetoxManager] Part 4/9: URL>, moduleName: Swift.Optional<Swift.String>, initialProps: Swift.Optional<Swift.Dictionary<Swift.AnyHashable, Any>>, launchOptions: Swift.Optional<Swift.Dictionary<Swift.AnyHashable, Any>>) -> __C.UIView in EXUpdates.ExpoUpdatesReactDelegateHandler.appController(_: EXUpdates.AppControllerInterface, didStartWithSuccess: Swift.Bool) -> () + 200
	9   YourSofia                           0x00000001008af35c function signature specialization <Arg[0] = Dead, Arg[1] = Dead> of EXUpdates.ExpoUpdatesReactDelegateHa
2026-08-17 11:24:58.166 E  YourSofia[98412:31db11] [com.wix.Detox:DetoxManager] Part 5/9: ndler.appController(_: EXUpdates.AppControllerInterface, didStartWithSuccess: Swift.Bool) -> () + 292
	10  YourSofia                           0x00000001008aeba4 @objc EXUpdates.ExpoUpdatesReactDelegateHandler.appController(_: EXUpdates.AppControllerInterface, didStartWithSuccess: Swift.Bool) -> () + 44
	11  YourSofia                           0x00000001008a675c closure #1 @Swift.MainActor () -> () in closure #1 (EXUpdates.AppControllerDelegate) -> Swift.Optional<()> in EXUpdates.EnabledAppController.startu
2026-08-17 11:24:58.166 E  YourSofia[98412:31db11] [com.wix.Detox:DetoxManager] Part 6/9: pProcedureDidLaunch(EXUpdates.StartupProcedure) -> () + 996
	12  YourSofia                           0x0000000100865a90 reabstraction thunk helper from @escaping @callee_guaranteed @Sendable () -> () to @escaping @callee_unowned @convention(block) @Sendable () -> () + 28
	13  DetoxSync                           0x0000000102a5c79c ____detox_sync_dispatch_wrapper_block_invoke + 44
	14  libdispatch.dylib                   0x00000001801c07a8 _dispatch_call_block_and_release + 24
	15  libdispatch.dylib
2026-08-17 11:24:58.166 E  YourSofia[98412:31db11] [com.wix.Detox:DetoxManager] Part 7/9:          0x00000001801db4b0 _dispatch_client_callout + 12
	16  libdispatch.dylib                   0x00000001801f74a0 _dispatch_main_queue_drain.cold.7 + 24
	17  libdispatch.dylib                   0x00000001801d031c _dispatch_main_queue_drain + 1184
	18  libdispatch.dylib                   0x00000001801cfe6c _dispatch_main_queue_callback_4CF + 40
	19  CoreFoundation                      0x0000000180455fa8 __CFRUNLOOP_IS_SERVICING_THE_MAIN_DISPATCH_QUEUE__ + 12
	20  CoreFoundation                      0x000
2026-08-17 11:24:58.166 E  YourSofia[98412:31db11] [com.wix.Detox:DetoxManager] Part 8/9: 0000180455180 __CFRunLoopRun + 1884
	21  CoreFoundation                      0x000000018044fdbc _CFRunLoopRunSpecificWithOptions + 496
	22  GraphicsServices                    0x0000000192b809bc GSEventRunModal + 116
	23  UIKitCore                           0x000000018640a204 -[UIApplication _run] + 772
	24  DetoxSync                           0x0000000102a62f38 __detox_sync_UIApplication_run + 80
	25  UIKitCore                           0x000000018640e42c UIApplicationMain + 124
	26  UIKitCore
2026-08-17 11:24:58.166 E  YourSofia[98412:31db11] [com.wix.Detox:DetoxManager] Part 9/9:               0x000000018563f6b8 block_destroy_helper.15 + 5152
	27  YourSofia                           0x0000000100848104 main + 116
	28  dyld                                0x00000001025993d0 start_sim + 20
	29  ???                                 0x00000001027bbe00 0x0 + 4336631296
)
2026-08-17 11:24:58.166 I  YourSofia[98412:31db11] [com.wix.Detox:DetoxInstrumentsManager] Called stop but no recording in progress
2026-08-17 11:24:58.166 Db YourSofia[98412:31db90] [com.apple.BaseBoard:Common] [BSBlockSentinel:FBSScene] signaled! 2 of 2
2026-08-17 11:24:58.166 Db YourSofia[98412:31db11] [com.apple.defaults:User Defaults] found no value for key LogUpdateCycle.Stalls in CFPrefsSearchListSource<0x600002c01d80> (Domain: com.apple.UIKit, Container: (null) Non-launch persona: 0)
2026-08-17 11:24:58.166 Db YourSofia[98412:31db90] [com.apple.BaseBoard:Common] [BSBlockSentinel:FBSScene] dealloc
2026-08-17 11:24:58.173 Db YourSofia[98412:31db90] [com.apple.runningboard:message] PERF: [app<bg.sofia.yoursofia((null))>:98412] Received message from runningboardd: async_didChangeInheritances:completion:
2026-08-17 11:24:58.173 A  YourSofia[98412:31db90] (RunningBoardServices) didChangeInheritances
2026-08-17 11:24:58.173 Db YourSofia[98412:31db8c] [com.apple.CFNetwork:ATS] Task <E030A1E9-515A-428B-B8FE-8DDAC20D65E5>.<1> {strength 1, tls 8, sub 0, sig 0, ciphers 1, bundle 0, builtin 0}
2026-08-17 11:24:58.173 Db YourSofia[98412:31db90] [com.apple.runningboard:connection] didChangeInheritances: <RBSInheritanceChangeSet| gained:(null) lost:{(
    <RBSInheritance| environment:UIScene:com.apple.frontboard.systemappservices/FBSceneManager:sceneID%3Abg.sofia.yoursofia-default name:com.apple.frontboard.visibility origID:98125-98378-761 payload 8719656185504109860>
)}>
2026-08-17 11:24:58.174 Df YourSofia[98412:31db8c] [com.apple.CFNetwork:Default] Connection 0: creating secure tcp or quic connection
2026-08-17 11:24:58.176 I  YourSofia[98412:31db8c] [com.apple.network:connection] nw_connection_create_with_id [C2] create connection to Hostname#c5ab3bc7:443
2026-08-17 11:24:58.176 I  YourSofia[98412:31db8c] [com.apple.network:connection] nw_connection_create_with_id_block_invoke [C2] has alternative UNKNOWN for quic
2026-08-17 11:24:58.176 Df YourSofia[98412:31db8c] [com.apple.CFNetwork:Default] Connection 2: enabling TLS
2026-08-17 11:24:58.176 Df YourSofia[98412:31db8c] [com.apple.CFNetwork:Default] Connection 2: starting, TC(0x0)
2026-08-17 11:24:58.176 Df YourSofia[98412:31db8c] [com.apple.network:connection] [C2 09978166-EAD9-4F87-A869-411889539AE5 Hostname#c5ab3bc7:443 quic-connection, url: https://u.expo.dev/8c71d3db-2519-4b4d-a33f-4a5e3b2c2661, definite, attribution: developer, context: com.apple.CFNetwork.NSURLSession.{102B8B50-5F9A-4B6E-BAA6-096B135E27E9}{(null)}{Y}{2}{0x0} (private), proc: E262C6F4-77EE-382F-8323-FAC9A1A02BBD, delegated upid: 0] start
2026-08-17 11:24:58.176 I  YourSofia[98412:31db8c] [com.apple.network:connection] nw_endpoint_handler_start [C2 Hostname#c5ab3bc7:443 initial parent-flow ((null))]
2026-08-17 11:24:58.176 Df YourSofia[98412:31db8c] [com.apple.network:connection] [C2 Hostname#c5ab3bc7:443 initial parent-flow ((null))] event: path:start @0.000s
2026-08-17 11:24:58.179 Db YourSofia[98412:31db8c] [com.apple.network:connection] nw_endpoint_handler_path_change [C2 Hostname#c5ab3bc7:443 waiting parent-flow (satisfied (Path is satisfied), interface: en0[802.11], uses wifi, LQM: unknown)]
2026-08-17 11:24:58.179 Db YourSofia[98412:31db8c] [com.apple.networkextension:] ne_tracker_check_is_hostname_blocked() proceeding with the in_the_app check for hostname: u.expo.dev
2026-08-17 11:24:58.179 Db YourSofia[98412:31db8c] [com.apple.CFBundle:resources] Resource lookup at CFBundle 0x600003b082a0 </Users/valentinasenov/Library/Developer/CoreSimulator/Devices/4EC5F74C-5A9C-4D89-8E44-374310E684AE/data/Containers/Bundle/Application/31087BF4-D319-4611-A136-08A015F59238/YourSofia.app> (executable, loaded)
	Request       : InfoPlist type: strings
	Result        : None
2026-08-17 11:24:58.179 Db YourSofia[98412:31db8c] [com.apple.CFBundle:resources] Resource lookup at CFBundle 0x600003b082a0 </Users/valentinasenov/Library/Developer/CoreSimulator/Devices/4EC5F74C-5A9C-4D89-8E44-374310E684AE/data/Containers/Bundle/Application/31087BF4-D319-4611-A136-08A015F59238/YourSofia.app> (executable, loaded)
	Request       : InfoPlist type: stringsdict
	Result        : None
2026-08-17 11:24:58.179 Db YourSofia[98412:31db8c] [com.apple.networkextension:] ne_tracker_check_is_hostname_blocked(): hostname u.expo.dev is not a tracker. Returning: ne_tracker_status_none
2026-08-17 11:24:58.179 Df YourSofia[98412:31db8c] [com.apple.network:connection] [C2 Hostname#c5ab3bc7:443 waiting parent-flow (satisfied (Path is satisfied), interface: en0[802.11], uses wifi, LQM: unknown)] event: path:satisfied @0.002s, uuid: 70FC63E7-CB42-4009-B02B-5AF5086FC165
2026-08-17 11:24:58.179 I  YourSofia[98412:31db8c] [com.apple.network:connection] nw_connection_endpoint_report_on_nw_queue_block_invoke [C2 Hostname#c5ab3bc7:443 waiting parent-flow (satisfied (Path is satisfied), interface: en0[802.11], uses wifi, LQM: unknown)] skipping state update
2026-08-17 11:24:58.179 Db YourSofia[98412:31db8c] [com.apple.network:connection] nw_endpoint_flow_attach_protocols [C2 Hostname#c5ab3bc7:443 in_progress parent-flow (satisfied (Path is satisfied), interface: en0[802.11], uses wifi, LQM: unknown)]
2026-08-17 11:24:58.179 Db YourSofia[98412:31db8c] [com.apple.network:connection] nw_endpoint_flow_attach_protocols [C2 Hostname#c5ab3bc7:443 in_progress parent-flow (satisfied (Path is satisfied), interface: en0[802.11], uses wifi, LQM: unknown)] stopping after adding persistent application protocols
2026-08-17 11:24:58.179 Db YourSofia[98412:31db8c] [com.apple.network:connection] nw_endpoint_flow_setup_protocols [C2 Hostname#c5ab3bc7:443 in_progress parent-flow (satisfied (Path is satisfied), interface: en0[802.11], uses wifi, LQM: unknown)] persistent protocol stack, starting
2026-08-17 11:24:58.179 Df YourSofia[98412:31db8c] [com.apple.network:connection] [C2 Hostname#c5ab3bc7:443 in_progress parent-flow (satisfied (Path is satisfied), interface: en0[802.11], uses wifi, LQM: unknown)] event: flow:start_connect @0.002s
2026-08-17 11:24:58.179 Df YourSofia[98412:31db8c] [com.apple.network:connection] nw_connection_report_state_with_handler_on_nw_queue [C2] reporting state preparing
2026-08-17 11:24:58.179 I  YourSofia[98412:31db8c] [com.apple.network:connection] nw_endpoint_flow_connect [C2 Hostname#c5ab3bc7:443 in_progress parent-flow (satisfied (Path is satisfied), interface: en0[802.11], uses wifi, LQM: unknown)] connect bottom protocol
2026-08-17 11:24:58.179 Db YourSofia[98412:31db8c] [com.apple.network:connection] nw_endpoint_flow_start_child [C2 Hostname#c5ab3bc7:443 in_progress parent-flow (satisfied (Path is satisfied), interface: en0[802.11], uses wifi, LQM: unknown)] creating and starting child handler
2026-08-17 11:24:58.179 Db YourSofia[98412:31db8c] [com.apple.network:] nw_endpoint_proxy_handler_should_use_proxy Looking up proxy for hostname: u.expo.dev, ifindex: 0
2026-08-17 11:24:58.179 Db YourSofia[98412:31db8c] [com.apple.SystemConfiguration:SCPreferences] create <SCPreferences 0x103312bc0 [0x1e6193a48]> {name = SCDynamicStoreCopyProxiesWithOptions, id = /Library/Managed Preferences/mobile/com.apple.SystemConfiguration.plist, path = /Library/Managed Preferences/mobile/com.apple.SystemConfiguration.plist}
2026-08-17 11:24:58.179 Db YourSofia[98412:31db8c] [com.apple.SystemConfiguration:SCPreferences] SCPreferences() access: /Library/Managed Preferences/mobile/com.apple.SystemConfiguration.plist, size=0
2026-08-17 11:24:58.179 Db YourSofia[98412:31db8c] [com.apple.SystemConfiguration:SCPreferences] release <SCPreferences 0x103312bc0 [0x1e6193a48]> {name = SCDynamicStoreCopyProxiesWithOptions, id = /Library/Managed Preferences/mobile/com.apple.SystemConfiguration.plist, path = /Library/Managed Preferences/mobile/com.apple.SystemConfiguration.plist, accessed}
2026-08-17 11:24:58.179 Df YourSofia[98412:31db8c] [com.apple.network:connection] [C2 Hostname#c5ab3bc7:443 in_progress parent-flow (satisfied (Path is satisfied), interface: en0[802.11], uses wifi, LQM: unknown)] event: flow:start_child @0.003s
2026-08-17 11:24:58.179 I  YourSofia[98412:31db8c] [com.apple.network:connection] nw_endpoint_handler_start [C2.1 Hostname#c5ab3bc7:443 initial path ((null))]
2026-08-17 11:24:58.179 Db YourSofia[98412:31db8c] [com.apple.network:connection] nw_endpoint_flow_receive_report [C2 Hostname#c5ab3bc7:443 in_progress parent-flow (satisfied (Path is satisfied), interface: en0[802.11], uses wifi, LQM: unknown)] received child report: [C2.1 Hostname#c5ab3bc7:443 initial path ((null))]
2026-08-17 11:24:58.179 Df YourSofia[98412:31db8c] [com.apple.network:connection] [C2.1 Hostname#c5ab3bc7:443 initial path ((null))] event: path:start @0.003s
2026-08-17 11:24:58.179 Db YourSofia[98412:31db8c] [com.apple.network:connection] nw_endpoint_handler_path_change [C2.1 Hostname#c5ab3bc7:443 waiting path (satisfied (Path is satisfied), interface: en0[802.11], uses wifi, LQM: unknown)]
2026-08-17 11:24:58.179 Db YourSofia[98412:31db8c] [com.apple.networkextension:] ne_tracker_check_is_hostname_blocked() proceeding with the in_the_app check for hostname: u.expo.dev
2026-08-17 11:24:58.179 Db YourSofia[98412:31db8c] [com.apple.CFBundle:resources] Resource lookup at CFBundle 0x600003b082a0 </Users/valentinasenov/Library/Developer/CoreSimulator/Devices/4EC5F74C-5A9C-4D89-8E44-374310E684AE/data/Containers/Bundle/Application/31087BF4-D319-4611-A136-08A015F59238/YourSofia.app> (executable, loaded)
	Request       : InfoPlist type: strings
	Result        : None
2026-08-17 11:24:58.180 Db YourSofia[98412:31db8c] [com.apple.CFBundle:resources] Resource lookup at CFBundle 0x600003b082a0 </Users/valentinasenov/Library/Developer/CoreSimulator/Devices/4EC5F74C-5A9C-4D89-8E44-374310E684AE/data/Containers/Bundle/Application/31087BF4-D319-4611-A136-08A015F59238/YourSofia.app> (executable, loaded)
	Request       : InfoPlist type: stringsdict
	Result        : None
2026-08-17 11:24:58.180 Db YourSofia[98412:31db8c] [com.apple.networkextension:] ne_tracker_check_is_hostname_blocked(): hostname u.expo.dev is not a tracker. Returning: ne_tracker_status_none
2026-08-17 11:24:58.180 Db YourSofia[98412:31db8c] [com.apple.network:connection] nw_endpoint_flow_receive_report [C2 Hostname#c5ab3bc7:443 in_progress parent-flow (satisfied (Path is satisfied), interface: en0[802.11], uses wifi, LQM: unknown)] received child report: [C2.1 Hostname#c5ab3bc7:443 waiting path (satisfied (Path is satisfied), interface: en0[802.11], uses wifi, LQM: unknown)]
2026-08-17 11:24:58.180 Df YourSofia[98412:31db8c] [com.apple.network:connection] [C2.1 Hostname#c5ab3bc7:443 waiting path (satisfied (Path is satisfied), interface: en0[802.11], uses wifi, LQM: unknown)] event: path:satisfied @0.004s, uuid: 70FC63E7-CB42-4009-B02B-5AF5086FC165
2026-08-17 11:24:58.181 Db YourSofia[98412:31db8c] [com.apple.network:connection] -[NWConcrete_nw_endpoint_transform startWithHandler:] [C2.1 Hostname#c5ab3bc7:443 waiting transform (satisfied (Path is satisfied), interface: en0[802.11], uses wifi, LQM: unknown)]
2026-08-17 11:24:58.181 Db YourSofia[98412:31db8c] [com.apple.network:connection] nw_endpoint_flow_receive_report [C2 Hostname#c5ab3bc7:443 in_progress parent-flow (satisfied (Path is satisfied), interface: en0[802.11], uses wifi, LQM: unknown)] received child report: [C2.1 Hostname#c5ab3bc7:443 in_progress transform (satisfied (Path is satisfied), interface: en0[802.11], uses wifi, LQM: unknown)]
2026-08-17 11:24:58.182 Df YourSofia[98412:31db8c] [com.apple.network:connection] [C2.1 Hostname#c5ab3bc7:443 in_progress transform (satisfied (Path is satisfied), interface: en0[802.11], uses wifi, LQM: unknown)] event: transform:start @0.005s
2026-08-17 11:24:58.182 Db YourSofia[98412:31db8c] [com.apple.network:connection] nw_endpoint_transform_add_children_block_invoke [C2.1 Hostname#c5ab3bc7:443 in_progress transform (satisfied (Path is satisfied), interface: en0[802.11], uses wifi, LQM: unknown)] Transform including protocol quic cannot be used, unknown endpoint
2026-08-17 11:24:58.182 I  YourSofia[98412:31db8c] [com.apple.network:connection] nw_endpoint_handler_start [C2.1.1 Hostname#c5ab3bc7:443 initial path ((null))]
2026-08-17 11:24:58.182 Db YourSofia[98412:31db8c] [com.apple.network:connection] nw_endpoint_transform_receive_report [C2.1 Hostname#c5ab3bc7:443 in_progress transform (satisfied (Path is satisfied), interface: en0[802.11], uses wifi, LQM: unknown)] received child report: [C2.1.1 Hostname#c5ab3bc7:443 initial path ((null))]
2026-08-17 11:24:58.182 Db YourSofia[98412:31db8c] [com.apple.network:connection] nw_endpoint_flow_receive_report [C2 Hostname#c5ab3bc7:443 in_progress parent-flow (satisfied (Path is satisfied), interface: en0[802.11], uses wifi, LQM: unknown)] received child report: [C2.1.1 Hostname#c5ab3bc7:443 initial path ((null))]
2026-08-17 11:24:58.182 Df YourSofia[98412:31db8c] [com.apple.network:connection] [C2.1.1 Hostname#c5ab3bc7:443 initial path ((null))] event: path:start @0.006s
2026-08-17 11:24:58.182 Db YourSofia[98412:31db8c] [com.apple.network:connection] nw_endpoint_handler_path_change [C2.1.1 Hostname#c5ab3bc7:443 waiting path (satisfied (Path is satisfied), interface: en0[802.11], uses wifi, LQM: unknown)]
2026-08-17 11:24:58.182 Db YourSofia[98412:31db8c] [com.apple.networkextension:] ne_tracker_check_is_hostname_blocked() proceeding with the in_the_app check for hostname: u.expo.dev
2026-08-17 11:24:58.182 Db YourSofia[98412:31db8c] [com.apple.CFBundle:resources] Resource lookup at CFBundle 0x600003b082a0 </Users/valentinasenov/Library/Developer/CoreSimulator/Devices/4EC5F74C-5A9C-4D89-8E44-374310E684AE/data/Containers/Bundle/Application/31087BF4-D319-4611-A136-08A015F59238/YourSofia.app> (executable, loaded)
	Request       : InfoPlist type: strings
	Result        : None
2026-08-17 11:24:58.182 Db YourSofia[98412:31db8c] [com.apple.CFBundle:resources] Resource lookup at CFBundle 0x600003b082a0 </Users/valentinasenov/Library/Developer/CoreSimulator/Devices/4EC5F74C-5A9C-4D89-8E44-374310E684AE/data/Containers/Bundle/Application/31087BF4-D319-4611-A136-08A015F59238/YourSofia.app> (executable, loaded)
	Request       : InfoPlist type: stringsdict
	Result        : None
2026-08-17 11:24:58.182 Db YourSofia[98412:31db8c] [com.apple.networkextension:] ne_tracker_check_is_hostname_blocked(): hostname u.expo.dev is not a tracker. Returning: ne_tracker_status_none
2026-08-17 11:24:58.182 Db YourSofia[98412:31db8c] [com.apple.network:connection] nw_endpoint_transform_receive_report [C2.1 Hostname#c5ab3bc7:443 in_progress transform (satisfied (Path is satisfied), interface: en0[802.11], uses wifi, LQM: unknown)] received child report: [C2.1.1 Hostname#c5ab3bc7:443 waiting path (satisfied (Path is satisfied), interface: en0[802.11], uses wifi, LQM: unknown)]
2026-08-17 11:24:58.182 Db YourSofia[98412:31db8c] [com.apple.network:connection] nw_endpoint_flow_receive_report [C2 Hostname#c5ab3bc7:443 in_progress parent-flow (satisfied (Path is satisfied), interface: en0[802.11], uses wifi, LQM: unknown)] received child report: [C2.1.1 Hostname#c5ab3bc7:443 waiting path (satisfied (Path is satisfied), interface: en0[802.11], uses wifi, LQM: unknown)]
2026-08-17 11:24:58.182 Df YourSofia[98412:31db8c] [com.apple.network:connection] [C2.1.1 Hostname#c5ab3bc7:443 waiting path (satisfied (Path is satisfied), interface: en0[802.11], uses wifi, LQM: unknown)] event: path:satisfied @0.006s, uuid: 8937438D-ADA9-4BFE-9265-2715344DA618
2026-08-17 11:24:58.183 Db YourSofia[98412:31db8c] [com.apple.network:] nw_endpoint_proxy_handler_should_use_proxy Looking up proxy for hostname: u.expo.dev, ifindex: 0
2026-08-17 11:24:58.183 Db YourSofia[98412:31db8c] [com.apple.SystemConfiguration:SCPreferences] create <SCPreferences 0x103110db0 [0x1e6193a48]> {name = SCDynamicStoreCopyProxiesWithOptions, id = /Library/Managed Preferences/mobile/com.apple.SystemConfiguration.plist, path = /Library/Managed Preferences/mobile/com.apple.SystemConfiguration.plist}
2026-08-17 11:24:58.183 Db YourSofia[98412:31db8c] [com.apple.SystemConfiguration:SCPreferences] SCPreferences() access: /Library/Managed Preferences/mobile/com.apple.SystemConfiguration.plist, size=0
2026-08-17 11:24:58.183 Db YourSofia[98412:31db8c] [com.apple.SystemConfiguration:SCPreferences] release <SCPreferences 0x103110db0 [0x1e6193a48]> {name = SCDynamicStoreCopyProxiesWithOptions, id = /Library/Managed Preferences/mobile/com.apple.SystemConfiguration.plist, path = /Library/Managed Preferences/mobile/com.apple.SystemConfiguration.plist, accessed}
2026-08-17 11:24:58.183 Db YourSofia[98412:31db8c] [com.apple.network:connection] -[NWConcrete_nw_endpoint_resolver startWithHandler:] [C2.1.1 Hostname#c5ab3bc7:443 waiting resolver (satisfied (Path is satisfied), interface: en0[802.11], uses wifi, LQM: unknown)]
2026-08-17 11:24:58.183 Db YourSofia[98412:31db8c] [com.apple.network:connection] nw_endpoint_transform_receive_report [C2.1 Hostname#c5ab3bc7:443 in_progress transform (satisfied (Path is satisfied), interface: en0[802.11], uses wifi, LQM: unknown)] received child report: [C2.1.1 Hostname#c5ab3bc7:443 in_progress resolver (satisfied (Path is satisfied), interface: en0[802.11], uses wifi, LQM: unknown)]
2026-08-17 11:24:58.183 Db YourSofia[98412:31db8c] [com.apple.network:connection] nw_endpoint_flow_receive_report [C2 Hostname#c5ab3bc7:443 in_progress parent-flow (satisfied (Path is satisfied), interface: en0[802.11], uses wifi, LQM: unknown)] received child report: [C2.1.1 Hostname#c5ab3bc7:443 in_progress resolver (satisfied (Path is satisfied), interface: en0[802.11], uses wifi, LQM: unknown)]
2026-08-17 11:24:58.183 Df YourSofia[98412:31db8c] [com.apple.network:connection] [C2.1.1 Hostname#c5ab3bc7:443 in_progress resolver (satisfied (Path is satisfied), interface: en0[802.11], uses wifi, LQM: unknown)] event: resolver:start_dns @0.007s
2026-08-17 11:24:58.183 Db YourSofia[98412:31db8c] [com.apple.networkextension:] ne_tracker_check_is_hostname_blocked() proceeding with the in_the_app check for hostname: u.expo.dev
2026-08-17 11:24:58.183 Db YourSofia[98412:31db8c] [com.apple.CFBundle:resources] Resource lookup at CFBundle 0x600003b082a0 </Users/valentinasenov/Library/Developer/CoreSimulator/Devices/4EC5F74C-5A9C-4D89-8E44-374310E684AE/data/Containers/Bundle/Application/31087BF4-D319-4611-A136-08A015F59238/YourSofia.app> (executable, loaded)
	Request       : InfoPlist type: strings
	Result        : None
2026-08-17 11:24:58.183 Db YourSofia[98412:31db8c] [com.apple.CFBundle:resources] Resource lookup at CFBundle 0x600003b082a0 </Users/valentinasenov/Library/Developer/CoreSimulator/Devices/4EC5F74C-5A9C-4D89-8E44-374310E684AE/data/Containers/Bundle/Application/31087BF4-D319-4611-A136-08A015F59238/YourSofia.app> (executable, loaded)
	Request       : InfoPlist type: stringsdict
	Result        : None
2026-08-17 11:24:58.183 Db YourSofia[98412:31db8c] [com.apple.networkextension:] ne_tracker_check_is_hostname_blocked(): hostname u.expo.dev is not a tracker. Returning: ne_tracker_status_none
2026-08-17 11:24:58.184 I  YourSofia[98412:31db8c] [com.apple.network:connection] nw_resolver_create_dns_service_locked [C2.1.1] Starting host resolution Hostname#c5ab3bc7:443, flags 0xc000d000 proto 0
2026-08-17 11:24:58.184 Df YourSofia[98412:31db8c] [com.apple.CFNetwork:Default] Task <E030A1E9-515A-428B-B8FE-8DDAC20D65E5>.<1> setting up Connection 2
2026-08-17 11:24:58.184 Db YourSofia[98412:31db8c] [com.apple.network:activity] Returning should log: 0 for activity cfnetwork:foreground_task
2026-08-17 11:24:58.184 I  YourSofia[98412:31db8c] [com.apple.network:connection] nw_resolver_host_resolve_callback [C2.1.1] flags=0x40000002 ifindex=0 error=NoSuchRecord(-65554) hostname=u.expo.dev. addr=IN6ADDR_ANY ttl=60
2026-08-17 11:24:58.184 Db YourSofia[98412:31db8c] [com.apple.network:connection] nw_endpoint_resolver_update [C2.1.1 Hostname#c5ab3bc7:443 in_progress resolver (satisfied (Path is satisfied), interface: en0[802.11], uses wifi, LQM: unknown)] resolver is in_progress
2026-08-17 11:24:58.184 Db YourSofia[98412:31db8c] [com.apple.network:connection] nw_endpoint_resolver_update [C2.1.1 Hostname#c5ab3bc7:443 in_progress resolver (satisfied (Path is satisfied), interface: en0[802.11], uses wifi, LQM: unknown)] Updated endpoint list is ()
2026-08-17 11:24:58.218 I  YourSofia[98412:31db8c] [com.apple.network:connection] nw_resolver_host_resolve_callback [C2.1.1] flags=0x3 ifindex=0 error=NoError(0) hostname=u.expo.dev. addr=IPv4#3279b5f9 ttl=377
2026-08-17 11:24:58.218 I  YourSofia[98412:31db8c] [com.apple.network:connection] nw_resolver_host_resolve_callback [C2.1.1] flags=0x2 ifindex=0 error=NoError(0) hostname=u.expo.dev. addr=IPv4#9206e374 ttl=377
2026-08-17 11:24:58.218 Db YourSofia[98412:31db8c] [com.apple.network:] sa_dst_compare_statistics no preference, equal min rtt 2.000000
2026-08-17 11:24:58.218 Db YourSofia[98412:31db8c] [com.apple.network:] sa_dst_compare_internal <private>@0 = <private>@0
2026-08-17 11:24:58.218 Db YourSofia[98412:31db8c] [com.apple.network:connection] nw_endpoint_resolver_update [C2.1.1 Hostname#c5ab3bc7:443 in_progress resolver (satisfied (Path is satisfied), interface: en0[802.11], uses wifi, LQM: unknown)] resolver is complete
2026-08-17 11:24:58.218 Df YourSofia[98412:31db8c] [com.apple.network:connection] nw_endpoint_resolver_update [C2.1.1 Hostname#c5ab3bc7:443 in_progress resolver (satisfied (Path is satisfied), interface: en0[802.11], uses wifi, LQM: unknown)] Adding endpoint handler for IPv4#dbe97dee:443
2026-08-17 11:24:58.218 Df YourSofia[98412:31db8c] [com.apple.network:connection] nw_endpoint_resolver_update [C2.1.1 Hostname#c5ab3bc7:443 in_progress resolver (satisfied (Path is satisfied), interface: en0[802.11], uses wifi, LQM: unknown)] Adding endpoint handler for IPv4#f47e84ed:443
2026-08-17 11:24:58.218 Db YourSofia[98412:31db8c] [com.apple.network:connection] nw_endpoint_resolver_update [C2.1.1 Hostname#c5ab3bc7:443 in_progress resolver (satisfied (Path is satisfied), interface: en0[802.11], uses wifi, LQM: unknown)] Updated endpoint list is (IPv4#dbe97dee:443,IPv4#f47e84ed:443)
2026-08-17 11:24:58.218 Db YourSofia[98412:31db8c] [com.apple.network:connection] nw_endpoint_transform_receive_report [C2.1 Hostname#c5ab3bc7:443 in_progress transform (satisfied (Path is satisfied), interface: en0[802.11], uses wifi, LQM: unknown)] received child report: [C2.1.1 Hostname#c5ab3bc7:443 in_progress resolver (satisfied (Path is satisfied), interface: en0[802.11], uses wifi, LQM: unknown)]
2026-08-17 11:24:58.218 Db YourSofia[98412:31db8c] [com.apple.network:connection] nw_endpoint_flow_receive_report [C2 Hostname#c5ab3bc7:443 in_progress parent-flow (satisfied (Path is satisfied), interface: en0[802.11], uses wifi, LQM: unknown)] received child report: [C2.1.1 Hostname#c5ab3bc7:443 in_progress resolver (satisfied (Path is satisfied), interface: en0[802.11], uses wifi, LQM: unknown)]
2026-08-17 11:24:58.218 Df YourSofia[98412:31db8c] [com.apple.network:connection] [C2.1.1 Hostname#c5ab3bc7:443 in_progress resolver (satisfied (Path is satisfied), interface: en0[802.11], uses wifi, LQM: unknown)] event: resolver:receive_dns @0.042s
2026-08-17 11:24:58.218 I  YourSofia[98412:31db8c] [com.apple.network:connection] nw_endpoint_resolver_start_next_child [C2.1.1 Hostname#c5ab3bc7:443 in_progress resolver (satisfied (Path is satisfied), interface: en0[802.11], uses wifi, LQM: unknown)] starting child endpoint IPv4#dbe97dee:443
2026-08-17 11:24:58.219 I  YourSofia[98412:31db8c] [com.apple.network:connection] nw_endpoint_handler_start [C2.1.1.1 IPv4#dbe97dee:443 initial path ((null))]
2026-08-17 11:24:58.219 Db YourSofia[98412:31db8c] [com.apple.network:connection] nw_endpoint_resolver_receive_report [C2.1.1 Hostname#c5ab3bc7:443 in_progress resolver (satisfied (Path is satisfied), interface: en0[802.11], uses wifi, LQM: unknown)] received child report: [C2.1.1.1 IPv4#dbe97dee:443 initial path ((null))]
2026-08-17 11:24:58.219 Db YourSofia[98412:31db8c] [com.apple.network:connection] nw_endpoint_transform_receive_report [C2.1 Hostname#c5ab3bc7:443 in_progress transform (satisfied (Path is satisfied), interface: en0[802.11], uses wifi, LQM: unknown)] received child report: [C2.1.1.1 IPv4#dbe97dee:443 initial path ((null))]
2026-08-17 11:24:58.219 Db YourSofia[98412:31db8c] [com.apple.network:connection] nw_endpoint_flow_receive_report [C2 Hostname#c5ab3bc7:443 in_progress parent-flow (satisfied (Path is satisfied), interface: en0[802.11], uses wifi, LQM: unknown)] received child report: [C2.1.1.1 IPv4#dbe97dee:443 initial path ((null))]
2026-08-17 11:24:58.219 Df YourSofia[98412:31db8c] [com.apple.network:connection] [C2.1.1.1 IPv4#dbe97dee:443 initial path ((null))] event: path:start @0.042s
2026-08-17 11:24:58.219 Db YourSofia[98412:31db8c] [com.apple.network:connection] nw_endpoint_handler_path_change [C2.1.1.1 IPv4#dbe97dee:443 waiting path (satisfied (Path is satisfied), interface: en0[802.11], uses wifi, LQM: unknown)]
2026-08-17 11:24:58.219 Db YourSofia[98412:31db8c] [com.apple.network:connection] nw_endpoint_resolver_receive_report [C2.1.1 Hostname#c5ab3bc7:443 in_progress resolver (satisfied (Path is satisfied), interface: en0[802.11], uses wifi, LQM: unknown)] received child report: [C2.1.1.1 IPv4#dbe97dee:443 waiting path (satisfied (Path is satisfied), interface: en0[802.11], uses wifi, LQM: unknown)]
2026-08-17 11:24:58.219 Db YourSofia[98412:31db8c] [com.apple.network:connection] nw_endpoint_transform_receive_report [C2.1 Hostname#c5ab3bc7:443 in_progress transform (satisfied (Path is satisfied), interface: en0[802.11], uses wifi, LQM: unknown)] received child report: [C2.1.1.1 IPv4#dbe97dee:443 waiting path (satisfied (Path is satisfied), interface: en0[802.11], uses wifi, LQM: unknown)]
2026-08-17 11:24:58.219 Db YourSofia[98412:31db8c] [com.apple.network:connection] nw_endpoint_flow_receive_report [C2 Hostname#c5ab3bc7:443 in_progress parent-flow (satisfied (Path is satisfied), interface: en0[802.11], uses wifi, LQM: unknown)] received child report: [C2.1.1.1 IPv4#dbe97dee:443 waiting path (satisfied (Path is satisfied), interface: en0[802.11], uses wifi, LQM: unknown)]
2026-08-17 11:24:58.219 Df YourSofia[98412:31db8c] [com.apple.network:connection] [C2.1.1.1 IPv4#dbe97dee:443 waiting path (satisfied (Path is satisfied), interface: en0[802.11], uses wifi, LQM: unknown)] event: path:satisfied @0.043s, uuid: 4F6C9AE8-CD6C-471E-AB18-4C176F30C7C9
2026-08-17 11:24:58.219 Db YourSofia[98412:31db8c] [com.apple.network:] nw_endpoint_proxy_handler_should_use_proxy Looking up proxy for hostname: <nil>, ifindex: 0
2026-08-17 11:24:58.219 Db YourSofia[98412:31db8c] [com.apple.SystemConfiguration:SCPreferences] create <SCPreferences 0x103110db0 [0x1e6193a48]> {name = SCDynamicStoreCopyProxiesWithOptions, id = /Library/Managed Preferences/mobile/com.apple.SystemConfiguration.plist, path = /Library/Managed Preferences/mobile/com.apple.SystemConfiguration.plist}
2026-08-17 11:24:58.219 Db YourSofia[98412:31db8c] [com.apple.SystemConfiguration:SCPreferences] SCPreferences() access: /Library/Managed Preferences/mobile/com.apple.SystemConfiguration.plist, size=0
2026-08-17 11:24:58.219 Db YourSofia[98412:31db8c] [com.apple.SystemConfiguration:SCPreferences] release <SCPreferences 0x103110db0 [0x1e6193a48]> {name = SCDynamicStoreCopyProxiesWithOptions, id = /Library/Managed Preferences/mobile/com.apple.SystemConfiguration.plist, path = /Library/Managed Preferences/mobile/com.apple.SystemConfiguration.plist, accessed}
2026-08-17 11:24:58.219 I  YourSofia[98412:31db8c] [com.apple.network:connection] nw_association_create_flow <nw_association IPv4#dbe97dee:443> Added association flow ID 636C2C3A-CE3E-4DCE-97E1-1F8EECC6499A
2026-08-17 11:24:58.219 I  YourSofia[98412:31db8c] [com.apple.network:connection] nw_endpoint_flow_setup_protocols [C2.1.1.1 IPv4#dbe97dee:443 in_progress socket-flow (satisfied (Path is satisfied), interface: en0[802.11], uses wifi, LQM: unknown)] setup flow id 636C2C3A-CE3E-4DCE-97E1-1F8EECC6499A
2026-08-17 11:24:58.219 Db YourSofia[98412:31db8c] [com.apple.network:connection] nw_endpoint_flow_attach_protocols [C2.1.1.1 IPv4#dbe97dee:443 in_progress socket-flow (satisfied (Path is satisfied), interface: en0[802.11], uses wifi, LQM: unknown)]
2026-08-17 11:24:58.219 Db YourSofia[98412:31db8c] [com.apple.network:connection] nw_endpoint_flow_attach_protocols_block_invoke [C2.1.1.1 IPv4#dbe97dee:443 in_progress socket-flow (satisfied (Path is satisfied), interface: en0[802.11], uses wifi, LQM: unknown)] Attached application protocol: CFNetworkConnection-3922443773
2026-08-17 11:24:58.219 Db YourSofia[98412:31db8c] [com.apple.network:connection] nw_endpoint_flow_attach_protocols_block_invoke [C2.1.1.1 IPv4#dbe97dee:443 in_progress socket-flow (satisfied (Path is satisfied), interface: en0[802.11], uses wifi, LQM: unknown)] Attached application protocol: tls
2026-08-17 11:24:58.219 Db YourSofia[98412:31db8c] [com.apple.network:] nw_fd_wrapper_create Created <fd_wrapper 14, guarded: false>
2026-08-17 11:24:58.220 Db YourSofia[98412:31db8c] [com.apple.network:connection] nw_endpoint_flow_attach_protocols [C2.1.1.1 IPv4#dbe97dee:443 in_progress socket-flow (satisfied (Path is satisfied), interface: en0[802.11], uses wifi, LQM: unknown)] Attached socket protocol
2026-08-17 11:24:58.220 Db YourSofia[98412:31db8c] [com.apple.network:connection] nw_endpoint_flow_setup_protocols [C2.1.1.1 IPv4#dbe97dee:443 in_progress socket-flow (satisfied (Path is satisfied), interface: en0[802.11], uses wifi, LQM: unknown)] leaf flow starting
2026-08-17 11:24:58.220 Db YourSofia[98412:31db8c] [com.apple.network:connection] nw_endpoint_resolver_receive_report [C2.1.1 Hostname#c5ab3bc7:443 in_progress resolver (satisfied (Path is satisfied), interface: en0[802.11], uses wifi, LQM: unknown)] received child report: [C2.1.1.1 IPv4#dbe97dee:443 in_progress socket-flow (satisfied (Path is satisfied), interface: en0[802.11], uses wifi, LQM: unknown)]
2026-08-17 11:24:58.220 Db YourSofia[98412:31db8c] [com.apple.network:connection] nw_endpoint_transform_receive_report [C2.1 Hostname#c5ab3bc7:443 in_progress transform (satisfied (Path is satisfied), interface: en0[802.11], uses wifi, LQM: unknown)] received child report: [C2.1.1.1 IPv4#dbe97dee:443 in_progress socket-flow (satisfied (Path is satisfied), interface: en0[802.11], uses wifi, LQM: unknown)]
2026-08-17 11:24:58.220 Db YourSofia[98412:31db8c] [com.apple.network:connection] nw_endpoint_flow_receive_report [C2 Hostname#c5ab3bc7:443 in_progress parent-flow (satisfied (Path is satisfied), interface: en0[802.11], uses wifi, LQM: unknown)] received child report: [C2.1.1.1 IPv4#dbe97dee:443 in_progress socket-flow (satisfied (Path is satisfied), interface: en0[802.11], uses wifi, LQM: unknown)]
2026-08-17 11:24:58.220 Df YourSofia[98412:31db8c] [com.apple.network:connection] [C2.1.1.1 IPv4#dbe97dee:443 in_progress socket-flow (satisfied (Path is satisfied), interface: en0[802.11], uses wifi, LQM: unknown)] event: flow:start_connect @0.043s
2026-08-17 11:24:58.220 I  YourSofia[98412:31db8c] [com.apple.network:boringssl] boringssl_context_restore_ssl_context(2867) [0x103406350] New context
2026-08-17 11:24:58.220 I  YourSofia[98412:31db8c] [com.apple.network:connection] nw_endpoint_resolver_start_next_child [C2.1.1 Hostname#c5ab3bc7:443 in_progress resolver (satisfied (Path is satisfied), interface: en0[802.11], uses wifi, LQM: unknown)] starting next child endpoint in 100ms
2026-08-17 11:24:58.225 Db YourSofia[98412:31db8c] [com.apple.network:connection] nw_socket_handle_socket_event [C2.1.1.1:3] Event mask: 0x800
2026-08-17 11:24:58.225 Df YourSofia[98412:31db8c] [com.apple.network:connection] nw_socket_handle_socket_event [C2.1.1.1:3] Socket received CONNECTED event
2026-08-17 11:24:58.225 Db YourSofia[98412:31db8c] [com.apple.network:connection] nw_socket_setup_notsent_lowat [C2.1.1.1:3] Set TCP_NOTSENT_LOWAT(16384)
2026-08-17 11:24:58.225 Df YourSofia[98412:31db8c] [com.apple.network:connection] nw_flow_connected [C2.1.1.1 IPv4#dbe97dee:443 in_progress socket-flow (satisfied (Path is satisfied), interface: en0[802.11], uses wifi, LQM: unknown)] Transport protocol connected (socket)
2026-08-17 11:24:58.225 Db YourSofia[98412:31db8c] [com.apple.network:connection] nw_endpoint_resolver_receive_report [C2.1.1 Hostname#c5ab3bc7:443 in_progress resolver (satisfied (Path is satisfied), interface: en0[802.11], uses wifi, LQM: unknown)] received child report: [C2.1.1.1 IPv4#dbe97dee:443 in_progress socket-flow (satisfied (Path is satisfied), interface: en0[802.11], uses wifi, LQM: unknown)]
2026-08-17 11:24:58.225 Db YourSofia[98412:31db8c] [com.apple.network:connection] nw_endpoint_transform_receive_report [C2.1 Hostname#c5ab3bc7:443 in_progress transform (satisfied (Path is satisfied), interface: en0[802.11], uses wifi, LQM: unknown)] received child report: [C2.1.1.1 IPv4#dbe97dee:443 in_progress socket-flow (satisfied (Path is satisfied), interface: en0[802.11], uses wifi, LQM: unknown)]
2026-08-17 11:24:58.225 Db YourSofia[98412:31db8c] [com.apple.network:connection] nw_endpoint_flow_receive_report [C2 Hostname#c5ab3bc7:443 in_progress parent-flow (satisfied (Path is satisfied), interface: en0[802.11], uses wifi, LQM: unknown)] received child report: [C2.1.1.1 IPv4#dbe97dee:443 in_progress socket-flow (satisfied (Path is satisfied), interface: en0[802.11], uses wifi, LQM: unknown)]
2026-08-17 11:24:58.225 Df YourSofia[98412:31db8c] [com.apple.network:connection] [C2.1.1.1 IPv4#dbe97dee:443 in_progress socket-flow (satisfied (Path is satisfied), interface: en0[802.11], uses wifi, LQM: unknown)] event: flow:finish_transport @0.049s
2026-08-17 11:24:58.225 I  YourSofia[98412:31db8c] [com.apple.network:connection] nw_endpoint_resolver_receive_report [C2.1.1 Hostname#c5ab3bc7:443 in_progress resolver (satisfied (Path is satisfied), interface: en0[802.11], uses wifi, LQM: unknown)] pushing out endpoint race by 2000ms
2026-08-17 11:24:58.225 I  YourSofia[98412:31db8c] [com.apple.network:boringssl] boringssl_context_set_ats_enforced(686) [C2.1.1.1:2][0x103406350] set false
2026-08-17 11:24:58.225 I  YourSofia[98412:31db8c] [com.apple.network:boringssl] boringssl_context_set_ats_minimum_rsa_key_size(704) [C2.1.1.1:2][0x103406350] set 0
2026-08-17 11:24:58.225 I  YourSofia[98412:31db8c] [com.apple.network:boringssl] boringssl_context_set_ats_minimum_ecdsa_key_size(713) [C2.1.1.1:2][0x103406350] set 0
2026-08-17 11:24:58.225 I  YourSofia[98412:31db8c] [com.apple.network:boringssl] boringssl_context_set_ats_minimum_signature_algorithm(723) [C2.1.1.1:2][0x103406350] set 0
2026-08-17 11:24:58.225 I  YourSofia[98412:31db8c] [com.apple.network:boringssl] boringssl_context_set_ats_non_pfs_ciphersuite_allowed(732) [C2.1.1.1:2][0x103406350] set false
2026-08-17 11:24:58.225 I  YourSofia[98412:31db8c] [com.apple.network:boringssl] boringssl_context_set_old_ats_enforced(695) [C2.1.1.1:2][0x103406350] set true
2026-08-17 11:24:58.225 Db YourSofia[98412:31db8c] [com.apple.network:boringssl] boringssl_session_apply_protocol_options_for_transport_block_invoke(2024) [C2.1.1.1:2][0x103406350] ECH is disabled
2026-08-17 11:24:58.225 Df YourSofia[98412:31db8c] [com.apple.network:boringssl] boringssl_session_apply_protocol_options_for_transport_block_invoke_2(2324) [C2.1.1.1:2][0x103406350] TLS configured [min_version(0x0303) max_version(0x0304) name(redacted) tickets(false) false_start(false) enforce_ev(false) enforce_ats(false) ats_non_pfs_ciphersuite_allowed(false) ech(false) pqtls(true), pake(false)]
2026-08-17 11:24:58.225 I  YourSofia[98412:31db8c] [com.apple.network:boringssl] boringssl_session_install_association_state(1546) [C2.1.1.1:2][0x103406350] Client session cache miss
2026-08-17 11:24:58.225 Db YourSofia[98412:31db8c] [com.apple.network:boringssl] boringssl_session_set_state(830) [C2.1.1.1:2][0x103406350] boringssl session state changed from idle to connecting
2026-08-17 11:24:58.225 Df YourSofia[98412:31db8c] [com.apple.network:boringssl] boringssl_context_info_handler(2449) [C2.1.1.1:2][0x103406350] Client handshake started
2026-08-17 11:24:58.225 Db YourSofia[98412:31db8c] [com.apple.network:boringssl] boringssl_session_set_state(830) [C2.1.1.1:2][0x103406350] boringssl session state changed from connecting to connecting
2026-08-17 11:24:58.226 Db YourSofia[98412:31db8c] [com.apple.network:boringssl] boringssl_context_log_message(2529) [C2.1.1.1:2][0x103406350] Writing SSL3_RT_HANDSHAKE 1514 bytes
2026-08-17 11:24:58.226 Df YourSofia[98412:31db8c] [com.apple.network:boringssl] boringssl_context_info_handler(2466) [C2.1.1.1:2][0x103406350] Client handshake state: TLS client enter_early_data
2026-08-17 11:24:58.226 Db YourSofia[98412:31db8c] [com.apple.network:boringssl] nw_protocol_boringssl_write_bytes(260) [C2.1.1.1:2][0x103406350] write request: 1519
2026-08-17 11:24:58.227 Db YourSofia[98412:31db8c] [com.apple.network:boringssl] nw_protocol_boringssl_allocate_batching_frame(236) [C2.1.1.1:2][0x103406350] allocated new batching frame: 1519 bytes capacity
2026-08-17 11:24:58.227 Db YourSofia[98412:31db8c] [com.apple.network:boringssl] nw_protocol_boringssl_write_to_batching_frame(186) [C2.1.1.1:2][0x103406350] wrote 1519 bytes to batching frame
2026-08-17 11:24:58.227 Db YourSofia[98412:31db8c] [com.apple.network:boringssl] nw_protocol_boringssl_flush_batching_frame(144) [C2.1.1.1:2][0x103406350] flushed batching frame: frame full
2026-08-17 11:24:58.227 Db YourSofia[98412:31db8c] [com.apple.network:boringssl] nw_protocol_boringssl_write_bytes(305) [C2.1.1.1:2][0x103406350] total bytes written: 1519
2026-08-17 11:24:58.227 Df YourSofia[98412:31db8c] [com.apple.network:boringssl] boringssl_context_info_handler(2466) [C2.1.1.1:2][0x103406350] Client handshake state: TLS client read_server_hello
2026-08-17 11:24:58.227 Db YourSofia[98412:31db8c] [com.apple.network:boringssl] nw_protocol_boringssl_read_bytes(370) [C2.1.1.1:2][0x103406350] read request: 5 byte(s)
2026-08-17 11:24:58.227 Db YourSofia[98412:31db8c] [com.apple.network:boringssl] nw_protocol_boringssl_read_bytes(385) [C2.1.1.1:2][0x103406350] no input frames available
2026-08-17 11:24:58.227 I  YourSofia[98412:31db8c] [com.apple.network:boringssl] boringssl_session_handshake_incomplete(257) [C2.1.1.1:2][0x103406350] Handshake incomplete: waiting for data to read [2]
2026-08-17 11:24:58.227 Db YourSofia[98412:31db8c] [com.apple.network:boringssl] nw_protocol_boringssl_read_bytes(370) [C2.1.1.1:2][0x103406350] read request: 5 byte(s)
2026-08-17 11:24:58.227 Db YourSofia[98412:31db8c] [com.apple.network:boringssl] nw_protocol_boringssl_read_bytes(385) [C2.1.1.1:2][0x103406350] no input frames available
2026-08-17 11:24:58.227 I  YourSofia[98412:31db8c] [com.apple.network:boringssl] boringssl_session_handshake_incomplete(257) [C2.1.1.1:2][0x103406350] Handshake incomplete: waiting for data to read [2]
2026-08-17 11:24:58.234 Db YourSofia[98412:31db8c] [com.apple.network:boringssl] nw_protocol_boringssl_input_available(1644) [C2.1.1.1:2][0x103406350] triggering input available
2026-08-17 11:24:58.234 Db YourSofia[98412:31db8c] [com.apple.network:boringssl] nw_protocol_boringssl_read_bytes(370) [C2.1.1.1:2][0x103406350] read request: 5 byte(s)
2026-08-17 11:24:58.234 Db YourSofia[98412:31db8c] [com.apple.network:boringssl] nw_protocol_boringssl_read_bytes(446) [C2.1.1.1:2][0x103406350] total bytes read: 5
2026-08-17 11:24:58.234 Db YourSofia[98412:31db8c] [com.apple.network:boringssl] nw_protocol_boringssl_read_bytes(370) [C2.1.1.1:2][0x103406350] read request: 1210 byte(s)
2026-08-17 11:24:58.234 Db YourSofia[98412:31db8c] [com.apple.network:boringssl] nw_protocol_boringssl_read_bytes(446) [C2.1.1.1:2][0x103406350] total bytes read: 1210
2026-08-17 11:24:58.234 Db YourSofia[98412:31db8c] [com.apple.network:boringssl] boringssl_context_log_message(2529) [C2.1.1.1:2][0x103406350] Reading SSL3_RT_HANDSHAKE 1210 bytes
2026-08-17 11:24:58.234 Df YourSofia[98412:31db8c] [com.apple.network:boringssl] boringssl_context_info_handler(2466) [C2.1.1.1:2][0x103406350] Client handshake state: TLS 1.3 client read_hello_retry_request
2026-08-17 11:24:58.234 Db YourSofia[98412:31db8c] [com.apple.network:boringssl] boringssl_context_log_message(2529) [C2.1.1.1:2][0x103406350] Writing SSL3_RT_CHANGE_CIPHER_SPEC 1 bytes
2026-08-17 11:24:58.234 Df YourSofia[98412:31db8c] [com.apple.network:boringssl] boringssl_context_info_handler(2466) [C2.1.1.1:2][0x103406350] Client handshake state: TLS 1.3 client read_server_hello
2026-08-17 11:24:58.234 Df YourSofia[98412:31db8c] [com.apple.network:boringssl] boringssl_context_info_handler(2466) [C2.1.1.1:2][0x103406350] Client handshake state: TLS 1.3 client read_encrypted_extensions
2026-08-17 11:24:58.234 Db YourSofia[98412:31db8c] [com.apple.network:boringssl] nw_protocol_boringssl_read_bytes(370) [C2.1.1.1:2][0x103406350] read request: 5 byte(s)
2026-08-17 11:24:58.234 Db YourSofia[98412:31db8c] [com.apple.network:boringssl] nw_protocol_boringssl_read_bytes(446) [C2.1.1.1:2][0x103406350] total bytes read: 5
2026-08-17 11:24:58.234 Db YourSofia[98412:31db8c] [com.apple.network:boringssl] nw_protocol_boringssl_read_bytes(370) [C2.1.1.1:2][0x103406350] read request: 1 byte(s)
2026-08-17 11:24:58.234 Db YourSofia[98412:31db8c] [com.apple.network:boringssl] nw_protocol_boringssl_read_bytes(446) [C2.1.1.1:2][0x103406350] total bytes read: 1
2026-08-17 11:24:58.235 Db YourSofia[98412:31db8c] [com.apple.network:boringssl] nw_protocol_boringssl_read_bytes(370) [C2.1.1.1:2][0x103406350] read request: 5 byte(s)
2026-08-17 11:24:58.235 Db YourSofia[98412:31db8c] [com.apple.network:boringssl] nw_protocol_boringssl_read_bytes(446) [C2.1.1.1:2][0x103406350] total bytes read: 5
2026-08-17 11:24:58.235 Db YourSofia[98412:31db8c] [com.apple.network:boringssl] nw_protocol_boringssl_read_bytes(370) [C2.1.1.1:2][0x103406350] read request: 2644 byte(s)
2026-08-17 11:24:58.235 Db YourSofia[98412:31db8c] [com.apple.network:boringssl] nw_protocol_boringssl_read_bytes(446) [C2.1.1.1:2][0x103406350] total bytes read: 2644
2026-08-17 11:24:58.235 Db YourSofia[98412:31db8c] [com.apple.network:boringssl] boringssl_context_log_message(2529) [C2.1.1.1:2][0x103406350] Reading SSL3_RT_HANDSHAKE 19 bytes
2026-08-17 11:24:58.235 Df YourSofia[98412:31db8c] [com.apple.network:boringssl] boringssl_context_info_handler(2466) [C2.1.1.1:2][0x103406350] Client handshake state: TLS 1.3 client read_certificate_request
2026-08-17 11:24:58.235 Db YourSofia[98412:31db8c] [com.apple.network:boringssl] boringssl_context_log_message(2529) [C2.1.1.1:2][0x103406350] Reading SSL3_RT_HANDSHAKE 2477 bytes
2026-08-17 11:24:58.235 Df YourSofia[98412:31db8c] [com.apple.network:boringssl] boringssl_context_info_handler(2466) [C2.1.1.1:2][0x103406350] Client handshake state: TLS 1.3 client read_server_certificate
2026-08-17 11:24:58.235 Df YourSofia[98412:31db8c] [com.apple.network:boringssl] boringssl_context_info_handler(2466) [C2.1.1.1:2][0x103406350] Client handshake state: TLS 1.3 client read_server_certificate_verify
2026-08-17 11:24:58.235 Db YourSofia[98412:31db8c] [com.apple.network:boringssl] boringssl_context_log_message(2529) [C2.1.1.1:2][0x103406350] Reading SSL3_RT_HANDSHAKE 79 bytes
2026-08-17 11:24:58.235 Db YourSofia[98412:31db8c] [com.apple.network:boringssl] boringssl_helper_create_sec_trust_with_certificates(631) [C2.1.1.1:2][0x103406350] Key usage requirement set to 1
2026-08-17 11:24:58.236 Db YourSofia[98412:31db8c] [com.apple.network:boringssl] boringssl_helper_create_sec_trust_with_certificates(637) [C2.1.1.1:2][0x103406350] SecTrustCreateWithCertificates result: 0
2026-08-17 11:24:58.236 Db YourSofia[98412:31db8c] [com.apple.network:boringssl] boringssl_helper_create_sec_trust_with_certificates(643) [C2.1.1.1:2][0x103406350] SecTrustSetURLRequestAttribution(0) result: 0
2026-08-17 11:24:58.236 Db YourSofia[98412:31db8c] [com.apple.network:boringssl] boringssl_helper_create_sec_trust_with_certificates(651) [C2.1.1.1:2][0x103406350] No TLS-provided OCSP response
2026-08-17 11:24:58.236 Db YourSofia[98412:31db8c] [com.apple.network:boringssl] boringssl_helper_create_sec_trust_with_certificates(658) [C2.1.1.1:2][0x103406350] No TLS-provided SCTs
2026-08-17 11:24:58.236 Db YourSofia[98412:31db8c] [com.apple.network:boringssl] boringssl_session_set_peer_verification_state_from_session(496) [C2.1.1.1:2][0x103406350] Set peer trust data
2026-08-17 11:24:58.236 Df YourSofia[98412:31db8c] [com.apple.network:boringssl] boringssl_context_evaluate_trust_async(1892) [C2.1.1.1:2][0x103406350] Performing external trust evaluation
2026-08-17 11:24:58.236 A  YourSofia[98412:31db8c] (Security) SecKeyCopyPublicBytes
2026-08-17 11:24:58.236 A  YourSofia[98412:31db8c] (Security) SecKeyCopyAttributes
2026-08-17 11:24:58.236 A  YourSofia[98412:31db8c] (Security) SecKeyCopyPublicBytes
2026-08-17 11:24:58.236 Df YourSofia[98412:31db8c] [com.apple.network:boringssl] boringssl_context_evaluate_trust_async_external(1877) [C2.1.1.1:2][0x103406350] Asyncing for external verify block
2026-08-17 11:24:58.236 I  YourSofia[98412:31db8c] [com.apple.network:boringssl] boringssl_session_handshake_incomplete(257) [C2.1.1.1:2][0x103406350] Handshake incomplete: certificate evaluation result pending [16]
2026-08-17 11:24:58.236 Db YourSofia[98412:31db8c] [com.apple.network:boringssl] boringssl_context_evaluate_trust_async_external_block_invoke(1872) [C2.1.1.1:2][0x103406350] Invoking verify block
2026-08-17 11:24:58.236 Df YourSofia[98412:31db8c] [com.apple.CFNetwork:Default] Connection 2: asked to evaluate TLS Trust
2026-08-17 11:24:58.236 Db YourSofia[98412:31db8c] [com.apple.CFNetwork:Default] [TLSCBQ] Need to invoke to satisfy trust callback
2026-08-17 11:24:58.237 Db YourSofia[98412:31db90] [com.apple.defaults:User Defaults] found no value for key CFNETWORK_LOG_AUTH_TIMEOUT in CFPrefsSearchListSource<0x600002c04080> (Domain: bg.sofia.yoursofia, Container: (null) Non-launch persona: 0)
2026-08-17 11:24:58.237 Df YourSofia[98412:31db90] [com.apple.CFNetwork:Default] Task <E030A1E9-515A-428B-B8FE-8DDAC20D65E5>.<1> auth completion disp=1 cred=0x0
2026-08-17 11:24:58.238 Db YourSofia[98412:31db8c] [com.apple.securityd:trust] (Trust 0x60000350d970) waiting for queue
2026-08-17 11:24:58.238 Df YourSofia[98412:31db8c] [com.apple.securityd:trust] (Trust 0x60000350d970) No pending evals, starting
2026-08-17 11:24:58.238 Db YourSofia[98412:31db8c] [com.apple.securityd:trust] (Trust 0x60000350d970) Started eval block
2026-08-17 11:24:58.238 A  YourSofia[98412:31db8c] (Security) SecTrustEvaluateIfNecessaryFastAsync
2026-08-17 11:24:58.238 Db YourSofia[98412:31db8c] [com.apple.securityd:xpc] user sessions enabled, targeting 501
2026-08-17 11:24:58.238 Df YourSofia[98412:31db8c] [com.apple.xpc:connection] [0x103606030] activating connection: mach=true listener=false peer=false name=com.apple.trustd
2026-08-17 11:24:58.239 Df YourSofia[98412:31db8c] [com.apple.securityd:trust] (Trust 0x60000350d970) Completed async eval kickoff
2026-08-17 11:24:58.247 Df YourSofia[98412:31db90] [com.apple.securityd:trust] (Trust 0x60000350d970) trustd returned 4
2026-08-17 11:24:58.247 Db YourSofia[98412:31db90] [com.apple.securityd:trust] (Trust 0x60000350d970) Kick off pending evals
2026-08-17 11:24:58.247 Db YourSofia[98412:31db90] [com.apple.securityd:trust] (Trust 0x60000350d970) Calling completion block after async xpc
2026-08-17 11:24:58.247 Df YourSofia[98412:31db90] [com.apple.CFNetwork:Default] System Trust Evaluation yielded status(0)
2026-08-17 11:24:58.247 Db YourSofia[98412:31db90] [com.apple.securityd:trust] (Trust 0x60000351c000) waiting for queue
2026-08-17 11:24:58.247 Df YourSofia[98412:31db90] [com.apple.securityd:trust] (Trust 0x60000351c000) No pending evals, starting
2026-08-17 11:24:58.247 Db YourSofia[98412:31db90] [com.apple.securityd:trust] (Trust 0x60000351c000) Started eval block
2026-08-17 11:24:58.248 A  YourSofia[98412:31db90] (Security) SecTrustEvaluateIfNecessaryFastAsync
2026-08-17 11:24:58.248 Db YourSofia[98412:31db90] [com.apple.securityd:xpc] user sessions enabled, targeting 501
2026-08-17 11:24:58.248 Df YourSofia[98412:31db90] [com.apple.xpc:connection] [0x103904ee0] activating connection: mach=true listener=false peer=false name=com.apple.trustd
2026-08-17 11:24:58.249 Df YourSofia[98412:31db90] [com.apple.securityd:trust] (Trust 0x60000351c000) Completed async eval kickoff
2026-08-17 11:24:58.249 Db YourSofia[98412:31db90] [com.apple.securityd:xpc] cleaning up unpooled xpc conn to trustd 0x103606030
2026-08-17 11:24:58.249 Df YourSofia[98412:31db90] [com.apple.xpc:connection] [0x103606030] invalidated because the current process cancelled the connection by calling xpc_connection_cancel()
2026-08-17 11:24:58.249 Db YourSofia[98412:31db8c] [com.apple.securityd:xpc] got event: Connection invalid
2026-08-17 11:24:58.251 Df YourSofia[98412:31db82] [com.apple.securityd:trust] (Trust 0x60000351c000) trustd returned 4
2026-08-17 11:24:58.251 Db YourSofia[98412:31db82] [com.apple.securityd:trust] (Trust 0x60000351c000) Kick off pending evals
2026-08-17 11:24:58.251 Db YourSofia[98412:31db82] [com.apple.securityd:trust] (Trust 0x60000351c000) Calling completion block after async xpc
2026-08-17 11:24:58.251 Df YourSofia[98412:31db82] [com.apple.CFNetwork:Default] Connection 2: TLS Trust result 0
2026-08-17 11:24:58.251 Df YourSofia[98412:31db82] [com.apple.network:boringssl] boringssl_context_evaluate_trust_async_external_block_invoke_3(1819) [C2.1.1.1:2][0x103406350] Returning from external verify block with result: true
2026-08-17 11:24:58.251 Db YourSofia[98412:31db82] [com.apple.network:boringssl] boringssl_context_evaluate_trust_async_external_block_invoke(1835) [C2.1.1.1:2][0x103406350] Certificate signature alg: 10
2026-08-17 11:24:58.251 Db YourSofia[98412:31db82] [com.apple.network:boringssl] boringssl_context_evaluate_trust_async_external_block_invoke_2(1860) [C2.1.1.1:2][0x103406350] Setting verify result to true
2026-08-17 11:24:58.251 Df YourSofia[98412:31db82] [com.apple.network:boringssl] boringssl_context_certificate_verify_callback(2073) [C2.1.1.1:2][0x103406350] Certificate verification result: OK
2026-08-17 11:24:58.251 Df YourSofia[98412:31db82] [com.apple.network:boringssl] boringssl_context_info_handler(2466) [C2.1.1.1:2][0x103406350] Client handshake state: TLS 1.3 client read_server_finished
2026-08-17 11:24:58.251 Db YourSofia[98412:31db82] [com.apple.network:boringssl] boringssl_context_log_message(2529) [C2.1.1.1:2][0x103406350] Reading SSL3_RT_HANDSHAKE 52 bytes
2026-08-17 11:24:58.251 Df YourSofia[98412:31db82] [com.apple.network:boringssl] boringssl_context_info_handler(2466) [C2.1.1.1:2][0x103406350] Client handshake state: TLS 1.3 client send_end_of_early_data
2026-08-17 11:24:58.251 Df YourSofia[98412:31db82] [com.apple.network:boringssl] boringssl_context_info_handler(2466) [C2.1.1.1:2][0x103406350] Client handshake state: TLS 1.3 client send_client_encrypted_extensions
2026-08-17 11:24:58.251 Df YourSofia[98412:31db82] [com.apple.network:boringssl] boringssl_context_info_handler(2466) [C2.1.1.1:2][0x103406350] Client handshake state: TLS 1.3 client send_client_certificate
2026-08-17 11:24:58.251 Df YourSofia[98412:31db82] [com.apple.network:boringssl] boringssl_context_info_handler(2466) [C2.1.1.1:2][0x103406350] Client handshake state: TLS 1.3 client complete_second_flight
2026-08-17 11:24:58.251 Db YourSofia[98412:31db82] [com.apple.network:boringssl] boringssl_context_log_message(2529) [C2.1.1.1:2][0x103406350] Writing SSL3_RT_HANDSHAKE 52 bytes
2026-08-17 11:24:58.251 Df YourSofia[98412:31db82] [com.apple.network:boringssl] boringssl_context_info_handler(2466) [C2.1.1.1:2][0x103406350] Client handshake state: TLS 1.3 client done
2026-08-17 11:24:58.251 Db YourSofia[98412:31db82] [com.apple.network:boringssl] nw_protocol_boringssl_write_bytes(260) [C2.1.1.1:2][0x103406350] write request: 80
2026-08-17 11:24:58.251 Db YourSofia[98412:31db82] [com.apple.network:boringssl] nw_protocol_boringssl_allocate_batching_frame(236) [C2.1.1.1:2][0x103406350] allocated new batching frame: 80 bytes capacity
2026-08-17 11:24:58.251 Db YourSofia[98412:31db82] [com.apple.network:boringssl] nw_protocol_boringssl_write_to_batching_frame(186) [C2.1.1.1:2][0x103406350] wrote 80 bytes to batching frame
2026-08-17 11:24:58.252 Db YourSofia[98412:31db82] [com.apple.network:boringssl] nw_protocol_boringssl_flush_batching_frame(144) [C2.1.1.1:2][0x103406350] flushed batching frame: frame full
2026-08-17 11:24:58.252 Db YourSofia[98412:31db82] [com.apple.network:boringssl] nw_protocol_boringssl_write_bytes(305) [C2.1.1.1:2][0x103406350] total bytes written: 80
2026-08-17 11:24:58.252 Df YourSofia[98412:31db82] [com.apple.network:boringssl] boringssl_context_info_handler(2466) [C2.1.1.1:2][0x103406350] Client handshake state: TLS client finish_client_handshake
2026-08-17 11:24:58.252 Df YourSofia[98412:31db82] [com.apple.network:boringssl] boringssl_context_info_handler(2466) [C2.1.1.1:2][0x103406350] Client handshake state: TLS client done
2026-08-17 11:24:58.252 Df YourSofia[98412:31db82] [com.apple.network:boringssl] boringssl_context_info_handler(2455) [C2.1.1.1:2][0x103406350] Client handshake done
2026-08-17 11:24:58.252 Db YourSofia[98412:31db82] [com.apple.network:boringssl] boringssl_helper_create_sec_trust_with_certificates(631) [C2.1.1.1:2][0x103406350] Key usage requirement set to 1
2026-08-17 11:24:58.252 Db YourSofia[98412:31db82] [com.apple.network:boringssl] boringssl_helper_create_sec_trust_with_certificates(637) [C2.1.1.1:2][0x103406350] SecTrustCreateWithCertificates result: 0
2026-08-17 11:24:58.252 Db YourSofia[98412:31db82] [com.apple.network:boringssl] boringssl_helper_create_sec_trust_with_certificates(643) [C2.1.1.1:2][0x103406350] SecTrustSetURLRequestAttribution(0) result: 0
2026-08-17 11:24:58.252 Db YourSofia[98412:31db82] [com.apple.network:boringssl] boringssl_helper_create_sec_trust_with_certificates(651) [C2.1.1.1:2][0x103406350] No TLS-provided OCSP response
2026-08-17 11:24:58.252 Db YourSofia[98412:31db82] [com.apple.network:boringssl] boringssl_helper_create_sec_trust_with_certificates(658) [C2.1.1.1:2][0x103406350] No TLS-provided SCTs
2026-08-17 11:24:58.252 Db YourSofia[98412:31db82] [com.apple.network:boringssl] boringssl_session_set_peer_verification_state_from_session(496) [C2.1.1.1:2][0x103406350] Set peer trust data
2026-08-17 11:24:58.252 Db YourSofia[98412:31db82] [com.apple.network:boringssl] boringssl_session_set_state(830) [C2.1.1.1:2][0x103406350] boringssl session state changed from connecting to connected
2026-08-17 11:24:58.252 A  YourSofia[98412:31db82] (Security) SecKeyCopyPublicBytes
2026-08-17 11:24:58.252 A  YourSofia[98412:31db82] (Security) SecKeyCopyAttributes
2026-08-17 11:24:58.252 A  YourSofia[98412:31db82] (Security) SecKeyCopyPublicBytes
2026-08-17 11:24:58.252 Df YourSofia[98412:31db82] [com.apple.network:boringssl] nw_protocol_boringssl_signal_connected(895) [C2.1.1.1:2][0x103406350] TLS connected [server(0) version(0x0304) ciphersuite(TLS_AES_256_GCM_SHA384) group(0x11ec) signature_alg(0x0403) alpn(h2) resumed(0) offered_ticket(0) in_early_data(0) early_data_accepted(0) false_started(0) ocsp_received(0) sct_received(0) connect_time(27ms) flight_time(9ms) rtt(8ms) write_stalls(0) read_stalls(2) pake(0x0000)]
2026-08-17 11:24:58.252 Db YourSofia[98412:31db82] [com.apple.network:boringssl] nw_protocol_boringssl_waiting_for_output(2357) [C2.1.1.1:2][0x103406350] Waiting for output: false
2026-08-17 11:24:58.252 Db YourSofia[98412:31db82] [com.apple.network:boringssl] nw_protocol_boringssl_waiting_for_output(2357) [C2.1.1.1:2][0x103406350] Waiting for output: false
2026-08-17 11:24:58.252 Df YourSofia[98412:31db82] [com.apple.network:connection] nw_flow_connected [C2.1.1.1 IPv4#dbe97dee:443 in_progress socket-flow (satisfied (Path is satisfied), interface: en0[802.11], uses wifi, LQM: unknown)] Output protocol connected (CFNetworkConnection-3922443773)
2026-08-17 11:24:58.252 Db YourSofia[98412:31db82] [com.apple.network:connection] nw_endpoint_flow_connected_path_change [C2.1.1.1 IPv4#dbe97dee:443 ready socket-flow (satisfied (Path is satisfied), interface: en0[802.11], uses wifi, LQM: unknown)]
2026-08-17 11:24:58.252 I  YourSofia[98412:31db82] [com.apple.network:connection] nw_endpoint_flow_connected_path_change [C2.1.1.1 IPv4#dbe97dee:443 ready socket-flow (satisfied (Path is satisfied), interface: en0[802.11], uses wifi, LQM: unknown)] Connected path is satisfied, not viable
2026-08-17 11:24:58.252 Db YourSofia[98412:31db82] [com.apple.network:connection] nw_endpoint_resolver_receive_report [C2.1.1 Hostname#c5ab3bc7:443 in_progress resolver (satisfied (Path is satisfied), interface: en0[802.11], uses wifi, LQM: unknown)] received child report: [C2.1.1.1 IPv4#dbe97dee:443 ready socket-flow (satisfied (Path is satisfied), interface: en0[802.11], uses wifi, LQM: unknown)]
2026-08-17 11:24:58.252 Db YourSofia[98412:31db82] [com.apple.network:connection] nw_endpoint_transform_receive_report [C2.1 Hostname#c5ab3bc7:443 in_progress transform (satisfied (Path is satisfied), interface: en0[802.11], uses wifi, LQM: unknown)] received child report: [C2.1.1.1 IPv4#dbe97dee:443 ready socket-flow (satisfied (Path is satisfied), interface: en0[802.11], uses wifi, LQM: unknown)]
2026-08-17 11:24:58.252 Db YourSofia[98412:31db82] [com.apple.network:connection] nw_endpoint_flow_receive_report [C2 Hostname#c5ab3bc7:443 in_progress parent-flow (satisfied (Path is satisfied), interface: en0[802.11], uses wifi, LQM: unknown)] received child report: [C2.1.1.1 IPv4#dbe97dee:443 ready socket-flow (satisfied (Path is satisfied), interface: en0[802.11], uses wifi, LQM: unknown)]
2026-08-17 11:24:58.253 Df YourSofia[98412:31db82] [com.apple.network:connection] [C2.1.1.1 IPv4#dbe97dee:443 ready socket-flow (satisfied (Path is satisfied), interface: en0[802.11], uses wifi, LQM: unknown)] event: flow:child_finish_connect @0.076s
2026-08-17 11:24:58.253 Db YourSofia[98412:31db82] [com.apple.network:connection] nw_endpoint_flow_receive_report [C2 IPv4#dbe97dee:443 in_progress parent-flow (satisfied (Path is satisfied), interface: en0[802.11], uses wifi, LQM: unknown)] connecting endpoint_flow to child's shared protocol
2026-08-17 11:24:58.253 Db YourSofia[98412:31db82] [com.apple.network:connection] nw_endpoint_flow_setup_protocols [C2 IPv4#dbe97dee:443 in_progress parent-flow (satisfied (Path is satisfied), interface: en0[802.11], uses wifi, LQM: unknown)] already set up
2026-08-17 11:24:58.253 Db YourSofia[98412:31db82] [com.apple.network:connection] nw_endpoint_flow_setup_protocols [C2 IPv4#dbe97dee:443 in_progress parent-flow (satisfied (Path is satisfied), interface: en0[802.11], uses wifi, LQM: unknown)] child flow connected, starting
2026-08-17 11:24:58.253 Db YourSofia[98412:31db82] [com.apple.network:connection] nw_endpoint_flow_setup_protocols [C2 IPv4#dbe97dee:443 in_progress parent-flow (satisfied (Path is satisfied), interface: en0[802.11], uses wifi, LQM: unknown)] already started
2026-08-17 11:24:58.253 Db YourSofia[98412:31db82] [com.apple.network:connection] nw_endpoint_transform_receive_report [C2.1 Hostname#c5ab3bc7:443 in_progress transform (satisfied (Path is satisfied), interface: en0[802.11], uses wifi, LQM: unknown)] received child report: [C2.1.1 Hostname#c5ab3bc7:443 ready resolver (satisfied (Path is satisfied), interface: en0[802.11], uses wifi, LQM: unknown)]
2026-08-17 11:24:58.253 Db YourSofia[98412:31db82] [com.apple.network:connection] nw_endpoint_flow_receive_report [C2 IPv4#dbe97dee:443 in_progress parent-flow (satisfied (Path is satisfied), interface: en0[802.11], uses wifi, LQM: unknown)] received child report: [C2.1.1 Hostname#c5ab3bc7:443 ready resolver (satisfied (Path is satisfied), interface: en0[802.11], uses wifi, LQM: unknown)]
2026-08-17 11:24:58.253 Df YourSofia[98412:31db82] [com.apple.network:connection] [C2.1.1 Hostname#c5ab3bc7:443 ready resolver (satisfied (Path is satisfied), interface: en0[802.11], uses wifi, LQM: unknown)] event: flow:child_finish_connect @0.077s
2026-08-17 11:24:58.253 Db YourSofia[98412:31db82] [com.apple.network:connection] nw_endpoint_flow_receive_report [C2 IPv4#dbe97dee:443 in_progress parent-flow (satisfied (Path is satisfied), interface: en0[802.11], uses wifi, LQM: unknown)] received child report: [C2.1 Hostname#c5ab3bc7:443 ready transform (satisfied (Path is satisfied), interface: en0[802.11], uses wifi, LQM: unknown)]
2026-08-17 11:24:58.253 Df YourSofia[98412:31db82] [com.apple.network:connection] [C2.1 Hostname#c5ab3bc7:443 ready transform (satisfied (Path is satisfied), interface: en0[802.11], uses wifi, LQM: unknown)] event: flow:child_finish_connect @0.077s
2026-08-17 11:24:58.253 I  YourSofia[98412:31db82] [com.apple.network:connection] nw_endpoint_handler_cancel [C2.1.1.2 IPv4#f47e84ed:443 initial path ((null))]
2026-08-17 11:24:58.253 Db YourSofia[98412:31db82] [com.apple.network:boringssl] nw_protocol_boringssl_waiting_for_output(2357) [C2.1.1.1:2][0x103406350] Waiting for output: false
2026-08-17 11:24:58.253 Df YourSofia[98412:31db82] [com.apple.network:connection] nw_flow_connected [C2 IPv4#dbe97dee:443 in_progress parent-flow (satisfied (Path is satisfied), interface: en0[802.11], uses wifi, LQM: unknown)] Output protocol connected (endpoint_flow)
2026-08-17 11:24:58.253 Db YourSofia[98412:31db82] [com.apple.network:connection] nw_endpoint_flow_connected_path_change [C2 IPv4#dbe97dee:443 ready parent-flow (satisfied (Path is satisfied), interface: en0[802.11], uses wifi, LQM: unknown)]
2026-08-17 11:24:58.253 I  YourSofia[98412:31db82] [com.apple.network:connection] nw_endpoint_flow_connected_path_change [C2 IPv4#dbe97dee:443 ready parent-flow (satisfied (Path is satisfied), interface: en0[802.11], uses wifi, LQM: unknown)] Connected path is satisfied, child is not viable
2026-08-17 11:24:58.253 Df YourSofia[98412:31db82] [com.apple.network:connection] [C2 IPv4#dbe97dee:443 ready parent-flow (satisfied (Path is satisfied), interface: en0[802.11], uses wifi, LQM: unknown)] event: flow:finish_connect @0.077s
2026-08-17 11:24:58.253 Db YourSofia[98412:31db82] [com.apple.network:connection] nw_connection_run_pqtls_probe_locked_on_nw_queue [C2] PQ-TLS already used; not running PQ-TLS probe
2026-08-17 11:24:58.253 Db YourSofia[98412:31db82] [com.apple.network:connection] nw_connection_run_ech_probe_locked_on_nw_queue [C2] stack doesn't include TLS; not running ECH probe
2026-08-17 11:24:58.253 Db YourSofia[98412:31db82] [com.apple.network:connection] nw_connection_endpoint_report_on_nw_queue_block_invoke [C2] Connected fallback generation 0
2026-08-17 11:24:58.253 I  YourSofia[98412:31db82] [com.apple.network:connection] nw_connection_start_candidate_manager_if_needed_locked [C2] Checking whether to start candidate manager
2026-08-17 11:24:58.253 Db YourSofia[98412:31db82] [com.apple.network:connection] nw_connection_start_candidate_manager_if_needed_locked [C2] Connection does not support multipath, not starting candidate manager
2026-08-17 11:24:58.253 Df YourSofia[98412:31db82] [com.apple.network:connection] nw_connection_report_state_with_handler_on_nw_queue [C2] reporting state ready
2026-08-17 11:24:58.253 Db YourSofia[98412:31db82] [com.apple.securityd:xpc] cleaning up unpooled xpc conn to trustd 0x103904ee0
2026-08-17 11:24:58.253 Df YourSofia[98412:31db82] [com.apple.xpc:connection] [0x103904ee0] invalidated because the current process cancelled the connection by calling xpc_connection_cancel()
2026-08-17 11:24:58.253 Df YourSofia[98412:31db82] [com.apple.CFNetwork:Default] Connection 2: connected successfully
2026-08-17 11:24:58.253 Df YourSofia[98412:31db82] [com.apple.CFNetwork:Default] Connection 2: TLS handshake complete
2026-08-17 11:24:58.253 Df YourSofia[98412:31db82] [com.apple.CFNetwork:Default] Connection 2: ready C(N) E(N)
2026-08-17 11:24:58.253 Db YourSofia[98412:31db82] [com.apple.CFNetwork:Default] Task <E030A1E9-515A-428B-B8FE-8DDAC20D65E5>.<1> done setting up Connection 2
2026-08-17 11:24:58.253 Db YourSofia[98412:31db82] [com.apple.network:activity] Returning should log: 0 for activity cfnetwork:foreground_task
2026-08-17 11:24:58.253 Db YourSofia[98412:31db90] [com.apple.securityd:xpc] got event: Connection invalid
2026-08-17 11:24:58.253 Db YourSofia[98412:31db82] [com.apple.CFNetwork:Coalescing] new connection to u.expo.dev config 0x60000026d2a0
2026-08-17 11:24:58.253 Db YourSofia[98412:31db82] [com.apple.CFNetwork:Default] Connection 2: set is idle false
2026-08-17 11:24:58.253 Df YourSofia[98412:31db82] [com.apple.network:connection] [C2] event: client:connection_reused @0.077s
2026-08-17 11:24:58.254 I  YourSofia[98412:31db82] [com.apple.network:connection] nw_endpoint_handler_report_connection_idle [C2 IPv4#dbe97dee:443 ready parent-flow (satisfied (Path is satisfied), interface: en0[802.11], uses wifi, LQM: unknown)] Reporting connection not idle to protocols
2026-08-17 11:24:58.254 I  YourSofia[98412:31db82] [com.apple.network:connection] nw_flow_passthrough_notify [C2.1.1.1 IPv4#dbe97dee:443 ready socket-flow (satisfied (Path is satisfied), interface: en0[802.11], uses wifi, LQM: unknown)] received notification connection_idle
2026-08-17 11:24:58.254 Df YourSofia[98412:31db82] [com.apple.network:connection] nw_protocol_socket_notify [C2.1.1.1:3] nw_protocol_notification_type_connection_idle is false
2026-08-17 11:24:58.254 Df YourSofia[98412:31db82] [com.apple.CFNetwork:Default] Task <E030A1E9-515A-428B-B8FE-8DDAC20D65E5>.<1> now using Connection 2
2026-08-17 11:24:58.254 Db YourSofia[98412:31db82] [com.apple.network:activity] Returning should log: 0 for activity cfnetwork:foreground_task
2026-08-17 11:24:58.254 Df YourSofia[98412:31db82] [com.apple.CFNetwork:Default] Task <E030A1E9-515A-428B-B8FE-8DDAC20D65E5>.<1> sent request, body N 0
2026-08-17 11:24:58.258 Db YourSofia[98412:31db82] [com.apple.network:boringssl] boringssl_context_log_message(2529) [C2.1.1.1:2][0x103406350] Reading SSL3_RT_HANDSHAKE 238 bytes
2026-08-17 11:24:58.258 I  YourSofia[98412:31db82] [com.apple.network:boringssl] boringssl_context_new_session_handler(1541) [C2.1.1.1:2][0x103406350] New session available
2026-08-17 11:24:58.258 A  YourSofia[98412:31db82] (Security) SecKeyCopyPublicBytes
2026-08-17 11:24:58.258 A  YourSofia[98412:31db82] (Security) SecKeyCopyAttributes
2026-08-17 11:24:58.258 A  YourSofia[98412:31db82] (Security) SecKeyCopyPublicBytes
2026-08-17 11:24:58.258 Db YourSofia[98412:31db82] [com.apple.network:boringssl] boringssl_context_new_session_handler(1573) [C2.1.1.1:2][0x103406350] Installing session cache state
2026-08-17 11:24:58.258 Db YourSofia[98412:31db82] [com.apple.network:boringssl] boringssl_context_log_message(2529) [C2.1.1.1:2][0x103406350] Reading SSL3_RT_HANDSHAKE 238 bytes
2026-08-17 11:24:58.261 I  YourSofia[98412:31db82] [com.apple.network:boringssl] boringssl_context_new_session_handler(1541) [C2.1.1.1:2][0x103406350] New session available
2026-08-17 11:24:58.261 A  YourSofia[98412:31db82] (Security) SecKeyCopyPublicBytes
2026-08-17 11:24:58.261 A  YourSofia[98412:31db82] (Security) SecKeyCopyAttributes
2026-08-17 11:24:58.261 A  YourSofia[98412:31db82] (Security) SecKeyCopyPublicBytes
2026-08-17 11:24:58.261 Db YourSofia[98412:31db82] [com.apple.network:boringssl] boringssl_context_new_session_handler(1573) [C2.1.1.1:2][0x103406350] Installing session cache state
2026-08-17 11:24:58.404 Df YourSofia[98412:31db8c] [com.apple.CFNetwork:Default] Task <E030A1E9-515A-428B-B8FE-8DDAC20D65E5>.<1> received response, status 400 content K
2026-08-17 11:24:58.404 Df YourSofia[98412:31db8c] [com.apple.CFNetwork:Default] Task <E030A1E9-515A-428B-B8FE-8DDAC20D65E5>.<1> done using Connection 2
2026-08-17 11:24:58.404 Db YourSofia[98412:31db8c] [com.apple.network:activity] Returning should log: 0 for activity cfnetwork:foreground_task
2026-08-17 11:24:58.404 Db YourSofia[98412:31db8c] [com.apple.CFNetwork:Default] Connection 2: set is idle true
2026-08-17 11:24:58.404 Df YourSofia[98412:31db8c] [com.apple.network:connection] [C2] event: client:connection_idle @0.228s
2026-08-17 11:24:58.404 I  YourSofia[98412:31db8c] [com.apple.network:connection] nw_endpoint_handler_report_connection_idle [C2 IPv4#dbe97dee:443 ready parent-flow (satisfied (Path is satisfied), interface: en0[802.11], uses wifi, LQM: unknown)] Reporting connection idle to protocols
2026-08-17 11:24:58.404 I  YourSofia[98412:31db8c] [com.apple.network:connection] nw_flow_passthrough_notify [C2.1.1.1 IPv4#dbe97dee:443 ready socket-flow (satisfied (Path is satisfied), interface: en0[802.11], uses wifi, LQM: unknown)] received notification connection_idle
2026-08-17 11:24:58.404 Df YourSofia[98412:31db8c] [com.apple.network:connection] nw_protocol_socket_notify [C2.1.1.1:3] nw_protocol_notification_type_connection_idle is true
2026-08-17 11:24:58.404 Db YourSofia[98412:31db8c] [com.apple.CFNetwork:Default] HTTP/2 Connection 2 Stream 1 ended. Connection considered operational true
2026-08-17 11:24:58.404 Db YourSofia[98412:31db8c] [com.apple.CFNetwork:Default] Task <E030A1E9-515A-428B-B8FE-8DDAC20D65E5>.<1> request <private> is NOT allowed to set HSTS for main doc <private>
2026-08-17 11:24:58.404 A  YourSofia[98412:31db8c] (Security) SecTrustEvaluateIfNecessary
2026-08-17 11:24:58.405 Db YourSofia[98412:31db8c] [com.apple.securityd:xpc] user sessions enabled, targeting 501
2026-08-17 11:24:58.405 Df YourSofia[98412:31db8c] [com.apple.xpc:connection] [0x10340dc00] activating connection: mach=true listener=false peer=false name=com.apple.trustd
2026-08-17 11:24:58.408 Db YourSofia[98412:31db8c] [com.apple.securityd:xpc] cleaning up unpooled xpc conn to trustd 0x10340dc00
2026-08-17 11:24:58.408 Df YourSofia[98412:31db8c] [com.apple.xpc:connection] [0x10340dc00] invalidated because the current process cancelled the connection by calling xpc_connection_cancel()
2026-08-17 11:24:58.408 Db YourSofia[98412:31db82] [com.apple.securityd:xpc] got event: Connection invalid
2026-08-17 11:24:58.408 Db YourSofia[98412:31db8c] [com.apple.network:connection] nw_connection_modify_estimated_bytes_block_invoke [C2] Incremented estimated bytes to receive by 270, total now 270
2026-08-17 11:24:58.408 Db YourSofia[98412:31db8c] [com.apple.network:connection] nw_connection_modify_estimated_bytes_block_invoke [C2] Using lower threshold 12582912, upper threshold 31457280
2026-08-17 11:24:58.408 Df YourSofia[98412:31db8c] [com.apple.CFNetwork:Default] Task <E030A1E9-515A-428B-B8FE-8DDAC20D65E5>.<1> response ended
2026-08-17 11:24:58.408 Df YourSofia[98412:31db8c] [com.apple.CFNetwork:Summary] Task <E030A1E9-515A-428B-B8FE-8DDAC20D65E5>.<1> summary for task success {transaction_duration_ms=267, response_status=400, connection=2, protocol="h2", domain_lookup_duration_ms=35, connect_duration_ms=34, secure_connection_duration_ms=27, private_relay=false, request_start_ms=112, request_duration_ms=0, response_start_ms=262, response_duration_ms=4, request_bytes=412, request_throughput_kbps=55856, response_bytes=481, response_throughput_kbps=848, cache_hit=false}
2026-08-17 11:24:58.408 Df YourSofia[98412:31db8c] [com.apple.CoreAnalytics:client] No XPC connection in Simulator
2026-08-17 11:24:58.409 Db YourSofia[98412:31db82] [com.apple.network:activity] Returning should log: 0 for activity cfnetwork:foreground_task
2026-08-17 11:24:58.409 Db YourSofia[98412:31db82] [com.apple.network:activity] Returning should log: 0 for activity cfnetwork:foreground_task
2026-08-17 11:24:58.409 Db YourSofia[98412:31db82] [com.apple.network:activity] No threshold for cfnetwork:foreground_task, returning NW_ACTIVITY_DURATION_INVALID
2026-08-17 11:24:58.409 Db YourSofia[98412:31db82] [com.apple.network:activity] No threshold for activity <nw_activity 12:2 [DE27C937-E3FC-4E4C-A3D4-F32D086653AE] (parent is global) (reporting strategy default) complete (reason success)>
2026-08-17 11:24:58.409 Df YourSofia[98412:31db82] [com.apple.CFNetwork:Default] Task <E030A1E9-515A-428B-B8FE-8DDAC20D65E5>.<1> finished successfully
2026-08-17 11:24:58.415 E  YourSofia[98412:31db82] [dev.expo.modules:expo-updates] 🟠 {"message":"HTTP response error 400: \134"channel-name\134": Required. The headers \134"expo-runtime-version\134", \134"expo-channel-name\134", and \134"expo-platform\134" are required. They can also be set with the query parameters \134"runtime-version\134", \134"channel-name\134", and \134"platform\134". Learn more: https:\134/\134/expo.fyi\134/eas-update-missing-headers","timestamp":1786955098000,"level":"error","stacktrace":["YourSofia                           0x00000001008b7ec4 $s9EXUpdates14FileDownloaderC12downloadData33_75774A0A231786B0DCB0D3DA50F03832LL11withRequest13progressBlock07successP005errorP0y10Foundation10URLRequestV_ySdcSgyAJ0E0VSg_So13NSURLResponseCtcyAA12UpdatesErrorOctFyAP_ARSgs0W0_pSgtYbcfU_ + 672","YourSofia                           0x0000000100882918 $s9EXUpdates14FileDownloaderC12downloadData33_75774A0A231786B0DCB0D3DA50F03832LL11withRequest13progressBlock07successP005errorP0y10Foundation10URLRequestV_ySdcSgyAJ0E0VSg_So13NSURLResponseCtcyAA12UpdatesErrorOctFyAP_ARSgs0W0_pSgtYbcfU_TATm + 32","YourSofia                 <…>
2026-08-17 11:24:58.416 E  YourSofia[98412:31db82] [dev.expo.modules:expo-updates] 🟠 {"stacktrace":["YourSofia                           0x00000001008d8d80 $s9EXUpdates16StartupProcedureC13appLoaderTask_35didFinishBackgroundUpdateWithStatus6update5erroryAA03AppeF0C_AA0ijL0OAA0J0CSgs5Error_pSgtFTf4dnnnn_n + 852","YourSofia                           0x00000001008d6edc $s9EXUpdates16StartupProcedureC13appLoaderTask_35didFinishBackgroundUpdateWithStatus6update5erroryAA03AppeF0C_AA0ijL0OAA0J0CSgs5Error_pSgtFTo + 104","YourSofia                           0x00000001008906e0 $s9EXUpdates13AppLoaderTaskC25didFinishBackgroundUpdate019_3339434A583F8B1F65J12D05F1E075305LL10withStatus6update5erroryAA0ghQ0O_AA0H0CSgAA12UpdatesErrorOSgtFytSgAA0bcD8Delegate_pXEfU_yyYbcfU_ + 300","YourSofia                           0x0000000100865a90 $sIegh_IeyBh_TR + 28","DetoxSync                           0x0000000102a5c79c ____detox_sync_dispatch_wrapper_block_invoke + 44","libdispatch.dylib                   0x00000001801c07a8 _dispatch_call_block_and_release + 24","libdispatch.dylib                   0x00<…>
2026-08-17 11:24:58.416 I  YourSofia[98412:31db8c] [dev.expo.modules:expo-updates] 🟢 {"timestamp":1786955098000,"level":"info","code":"None","message":"Deleted assets and updates from SQLite in 1.2900829315185547 ms"}
2026-08-17 11:24:58.416 I  YourSofia[98412:31db8f] [dev.expo.modules:expo-updates] 🟢 {"code":"None","level":"info","message":"Deleted 0 assets from disk in 0.0010728836059570312 ms","timestamp":1786955098000}
2026-08-17 11:24:58.416 I  YourSofia[98412:31db8f] [dev.expo.modules:expo-updates] 🟢 {"message":"Retried deleting assets from disk in -0.0 ms","timestamp":1786955098000,"level":"info","code":"None"}
2026-08-17 11:24:58.416 I  YourSofia[98412:31db82] [dev.expo.modules:expo-updates] 🟢 {"code":"None","message":"Updates state change: state = idle, event = checkError, context = UpdatesStateContext(isStartupProcedureRunning: true, isUpdateAvailable: false, isUpdatePending: false, isChecking: false, isDownloading: false, isRestarting: false, restartCount: 0, latestManifest: nil, downloadedManifest: nil, rollback: nil, checkError: Optional([\134"message\134": \134"HTTP response error 400: \134\134\134"channel-name\134\134\134": Required. The headers \134\134\134"expo-runtime-version\134\134\134", \134\134\134"expo-channel-name\134\134\134", and \134\134\134"expo-platform\134\134\134" are required. They can also be set with the query parameters \134\134\134"runtime-version\134\134\134", \134\134\134"channel-name\134\134\134", and \134\134\134"platform\134\134\134". Learn more: https:\134/\134/expo.fyi\134/eas-update-missing-headers\134"]), downloadError: nil, downloadProgress: 0.0, lastCheckForUpdateTime: Optional(2026-08-17 08:24:58 +0000), sequenceNumber: 3)","level":"info","timestamp":1786955098000}
2026-08-17 11:24:58.416 I  YourSofia[98412:31db82] [dev.expo.modules:expo-updates] 🟢 {"code":"None","message":"Updates state change: state = idle, event = endStartup, context = UpdatesStateContext(isStartupProcedureRunning: false, isUpdateAvailable: false, isUpdatePending: false, isChecking: false, isDownloading: false, isRestarting: false, restartCount: 0, latestManifest: nil, downloadedManifest: nil, rollback: nil, checkError: Optional([\134"message\134": \134"HTTP response error 400: \134\134\134"channel-name\134\134\134": Required. The headers \134\134\134"expo-runtime-version\134\134\134", \134\134\134"expo-channel-name\134\134\134", and \134\134\134"expo-platform\134\134\134" are required. They can also be set with the query parameters \134\134\134"runtime-version\134\134\134", \134\134\134"channel-name\134\134\134", and \134\134\134"platform\134\134\134". Learn more: https:\134/\134/expo.fyi\134/eas-update-missing-headers\134"]), downloadError: nil, downloadProgress: 0.0, lastCheckForUpdateTime: Optional(2026-08-17 08:24:58 +0000), sequenceNumber: 4)","level":"info","timestamp":1786955098000}
2026-08-17 11:24:58.484 Df YourSofia[98412:31db85] [com.apple.UIKit:BackgroundTask] Ending background task with UIBackgroundTaskIdentifier: 2
2026-08-17 11:24:58.484 Df YourSofia[98412:31db85] [com.apple.UIKit:BackgroundTask] Ending task with identifier 2 and description: <_UIBackgroundTaskInfo: 0x60000174d780>: taskID = 2, taskName = Persistent SceneSession Map Update, creationTime = 184376 (elapsed = 1), _expireHandler: <__NSGlobalBlock__: 0x1e6b788b0>
2026-08-17 11:24:58.484 Df YourSofia[98412:31db85] [com.apple.UIKit:BackgroundTask] Decrementing reference count for assertion <BKSProcessAssertion: 0x600002112620> (used by background task with identifier 2: <_UIBackgroundTaskInfo: 0x60000174d780>: taskID = 2, taskName = Persistent SceneSession Map Update, creationTime = 184376 (elapsed = 1))
2026-08-17 11:24:58.484 Df YourSofia[98412:31db85] [com.apple.UIKit:BackgroundTask] Will invalidate assertion: <BKSProcessAssertion: 0x600002112620> for task identifier: 2
2026-08-17 11:24:59.022 Db YourSofia[98412:31db8f] [com.apple.runningboard:message] PERF: [app<bg.sofia.yoursofia((null))>:98412] Received message from runningboardd: async_didChangeInheritances:completion:
2026-08-17 11:24:59.022 A  YourSofia[98412:31db8f] (RunningBoardServices) didChangeInheritances
2026-08-17 11:24:59.022 Db YourSofia[98412:31db8f] [com.apple.runningboard:connection] didChangeInheritances: <RBSInheritanceChangeSet| gained:(null) lost:{(
    <RBSInheritance| environment:(none) name:com.apple.frontboard.visibility origID:98125-98378-729 0>
)}>
2026-08-17 11:24:59.415 Db YourSofia[98412:31db11] [com.apple.defaults:User Defaults] found no value for key QuickSpeak in CFPrefsSearchListSource<0x600002c0c900> (Domain: com.apple.Accessibility, Container: (null) Non-launch persona: 0)
2026-08-17 11:24:59.415 Db YourSofia[98412:31db11] [com.apple.Accessibility:AXSupportCommon] CF Read: domain = com.apple.Accessibility, preference = QuickSpeak, appID = (null) result = (null) (-1 - empty, 0 - false, 1 - true)
2026-08-17 11:24:59.415 Db YourSofia[98412:31db11] [com.apple.defaults:User Defaults] found no value for key QuickSpeak in CFPrefsPlistSource<0x600002c0cc80> (Domain: com.apple.Accessibility, User: kCFPreferencesCurrentUser, ByHost: No, Container: /Users/valentinasenov/Library/Developer/CoreSimulator/Devices/4EC5F74C-5A9C-4D89-8E44-374310E684AE/data, Contents Need Refresh: No)
2026-08-17 11:24:59.963 Db YourSofia[98412:31db85] [com.apple.containermanager:xpc] connection <0x600000c05410/1/0; 0x600000c05410> canceled after timeout; cnt = 3
2026-08-17 11:24:59.963 Db YourSofia[98412:31db85] [com.apple.containermanager:xpc] connection <0x600000c05410/1/0> released (shared; canceler); cnt = 2
2026-08-17 11:24:59.963 Db YourSofia[98412:31db85] [com.apple.containermanager:xpc] connection <0x600000c05410/1/0> released; cnt = 1
2026-08-17 11:24:59.963 Db YourSofia[98412:31db8f] [com.apple.containermanager:xpc] connection <0x600000c05410/1/0; 0x0> invalidated
2026-08-17 11:24:59.963 Db YourSofia[98412:31db8f] [com.apple.containermanager:xpc] connection <0x600000c05410/1/0> released; cnt = 0
2026-08-17 11:24:59.963 Db YourSofia[98412:31db8f] [com.apple.containermanager:xpc] connection <0x600000c05410/1/0> freed; cnt = 0
2026-08-17 11:25:00.167 Df YourSofia[98412:31db11] (Detox) Expo/ExpoAppDelegate.swift:31: Fatal error: recreateRootView: Missing factory in ExpoAppDelegate
2026-08-17 11:25:00.169 E  YourSofia[98412:31db11] [com.wix.Detox:DetoxManager] Message was too long and was split into 8 parts
2026-08-17 11:25:00.169 E  YourSofia[98412:31db11] [com.wix.Detox:DetoxManager] Part 1/8: App crashed: Signal 5 raised
(
	0   Detox                               0x0000000102c4e58c +[NSThread(DetoxUtils) dtx_demangledCallStackSymbols] + 36
	1   Detox                               0x0000000102c51f70 __DTXHandleCrash + 568
	2   Detox                               0x0000000102c5256c __DTXHandleSignal + 72
	3   libsystem_platform.dylib            0x0000000102657540 _sigtramp + 52
	4   libswiftCore.dylib                  0x000000019785c2d4 Swift._assertionFailure(_: Swift.StaticString, _: Swift.Strin
2026-08-17 11:25:00.169 E  YourSofia[98412:31db11] [com.wix.Detox:DetoxManager] Part 2/8: g, file: Swift.StaticString, line: Swift.UInt, flags: Swift.UInt32) -> Swift.Never + 156
	5   YourSofia                           0x0000000100917278 Expo.ExpoAppDelegate.recreateRootView(withBundleURL: Swift.Optional<Foundation.URL>, moduleName: Swift.Optional<Swift.String>, initialProps: Swift.Optional<Swift.Dictionary<Swift.AnyHashable, Any>>, launchOptions: Swift.Optional<Swift.Dictionary<Swift.AnyHashable, Any>>) -> __C.UIView + 1484
	6   YourSofia                           0x00000001008ae944 recreateRo
2026-08-17 11:25:00.169 E  YourSofia[98412:31db11] [com.wix.Detox:DetoxManager] Part 3/8: otView #1 (withBundleURL: Swift.Optional<Foundation.URL>, moduleName: Swift.Optional<Swift.String>, initialProps: Swift.Optional<Swift.Dictionary<Swift.AnyHashable, Any>>, launchOptions: Swift.Optional<Swift.Dictionary<Swift.AnyHashable, Any>>) -> __C.UIView in EXUpdates.ExpoUpdatesReactDelegateHandler.appController(_: EXUpdates.AppControllerInterface, didStartWithSuccess: Swift.Bool) -> () + 200
	7   YourSofia                           0x00000001008af35c function signature specialization <Arg[0] = Dead, Ar
2026-08-17 11:25:00.169 E  YourSofia[98412:31db11] [com.wix.Detox:DetoxManager] Part 4/8: g[1] = Dead> of EXUpdates.ExpoUpdatesReactDelegateHandler.appController(_: EXUpdates.AppControllerInterface, didStartWithSuccess: Swift.Bool) -> () + 292
	8   YourSofia                           0x00000001008aeba4 @objc EXUpdates.ExpoUpdatesReactDelegateHandler.appController(_: EXUpdates.AppControllerInterface, didStartWithSuccess: Swift.Bool) -> () + 44
	9   YourSofia                           0x00000001008a675c closure #1 @Swift.MainActor () -> () in closure #1 (EXUpdates.AppControllerDelegate) -> Swift.O
2026-08-17 11:25:00.169 E  YourSofia[98412:31db11] [com.wix.Detox:DetoxManager] Part 5/8: ptional<()> in EXUpdates.EnabledAppController.startupProcedureDidLaunch(EXUpdates.StartupProcedure) -> () + 996
	10  YourSofia                           0x0000000100865a90 reabstraction thunk helper from @escaping @callee_guaranteed @Sendable () -> () to @escaping @callee_unowned @convention(block) @Sendable () -> () + 28
	11  DetoxSync                           0x0000000102a5c79c ____detox_sync_dispatch_wrapper_block_invoke + 44
	12  libdispatch.dylib                   0x00000001801c07a8 _dispatch_call_blo
2026-08-17 11:25:00.169 E  YourSofia[98412:31db11] [com.wix.Detox:DetoxManager] Part 6/8: ck_and_release + 24
	13  libdispatch.dylib                   0x00000001801db4b0 _dispatch_client_callout + 12
	14  libdispatch.dylib                   0x00000001801f74a0 _dispatch_main_queue_drain.cold.7 + 24
	15  libdispatch.dylib                   0x00000001801d031c _dispatch_main_queue_drain + 1184
	16  libdispatch.dylib                   0x00000001801cfe6c _dispatch_main_queue_callback_4CF + 40
	17  CoreFoundation                      0x0000000180455fa8 __CFRUNLOOP_IS_SERVICING_THE_MAIN_DISPATCH_QUEUE__
2026-08-17 11:25:00.169 E  YourSofia[98412:31db11] [com.wix.Detox:DetoxManager] Part 7/8:  + 12
	18  CoreFoundation                      0x0000000180455180 __CFRunLoopRun + 1884
	19  CoreFoundation                      0x000000018044fdbc _CFRunLoopRunSpecificWithOptions + 496
	20  GraphicsServices                    0x0000000192b809bc GSEventRunModal + 116
	21  UIKitCore                           0x000000018640a204 -[UIApplication _run] + 772
	22  DetoxSync                           0x0000000102a62f38 __detox_sync_UIApplication_run + 80
	23  UIKitCore                           0x000000018640e42c
2026-08-17 11:25:00.169 E  YourSofia[98412:31db11] [com.wix.Detox:DetoxManager] Part 8/8:  UIApplicationMain + 124
	24  UIKitCore                           0x000000018563f6b8 block_destroy_helper.15 + 5152
	25  YourSofia                           0x0000000100848104 main + 116
	26  dyld                                0x00000001025993d0 start_sim + 20
	27  ???                                 0x00000001027bbe00 0x0 + 4336631296
)
2026-08-17 11:25:00.169 I  YourSofia[98412:31db11] [com.wix.Detox:DetoxInstrumentsManager] Called stop but no recording in progress
2026-08-17 11:25:02.170 Df YourSofia[98412:31db11] [com.apple.CoreAnalytics:client] Entering exit handler.
2026-08-17 11:25:02.170 Df YourSofia[98412:31db11] [com.apple.CoreAnalytics:client] Exiting exit handler.

