Filtering the log data using "processImagePath BEGINSWITH "/Users/valentinasenov/Library/Developer/CoreSimulator/Devices/4EC5F74C-5A9C-4D89-8E44-374310E684AE/data/Containers/Bundle/Application/A01C5F69-BB9C-48BF-96DA-638EDBEBF8DB/YourSofia.app""
Timestamp               Ty Process[PID:TID]
2026-08-17 11:28:16.915 Db YourSofia[99787:320a1c] [com.apple.CFBundle:resources] Using ~iphone resources
2026-08-17 11:28:16.915 Db YourSofia[99787:320a1c] [com.apple.CFBundle:loading] main bundle CFBundle 0x600003b082a0 </Users/valentinasenov/Library/Developer/CoreSimulator/Devices/4EC5F74C-5A9C-4D89-8E44-374310E684AE/data/Containers/Bundle/Application/A01C5F69-BB9C-48BF-96DA-638EDBEBF8DB/YourSofia.app> (executable, loaded) getting handle 0xfffffffffffffffb
2026-08-17 11:28:16.916 Db YourSofia[99787:320a1c] [com.apple.defaults:User Defaults] setting new value a5e36739-d9d1-072d-9d66-b5cad52411f8 for key detoxSessionId in CFPrefsSource<0x60000170c040> (Domain: Volatile, User: , ByHost: No, Container: , Contents Need Refresh: No)
2026-08-17 11:28:16.916 Db YourSofia[99787:320a1c] [com.apple.defaults:User Defaults] setting new value YES for key detoxDebugVisibility in CFPrefsSource<0x60000170c040> (Domain: Volatile, User: , ByHost: No, Container: , Contents Need Refresh: No)
2026-08-17 11:28:16.916 Db YourSofia[99787:320a1c] [com.apple.defaults:User Defaults] setting new value ws://localhost:62211 for key detoxServer in CFPrefsSource<0x60000170c040> (Domain: Volatile, User: , ByHost: No, Container: , Contents Need Refresh: No)
2026-08-17 11:28:16.916 Db YourSofia[99787:320a1c] [com.apple.defaults:User Defaults] setting new value YES for key detoxDisableHierarchyDump in CFPrefsSource<0x60000170c040> (Domain: Volatile, User: , ByHost: No, Container: , Contents Need Refresh: No)
2026-08-17 11:28:16.916 Db YourSofia[99787:320a1c] [com.apple.defaults:User Defaults] setting new value (
    "en-001"
) for key AppleLanguages in CFPrefsSource<0x600001708500> (Domain: Volatile, User: , ByHost: No, Container: , Contents Need Refresh: No)
2026-08-17 11:28:16.916 Db YourSofia[99787:320a1c] [com.apple.defaults:User Defaults] setting new value en_001 for key AppleLocale in CFPrefsSource<0x600001708500> (Domain: Volatile, User: , ByHost: No, Container: , Contents Need Refresh: No)
2026-08-17 11:28:16.916 Db YourSofia[99787:320a1c] [com.apple.defaults:User Defaults] setting new value (
    "en-001"
) for key NSLanguages in CFPrefsSource<0x600001708500> (Domain: Volatile, User: , ByHost: No, Container: , Contents Need Refresh: No)
2026-08-17 11:28:16.916 Db YourSofia[99787:320a1c] [com.apple.defaults:User Defaults] setting new value macintosh for key NSInterfaceStyle in CFPrefsSource<0x600001708500> (Domain: Volatile, User: , ByHost: No, Container: , Contents Need Refresh: No)
2026-08-17 11:28:16.917 Df YourSofia[99787:320a1c] [com.apple.xpc:connection] [0x1059046c0] activating connection: mach=true listener=false peer=false name=com.apple.cfprefsd.daemon
2026-08-17 11:28:16.918 Db YourSofia[99787:320a1c] [com.apple.defaults:User Defaults] CFPrefsManagedSource<0x600002c0c280> (Domain: bg.sofia.yoursofia, User: kCFPreferencesCurrentUser, ByHost: Yes, Container: (null), Contents Need Refresh: No) loaded: an empty base plist and no additional changes from the base plist
2026-08-17 11:28:16.918 Db YourSofia[99787:320a1c] [com.apple.defaults:User Defaults] CFPrefsManagedSource<0x600002c0c300> (Domain: bg.sofia.yoursofia, User: kCFPreferencesAnyUser, ByHost: Yes, Container: (null), Contents Need Refresh: No) loaded: an empty base plist and no additional changes from the base plist
2026-08-17 11:28:16.918 Db YourSofia[99787:320a1c] [com.apple.defaults:User Defaults] CFPrefsPlistSource<0x600002c08300> (Domain: bg.sofia.yoursofia, User: kCFPreferencesCurrentUser, ByHost: No, Container: (null), Contents Need Refresh: No) loaded: an empty base plist and no additional changes from the base plist
2026-08-17 11:28:16.918 Db YourSofia[99787:320a1c] [com.apple.defaults:User Defaults] CFPrefsManagedSource<0x600002c08480> (Domain: kCFPreferencesAnyApplication, User: kCFPreferencesCurrentUser, ByHost: Yes, Container: (null), Contents Need Refresh: No) loaded: an empty base plist and no additional changes from the base plist
2026-08-17 11:28:16.918 Db YourSofia[99787:320a1c] [com.apple.defaults:User Defaults] CFPrefsPlistSource<0x600002c08500> (Domain: bg.sofia.yoursofia, User: kCFPreferencesCurrentUser, ByHost: No, Container: /Users/valentinasenov/Library/Developer/CoreSimulator/Devices/4EC5F74C-5A9C-4D89-8E44-374310E684AE/data, Contents Need Refresh: No) loaded: an empty base plist and no additional changes from the base plist
2026-08-17 11:28:16.918 Db YourSofia[99787:320a1c] [com.apple.defaults:User Defaults] CFPrefsPlistSource<0x600002c08580> (Domain: kCFPreferencesAnyApplication, User: kCFPreferencesCurrentUser, ByHost: No, Container: (null), Contents Need Refresh: No) loaded: an empty base plist and no additional changes from the base plist
2026-08-17 11:28:16.918 Db YourSofia[99787:320a1c] [com.apple.defaults:User Defaults] CFPrefsPlistSource<0x600002c08680> (Domain: kCFPreferencesAnyApplication, User: kCFPreferencesCurrentUser, ByHost: No, Container: /Users/valentinasenov/Library/Developer/CoreSimulator/Devices/4EC5F74C-5A9C-4D89-8E44-374310E684AE/data, Contents Need Refresh: No) loaded: a new base plist and no additional changes from the base plist
2026-08-17 11:28:16.918 Db YourSofia[99787:320a1c] [com.apple.defaults:User Defaults] CFPrefsPlistSource<0x600002c08700> (Domain: bg.sofia.yoursofia, User: kCFPreferencesCurrentUser, ByHost: Yes, Container: (null), Contents Need Refresh: No) loaded: an empty base plist and no additional changes from the base plist
2026-08-17 11:28:16.918 Db YourSofia[99787:320a1c] [com.apple.defaults:User Defaults] CFPrefsPlistSource<0x600002c08880> (Domain: kCFPreferencesAnyApplication, User: kCFPreferencesCurrentUser, ByHost: Yes, Container: (null), Contents Need Refresh: No) loaded: an empty base plist and no additional changes from the base plist
2026-08-17 11:28:16.918 Db YourSofia[99787:320a1c] [com.apple.defaults:User Defaults] found no value for key DTXEnableVerboseSyncResources in CFPrefsSearchListSource<0x600002c0c180> (Domain: bg.sofia.yoursofia, Container: (null) Non-launch persona: 0)
2026-08-17 11:28:16.918 Db YourSofia[99787:320a1c] [com.apple.defaults:User Defaults] found no value for key DTXEnableVerboseSyncSystem in CFPrefsSearchListSource<0x600002c0c180> (Domain: bg.sofia.yoursofia, Container: (null) Non-launch persona: 0)
2026-08-17 11:28:16.918 Db YourSofia[99787:320a1c] [com.apple.defaults:User Defaults] found no value for key DTXEnableDelayedIdleFire in CFPrefsSearchListSource<0x600002c0c180> (Domain: bg.sofia.yoursofia, Container: (null) Non-launch persona: 0)
2026-08-17 11:28:16.918 Db YourSofia[99787:320a1c] [com.apple.defaults:User Defaults] found no value for key DTXDisableMainRunLoopSync in CFPrefsSearchListSource<0x600002c0c180> (Domain: bg.sofia.yoursofia, Container: (null) Non-launch persona: 0)
2026-08-17 11:28:16.919 Df YourSofia[99787:320a1c] (DetoxSync) DTXSwizzleMethod: original method initWithModule:uiManager: not found for class REANodesManager
2026-08-17 11:28:17.366 I  YourSofia[99787:320a1c] [com.wix.DetoxSync:RCTAnimatedNodeDTXSpy] [RCTAnimatedNode DTXSpy] RCTAnimatedNode class exists: YES
2026-08-17 11:28:17.367 Db YourSofia[99787:320a1c] [com.apple.defaults:User Defaults] looked up value (
    "en-US",
    "bg-US"
) for key AppleLanguages in CFPrefsPlistSource<0x600002c08680> (Domain: kCFPreferencesAnyApplication, User: kCFPreferencesCurrentUser, ByHost: No, Container: /Users/valentinasenov/Library/Developer/CoreSimulator/Devices/4EC5F74C-5A9C-4D89-8E44-374310E684AE/data, Contents Need Refresh: No) via CFPrefsSearchListSource<0x600002c0c180> (Domain: bg.sofia.yoursofia, Container: (null) Non-launch persona: 0)
2026-08-17 11:28:17.367 Db YourSofia[99787:320a1c] [com.apple.CFBundle:resources] Language lookup at CFBundle 0x600003b082a0 </Users/valentinasenov/Library/Developer/CoreSimulator/Devices/4EC5F74C-5A9C-4D89-8E44-374310E684AE/data/Containers/Bundle/Application/A01C5F69-BB9C-48BF-96DA-638EDBEBF8DB/YourSofia.app> (executable, loaded)
	Localizations : [en]
	Dev language  : en
	User prefs    : [en-US, bg-US]
	Main bundle   : [<null>]
	Allow mixed   : 0 
	Result        : [en]
2026-08-17 11:28:17.367 Db YourSofia[99787:320a1c] [com.apple.CFBundle:resources] Resource lookup at CFBundle 0x600003b082a0 </Users/valentinasenov/Library/Developer/CoreSimulator/Devices/4EC5F74C-5A9C-4D89-8E44-374310E684AE/data/Containers/Bundle/Application/A01C5F69-BB9C-48BF-96DA-638EDBEBF8DB/YourSofia.app> (executable, loaded)
	Request       : InfoPlist type: loctable
	Result        : None
2026-08-17 11:28:17.367 Db YourSofia[99787:320a1c] [com.apple.CFBundle:resources] Resource lookup at CFBundle 0x600003b082a0 </Users/valentinasenov/Library/Developer/CoreSimulator/Devices/4EC5F74C-5A9C-4D89-8E44-374310E684AE/data/Containers/Bundle/Application/A01C5F69-BB9C-48BF-96DA-638EDBEBF8DB/YourSofia.app> (executable, loaded)
	Request       : InfoPlist type: strings
	Result        : None
2026-08-17 11:28:17.367 Db YourSofia[99787:320a1c] [com.apple.CFBundle:resources] Resource lookup at CFBundle 0x600003b082a0 </Users/valentinasenov/Library/Developer/CoreSimulator/Devices/4EC5F74C-5A9C-4D89-8E44-374310E684AE/data/Containers/Bundle/Application/A01C5F69-BB9C-48BF-96DA-638EDBEBF8DB/YourSofia.app> (executable, loaded)
	Request       : InfoPlist type: stringsdict
	Result        : None
2026-08-17 11:28:17.367 Df YourSofia[99787:320a1c] (DetoxSync) DTXSwizzleMethod: original method _setDirty not found for class UIGestureRecognizer
2026-08-17 11:28:17.426 Db YourSofia[99787:320a1c] [com.apple.defaults:User Defaults] found no value for key detoxDisableTouchIndicators in CFPrefsSearchListSource<0x600002c0c180> (Domain: bg.sofia.yoursofia, Container: (null) Non-launch persona: 0)
2026-08-17 11:28:17.426 Db YourSofia[99787:320a1c] [com.apple.defaults:User Defaults] found no value for key enableAppDelegateVerboseLogging in CFPrefsSearchListSource<0x600002c0c180> (Domain: bg.sofia.yoursofia, Container: (null) Non-launch persona: 0)
2026-08-17 11:28:17.426 Db YourSofia[99787:320a1c] [com.apple.defaults:User Defaults] found no value for key detoxUserActivityDataURL in CFPrefsSearchListSource<0x600002c0c180> (Domain: bg.sofia.yoursofia, Container: (null) Non-launch persona: 0)
2026-08-17 11:28:17.426 Db YourSofia[99787:320a1c] [com.apple.defaults:User Defaults] found no value for key detoxUserNotificationDataURL in CFPrefsSearchListSource<0x600002c0c180> (Domain: bg.sofia.yoursofia, Container: (null) Non-launch persona: 0)
2026-08-17 11:28:17.426 Db YourSofia[99787:320a1c] [com.apple.defaults:User Defaults] found no value for key detoxDisableAnimationSpeedup in CFPrefsSearchListSource<0x600002c0c180> (Domain: bg.sofia.yoursofia, Container: (null) Non-launch persona: 0)
2026-08-17 11:28:17.426 Df YourSofia[99787:320a1c] (Detox) Enabling accessibility for automation on Simulator.
2026-08-17 11:28:17.427 I  YourSofia[99787:320a1c] [com.apple.Accessibility:AXIPC] Connected to server: <NSMachPort: 0x600002c0d300> 8195
2026-08-17 11:28:17.427 I  YourSofia[99787:320a1c] [com.apple.Accessibility:AXIPC] Client (AXIPCClient:<0x600002c0cf80> Service:com.apple.accessibility.AXBackBoardServer ID:(null) connected:1) registering with server on thread (<_NSMainThread: 0x600001704040>{number = 1, name = main}:name::main:1). UsesMainThreadRunloop:0
2026-08-17 11:28:17.427 Df YourSofia[99787:320a1c] [com.apple.Accessibility:AXIPC] Setting client identifier com.apple.accessibility.AXSystemReplyServer-99787-0
2026-08-17 11:28:17.427 I  YourSofia[99787:320a1c] [com.apple.Accessibility:AXIPC] Client (AXIPCClient:<0x600002c0cf80> Service:com.apple.accessibility.AXBackBoardServer ID:com.apple.accessibility.AXSystemReplyServer-99787-0 connected:1) registering with server on thread (<_NSMainThread: 0x600001704040>{number = 1, name = main}:name::main:1). UsesMainThreadRunloop:0
2026-08-17 11:28:17.503 Db YourSofia[99787:320a1c] [com.apple.defaults:User Defaults] CFPrefsManagedSource<0x600002c0db80> (Domain: com.apple.Accessibility, User: kCFPreferencesCurrentUser, ByHost: Yes, Container: (null), Contents Need Refresh: No) loaded: an empty base plist and no additional changes from the base plist
2026-08-17 11:28:17.503 Db YourSofia[99787:320a1c] [com.apple.defaults:User Defaults] CFPrefsManagedSource<0x600002c0dc00> (Domain: com.apple.Accessibility, User: kCFPreferencesAnyUser, ByHost: Yes, Container: (null), Contents Need Refresh: No) loaded: an empty base plist and no additional changes from the base plist
2026-08-17 11:28:17.503 Db YourSofia[99787:320a1c] [com.apple.defaults:User Defaults] CFPrefsPlistSource<0x600002c0db00> (Domain: com.apple.Accessibility, User: kCFPreferencesCurrentUser, ByHost: No, Container: (null), Contents Need Refresh: No) loaded: a new base plist and no additional changes from the base plist
2026-08-17 11:28:17.503 Db YourSofia[99787:320a1c] [com.apple.defaults:User Defaults] CFPrefsPlistSource<0x600002c0dd80> (Domain: com.apple.Accessibility, User: kCFPreferencesCurrentUser, ByHost: No, Container: /Users/valentinasenov/Library/Developer/CoreSimulator/Devices/4EC5F74C-5A9C-4D89-8E44-374310E684AE/data, Contents Need Refresh: No) loaded: a new base plist and no additional changes from the base plist
2026-08-17 11:28:17.503 Db YourSofia[99787:320a1c] [com.apple.defaults:User Defaults] CFPrefsPlistSource<0x600002c0de80> (Domain: com.apple.Accessibility, User: kCFPreferencesCurrentUser, ByHost: Yes, Container: (null), Contents Need Refresh: No) loaded: an empty base plist and no additional changes from the base plist
2026-08-17 11:28:17.503 Db YourSofia[99787:320a1c] [com.apple.defaults:User Defaults] CFPrefsPlistSource<0x600002c0db00> (Domain: com.apple.Accessibility, User: kCFPreferencesCurrentUser, ByHost: No, Container: (null), Contents Need Refresh: No) skipping setting already-present value for key ApplicationAccessibilityEnabled
2026-08-17 11:28:17.503 Db YourSofia[99787:320a1c] [com.apple.defaults:User Defaults] found no value for key detoxEnableSynchronization in CFPrefsSearchListSource<0x600002c0c180> (Domain: bg.sofia.yoursofia, Container: (null) Non-launch persona: 0)
2026-08-17 11:28:17.503 Db YourSofia[99787:320a1c] [com.apple.defaults:User Defaults] found no value for key detoxURLBlacklistRegex in CFPrefsSearchListSource<0x600002c0c180> (Domain: bg.sofia.yoursofia, Container: (null) Non-launch persona: 0)
2026-08-17 11:28:17.503 Db YourSofia[99787:320a1c] [com.apple.defaults:User Defaults] found no value for key detoxMaxSynchronizedDelay in CFPrefsSearchListSource<0x600002c0c180> (Domain: bg.sofia.yoursofia, Container: (null) Non-launch persona: 0)
2026-08-17 11:28:17.503 Db YourSofia[99787:320a1c] [com.apple.defaults:User Defaults] found no value for key detoxWaitForDebugger in CFPrefsSearchListSource<0x600002c0c180> (Domain: bg.sofia.yoursofia, Container: (null) Non-launch persona: 0)
2026-08-17 11:28:17.504 Df YourSofia[99787:320a1c] [com.apple.network:] networkd_settings_read_from_file initialized networkd settings by reading plist directly
2026-08-17 11:28:17.504 Df YourSofia[99787:320a1c] [com.apple.network:] networkd_settings_read_from_file initialized networkd settings by reading plist directly
2026-08-17 11:28:17.504 Db YourSofia[99787:320a1c] [com.apple.defaults:User Defaults] CFPrefsManagedSource<0x600002c0e080> (Domain: kCFPreferencesAnyApplication, User: kCFPreferencesAnyUser, ByHost: Yes, Container: (null), Contents Need Refresh: No) loaded: an empty base plist and no additional changes from the base plist
2026-08-17 11:28:17.504 Db YourSofia[99787:320a1c] [com.apple.defaults:User Defaults] found no value for key CFNetworkHTTP3Override in CFPrefsSearchListSource<0x600002c0e000> (Domain: kCFPreferencesAnyApplication, Container: (null) Non-launch persona: 0)
2026-08-17 11:28:17.504 Db YourSofia[99787:320a1c] [com.apple.CFBundle:resources] Resource lookup at CFBundle 0x600003b082a0 </Users/valentinasenov/Library/Developer/CoreSimulator/Devices/4EC5F74C-5A9C-4D89-8E44-374310E684AE/data/Containers/Bundle/Application/A01C5F69-BB9C-48BF-96DA-638EDBEBF8DB/YourSofia.app> (executable, loaded)
	Request       : InfoPlist type: strings
	Result        : None
2026-08-17 11:28:17.504 Db YourSofia[99787:320a1c] [com.apple.CFBundle:resources] Resource lookup at CFBundle 0x600003b082a0 </Users/valentinasenov/Library/Developer/CoreSimulator/Devices/4EC5F74C-5A9C-4D89-8E44-374310E684AE/data/Containers/Bundle/Application/A01C5F69-BB9C-48BF-96DA-638EDBEBF8DB/YourSofia.app> (executable, loaded)
	Request       : InfoPlist type: stringsdict
	Result        : None
2026-08-17 11:28:17.504 Db YourSofia[99787:320a1c] [com.apple.CFNetwork:ATS] Using configuration {
    NSAllowsLocalNetworking = 1;
    NSExceptionDomains =     {
        "apple-mapkit.com" =         {
            NSATSBuiltinOverride = 1;
            NSExceptionAllowsInsecureHTTPLoads = 1;
            NSExceptionMinimumTLSVersion = "TLSv1.0";
            NSExceptionRequiresForwardSecrecy = 0;
            NSIncludesSubdomains = 1;
        };
        "apple.com" =         {
            NSATSBuiltinOverride = 1;
            NSExceptionAllowsInsecureHTTPLoads = 1;
            NSExceptionMinimumTLSVersion = "TLSv1.2";
            NSExceptionRequiresForwardSecrecy = 0;
            NSIncludesSubdomains = 1;
        };
        "geo.apple.com" =         {
            NSATSBuiltinOverride = 1;
            NSExceptionAllowsInsecureHTTPLoads = 1;
            NSExceptionMinimumTLSVersion = "TLSv1.0";
            NSExceptionRequiresForwardSecrecy = 0;
            NSIncludesSubdomains = 1;
        };
        "gs.apple.com" =         {
            NSATSBuiltinOverride = 1;
            NSExceptionAllowsInsecure
2026-08-17 11:28:17.512 Db YourSofia[99787:320a1c] [com.apple.defaults:User Defaults] found no value for key recordingPath in CFPrefsSearchListSource<0x600002c0c180> (Domain: bg.sofia.yoursofia, Container: (null) Non-launch persona: 0)
2026-08-17 11:28:17.512 Db YourSofia[99787:320a1c] [com.apple.defaults:User Defaults] looked up value ws://localhost:62211 for key detoxServer in CFPrefsSource<0x60000170c040> (Domain: Volatile, User: , ByHost: No, Container: , Contents Need Refresh: No) via CFPrefsSearchListSource<0x600002c0c180> (Domain: bg.sofia.yoursofia, Container: (null) Non-launch persona: 0)
2026-08-17 11:28:17.512 Db YourSofia[99787:320a1c] [com.apple.defaults:User Defaults] looked up value a5e36739-d9d1-072d-9d66-b5cad52411f8 for key detoxSessionId in CFPrefsSource<0x60000170c040> (Domain: Volatile, User: , ByHost: No, Container: , Contents Need Refresh: No) via CFPrefsSearchListSource<0x600002c0c180> (Domain: bg.sofia.yoursofia, Container: (null) Non-launch persona: 0)
2026-08-17 11:28:17.512 Df YourSofia[99787:320a1c] [com.apple.CFNetwork:Default] Task <4662346A-5B0B-40EA-B4E9-E7AB0D7E15F8>.<1> resuming, timeouts(60.0, 604800.0) qos(0x21) voucher((null)) activity(00000000-0000-0000-0000-000000000000)
2026-08-17 11:28:17.513 A  YourSofia[99787:320a1c] (CoreFoundation) Loading Preferences From User Session CFPrefsD
2026-08-17 11:28:17.513 Db YourSofia[99787:320a1c] [com.apple.defaults:User Defaults] CFPrefsPlistSource<0x600002c04e00> (Domain: com.apple.CFNetwork, User: kCFPreferencesCurrentUser, ByHost: No, Container: (null), Contents Need Refresh: No) loaded: an empty base plist and no additional changes from the base plist
2026-08-17 11:28:17.513 Db YourSofia[99787:320a1c] [com.apple.defaults:User Defaults] found no value for key har-capture-global in CFPrefsPlistSource<0x600002c04e00> (Domain: com.apple.CFNetwork, User: kCFPreferencesCurrentUser, ByHost: No, Container: (null), Contents Need Refresh: No)
2026-08-17 11:28:17.513 Db YourSofia[99787:320a1c] [com.apple.defaults:User Defaults] found no value for key har-capture-pid-date in CFPrefsPlistSource<0x600002c04e00> (Domain: com.apple.CFNetwork, User: kCFPreferencesCurrentUser, ByHost: No, Container: (null), Contents Need Refresh: No)
2026-08-17 11:28:17.513 Db YourSofia[99787:320a1c] [com.apple.defaults:User Defaults] found no value for key har-capture-amp in CFPrefsPlistSource<0x600002c04e00> (Domain: com.apple.CFNetwork, User: kCFPreferencesCurrentUser, ByHost: No, Container: (null), Contents Need Refresh: No)
2026-08-17 11:28:17.513 Db YourSofia[99787:320a1c] [com.apple.network:activity] Returning should log: 0 for activity cfnetwork:foreground_task
2026-08-17 11:28:17.513 Db YourSofia[99787:320a1c] [com.apple.network:activity] Domain cfnetwork rate configured in registry as 1 / 20000
2026-08-17 11:28:17.513 Db YourSofia[99787:320a1c] [com.apple.network:activity] Domain cfnetwork rate configured after remote default override as 1 / 20000
2026-08-17 11:28:17.513 Db YourSofia[99787:320a1c] [com.apple.network:activity] After reading settings plist, domain cfnetwork rate configured as 1 / 2000000
2026-08-17 11:28:17.513 Db YourSofia[99787:320a1c] [com.apple.network:activity] After settings override, domain cfnetwork rate configured as 1 / 2000000
2026-08-17 11:28:17.513 Db YourSofia[99787:320a1c] [com.apple.network:activity] Final domain cfnetwork rate configured as 1 / 2000000
2026-08-17 11:28:17.513 Db YourSofia[99787:320a1c] [com.apple.network:activity] <nw_activity 12:2 [No UUID] (reporting strategy default)> sampled at 1 / 2000000
2026-08-17 11:28:17.513 Db YourSofia[99787:320a1c] [com.apple.network:activity] Returning should log: 0 for activity cfnetwork:foreground_task
2026-08-17 11:28:17.513 Db YourSofia[99787:320a1c] [com.apple.network:activity] Returning should log: 0 for activity cfnetwork:foreground_task
2026-08-17 11:28:17.513 Db YourSofia[99787:320a1c] [com.apple.CFNetwork:Default] [Telemetry]: Activity <nw_activity 12:2 [CC10BA4C-6182-4AD2-8D3A-5124F0E6AFB1] (reporting strategy default)> on Task <4662346A-5B0B-40EA-B4E9-E7AB0D7E15F8>.<1> was not selected for reporting
2026-08-17 11:28:17.513 Db YourSofia[99787:320a34] [com.apple.CFNetwork:Default] Using HSTS 0x6000029082b0 path file:///Users/valentinasenov/Library/Developer/CoreSimulator/Devices/4EC5F74C-5A9C-4D89-8E44-374310E684AE/data/Containers/Data/Application/AD875109-2EB8-4737-A01D-DD75B1C21730/Library/Caches/bg.sofia.yoursofia/HSTS.plist
2026-08-17 11:28:17.513 Df YourSofia[99787:320a1c] (libMobileGestalt.dylib) No persisted cache on this platform.
2026-08-17 11:28:17.513 Db YourSofia[99787:320a34] [com.apple.defaults:User Defaults] found no value for key com.apple.CFNetwork.HSTS.DisableHSTS in CFPrefsPlistSource<0x600002c08580> (Domain: kCFPreferencesAnyApplication, User: kCFPreferencesCurrentUser, ByHost: No, Container: (null), Contents Need Refresh: No)
2026-08-17 11:28:17.513 A  YourSofia[99787:320a34] (libsystem_containermanager.dylib) container_system_group_path_for_identifier
2026-08-17 11:28:17.513 Df YourSofia[99787:320a34] [com.apple.containermanager:xpc] Requesting container lookup; class = 13, identifier = com.apple.nsurlsessiond, group_identifier = systemgroup.com.apple.nsurlstoragedresources, create = 1, temp = 0, euid = 501, uid = 501
2026-08-17 11:28:17.513 A  YourSofia[99787:320a34] (libsystem_containermanager.dylib) container_query_t
2026-08-17 11:28:17.513 Db YourSofia[99787:320a34] [com.apple.containermanager:xpc] Query; euid = 501, uid = 501, query = <dictionary: 0x600002609740> { count = 10, transaction: 0, voucher = 0x0, contents =
	"ContainerClass" => <uint64: 0xb607b2e86800fb2f>: 13
	"Platform" => <uint64: 0xb607b2e86800fb7f>: 7
	"IdentifiersArray" => <array: 0x600000c05710> { count = 1, capacity = 10, contents =
		0: <string: 0x600000c04d50> { string cache = 0x0, length = 23, contents = "com.apple.nsurlsessiond" }
	}
	"Flags" => <uint64: 0xb607b2a06800fb5f>: 38654705667
	"Explicit" => <uint64: 0xb607b2e86800fa7f>: 39
	"PrivateFlags" => <uint64: 0xb607b2e86800fb5f>: 3
	"Transient" => <bool: 0x1e6164410>: false
	"PersonaKernelID" => <uint64: 0xb607b2e86800fb47>: 0
	"Command" => <uint64: 0xb607b2e86800fa7f>: 39
	"GroupIdentifiers" => <array: 0x600000c05560> { count = 1, capacity = 10, contents =
		0: <string: 0x600000c05800> { string cache = 0x0, length = 44, contents = "systemgroup.com.apple.nsurlstoragedresources" }
	}
}
2026-08-17 11:28:17.513 Db YourSofia[99787:320a34] [com.apple.containermanager:xpc] connection <0x600000c04e70/1/0> created; cnt = 2
2026-08-17 11:28:17.514 Db YourSofia[99787:320a34] [com.apple.containermanager:xpc] connection <0x600000c04e70/1/0> shared; cnt = 3
2026-08-17 11:28:17.514 A  YourSofia[99787:320a1c] (libsystem_containermanager.dylib) container_system_group_path_for_identifier
2026-08-17 11:28:17.514 Df YourSofia[99787:320a1c] [com.apple.containermanager:xpc] Requesting container lookup; class = 13, identifier = (null), group_identifier = systemgroup.com.apple.configurationprofiles, create = 1, temp = 0, euid = 501, uid = 501
2026-08-17 11:28:17.514 A  YourSofia[99787:320a1c] (libsystem_containermanager.dylib) container_query_t
2026-08-17 11:28:17.514 Db YourSofia[99787:320a1c] [com.apple.containermanager:xpc] Query; euid = 501, uid = 501, query = <dictionary: 0x6000026043c0> { count = 9, transaction: 0, voucher = 0x0, contents =
	"ContainerClass" => <uint64: 0xb607b2e86800fb2f>: 13
	"Platform" => <uint64: 0xb607b2e86800fb7f>: 7
	"Flags" => <uint64: 0xb607b2a06800fb5f>: 38654705667
	"Explicit" => <uint64: 0xb607b2e86800fa77>: 38
	"PrivateFlags" => <uint64: 0xb607b2e86800fb5f>: 3
	"Transient" => <bool: 0x1e6164410>: false
	"PersonaKernelID" => <uint64: 0xb607b2e86800fb47>: 0
	"Command" => <uint64: 0xb607b2e86800fa7f>: 39
	"GroupIdentifiers" => <array: 0x600000c0b210> { count = 1, capacity = 10, contents =
		0: <string: 0x600000c0b2a0> { string cache = 0x0, length = 43, contents = "systemgroup.com.apple.configurationprofiles" }
	}
}
2026-08-17 11:28:17.514 Db YourSofia[99787:320a1c] [com.apple.containermanager:xpc] connection <0x600000c04e70/1/0> shared; cnt = 4
2026-08-17 11:28:17.514 Db YourSofia[99787:320a34] [com.apple.containermanager:xpc] connection <0x600000c04e70/1/0> released; cnt = 3
2026-08-17 11:28:17.514 Df YourSofia[99787:320a34] [com.apple.containermanager:unspecified] _container_query_get_result_at_index: success
2026-08-17 11:28:17.514 Db YourSofia[99787:320a34] [com.apple.containermanager:sandbox] container_object_sandbox_extension_activate(container, true)
2026-08-17 11:28:17.514 Db YourSofia[99787:320a34] [com.apple.containermanager:sandbox] container_object_sandbox_extension_activate(container, true): no sandbox token in container
2026-08-17 11:28:17.514 A  YourSofia[99787:320a34] (libsystem_containermanager.dylib) container_copy_object
2026-08-17 11:28:17.514 Df YourSofia[99787:320a34] [com.apple.containermanager:unspecified] container_system_group_path_for_identifier: success
2026-08-17 11:28:17.514 Db YourSofia[99787:320a1c] [com.apple.containermanager:xpc] connection <0x600000c04e70/1/0> released; cnt = 2
2026-08-17 11:28:17.514 Db YourSofia[99787:320a1c] [com.apple.containermanager:xpc] connection <0x600000c04e70/1/0> will be canceled in 2 seconds; cnt = 2
2026-08-17 11:28:17.514 Df YourSofia[99787:320a1c] [com.apple.containermanager:unspecified] _container_query_get_result_at_index: success
2026-08-17 11:28:17.514 Db YourSofia[99787:320a1c] [com.apple.containermanager:sandbox] container_object_sandbox_extension_activate(container, true)
2026-08-17 11:28:17.514 Db YourSofia[99787:320a1c] [com.apple.containermanager:sandbox] container_object_sandbox_extension_activate(container, true): no sandbox token in container
2026-08-17 11:28:17.514 A  YourSofia[99787:320a1c] (libsystem_containermanager.dylib) container_copy_object
2026-08-17 11:28:17.514 Df YourSofia[99787:320a1c] [com.apple.containermanager:unspecified] container_system_group_path_for_identifier: success
2026-08-17 11:28:17.514 Df YourSofia[99787:320a1c] [com.apple.ManagedConfiguration:MC] Got system group container path from MCM for systemgroup.com.apple.configurationprofiles: /Users/valentinasenov/Library/Developer/CoreSimulator/Devices/4EC5F74C-5A9C-4D89-8E44-374310E684AE/data/Containers/Shared/SystemGroup/systemgroup.com.apple.configurationprofiles
2026-08-17 11:28:17.515 Df YourSofia[99787:320a1c] [com.apple.xpc:connection] [0x10580bfe0] activating connection: mach=true listener=false peer=false name=com.apple.managedconfiguration.profiled.public
2026-08-17 11:28:17.516 Db YourSofia[99787:320a34] [com.apple.defaults:User Defaults] looked up value (
    "en-US",
    "bg-US"
) for key AppleLanguages in CFPrefsPlistSource<0x600002c08680> (Domain: kCFPreferencesAnyApplication, User: kCFPreferencesCurrentUser, ByHost: No, Container: /Users/valentinasenov/Library/Developer/CoreSimulator/Devices/4EC5F74C-5A9C-4D89-8E44-374310E684AE/data, Contents Need Refresh: No) via CFPrefsSearchListSource<0x600002c0c180> (Domain: bg.sofia.yoursofia, Container: (null) Non-launch persona: 0)
2026-08-17 11:28:17.517 Db YourSofia[99787:320a34] [com.apple.defaults:User Defaults] found no value for key AppleCFNetworkDiagnosticLogging in CFPrefsSearchListSource<0x600002c0e000> (Domain: kCFPreferencesAnyApplication, Container: (null) Non-launch persona: 0)
2026-08-17 11:28:17.517 Db YourSofia[99787:320a34] [com.apple.CFNetwork:ATS] Uploading ATS exception ATSAllowsLocalNetworking
2026-08-17 11:28:17.517 A  YourSofia[99787:320a5a] (Security) SecTrustReportNetworkingAnalytics
2026-08-17 11:28:17.517 Df YourSofia[99787:320a34] [com.apple.CFNetwork:Default] Initializing NSHTTPCookieStorage singleton
2026-08-17 11:28:17.518 Df YourSofia[99787:320a34] [com.apple.CFNetwork:Default] Initializing CFHTTPCookieStorage singleton
2026-08-17 11:28:17.518 Df YourSofia[99787:320a34] [com.apple.CFNetwork:Default] Creating default cookie storage with process/bundle identifier
2026-08-17 11:28:17.518 Db YourSofia[99787:320a34] [com.apple.defaults:User Defaults] found no value for key com.apple.CFNetwork.ForceIOPath in CFPrefsPlistSource<0x600002c08580> (Domain: kCFPreferencesAnyApplication, User: kCFPreferencesCurrentUser, ByHost: No, Container: (null), Contents Need Refresh: No)
2026-08-17 11:28:17.518 Df YourSofia[99787:320a34] [com.apple.CFNetwork:Default] Initializing AlternativeServices Storage singleton
2026-08-17 11:28:17.518 Df YourSofia[99787:320a5a] [com.apple.securityd:keychain] System Keychain Always Supported set via feature flag to disabled
2026-08-17 11:28:17.518 Df YourSofia[99787:320a5a] [com.apple.xpc:connection] [0x105a04240] activating connection: mach=true listener=false peer=false name=com.apple.trustd
2026-08-17 11:28:17.518 Df YourSofia[99787:320a34] [com.apple.FileURL:default] kExcludedFromBackupXattrName set on path: /Users/valentinasenov/Library/Developer/CoreSimulator/Devices/4EC5F74C-5A9C-4D89-8E44-374310E684AE/data/Containers/Data/Application/AD875109-2EB8-4737-A01D-DD75B1C21730/Library/HTTPStorages/bg.sofia.yoursofia
2026-08-17 11:28:17.518 Df YourSofia[99787:320a34] [com.apple.runningboard:connection] Initializing connection
2026-08-17 11:28:17.518 Df YourSofia[99787:320a34] [com.apple.runningboard:process] Removing all cached process handles
2026-08-17 11:28:17.518 Df YourSofia[99787:320a5a] [com.apple.securityd:SecError] SecTrustReportNetworkingAnalytics failed with error: -4
2026-08-17 11:28:17.518 Df YourSofia[99787:320a5b] [com.apple.runningboard:connection] Sending handshake request attempt #1 to server
2026-08-17 11:28:17.518 Df YourSofia[99787:320a5b] [com.apple.runningboard:connection] Creating connection to com.apple.runningboard
2026-08-17 11:28:17.518 I  YourSofia[99787:320a34] [com.apple.runningboard:assertion] Acquiring assertion: <RBSAssertionDescriptor| "com.apple.CFNetwork.StorageDB" ID:(null) target:99787>
2026-08-17 11:28:17.518 Df YourSofia[99787:320a5b] [com.apple.xpc:connection] [0x105905d80] activating connection: mach=true listener=false peer=false name=com.apple.runningboard
2026-08-17 11:28:17.519 Db YourSofia[99787:320a5a] [com.apple.runningboard:message] PERF: (null) Received message from runningboardd: async_didChangeInheritances:completion:
2026-08-17 11:28:17.519 A  YourSofia[99787:320a5a] (RunningBoardServices) didChangeInheritances
2026-08-17 11:28:17.519 Db YourSofia[99787:320a5a] [com.apple.runningboard:connection] didChangeInheritances: <RBSInheritanceChangeSet| gained:{(
    <RBSInheritance| environment:(none) name:com.apple.frontboard.visibility origID:99530-99763-717 0>,
    <RBSInheritance| environment:(none) name:com.apple.frontboard.visibility origID:99530-99763-709 0>
)} lost:(null)>
2026-08-17 11:28:17.519 Db YourSofia[99787:320a5b] [com.apple.BaseBoard:Common] BSAuditToken will auto-code: <BSObjCIvar: 0x600000c17f90; "_bundleID" (<NSString *>)>, <BSObjCIvar: 0x600000c17f00; "_auditToken" (<struct[32]>)>
2026-08-17 11:28:17.519 Df YourSofia[99787:320a5b] [com.apple.runningboard:connection] Handshake succeeded
2026-08-17 11:28:17.519 Df YourSofia[99787:320a5b] [com.apple.runningboard:connection] Identity resolved as app<bg.sofia.yoursofia((null))>
2026-08-17 11:28:17.519 Db YourSofia[99787:320a34] [com.apple.runningboard:assertion] Adding assertion 99530-99787-747 to dictionary
2026-08-17 11:28:17.522 Db YourSofia[99787:320a5a] [com.apple.ManagedConfiguration:ProfileConnection] Received settings changed notification
2026-08-17 11:28:17.522 Db YourSofia[99787:320a5a] [com.apple.ManagedConfiguration:ProfileConnection] Invalidating cache
2026-08-17 11:28:17.523 I  YourSofia[99787:320a1c] [com.apple.ManagedConfiguration:MC] Reading from private effective user settings.
2026-08-17 11:28:17.524 Db YourSofia[99787:320a1c] [com.apple.defaults:User Defaults] CFPrefsManagedSource<0x600002c07380> (Domain: com.apple.keyboard.preferences, User: kCFPreferencesCurrentUser, ByHost: Yes, Container: (null), Contents Need Refresh: No) loaded: an empty base plist and no additional changes from the base plist
2026-08-17 11:28:17.524 Db YourSofia[99787:320a1c] [com.apple.defaults:User Defaults] CFPrefsManagedSource<0x600002c07400> (Domain: com.apple.keyboard.preferences, User: kCFPreferencesAnyUser, ByHost: Yes, Container: (null), Contents Need Refresh: No) loaded: an empty base plist and no additional changes from the base plist
2026-08-17 11:28:17.524 Db YourSofia[99787:320a1c] [com.apple.defaults:User Defaults] CFPrefsPlistSource<0x600002c07300> (Domain: com.apple.keyboard.preferences, User: kCFPreferencesCurrentUser, ByHost: No, Container: (null), Contents Need Refresh: No) loaded: an empty base plist and no additional changes from the base plist
2026-08-17 11:28:17.524 Db YourSofia[99787:320a1c] [com.apple.defaults:User Defaults] CFPrefsPlistSource<0x600002c07480> (Domain: com.apple.keyboard.preferences, User: kCFPreferencesCurrentUser, ByHost: No, Container: /Users/valentinasenov/Library/Developer/CoreSimulator/Devices/4EC5F74C-5A9C-4D89-8E44-374310E684AE/data, Contents Need Refresh: No) loaded: a new base plist and no additional changes from the base plist
2026-08-17 11:28:17.524 Db YourSofia[99787:320a1c] [com.apple.defaults:User Defaults] CFPrefsPlistSource<0x600002c07600> (Domain: com.apple.keyboard.preferences, User: kCFPreferencesCurrentUser, ByHost: Yes, Container: (null), Contents Need Refresh: No) loaded: an empty base plist and no additional changes from the base plist
2026-08-17 11:28:17.524 Db YourSofia[99787:320a1c] [com.apple.defaults:User Defaults] setting {
    KeyboardAutocorrection = 0;
} in CFPrefsPlistSource<0x600002c07300> (Domain: com.apple.keyboard.preferences, User: kCFPreferencesCurrentUser, ByHost: No, Container: (null), Contents Need Refresh: No)
2026-08-17 11:28:17.525 Df YourSofia[99787:320a1c] (CloudSettings) [writeToCloudSettings:forStore] - cloudsettings feature disabled
2026-08-17 11:28:17.526 Df YourSofia[99787:320a5a] [com.apple.CFNetwork:Default] Garbage collection for alternative services
2026-08-17 11:28:17.526 Db YourSofia[99787:320a1c] [com.apple.foundation:locale] Lookup of 'AppleLanguages' from current preferences failed lookup (app preferences do not contain the key); likely falling back to default locale identifier as current
2026-08-17 11:28:17.526 Db YourSofia[99787:320a1c] [com.apple.defaults:User Defaults] setting {
    "KeyboardAutocorrection_changedAt" = "2026-08-17 08:28:17 +0000";
} in CFPrefsPlistSource<0x600002c07300> (Domain: com.apple.keyboard.preferences, User: kCFPreferencesCurrentUser, ByHost: No, Container: (null), Contents Need Refresh: No)
2026-08-17 11:28:17.527 Db YourSofia[99787:320a1c] [com.apple.defaults:User Defaults] setting {
    "KeyboardAutocorrection_buildAtChange" = 23D8133;
} in CFPrefsPlistSource<0x600002c07300> (Domain: com.apple.keyboard.preferences, User: kCFPreferencesCurrentUser, ByHost: No, Container: (null), Contents Need Refresh: No)
2026-08-17 11:28:17.527 Db YourSofia[99787:320a1c] [com.apple.defaults:User Defaults] CFPrefsPlistSource<0x600002c07300> (Domain: com.apple.keyboard.preferences, User: kCFPreferencesCurrentUser, ByHost: No, Container: (null), Contents Need Refresh: No) skipping setting already-present value for key KeyboardAutocorrection_previousValue
2026-08-17 11:28:17.527 Db YourSofia[99787:320a1c] [com.apple.defaults:User Defaults] CFPrefsPlistSource<0x600002c07300> (Domain: com.apple.keyboard.preferences, User: kCFPreferencesCurrentUser, ByHost: No, Container: (null), Contents Need Refresh: No) skipping setting already-present value for key KeyboardAutocorrection_analyzedAt
2026-08-17 11:28:17.528 I  YourSofia[99787:320a34] [com.apple.network:connection] nw_connection_create_with_id [C1] create connection to Hostname#3f0b9f7e:62211
2026-08-17 11:28:17.528 Df YourSofia[99787:320a34] [com.apple.CFNetwork:Default] Connection 1: starting, TC(0x0)
2026-08-17 11:28:17.528 Df YourSofia[99787:320a34] [com.apple.network:connection] [C1 F2796EBC-9ED0-47A0-9ECC-85665660F416 Hostname#3f0b9f7e:62211 tcp, url: http://localhost:62211/, definite, attribution: developer, context: com.apple.CFNetwork.NSURLSession.{BD92526A-E18F-4849-8766-DDB87DD45A59}{(null)}{Y}{2}{0x0} (private), proc: DDAE0ACD-06B9-3DE6-879D-DE3D6508ACC1, delegated upid: 0] start
2026-08-17 11:28:17.528 I  YourSofia[99787:320a34] [com.apple.network:connection] nw_endpoint_handler_start [C1 Hostname#3f0b9f7e:62211 initial parent-flow ((null))]
2026-08-17 11:28:17.528 Df YourSofia[99787:320a34] [com.apple.network:connection] [C1 Hostname#3f0b9f7e:62211 initial parent-flow ((null))] event: path:start @0.000s
2026-08-17 11:28:17.529 Db YourSofia[99787:320a34] [com.apple.network:connection] nw_endpoint_handler_path_change [C1 Hostname#3f0b9f7e:62211 waiting parent-flow (satisfied (Path is satisfied), interface: en0[802.11], uses wifi, LQM: unknown)]
2026-08-17 11:28:17.529 Db YourSofia[99787:320a34] [com.apple.networkextension:] ne_tracker_check subsystem is initialized with: {0000000}
2026-08-17 11:28:17.529 Db YourSofia[99787:320a34] [com.apple.networkextension:] ne_tracker_check_is_hostname_blocked() proceeding with the in_the_app check for hostname: localhost
2026-08-17 11:28:17.529 Db YourSofia[99787:320a34] [com.apple.CFBundle:resources] Resource lookup at CFBundle 0x600003b082a0 </Users/valentinasenov/Library/Developer/CoreSimulator/Devices/4EC5F74C-5A9C-4D89-8E44-374310E684AE/data/Containers/Bundle/Application/A01C5F69-BB9C-48BF-96DA-638EDBEBF8DB/YourSofia.app> (executable, loaded)
	Request       : InfoPlist type: strings
	Result        : None
2026-08-17 11:28:17.529 Db YourSofia[99787:320a34] [com.apple.CFBundle:resources] Resource lookup at CFBundle 0x600003b082a0 </Users/valentinasenov/Library/Developer/CoreSimulator/Devices/4EC5F74C-5A9C-4D89-8E44-374310E684AE/data/Containers/Bundle/Application/A01C5F69-BB9C-48BF-96DA-638EDBEBF8DB/YourSofia.app> (executable, loaded)
	Request       : InfoPlist type: stringsdict
	Result        : None
2026-08-17 11:28:17.529 Db YourSofia[99787:320a34] [com.apple.networkextension:] ne_tracker_check_is_hostname_blocked(): hostname localhost is not a tracker. Returning: ne_tracker_status_none
2026-08-17 11:28:17.529 Df YourSofia[99787:320a34] [com.apple.network:connection] [C1 Hostname#3f0b9f7e:62211 waiting parent-flow (satisfied (Path is satisfied), interface: en0[802.11], uses wifi, LQM: unknown)] event: path:satisfied @0.001s, uuid: A3F7C59D-B6D8-4786-83CD-5866C19FDAD8
2026-08-17 11:28:17.529 I  YourSofia[99787:320a34] [com.apple.network:connection] nw_connection_endpoint_report_on_nw_queue_block_invoke [C1 Hostname#3f0b9f7e:62211 waiting parent-flow (satisfied (Path is satisfied), interface: en0[802.11], uses wifi, LQM: unknown)] skipping state update
2026-08-17 11:28:17.529 Db YourSofia[99787:320a34] [com.apple.network:] nw_endpoint_proxy_handler_should_use_proxy Looking up proxy for hostname: localhost, ifindex: 0
2026-08-17 11:28:17.529 Db YourSofia[99787:320a34] [com.apple.SystemConfiguration:SCPreferences] create <SCPreferences 0x104f04f20 [0x1e6193a48]> {name = SCDynamicStoreCopyProxiesWithOptions, id = /Library/Managed Preferences/mobile/com.apple.SystemConfiguration.plist, path = /Library/Managed Preferences/mobile/com.apple.SystemConfiguration.plist}
2026-08-17 11:28:17.530 Db YourSofia[99787:320a34] [com.apple.SystemConfiguration:SCPreferences] SCPreferences() access: /Library/Managed Preferences/mobile/com.apple.SystemConfiguration.plist, size=0
2026-08-17 11:28:17.530 Db YourSofia[99787:320a34] [com.apple.SystemConfiguration:SCPreferences] release <SCPreferences 0x104f04f20 [0x1e6193a48]> {name = SCDynamicStoreCopyProxiesWithOptions, id = /Library/Managed Preferences/mobile/com.apple.SystemConfiguration.plist, path = /Library/Managed Preferences/mobile/com.apple.SystemConfiguration.plist, accessed}
2026-08-17 11:28:17.530 Db YourSofia[99787:320a34] [com.apple.network:connection] nw_endpoint_flow_attach_protocols [C1 Hostname#3f0b9f7e:62211 in_progress parent-flow (satisfied (Path is satisfied), interface: en0[802.11], uses wifi, LQM: unknown)]
2026-08-17 11:28:17.530 Db YourSofia[99787:320a34] [com.apple.network:connection] nw_endpoint_flow_attach_protocols [C1 Hostname#3f0b9f7e:62211 in_progress parent-flow (satisfied (Path is satisfied), interface: en0[802.11], uses wifi, LQM: unknown)] stopping after adding persistent application protocols
2026-08-17 11:28:17.530 Db YourSofia[99787:320a34] [com.apple.network:connection] nw_endpoint_flow_setup_protocols [C1 Hostname#3f0b9f7e:62211 in_progress parent-flow (satisfied (Path is satisfied), interface: en0[802.11], uses wifi, LQM: unknown)] persistent protocol stack, starting
2026-08-17 11:28:17.530 Df YourSofia[99787:320a34] [com.apple.network:connection] [C1 Hostname#3f0b9f7e:62211 in_progress parent-flow (satisfied (Path is satisfied), interface: en0[802.11], uses wifi, LQM: unknown)] event: flow:start_connect @0.002s
2026-08-17 11:28:17.530 Df YourSofia[99787:320a34] [com.apple.network:connection] nw_connection_report_state_with_handler_on_nw_queue [C1] reporting state preparing
2026-08-17 11:28:17.530 I  YourSofia[99787:320a34] [com.apple.network:connection] nw_endpoint_flow_connect [C1 Hostname#3f0b9f7e:62211 in_progress parent-flow (satisfied (Path is satisfied), interface: en0[802.11], uses wifi, LQM: unknown)] connect bottom protocol
2026-08-17 11:28:17.530 Db YourSofia[99787:320a34] [com.apple.network:connection] nw_endpoint_flow_start_child [C1 Hostname#3f0b9f7e:62211 in_progress parent-flow (satisfied (Path is satisfied), interface: en0[802.11], uses wifi, LQM: unknown)] creating and starting child handler
2026-08-17 11:28:17.530 Db YourSofia[99787:320a34] [com.apple.network:] nw_endpoint_proxy_handler_should_use_proxy Looking up proxy for hostname: localhost, ifindex: 0
2026-08-17 11:28:17.530 Db YourSofia[99787:320a34] [com.apple.SystemConfiguration:SCPreferences] create <SCPreferences 0x104a10430 [0x1e6193a48]> {name = SCDynamicStoreCopyProxiesWithOptions, id = /Library/Managed Preferences/mobile/com.apple.SystemConfiguration.plist, path = /Library/Managed Preferences/mobile/com.apple.SystemConfiguration.plist}
2026-08-17 11:28:17.530 Db YourSofia[99787:320a34] [com.apple.SystemConfiguration:SCPreferences] SCPreferences() access: /Library/Managed Preferences/mobile/com.apple.SystemConfiguration.plist, size=0
2026-08-17 11:28:17.530 Db YourSofia[99787:320a34] [com.apple.SystemConfiguration:SCPreferences] release <SCPreferences 0x104a10430 [0x1e6193a48]> {name = SCDynamicStoreCopyProxiesWithOptions, id = /Library/Managed Preferences/mobile/com.apple.SystemConfiguration.plist, path = /Library/Managed Preferences/mobile/com.apple.SystemConfiguration.plist, accessed}
2026-08-17 11:28:17.530 Db YourSofia[99787:320a5a] [com.apple.ManagedConfiguration:ProfileConnection] Received settings changed notification
2026-08-17 11:28:17.530 Db YourSofia[99787:320a5a] [com.apple.ManagedConfiguration:ProfileConnection] Invalidating cache
2026-08-17 11:28:17.531 Df YourSofia[99787:320a34] [com.apple.network:connection] [C1 Hostname#3f0b9f7e:62211 in_progress parent-flow (satisfied (Path is satisfied), interface: en0[802.11], uses wifi, LQM: unknown)] event: flow:start_child @0.002s
2026-08-17 11:28:17.531 I  YourSofia[99787:320a34] [com.apple.network:connection] nw_endpoint_handler_start [C1.1 Hostname#3f0b9f7e:62211 initial path ((null))]
2026-08-17 11:28:17.531 Db YourSofia[99787:320a34] [com.apple.network:connection] nw_endpoint_flow_receive_report [C1 Hostname#3f0b9f7e:62211 in_progress parent-flow (satisfied (Path is satisfied), interface: en0[802.11], uses wifi, LQM: unknown)] received child report: [C1.1 Hostname#3f0b9f7e:62211 initial path ((null))]
2026-08-17 11:28:17.531 Df YourSofia[99787:320a34] [com.apple.network:connection] [C1.1 Hostname#3f0b9f7e:62211 initial path ((null))] event: path:start @0.002s
2026-08-17 11:28:17.531 Db YourSofia[99787:320a34] [com.apple.network:connection] nw_endpoint_handler_path_change [C1.1 Hostname#3f0b9f7e:62211 waiting path (satisfied (Path is satisfied), interface: en0[802.11], uses wifi, LQM: unknown)]
2026-08-17 11:28:17.531 Db YourSofia[99787:320a34] [com.apple.networkextension:] ne_tracker_check_is_hostname_blocked() proceeding with the in_the_app check for hostname: localhost
2026-08-17 11:28:17.531 Db YourSofia[99787:320a34] [com.apple.CFBundle:resources] Resource lookup at CFBundle 0x600003b082a0 </Users/valentinasenov/Library/Developer/CoreSimulator/Devices/4EC5F74C-5A9C-4D89-8E44-374310E684AE/data/Containers/Bundle/Application/A01C5F69-BB9C-48BF-96DA-638EDBEBF8DB/YourSofia.app> (executable, loaded)
	Request       : InfoPlist type: strings
	Result        : None
2026-08-17 11:28:17.531 Db YourSofia[99787:320a34] [com.apple.CFBundle:resources] Resource lookup at CFBundle 0x600003b082a0 </Users/valentinasenov/Library/Developer/CoreSimulator/Devices/4EC5F74C-5A9C-4D89-8E44-374310E684AE/data/Containers/Bundle/Application/A01C5F69-BB9C-48BF-96DA-638EDBEBF8DB/YourSofia.app> (executable, loaded)
	Request       : InfoPlist type: stringsdict
	Result        : None
2026-08-17 11:28:17.531 Db YourSofia[99787:320a34] [com.apple.networkextension:] ne_tracker_check_is_hostname_blocked(): hostname localhost is not a tracker. Returning: ne_tracker_status_none
2026-08-17 11:28:17.531 Db YourSofia[99787:320a34] [com.apple.network:connection] nw_endpoint_flow_receive_report [C1 Hostname#3f0b9f7e:62211 in_progress parent-flow (satisfied (Path is satisfied), interface: en0[802.11], uses wifi, LQM: unknown)] received child report: [C1.1 Hostname#3f0b9f7e:62211 waiting path (satisfied (Path is satisfied), interface: en0[802.11], uses wifi, LQM: unknown)]
2026-08-17 11:28:17.531 Df YourSofia[99787:320a34] [com.apple.network:connection] [C1.1 Hostname#3f0b9f7e:62211 waiting path (satisfied (Path is satisfied), interface: en0[802.11], uses wifi, LQM: unknown)] event: path:satisfied @0.002s, uuid: A3F7C59D-B6D8-4786-83CD-5866C19FDAD8
2026-08-17 11:28:17.531 Db YourSofia[99787:320a34] [com.apple.network:] nw_endpoint_proxy_handler_should_use_proxy Looking up proxy for hostname: localhost, ifindex: 0
2026-08-17 11:28:17.531 Db YourSofia[99787:320a34] [com.apple.SystemConfiguration:SCPreferences] create <SCPreferences 0x10580c9f0 [0x1e6193a48]> {name = SCDynamicStoreCopyProxiesWithOptions, id = /Library/Managed Preferences/mobile/com.apple.SystemConfiguration.plist, path = /Library/Managed Preferences/mobile/com.apple.SystemConfiguration.plist}
2026-08-17 11:28:17.531 Db YourSofia[99787:320a34] [com.apple.SystemConfiguration:SCPreferences] SCPreferences() access: /Library/Managed Preferences/mobile/com.apple.SystemConfiguration.plist, size=0
2026-08-17 11:28:17.531 Db YourSofia[99787:320a34] [com.apple.SystemConfiguration:SCPreferences] release <SCPreferences 0x10580c9f0 [0x1e6193a48]> {name = SCDynamicStoreCopyProxiesWithOptions, id = /Library/Managed Preferences/mobile/com.apple.SystemConfiguration.plist, path = /Library/Managed Preferences/mobile/com.apple.SystemConfiguration.plist, accessed}
2026-08-17 11:28:17.531 Db YourSofia[99787:320a34] [com.apple.network:connection] -[NWConcrete_nw_endpoint_resolver startWithHandler:] [C1.1 Hostname#3f0b9f7e:62211 waiting resolver (satisfied (Path is satisfied), interface: en0[802.11], uses wifi, LQM: unknown)]
2026-08-17 11:28:17.531 Db YourSofia[99787:320a34] [com.apple.network:connection] nw_endpoint_flow_receive_report [C1 Hostname#3f0b9f7e:62211 in_progress parent-flow (satisfied (Path is satisfied), interface: en0[802.11], uses wifi, LQM: unknown)] received child report: [C1.1 Hostname#3f0b9f7e:62211 in_progress resolver (satisfied (Path is satisfied), interface: en0[802.11], uses wifi, LQM: unknown)]
2026-08-17 11:28:17.531 Df YourSofia[99787:320a34] [com.apple.network:connection] [C1.1 Hostname#3f0b9f7e:62211 in_progress resolver (satisfied (Path is satisfied), interface: en0[802.11], uses wifi, LQM: unknown)] event: resolver:start_dns @0.002s
2026-08-17 11:28:17.531 Db YourSofia[99787:320a34] [com.apple.networkextension:] ne_tracker_check_is_hostname_blocked() proceeding with the in_the_app check for hostname: localhost
2026-08-17 11:28:17.531 I  YourSofia[99787:320a1c] [com.apple.ManagedConfiguration:MC] Reading from private effective user settings.
2026-08-17 11:28:17.532 Db YourSofia[99787:320a1c] [com.apple.defaults:User Defaults] setting {
    KeyboardPrediction = 0;
} in CFPrefsPlistSource<0x600002c07300> (Domain: com.apple.keyboard.preferences, User: kCFPreferencesCurrentUser, ByHost: No, Container: (null), Contents Need Refresh: No)
2026-08-17 11:28:17.531 Db YourSofia[99787:320a34] [com.apple.CFBundle:resources] Resource lookup at CFBundle 0x600003b082a0 </Users/valentinasenov/Library/Developer/CoreSimulator/Devices/4EC5F74C-5A9C-4D89-8E44-374310E684AE/data/Containers/Bundle/Application/A01C5F69-BB9C-48BF-96DA-638EDBEBF8DB/YourSofia.app> (executable, loaded)
	Request       : InfoPlist type: strings
	Result        : None
2026-08-17 11:28:17.532 Db YourSofia[99787:320a34] [com.apple.CFBundle:resources] Resource lookup at CFBundle 0x600003b082a0 </Users/valentinasenov/Library/Developer/CoreSimulator/Devices/4EC5F74C-5A9C-4D89-8E44-374310E684AE/data/Containers/Bundle/Application/A01C5F69-BB9C-48BF-96DA-638EDBEBF8DB/YourSofia.app> (executable, loaded)
	Request       : InfoPlist type: stringsdict
	Result        : None
2026-08-17 11:28:17.532 Db YourSofia[99787:320a34] [com.apple.networkextension:] ne_tracker_check_is_hostname_blocked(): hostname localhost is not a tracker. Returning: ne_tracker_status_none
2026-08-17 11:28:17.532 Df YourSofia[99787:320a1c] (CloudSettings) [writeToCloudSettings:forStore] - cloudsettings feature disabled
2026-08-17 11:28:17.532 I  YourSofia[99787:320a34] [com.apple.network:connection] nw_resolver_create_dns_service_locked [C1.1] Starting host resolution Hostname#3f0b9f7e:62211, flags 0xc000d000 proto 0
2026-08-17 11:28:17.532 Df YourSofia[99787:320a34] [com.apple.CFNetwork:Default] Task <4662346A-5B0B-40EA-B4E9-E7AB0D7E15F8>.<1> setting up Connection 1
2026-08-17 11:28:17.532 Db YourSofia[99787:320a34] [com.apple.network:activity] Returning should log: 0 for activity cfnetwork:foreground_task
2026-08-17 11:28:17.532 I  YourSofia[99787:320a34] [com.apple.network:connection] nw_resolver_host_resolve_callback [C1.1] flags=0x40000003 ifindex=4294967295 error=NoError(0) hostname=localhost. addr=IPv6#8b7a8296 ttl=1
2026-08-17 11:28:17.532 Db YourSofia[99787:320a1c] [com.apple.defaults:User Defaults] CFPrefsPlistSource<0x600002c07480> (Domain: com.apple.keyboard.preferences, User: kCFPreferencesCurrentUser, ByHost: No, Container: /Users/valentinasenov/Library/Developer/CoreSimulator/Devices/4EC5F74C-5A9C-4D89-8E44-374310E684AE/data, Contents Need Refresh: No) loaded: a new base plist and no additional changes from the base plist
2026-08-17 11:28:17.532 Db YourSofia[99787:320a1c] [com.apple.defaults:User Defaults] CFPrefsPlistSource<0x600002c07600> (Domain: com.apple.keyboard.preferences, User: kCFPreferencesCurrentUser, ByHost: Yes, Container: (null), Contents Need Refresh: No) loaded: an empty base plist and no additional changes from the base plist
2026-08-17 11:28:17.532 I  YourSofia[99787:320a34] [com.apple.network:connection] nw_resolver_host_resolve_callback [C1.1] flags=0x40000002 ifindex=4294967295 error=NoError(0) hostname=localhost. addr=IPv4#0bd3bcde ttl=1
2026-08-17 11:28:17.532 Db YourSofia[99787:320a1c] [com.apple.defaults:User Defaults] found no value for key KeyboardShowPredictionBar in CFPrefsSearchListSource<0x600002c07280> (Domain: com.apple.keyboard.preferences, Container: (null) Non-launch persona: 0)
2026-08-17 11:28:17.532 Db YourSofia[99787:320a1c] [com.apple.defaults:User Defaults] setting {
    KeyboardShowPredictionBar = 0;
} in CFPrefsPlistSource<0x600002c07300> (Domain: com.apple.keyboard.preferences, User: kCFPreferencesCurrentUser, ByHost: No, Container: (null), Contents Need Refresh: No)
2026-08-17 11:28:17.532 Db YourSofia[99787:320a34] [com.apple.network:] sa_dst_compare_rfc6724 Rule 6, prefer d2, d2 precedence 50 > d1 precedence 35
2026-08-17 11:28:17.533 Db YourSofia[99787:320a34] [com.apple.network:] sa_dst_compare_internal <private>@0 < <private>@0
2026-08-17 11:28:17.533 Db YourSofia[99787:320a34] [com.apple.network:connection] nw_endpoint_resolver_update [C1.1 Hostname#3f0b9f7e:62211 in_progress resolver (satisfied (Path is satisfied), interface: en0[802.11], uses wifi, LQM: unknown)] resolver is complete
2026-08-17 11:28:17.533 Df YourSofia[99787:320a34] [com.apple.network:connection] nw_endpoint_resolver_update [C1.1 Hostname#3f0b9f7e:62211 in_progress resolver (satisfied (Path is satisfied), interface: en0[802.11], uses wifi, LQM: unknown)] Adding endpoint handler for IPv6#24a6efcb.62211
2026-08-17 11:28:17.533 Db YourSofia[99787:320a1c] [com.apple.defaults:User Defaults] CFPrefsPlistSource<0x600002c07480> (Domain: com.apple.keyboard.preferences, User: kCFPreferencesCurrentUser, ByHost: No, Container: /Users/valentinasenov/Library/Developer/CoreSimulator/Devices/4EC5F74C-5A9C-4D89-8E44-374310E684AE/data, Contents Need Refresh: No) loaded: a new base plist and no additional changes from the base plist
2026-08-17 11:28:17.533 Db YourSofia[99787:320a1c] [com.apple.defaults:User Defaults] CFPrefsPlistSource<0x600002c07600> (Domain: com.apple.keyboard.preferences, User: kCFPreferencesCurrentUser, ByHost: Yes, Container: (null), Contents Need Refresh: No) loaded: an empty base plist and no additional changes from the base plist
2026-08-17 11:28:17.533 Db YourSofia[99787:320a1c] [com.apple.defaults:User Defaults] found no value for key DidShowGestureKeyboardIntroduction in CFPrefsSearchListSource<0x600002c07280> (Domain: com.apple.keyboard.preferences, Container: (null) Non-launch persona: 0)
2026-08-17 11:28:17.533 Db YourSofia[99787:320a1c] [com.apple.defaults:User Defaults] setting {
    DidShowGestureKeyboardIntroduction = 1;
} in CFPrefsPlistSource<0x600002c07300> (Domain: com.apple.keyboard.preferences, User: kCFPreferencesCurrentUser, ByHost: No, Container: (null), Contents Need Refresh: No)
2026-08-17 11:28:17.533 Df YourSofia[99787:320a34] [com.apple.network:connection] nw_endpoint_resolver_update [C1.1 Hostname#3f0b9f7e:62211 in_progress resolver (satisfied (Path is satisfied), interface: en0[802.11], uses wifi, LQM: unknown)] Adding endpoint handler for IPv4#7f2c6b0d:62211
2026-08-17 11:28:17.533 Db YourSofia[99787:320a34] [com.apple.network:connection] nw_endpoint_resolver_update [C1.1 Hostname#3f0b9f7e:62211 in_progress resolver (satisfied (Path is satisfied), interface: en0[802.11], uses wifi, LQM: unknown)] Updated endpoint list is (IPv6#24a6efcb.62211,IPv4#7f2c6b0d:62211)
2026-08-17 11:28:17.533 Db YourSofia[99787:320a34] [com.apple.network:connection] nw_endpoint_flow_receive_report [C1 Hostname#3f0b9f7e:62211 in_progress parent-flow (satisfied (Path is satisfied), interface: en0[802.11], uses wifi, LQM: unknown)] received child report: [C1.1 Hostname#3f0b9f7e:62211 in_progress resolver (satisfied (Path is satisfied), interface: en0[802.11], uses wifi, LQM: unknown)]
2026-08-17 11:28:17.533 Df YourSofia[99787:320a34] [com.apple.network:connection] [C1.1 Hostname#3f0b9f7e:62211 in_progress resolver (satisfied (Path is satisfied), interface: en0[802.11], uses wifi, LQM: unknown)] event: resolver:receive_dns @0.004s
2026-08-17 11:28:17.533 I  YourSofia[99787:320a34] [com.apple.network:connection] nw_endpoint_resolver_start_next_child [C1.1 Hostname#3f0b9f7e:62211 in_progress resolver (satisfied (Path is satisfied), interface: en0[802.11], uses wifi, LQM: unknown)] starting child endpoint IPv6#24a6efcb.62211
2026-08-17 11:28:17.533 I  YourSofia[99787:320a34] [com.apple.network:connection] nw_endpoint_handler_start [C1.1.1 IPv6#24a6efcb.62211 initial path ((null))]
2026-08-17 11:28:17.533 Db YourSofia[99787:320a34] [com.apple.network:connection] nw_endpoint_resolver_receive_report [C1.1 Hostname#3f0b9f7e:62211 in_progress resolver (satisfied (Path is satisfied), interface: en0[802.11], uses wifi, LQM: unknown)] received child report: [C1.1.1 IPv6#24a6efcb.62211 initial path ((null))]
2026-08-17 11:28:17.534 Db YourSofia[99787:320a34] [com.apple.network:connection] nw_endpoint_flow_receive_report [C1 Hostname#3f0b9f7e:62211 in_progress parent-flow (satisfied (Path is satisfied), interface: en0[802.11], uses wifi, LQM: unknown)] received child report: [C1.1.1 IPv6#24a6efcb.62211 initial path ((null))]
2026-08-17 11:28:17.534 Df YourSofia[99787:320a34] [com.apple.network:connection] [C1.1.1 IPv6#24a6efcb.62211 initial path ((null))] event: path:start @0.005s
2026-08-17 11:28:17.534 Db YourSofia[99787:320a34] [com.apple.network:connection] nw_endpoint_handler_path_change [C1.1.1 IPv6#24a6efcb.62211 waiting path (satisfied (Path is satisfied), interface: lo0)]
2026-08-17 11:28:17.534 Db YourSofia[99787:320a34] [com.apple.network:connection] nw_endpoint_resolver_receive_report [C1.1 Hostname#3f0b9f7e:62211 in_progress resolver (satisfied (Path is satisfied), interface: en0[802.11], uses wifi, LQM: unknown)] received child report: [C1.1.1 IPv6#24a6efcb.62211 waiting path (satisfied (Path is satisfied), interface: lo0)]
2026-08-17 11:28:17.534 Db YourSofia[99787:320a34] [com.apple.network:connection] nw_endpoint_flow_receive_report [C1 Hostname#3f0b9f7e:62211 in_progress parent-flow (satisfied (Path is satisfied), interface: en0[802.11], uses wifi, LQM: unknown)] received child report: [C1.1.1 IPv6#24a6efcb.62211 waiting path (satisfied (Path is satisfied), interface: lo0)]
2026-08-17 11:28:17.534 Df YourSofia[99787:320a1c] [com.apple.BoardServices:XPCErrors] [C:1] Alloc com.apple.frontboard.systemappservices
2026-08-17 11:28:17.534 Df YourSofia[99787:320a34] [com.apple.network:connection] [C1.1.1 IPv6#24a6efcb.62211 waiting path (satisfied (Path is satisfied), interface: lo0)] event: path:satisfied @0.005s, uuid: B3ED587E-51EC-4002-B5C2-34D9CE3CB877
2026-08-17 11:28:17.534 Df YourSofia[99787:320a1c] [com.apple.xpc:connection] [0x105908c70] activating connection: mach=false listener=false peer=false name=(anonymous)
2026-08-17 11:28:17.534 Db YourSofia[99787:320a34] [com.apple.network:] nw_endpoint_proxy_handler_should_use_proxy Looking up proxy for hostname: <nil>, ifindex: 0
2026-08-17 11:28:17.534 Db YourSofia[99787:320a34] [com.apple.SystemConfiguration:SCPreferences] create <SCPreferences 0x10580d000 [0x1e6193a48]> {name = SCDynamicStoreCopyProxiesWithOptions, id = /Library/Managed Preferences/mobile/com.apple.SystemConfiguration.plist, path = /Library/Managed Preferences/mobile/com.apple.SystemConfiguration.plist}
2026-08-17 11:28:17.534 Db YourSofia[99787:320a34] [com.apple.SystemConfiguration:SCPreferences] SCPreferences() access: /Library/Managed Preferences/mobile/com.apple.SystemConfiguration.plist, size=0
2026-08-17 11:28:17.534 Db YourSofia[99787:320a34] [com.apple.SystemConfiguration:SCPreferences] release <SCPreferences 0x10580d000 [0x1e6193a48]> {name = SCDynamicStoreCopyProxiesWithOptions, id = /Library/Managed Preferences/mobile/com.apple.SystemConfiguration.plist, path = /Library/Managed Preferences/mobile/com.apple.SystemConfiguration.plist, accessed}
2026-08-17 11:28:17.534 I  YourSofia[99787:320a34] [com.apple.network:connection] nw_association_create_flow <nw_association IPv6#24a6efcb.62211> Added association flow ID 7E8DC82E-F488-4002-B47A-AB1A2A75F26C
2026-08-17 11:28:17.534 I  YourSofia[99787:320a34] [com.apple.network:connection] nw_endpoint_flow_setup_protocols [C1.1.1 IPv6#24a6efcb.62211 in_progress socket-flow (satisfied (Path is satisfied), interface: lo0)] setup flow id 7E8DC82E-F488-4002-B47A-AB1A2A75F26C
2026-08-17 11:28:17.534 Db YourSofia[99787:320a34] [com.apple.network:connection] nw_endpoint_flow_attach_protocols [C1.1.1 IPv6#24a6efcb.62211 in_progress socket-flow (satisfied (Path is satisfied), interface: lo0)]
2026-08-17 11:28:17.534 Db YourSofia[99787:320a34] [com.apple.network:connection] nw_endpoint_flow_attach_protocols_block_invoke [C1.1.1 IPv6#24a6efcb.62211 in_progress socket-flow (satisfied (Path is satisfied), interface: lo0)] Attached application protocol: CFNetworkConnection-2651856638
2026-08-17 11:28:17.534 Db YourSofia[99787:320a34] [com.apple.network:] nw_fd_wrapper_create Created <fd_wrapper 7, guarded: false>
2026-08-17 11:28:17.535 Db YourSofia[99787:320a34] [com.apple.network:connection] nw_endpoint_flow_attach_protocols [C1.1.1 IPv6#24a6efcb.62211 in_progress socket-flow (satisfied (Path is satisfied), interface: lo0)] Attached socket protocol
2026-08-17 11:28:17.535 Db YourSofia[99787:320a34] [com.apple.network:connection] nw_endpoint_flow_setup_protocols [C1.1.1 IPv6#24a6efcb.62211 in_progress socket-flow (satisfied (Path is satisfied), interface: lo0)] leaf flow starting
2026-08-17 11:28:17.535 Db YourSofia[99787:320a34] [com.apple.network:connection] nw_endpoint_resolver_receive_report [C1.1 Hostname#3f0b9f7e:62211 in_progress resolver (satisfied (Path is satisfied), interface: en0[802.11], uses wifi, LQM: unknown)] received child report: [C1.1.1 IPv6#24a6efcb.62211 in_progress socket-flow (satisfied (Path is satisfied), interface: lo0)]
2026-08-17 11:28:17.535 Db YourSofia[99787:320a34] [com.apple.network:connection] nw_endpoint_flow_receive_report [C1 Hostname#3f0b9f7e:62211 in_progress parent-flow (satisfied (Path is satisfied), interface: en0[802.11], uses wifi, LQM: unknown)] received child report: [C1.1.1 IPv6#24a6efcb.62211 in_progress socket-flow (satisfied (Path is satisfied), interface: lo0)]
2026-08-17 11:28:17.535 Df YourSofia[99787:320a34] [com.apple.network:connection] [C1.1.1 IPv6#24a6efcb.62211 in_progress socket-flow (satisfied (Path is satisfied), interface: lo0)] event: flow:start_connect @0.006s
2026-08-17 11:28:17.535 I  YourSofia[99787:320a34] [com.apple.network:connection] nw_endpoint_resolver_start_next_child [C1.1 Hostname#3f0b9f7e:62211 in_progress resolver (satisfied (Path is satisfied), interface: en0[802.11], uses wifi, LQM: unknown)] starting next child endpoint in 100ms
2026-08-17 11:28:17.535 Db YourSofia[99787:320a34] [com.apple.network:connection] nw_socket_handle_socket_event [C1.1.1:2] Event mask: 0x800
2026-08-17 11:28:17.535 Df YourSofia[99787:320a34] [com.apple.network:connection] nw_socket_handle_socket_event [C1.1.1:2] Socket received CONNECTED event
2026-08-17 11:28:17.535 Db YourSofia[99787:320a34] [com.apple.network:connection] nw_socket_setup_notsent_lowat [C1.1.1:2] Set TCP_NOTSENT_LOWAT(16384)
2026-08-17 11:28:17.535 Df YourSofia[99787:320a34] [com.apple.network:connection] nw_flow_connected [C1.1.1 IPv6#24a6efcb.62211 in_progress socket-flow (satisfied (Path is satisfied), interface: lo0)] Transport protocol connected (socket)
2026-08-17 11:28:17.535 Db YourSofia[99787:320a34] [com.apple.network:connection] nw_endpoint_resolver_receive_report [C1.1 Hostname#3f0b9f7e:62211 in_progress resolver (satisfied (Path is satisfied), interface: en0[802.11], uses wifi, LQM: unknown)] received child report: [C1.1.1 IPv6#24a6efcb.62211 in_progress socket-flow (satisfied (Path is satisfied), interface: lo0)]
2026-08-17 11:28:17.535 Db YourSofia[99787:320a34] [com.apple.network:connection] nw_endpoint_flow_receive_report [C1 Hostname#3f0b9f7e:62211 in_progress parent-flow (satisfied (Path is satisfied), interface: en0[802.11], uses wifi, LQM: unknown)] received child report: [C1.1.1 IPv6#24a6efcb.62211 in_progress socket-flow (satisfied (Path is satisfied), interface: lo0)]
2026-08-17 11:28:17.535 Df YourSofia[99787:320a34] [com.apple.network:connection] [C1.1.1 IPv6#24a6efcb.62211 in_progress socket-flow (satisfied (Path is satisfied), interface: lo0)] event: flow:finish_transport @0.006s
2026-08-17 11:28:17.535 I  YourSofia[99787:320a34] [com.apple.network:connection] nw_endpoint_resolver_receive_report [C1.1 Hostname#3f0b9f7e:62211 in_progress resolver (satisfied (Path is satisfied), interface: en0[802.11], uses wifi, LQM: unknown)] pushing out endpoint race by 2000ms
2026-08-17 11:28:17.535 Df YourSofia[99787:320a34] [com.apple.network:connection] nw_flow_connected [C1.1.1 IPv6#24a6efcb.62211 in_progress socket-flow (satisfied (Path is satisfied), interface: lo0)] Output protocol connected (CFNetworkConnection-2651856638)
2026-08-17 11:28:17.535 Db YourSofia[99787:320a34] [com.apple.network:connection] nw_endpoint_flow_connected_path_change [C1.1.1 IPv6#24a6efcb.62211 ready socket-flow (satisfied (Path is satisfied), interface: lo0)]
2026-08-17 11:28:17.535 I  YourSofia[99787:320a34] [com.apple.network:connection] nw_endpoint_flow_connected_path_change [C1.1.1 IPv6#24a6efcb.62211 ready socket-flow (satisfied (Path is satisfied), interface: lo0)] Connected path is satisfied, not viable
2026-08-17 11:28:17.535 Db YourSofia[99787:320a34] [com.apple.network:connection] nw_endpoint_resolver_receive_report [C1.1 Hostname#3f0b9f7e:62211 in_progress resolver (satisfied (Path is satisfied), interface: en0[802.11], uses wifi, LQM: unknown)] received child report: [C1.1.1 IPv6#24a6efcb.62211 ready socket-flow (satisfied (Path is satisfied), interface: lo0)]
2026-08-17 11:28:17.535 Db YourSofia[99787:320a34] [com.apple.network:connection] nw_endpoint_flow_receive_report [C1 Hostname#3f0b9f7e:62211 in_progress parent-flow (satisfied (Path is satisfied), interface: en0[802.11], uses wifi, LQM: unknown)] received child report: [C1.1.1 IPv6#24a6efcb.62211 ready socket-flow (satisfied (Path is satisfied), interface: lo0)]
2026-08-17 11:28:17.535 Df YourSofia[99787:320a34] [com.apple.network:connection] [C1.1.1 IPv6#24a6efcb.62211 ready socket-flow (satisfied (Path is satisfied), interface: lo0)] event: flow:child_finish_connect @0.006s
2026-08-17 11:28:17.535 Db YourSofia[99787:320a34] [com.apple.network:connection] nw_endpoint_flow_receive_report [C1 IPv6#24a6efcb.62211 in_progress parent-flow (satisfied (Path is satisfied), interface: en0[802.11], uses wifi, LQM: unknown)] connecting endpoint_flow to child's shared protocol
2026-08-17 11:28:17.535 Db YourSofia[99787:320a34] [com.apple.network:connection] nw_endpoint_flow_setup_protocols [C1 IPv6#24a6efcb.62211 in_progress parent-flow (satisfied (Path is satisfied), interface: en0[802.11], uses wifi, LQM: unknown)] already set up
2026-08-17 11:28:17.535 Db YourSofia[99787:320a34] [com.apple.network:connection] nw_endpoint_flow_setup_protocols [C1 IPv6#24a6efcb.62211 in_progress parent-flow (satisfied (Path is satisfied), interface: en0[802.11], uses wifi, LQM: unknown)] child flow connected, starting
2026-08-17 11:28:17.535 Db YourSofia[99787:320a34] [com.apple.network:connection] nw_endpoint_flow_setup_protocols [C1 IPv6#24a6efcb.62211 in_progress parent-flow (satisfied (Path is satisfied), interface: en0[802.11], uses wifi, LQM: unknown)] already started
2026-08-17 11:28:17.535 Db YourSofia[99787:320a34] [com.apple.network:connection] nw_endpoint_flow_receive_report [C1 IPv6#24a6efcb.62211 in_progress parent-flow (satisfied (Path is satisfied), interface: en0[802.11], uses wifi, LQM: unknown)] received child report: [C1.1 Hostname#3f0b9f7e:62211 ready resolver (satisfied (Path is satisfied), interface: en0[802.11], uses wifi, LQM: unknown)]
2026-08-17 11:28:17.535 Df YourSofia[99787:320a34] [com.apple.network:connection] [C1.1 Hostname#3f0b9f7e:62211 ready resolver (satisfied (Path is satisfied), interface: en0[802.11], uses wifi, LQM: unknown)] event: flow:child_finish_connect @0.007s
2026-08-17 11:28:17.535 I  YourSofia[99787:320a34] [com.apple.network:connection] nw_endpoint_handler_cancel [C1.1.2 IPv4#7f2c6b0d:62211 initial path ((null))]
2026-08-17 11:28:17.535 Df YourSofia[99787:320a34] [com.apple.network:connection] nw_flow_connected [C1 IPv6#24a6efcb.62211 in_progress parent-flow (satisfied (Path is satisfied), interface: en0[802.11], uses wifi, LQM: unknown)] Output protocol connected (endpoint_flow)
2026-08-17 11:28:17.535 Db YourSofia[99787:320a34] [com.apple.network:connection] nw_endpoint_flow_connected_path_change [C1 IPv6#24a6efcb.62211 ready parent-flow (satisfied (Path is satisfied), interface: en0[802.11], uses wifi, LQM: unknown)]
2026-08-17 11:28:17.535 I  YourSofia[99787:320a34] [com.apple.network:connection] nw_endpoint_flow_connected_path_change [C1 IPv6#24a6efcb.62211 ready parent-flow (satisfied (Path is satisfied), interface: en0[802.11], uses wifi, LQM: unknown)] Connected path is satisfied, child is not viable
2026-08-17 11:28:17.535 Df YourSofia[99787:320a34] [com.apple.network:connection] [C1 IPv6#24a6efcb.62211 ready parent-flow (satisfied (Path is satisfied), interface: en0[802.11], uses wifi, LQM: unknown)] event: flow:finish_connect @0.007s
2026-08-17 11:28:17.535 Db YourSofia[99787:320a34] [com.apple.network:connection] nw_connection_run_pqtls_probe_locked_on_nw_queue [C1] No TLS metadata; not running PQ-TLS probe
2026-08-17 11:28:17.536 Db YourSofia[99787:320a34] [com.apple.network:connection] nw_connection_run_ech_probe_locked_on_nw_queue [C1] stack doesn't include TLS; not running ECH probe
2026-08-17 11:28:17.536 Db YourSofia[99787:320a34] [com.apple.network:connection] nw_connection_endpoint_report_on_nw_queue_block_invoke [C1] Connected fallback generation 0
2026-08-17 11:28:17.536 I  YourSofia[99787:320a34] [com.apple.network:connection] nw_connection_start_candidate_manager_if_needed_locked [C1] Checking whether to start candidate manager
2026-08-17 11:28:17.536 Db YourSofia[99787:320a34] [com.apple.network:connection] nw_connection_start_candidate_manager_if_needed_locked [C1] Connection does not support multipath, not starting candidate manager
2026-08-17 11:28:17.536 Df YourSofia[99787:320a34] [com.apple.network:connection] nw_connection_report_state_with_handler_on_nw_queue [C1] reporting state ready
2026-08-17 11:28:17.536 Df YourSofia[99787:320a34] [com.apple.CFNetwork:Default] Connection 1: connected successfully
2026-08-17 11:28:17.536 Df YourSofia[99787:320a34] [com.apple.CFNetwork:Default] Connection 1: ready C(N) E(N)
2026-08-17 11:28:17.536 Db YourSofia[99787:320a34] [com.apple.CFNetwork:Default] Task <4662346A-5B0B-40EA-B4E9-E7AB0D7E15F8>.<1> done setting up Connection 1
2026-08-17 11:28:17.536 Db YourSofia[99787:320a34] [com.apple.network:activity] Returning should log: 0 for activity cfnetwork:foreground_task
2026-08-17 11:28:17.536 Df YourSofia[99787:320a34] [com.apple.CFNetwork:Default] Task <4662346A-5B0B-40EA-B4E9-E7AB0D7E15F8>.<1> now using Connection 1
2026-08-17 11:28:17.536 Db YourSofia[99787:320a34] [com.apple.network:activity] Returning should log: 0 for activity cfnetwork:foreground_task
2026-08-17 11:28:17.536 Db YourSofia[99787:320a34] [com.apple.CFBundle:loading] dyld image path for pointer 0x184e41958 is /Library/Developer/CoreSimulator/Volumes/iOS_23D8133/Library/Developer/CoreSimulator/Profiles/Runtimes/iOS 26.3.simruntime/Contents/Resources/RuntimeRoot/System/Library/Frameworks/CFNetwork.framework/CFNetwork
2026-08-17 11:28:17.536 Db YourSofia[99787:320a5a] [com.apple.BaseBoard:MachPort]  *|machport|* <BSMachPortTaskNameRight: 0x600001722100; usable: YES; (99787:3713:send task_name_for_pid:SpringBoard.99763)> -> (<NSThread: 0x600001709b40>{number = 2, name = (null)}) (
	0   BaseBoard                           0x00000001840447e0 -[BSMachPortRight _initWithPort:type:owner:trace:] + 192
	1   BaseBoard                           0x0000000184046754 -[BSMachPortTaskNameRight initWithPID:] + 260
	2   BaseBoard                           0x00000001840465f4 +[BSMachPortTaskNameRight taskNameForPID:] + 56
	3   BaseBoard                           0x000000018405971c +[BSProcessHandle processHandleForXPCConnection:] + 176
	4   BoardServices                       0x000000018812e73c +[BSXPCServiceConnectionPeer peerOfConnection:] + 312
	5   BoardServices                       0x0000000188163cb4 __55-[BSXPCServiceConnection _lock_activateNowOrWhenReady:]_block_invoke_2 + 136
	6   BoardServices                       0x000000018815a2fc __55-[BSXPCServiceConnectionMessage _actuallySendWithMode:]_block_invoke +
2026-08-17 11:28:17.536 Db YourSofia[99787:320a1c] [com.apple.defaults:User Defaults] CFPrefsPlistSource<0x600002c07480> (Domain: com.apple.keyboard.preferences, User: kCFPreferencesCurrentUser, ByHost: No, Container: /Users/valentinasenov/Library/Developer/CoreSimulator/Devices/4EC5F74C-5A9C-4D89-8E44-374310E684AE/data, Contents Need Refresh: No) loaded: a new base plist and no additional changes from the base plist
2026-08-17 11:28:17.536 Db YourSofia[99787:320a34] [com.apple.CFBundle:loading] dlfcn check load bundle CFBundle 0x600003b080e0 </Library/Developer/CoreSimulator/Volumes/iOS_23D8133/Library/Developer/CoreSimulator/Profiles/Runtimes/iOS 26.3.simruntime/Contents/Resources/RuntimeRoot/System/Library/Frameworks/CFNetwork.framework> (not loaded), dlopen of /Library/Developer/CoreSimulator/Volumes/iOS_23D8133/Library/Developer/CoreSimulator/Profiles/Runtimes/iOS 26.3.simruntime/Contents/Resources/RuntimeRoot/System/Library/Frameworks/CFNetwork.framework/CFNetwork mode 0x115 getting handle 0x9c111
2026-08-17 11:28:17.536 Db YourSofia[99787:320a1c] [com.apple.defaults:User Defaults] CFPrefsPlistSource<0x600002c07600> (Domain: com.apple.keyboard.preferences, User: kCFPreferencesCurrentUser, ByHost: Yes, Container: (null), Contents Need Refresh: No) loaded: an empty base plist and no additional changes from the base plist
2026-08-17 11:28:17.536 Db YourSofia[99787:320a1c] [com.apple.defaults:User Defaults] looked up value 1 for key DidShowContinuousPathIntroduction in CFPrefsPlistSource<0x600002c07480> (Domain: com.apple.keyboard.preferences, User: kCFPreferencesCurrentUser, ByHost: No, Container: /Users/valentinasenov/Library/Developer/CoreSimulator/Devices/4EC5F74C-5A9C-4D89-8E44-374310E684AE/data, Contents Need Refresh: No) via CFPrefsSearchListSource<0x600002c07280> (Domain: com.apple.keyboard.preferences, Container: (null) Non-launch persona: 0)
2026-08-17 11:28:17.537 Db YourSofia[99787:320a34] [com.apple.CFBundle:resources] Language lookup at CFBundle 0x600003b080e0 </Library/Developer/CoreSimulator/Volumes/iOS_23D8133/Library/Developer/CoreSimulator/Profiles/Runtimes/iOS 26.3.simruntime/Contents/Resources/RuntimeRoot/System/Library/Frameworks/CFNetwork.framework> (framework, loaded)
	Localizations : [de, ur, he, en_AU, ar, el, ja, mr, en, uk, es_419, gu, zh_CN, kn, pa, es, sl, or, pt_BR, da, it, bg, sk, kk, pt_PT, ms, ta, ml, sv, te, cs, ko, no, hu, zh_HK, tr, pl, zh_TW, en_GB, vi, lt, ru, fr_CA, fr, fi, id, nl, th, bn, ro, hr, hi, ca]
	Dev language  : en
	User prefs    : [en-US, bg-US]
	Main bundle   : [en]
	Allow mixed   : 0 
	Result        : [en]
2026-08-17 11:28:17.537 Db YourSofia[99787:320a34] [com.apple.CFBundle:resources] Resource lookup at CFBundle 0x600003b080e0 </Library/Developer/CoreSimulator/Volumes/iOS_23D8133/Library/Developer/CoreSimulator/Profiles/Runtimes/iOS 26.3.simruntime/Contents/Resources/RuntimeRoot/System/Library/Frameworks/CFNetwork.framework> (framework, loaded)
	Request       : InfoPlist type: loctable
	Result        : None
2026-08-17 11:28:17.537 Db YourSofia[99787:320a34] [com.apple.CFBundle:resources] Resource lookup at CFBundle 0x600003b080e0 </Library/Developer/CoreSimulator/Volumes/iOS_23D8133/Library/Developer/CoreSimulator/Profiles/Runtimes/iOS 26.3.simruntime/Contents/Resources/RuntimeRoot/System/Library/Frameworks/CFNetwork.framework> (framework, loaded)
	Request       : InfoPlist type: strings
	Result        : None
2026-08-17 11:28:17.537 Db YourSofia[99787:320a34] [com.apple.CFBundle:resources] Resource lookup at CFBundle 0x600003b080e0 </Library/Developer/CoreSimulator/Volumes/iOS_23D8133/Library/Developer/CoreSimulator/Profiles/Runtimes/iOS 26.3.simruntime/Contents/Resources/RuntimeRoot/System/Library/Frameworks/CFNetwork.framework> (framework, loaded)
	Request       : InfoPlist type: stringsdict
	Result        : None
2026-08-17 11:28:17.537 Df YourSofia[99787:320a34] [com.apple.CFNetwork:Default] Task <4662346A-5B0B-40EA-B4E9-E7AB0D7E15F8>.<1> sent request, body N 0
2026-08-17 11:28:17.540 Df YourSofia[99787:320a5a] [com.apple.CFNetwork:Default] Task <4662346A-5B0B-40EA-B4E9-E7AB0D7E15F8>.<1> received response, status 101 content U
2026-08-17 11:28:17.540 Df YourSofia[99787:320a5a] [com.apple.CFNetwork:Default] Task <4662346A-5B0B-40EA-B4E9-E7AB0D7E15F8>.<1> response ended
2026-08-17 11:28:17.540 Df YourSofia[99787:320a5a] [com.apple.CFNetwork:Default] Task <4662346A-5B0B-40EA-B4E9-E7AB0D7E15F8>.<1> done using Connection 1
2026-08-17 11:28:17.540 Db YourSofia[99787:320a5a] [com.apple.network:activity] Returning should log: 0 for activity cfnetwork:foreground_task
2026-08-17 11:28:17.541 Db YourSofia[99787:320a5a] [com.apple.cfnetwork:websocket] Task <4662346A-5B0B-40EA-B4E9-E7AB0D7E15F8>.<1> handshake successful
2026-08-17 11:28:17.541 Db YourSofia[99787:320a34] [com.apple.network:connection] nw_endpoint_handler_modify_protocol_stack [C1.1.1 IPv6#24a6efcb.62211 ready socket-flow (satisfied (Path is satisfied), interface: lo0)] Modified protocol stack
2026-08-17 11:28:17.541 Db YourSofia[99787:320a34] [com.apple.network:connection] nw_endpoint_resolver_receive_report [C1.1 Hostname#3f0b9f7e:62211 ready resolver (satisfied (Path is satisfied), interface: en0[802.11], uses wifi, LQM: unknown)] received child report: [C1.1.1 IPv6#24a6efcb.62211 in_progress socket-flow (satisfied (Path is satisfied), interface: lo0)]
2026-08-17 11:28:17.541 Db YourSofia[99787:320a34] [com.apple.network:connection] nw_endpoint_flow_receive_report [C1 IPv6#24a6efcb.62211 ready parent-flow (satisfied (Path is satisfied), interface: en0[802.11], uses wifi, LQM: unknown)] received child report: [C1.1.1 IPv6#24a6efcb.62211 in_progress socket-flow (satisfied (Path is satisfied), interface: lo0)]
2026-08-17 11:28:17.541 Df YourSofia[99787:320a34] [com.apple.network:connection] [C1.1.1 IPv6#24a6efcb.62211 in_progress socket-flow (satisfied (Path is satisfied), interface: lo0)] event: flow:start_secondary_connect @0.013s
2026-08-17 11:28:17.541 Db YourSofia[99787:320a34] [com.apple.network:connection] nw_endpoint_flow_receive_report [C1 IPv6#24a6efcb.62211 ready parent-flow (satisfied (Path is satisfied), interface: en0[802.11], uses wifi, LQM: unknown)] received child report: [C1.1 Hostname#3f0b9f7e:62211 in_progress resolver (satisfied (Path is satisfied), interface: en0[802.11], uses wifi, LQM: unknown)]
2026-08-17 11:28:17.541 Df YourSofia[99787:320a34] [com.apple.network:connection] [C1.1 Hostname#3f0b9f7e:62211 in_progress resolver (satisfied (Path is satisfied), interface: en0[802.11], uses wifi, LQM: unknown)] event: flow:start_secondary_connect @0.013s
2026-08-17 11:28:17.541 Df YourSofia[99787:320a34] [com.apple.network:connection] [C1 IPv6#24a6efcb.62211 in_progress parent-flow (satisfied (Path is satisfied), interface: en0[802.11], uses wifi, LQM: unknown)] event: flow:start_secondary_connect @0.013s
2026-08-17 11:28:17.541 Df YourSofia[99787:320a34] [com.apple.network:connection] nw_connection_report_state_with_handler_on_nw_queue [C1] reporting state preparing
2026-08-17 11:28:17.542 Db YourSofia[99787:320a34] [com.apple.network:connection] nw_endpoint_resolver_receive_report [C1.1 Hostname#3f0b9f7e:62211 in_progress resolver (satisfied (Path is satisfied), interface: en0[802.11], uses wifi, LQM: unknown)] received child report: [C1.1.1 IPv6#24a6efcb.62211 in_progress socket-flow (satisfied (Path is satisfied), interface: lo0)]
2026-08-17 11:28:17.542 Db YourSofia[99787:320a34] [com.apple.network:connection] nw_endpoint_flow_receive_report [C1 IPv6#24a6efcb.62211 in_progress parent-flow (satisfied (Path is satisfied), interface: en0[802.11], uses wifi, LQM: unknown)] received child report: [C1.1.1 IPv6#24a6efcb.62211 in_progress socket-flow (satisfied (Path is satisfied), interface: lo0)]
2026-08-17 11:28:17.542 Df YourSofia[99787:320a34] [com.apple.network:connection] [C1.1.1 IPv6#24a6efcb.62211 in_progress socket-flow (satisfied (Path is satisfied), interface: lo0)] event: flow:start_connect @0.013s
2026-08-17 11:28:17.542 Db YourSofia[99787:320a34] [com.apple.network:connection] nw_endpoint_flow_receive_report [C1 IPv6#24a6efcb.62211 in_progress parent-flow (satisfied (Path is satisfied), interface: en0[802.11], uses wifi, LQM: unknown)] received child report: [C1.1 Hostname#3f0b9f7e:62211 in_progress resolver (satisfied (Path is satisfied), interface: en0[802.11], uses wifi, LQM: unknown)]
2026-08-17 11:28:17.542 Df YourSofia[99787:320a34] [com.apple.network:connection] [C1.1 Hostname#3f0b9f7e:62211 in_progress resolver (satisfied (Path is satisfied), interface: en0[802.11], uses wifi, LQM: unknown)] event: flow:start_connect @0.013s
2026-08-17 11:28:17.542 Df YourSofia[99787:320a34] [com.apple.network:connection] [C1 IPv6#24a6efcb.62211 in_progress parent-flow (satisfied (Path is satisfied), interface: en0[802.11], uses wifi, LQM: unknown)] event: flow:start_connect @0.013s
2026-08-17 11:28:17.542 Df YourSofia[99787:320a34] [com.apple.network:connection] nw_flow_connected [C1.1.1 IPv6#24a6efcb.62211 in_progress socket-flow (satisfied (Path is satisfied), interface: lo0)] Transport protocol connected (socket)
2026-08-17 11:28:17.542 Db YourSofia[99787:320a34] [com.apple.network:connection] nw_endpoint_resolver_receive_report [C1.1 Hostname#3f0b9f7e:62211 in_progress resolver (satisfied (Path is satisfied), interface: en0[802.11], uses wifi, LQM: unknown)] received child report: [C1.1.1 IPv6#24a6efcb.62211 in_progress socket-flow (satisfied (Path is satisfied), interface: lo0)]
2026-08-17 11:28:17.542 Db YourSofia[99787:320a34] [com.apple.network:connection] nw_endpoint_flow_receive_report [C1 IPv6#24a6efcb.62211 in_progress parent-flow (satisfied (Path is satisfied), interface: en0[802.11], uses wifi, LQM: unknown)] received child report: [C1.1.1 IPv6#24a6efcb.62211 in_progress socket-flow (satisfied (Path is satisfied), interface: lo0)]
2026-08-17 11:28:17.542 Df YourSofia[99787:320a34] [com.apple.network:connection] [C1.1.1 IPv6#24a6efcb.62211 in_progress socket-flow (satisfied (Path is satisfied), interface: lo0)] event: flow:finish_transport @0.013s
2026-08-17 11:28:17.542 Db YourSofia[99787:320a34] [com.apple.network:connection] nw_endpoint_flow_receive_report [C1 IPv6#24a6efcb.62211 in_progress parent-flow (satisfied (Path is satisfied), interface: en0[802.11], uses wifi, LQM: unknown)] received child report: [C1.1 Hostname#3f0b9f7e:62211 in_progress resolver (satisfied (Path is satisfied), interface: en0[802.11], uses wifi, LQM: unknown)]
2026-08-17 11:28:17.542 Df YourSofia[99787:320a34] [com.apple.network:connection] [C1.1 Hostname#3f0b9f7e:62211 in_progress resolver (satisfied (Path is satisfied), interface: en0[802.11], uses wifi, LQM: unknown)] event: flow:finish_transport @0.013s
2026-08-17 11:28:17.542 Df YourSofia[99787:320a34] [com.apple.network:connection] [C1 IPv6#24a6efcb.62211 in_progress parent-flow (satisfied (Path is satisfied), interface: en0[802.11], uses wifi, LQM: unknown)] event: flow:finish_transport @0.013s
2026-08-17 11:28:17.542 Df YourSofia[99787:320a34] [com.apple.network:connection] nw_flow_connected [C1.1.1 IPv6#24a6efcb.62211 in_progress socket-flow (satisfied (Path is satisfied), interface: lo0)] Output protocol connected (CFNetworkConnection-2651856638)
2026-08-17 11:28:17.543 Db YourSofia[99787:320a34] [com.apple.network:connection] nw_endpoint_flow_connected_path_change [C1.1.1 IPv6#24a6efcb.62211 ready socket-flow (satisfied (Path is satisfied), interface: lo0)]
2026-08-17 11:28:17.543 I  YourSofia[99787:320a34] [com.apple.network:connection] nw_endpoint_flow_connected_path_change [C1.1.1 IPv6#24a6efcb.62211 ready socket-flow (satisfied (Path is satisfied), interface: lo0)] Connected path is satisfied, not viable
2026-08-17 11:28:17.543 Db YourSofia[99787:320a34] [com.apple.network:connection] nw_endpoint_resolver_receive_report [C1.1 Hostname#3f0b9f7e:62211 in_progress resolver (satisfied (Path is satisfied), interface: en0[802.11], uses wifi, LQM: unknown)] received child report: [C1.1.1 IPv6#24a6efcb.62211 ready socket-flow (satisfied (Path is satisfied), interface: lo0)]
2026-08-17 11:28:17.543 Db YourSofia[99787:320a34] [com.apple.network:connection] nw_endpoint_flow_receive_report [C1 IPv6#24a6efcb.62211 in_progress parent-flow (satisfied (Path is satisfied), interface: en0[802.11], uses wifi, LQM: unknown)] received child report: [C1.1.1 IPv6#24a6efcb.62211 ready socket-flow (satisfied (Path is satisfied), interface: lo0)]
2026-08-17 11:28:17.543 Df YourSofia[99787:320a34] [com.apple.network:connection] [C1.1.1 IPv6#24a6efcb.62211 ready socket-flow (satisfied (Path is satisfied), interface: lo0)] event: flow:child_finish_connect @0.014s
2026-08-17 11:28:17.543 Db YourSofia[99787:320a34] [com.apple.network:connection] nw_endpoint_flow_receive_report [C1 IPv6#24a6efcb.62211 in_progress parent-flow (satisfied (Path is satisfied), interface: en0[802.11], uses wifi, LQM: unknown)] received child report: [C1.1 Hostname#3f0b9f7e:62211 ready resolver (satisfied (Path is satisfied), interface: en0[802.11], uses wifi, LQM: unknown)]
2026-08-17 11:28:17.543 Df YourSofia[99787:320a34] [com.apple.network:connection] [C1.1 Hostname#3f0b9f7e:62211 ready resolver (satisfied (Path is satisfied), interface: en0[802.11], uses wifi, LQM: unknown)] event: flow:child_finish_connect @0.014s
2026-08-17 11:28:17.543 Df YourSofia[99787:320a34] [com.apple.network:connection] [C1 IPv6#24a6efcb.62211 ready parent-flow (satisfied (Path is satisfied), interface: en0[802.11], uses wifi, LQM: unknown)] event: flow:finish_connect @0.014s
2026-08-17 11:28:17.543 Df YourSofia[99787:320a34] [com.apple.network:connection] nw_connection_report_state_with_handler_on_nw_queue [C1] reporting state ready
2026-08-17 11:28:17.543 Df YourSofia[99787:320a34] [com.apple.network:connection] nw_flow_connected [C1 IPv6#24a6efcb.62211 ready parent-flow (satisfied (Path is satisfied), interface: en0[802.11], uses wifi, LQM: unknown)] Output protocol connected (endpoint_flow)
2026-08-17 11:28:17.543 Db YourSofia[99787:320a34] [com.apple.network:connection] nw_endpoint_flow_connected_path_change [C1 IPv6#24a6efcb.62211 ready parent-flow (satisfied (Path is satisfied), interface: en0[802.11], uses wifi, LQM: unknown)]
2026-08-17 11:28:17.543 I  YourSofia[99787:320a34] [com.apple.network:connection] nw_endpoint_flow_connected_path_change [C1 IPv6#24a6efcb.62211 ready parent-flow (satisfied (Path is satisfied), interface: en0[802.11], uses wifi, LQM: unknown)] Connected path is satisfied, child is not viable
2026-08-17 11:28:17.546 Db YourSofia[99787:320a1c] [com.apple.CFBundle:resources] Resource lookup at CFBundle 0x600003b082a0 </Users/valentinasenov/Library/Developer/CoreSimulator/Devices/4EC5F74C-5A9C-4D89-8E44-374310E684AE/data/Containers/Bundle/Application/A01C5F69-BB9C-48BF-96DA-638EDBEBF8DB/YourSofia.app> (executable, loaded)
	Request       : InfoPlist type: strings
	Result        : None
2026-08-17 11:28:17.546 Db YourSofia[99787:320a1c] [com.apple.CFBundle:resources] Resource lookup at CFBundle 0x600003b082a0 </Users/valentinasenov/Library/Developer/CoreSimulator/Devices/4EC5F74C-5A9C-4D89-8E44-374310E684AE/data/Containers/Bundle/Application/A01C5F69-BB9C-48BF-96DA-638EDBEBF8DB/YourSofia.app> (executable, loaded)
	Request       : InfoPlist type: stringsdict
	Result        : None
2026-08-17 11:28:17.546 Df YourSofia[99787:320a1c] [com.apple.UserNotifications:Connections] [bg.sofia.yoursofia] Creating a user notification center
2026-08-17 11:28:17.561 Db YourSofia[99787:320a5a] [com.apple.defaults:User Defaults] found no value for key IIOEnableOOP in CFPrefsSearchListSource<0x600002c0c180> (Domain: bg.sofia.yoursofia, Container: (null) Non-launch persona: 0)
2026-08-17 11:28:17.561 A  YourSofia[99787:320a5a] (CoreFoundation) Loading Preferences From User Session CFPrefsD
2026-08-17 11:28:17.562 Db YourSofia[99787:320a5a] [com.apple.defaults:User Defaults] CFPrefsPlistSource<0x600002c1c180> (Domain: com.apple.ImageIO, User: kCFPreferencesCurrentUser, ByHost: No, Container: (null), Contents Need Refresh: No) loaded: an empty base plist and no additional changes from the base plist
2026-08-17 11:28:17.562 Db YourSofia[99787:320a5a] [com.apple.defaults:User Defaults] found no value for key IIOEnableOOP in CFPrefsPlistSource<0x600002c1c180> (Domain: com.apple.ImageIO, User: kCFPreferencesCurrentUser, ByHost: No, Container: (null), Contents Need Refresh: No)
2026-08-17 11:28:17.562 Db YourSofia[99787:320a34] [com.apple.defaults:User Defaults] CFPrefsManagedSource<0x600002c00a80> (Domain: com.apple.UIKit, User: kCFPreferencesCurrentUser, ByHost: Yes, Container: (null), Contents Need Refresh: No) loaded: an empty base plist and no additional changes from the base plist
2026-08-17 11:28:17.562 Db YourSofia[99787:320a34] [com.apple.defaults:User Defaults] CFPrefsManagedSource<0x600002c01e80> (Domain: com.apple.UIKit, User: kCFPreferencesAnyUser, ByHost: Yes, Container: (null), Contents Need Refresh: No) loaded: an empty base plist and no additional changes from the base plist
2026-08-17 11:28:17.562 Db YourSofia[99787:320a34] [com.apple.defaults:User Defaults] CFPrefsPlistSource<0x600002c00980> (Domain: com.apple.UIKit, User: kCFPreferencesCurrentUser, ByHost: No, Container: (null), Contents Need Refresh: No) loaded: an empty base plist and no additional changes from the base plist
2026-08-17 11:28:17.562 Db YourSofia[99787:320a34] [com.apple.defaults:User Defaults] CFPrefsPlistSource<0x600002c02200> (Domain: com.apple.UIKit, User: kCFPreferencesCurrentUser, ByHost: No, Container: /Users/valentinasenov/Library/Developer/CoreSimulator/Devices/4EC5F74C-5A9C-4D89-8E44-374310E684AE/data, Contents Need Refresh: No) loaded: an empty base plist and no additional changes from the base plist
2026-08-17 11:28:17.562 Db YourSofia[99787:320a34] [com.apple.defaults:User Defaults] CFPrefsPlistSource<0x600002c02380> (Domain: com.apple.UIKit, User: kCFPreferencesCurrentUser, ByHost: Yes, Container: (null), Contents Need Refresh: No) loaded: an empty base plist and no additional changes from the base plist
2026-08-17 11:28:17.562 Db YourSofia[99787:320a5e] [com.apple.defaults:User Defaults] found no value for key LogHIDEventFiltered in CFPrefsSearchListSource<0x600002c00a00> (Domain: com.apple.UIKit, Container: (null) Non-launch persona: 0)
2026-08-17 11:28:17.562 Db YourSofia[99787:320a5e] [com.apple.defaults:User Defaults] found no value for key LogHIDEventIncoming in CFPrefsSearchListSource<0x600002c00a00> (Domain: com.apple.UIKit, Container: (null) Non-launch persona: 0)
2026-08-17 11:28:17.563 Db YourSofia[99787:320a1c] [com.apple.defaults:User Defaults] found no value for key LogApplication in CFPrefsSearchListSource<0x600002c00a00> (Domain: com.apple.UIKit, Container: (null) Non-launch persona: 0)
2026-08-17 11:28:17.563 Df YourSofia[99787:320a1c] [com.apple.UIKit:Application] Deactivation reason added: 10; deactivation reasons: 0 -> 1024; animating application lifecycle event: 0
2026-08-17 11:28:17.563 Db YourSofia[99787:320a34] [com.apple.defaults:User Defaults] found no value for key LogBackgroundTask in CFPrefsSearchListSource<0x600002c00a00> (Domain: com.apple.UIKit, Container: (null) Non-launch persona: 0)
2026-08-17 11:28:17.563 Df YourSofia[99787:320a34] [com.apple.UIKit:BackgroundTask] Creating new assertion because there is no existing background assertion.
2026-08-17 11:28:17.563 Df YourSofia[99787:320a34] [com.apple.UIKit:BackgroundTask] Creating new background assertion
2026-08-17 11:28:17.563 Df YourSofia[99787:320a34] [com.apple.UIKit:BackgroundTask] Created new background assertion <BKSProcessAssertion: 0x600002108050>
2026-08-17 11:28:17.563 I  YourSofia[99787:320a34] [com.apple.runningboard:assertion] Acquiring assertion: <RBSAssertionDescriptor| "Shared Background Assertion 0 for bg.sofia.yoursofia" ID:(null) target:99787>
2026-08-17 11:28:17.563 Df YourSofia[99787:320a1c] [com.apple.BoardServices:Injection] activating monitor for service com.apple.frontboard.open
2026-08-17 11:28:17.563 Df YourSofia[99787:320a1c] [com.apple.BoardServices:Injection] activating monitor for service com.apple.frontboard.workspace-service
2026-08-17 11:28:17.563 Df YourSofia[99787:320a1c] [com.apple.FrontBoard:Common] FBSWorkspace registering source: com.apple.frontboard.systemappservices
2026-08-17 11:28:17.563 Db YourSofia[99787:320a34] [com.apple.runningboard:assertion] Adding assertion 99530-99787-752 to dictionary
2026-08-17 11:28:17.563 Df YourSofia[99787:320a34] [com.apple.UIKit:BackgroundTask] Incrementing reference count for background assertion <BKSProcessAssertion: 0x600002108050>
2026-08-17 11:28:17.563 Df YourSofia[99787:320a34] [com.apple.UIKit:BackgroundTask] Created background task <_UIBackgroundTaskInfo: 0x600001725c40>: taskID = 1, taskName = Launch Background Task for Coalescing, creationTime = 184576 (elapsed = 0).
2026-08-17 11:28:17.563 Df YourSofia[99787:320a34] [com.apple.FrontBoard:SceneExtension] Realizing settings extension _UIApplicationSceneKeyboardSettings on FBSSceneSettings
2026-08-17 11:28:17.563 Df YourSofia[99787:320a1c] [com.apple.FrontBoard:Common] FBSWorkspace connected to endpoint : <BSServiceConnectionEndpoint: 0x60000022bf20; target: com.apple.frontboard.systemappservices; service: com.apple.frontboard.workspace-service>
2026-08-17 11:28:17.564 Df YourSofia[99787:320a1c] [com.apple.FrontBoard:Common] <FBSWorkspaceScenesClient:0x60000300c510 com.apple.frontboard.systemappservices> attempting immediate handshake from activate
2026-08-17 11:28:17.564 Df YourSofia[99787:320a1c] [com.apple.FrontBoard:Common] <FBSWorkspaceScenesClient:0x60000300c510 com.apple.frontboard.systemappservices> sent handshake
2026-08-17 11:28:17.564 Db YourSofia[99787:320a34] [com.apple.FrontBoard:SceneExtension] registering method "hardwareKeyboardExclusivityIdentifier" from extension _UIApplicationSceneKeyboardSettings on class "FBSSceneSettings"
2026-08-17 11:28:17.564 Db YourSofia[99787:320a34] [com.apple.FrontBoard:SceneExtension] registering method "setHardwareKeyboardExclusivityIdentifier:" from extension _UIApplicationSceneKeyboardSettings on class "FBSSceneSettings"
2026-08-17 11:28:17.564 Db YourSofia[99787:320a34] [com.apple.FrontBoard:SceneExtension] registering method "keyboardDockDisabled" from extension _UIApplicationSceneKeyboardSettings on class "FBSSceneSettings"
2026-08-17 11:28:17.564 Df YourSofia[99787:320a1c] [com.apple.runningboard:general] Added observer for process assertions expiration warning: <_RBSExpirationWarningClient: 0x600000218da0>
2026-08-17 11:28:17.564 Db YourSofia[99787:320a34] [com.apple.FrontBoard:SceneExtension] registering method "setKeyboardDockDisabled:" from extension _UIApplicationSceneKeyboardSettings on class "FBSSceneSettings"
2026-08-17 11:28:17.564 Db YourSofia[99787:320a34] [com.apple.FrontBoard:SceneExtension] registering method "minimumKeyboardPadding" from extension _UIApplicationSceneKeyboardSettings on class "FBSSceneSettings"
2026-08-17 11:28:17.564 Db YourSofia[99787:320a34] [com.apple.FrontBoard:SceneExtension] registering method "setMinimumKeyboardPadding:" from extension _UIApplicationSceneKeyboardSettings on class "FBSSceneSettings"
2026-08-17 11:28:17.564 Db YourSofia[99787:320a34] [com.apple.FrontBoard:SceneExtension] registering method "suppressKeyboardFocusRequests" from extension _UIApplicationSceneKeyboardSettings on class "FBSSceneSettings"
2026-08-17 11:28:17.564 Db YourSofia[99787:320a34] [com.apple.FrontBoard:SceneExtension] registering method "setSuppressKeyboardFocusRequests:" from extension _UIApplicationSceneKeyboardSettings on class "FBSSceneSettings"
2026-08-17 11:28:17.564 Df YourSofia[99787:320a34] [com.apple.FrontBoard:SceneExtension] Realizing settings extension <_UISceneOcclusionSettings> on FBSSceneSettings
2026-08-17 11:28:17.564 Db YourSofia[99787:320a34] [com.apple.FrontBoard:SceneExtension] registering method "systemOcclusionRects" from extension <_UISceneOcclusionSettings> on class "FBSSceneSettings"
2026-08-17 11:28:17.564 Db YourSofia[99787:320a34] [com.apple.FrontBoard:SceneExtension] registering method "setSystemOcclusionRects:" from extension <_UISceneOcclusionSettings> on class "FBSSceneSettings"
2026-08-17 11:28:17.564 Db YourSofia[99787:320a34] [com.apple.FrontBoard:SceneExtension] registering method "applicationOcclusionRects" from extension <_UISceneOcclusionSettings> on class "FBSSceneSettings"
2026-08-17 11:28:17.564 Db YourSofia[99787:320a34] [com.apple.FrontBoard:SceneExtension] registering method "setApplicationOcclusionRects:" from extension <_UISceneOcclusionSettings> on class "FBSSceneSettings"
2026-08-17 11:28:17.564 Df YourSofia[99787:320a34] [com.apple.FrontBoard:SceneExtension] Realizing settings extension <_UISceneInterfaceProtectionSettings> on FBSSceneSettings
2026-08-17 11:28:17.564 Db YourSofia[99787:320a34] [com.apple.FrontBoard:SceneExtension] registering method "underAppProtection" from extension <_UISceneInterfaceProtectionSettings> on class "FBSSceneSettings"
2026-08-17 11:28:17.564 Db YourSofia[99787:320a34] [com.apple.FrontBoard:SceneExtension] registering method "setUnderAppProtection:" from extension <_UISceneInterfaceProtectionSettings> on class "FBSSceneSettings"
2026-08-17 11:28:17.564 Db YourSofia[99787:320a34] [com.apple.FrontBoard:SceneExtension] registering method "extensionShieldCurrentlyShown" from extension <_UISceneInterfaceProtectionSettings> on class "FBSSceneSettings"
2026-08-17 11:28:17.564 Db YourSofia[99787:320a34] [com.apple.FrontBoard:SceneExtension] registering method "setExtensionShieldCurrentlyShown:" from extension <_UISceneInterfaceProtectionSettings> on class "FBSSceneSettings"
2026-08-17 11:28:17.565 Df YourSofia[99787:320a34] [com.apple.FrontBoard:SceneExtension] Realizing settings extension _UISceneLayoutPreferencesHostSettingsExtension on FBSSceneSettings
2026-08-17 11:28:17.565 Db YourSofia[99787:320a34] [com.apple.FrontBoard:SceneExtension] registering method "_hostObservesLayoutPreferenceChanges" from extension _UISceneLayoutPreferencesHostSettingsExtension on class "FBSSceneSettings"
2026-08-17 11:28:17.565 Db YourSofia[99787:320a34] [com.apple.FrontBoard:SceneExtension] registering method "set_hostObservesLayoutPreferenceChanges:" from extension _UISceneLayoutPreferencesHostSettingsExtension on class "FBSSceneSettings"
2026-08-17 11:28:17.565 Db YourSofia[99787:320a34] [com.apple.FrontBoard:SceneExtension] registering method "_hostSupportsSceneDoubleTap" from extension _UISceneLayoutPreferencesHostSettingsExtension on class "FBSSceneSettings"
2026-08-17 11:28:17.565 Db YourSofia[99787:320a34] [com.apple.FrontBoard:SceneExtension] registering method "set_hostSupportsSceneDoubleTap:" from extension _UISceneLayoutPreferencesHostSettingsExtension on class "FBSSceneSettings"
2026-08-17 11:28:17.565 Df YourSofia[99787:320a34] [com.apple.FrontBoard:SceneExtension] Realizing settings extension _UISceneSafeAreaSettingsExtension on FBSSceneSettings
2026-08-17 11:28:17.565 Db YourSofia[99787:320a34] [com.apple.FrontBoard:SceneExtension] registering method "safeAreaCornerInsetResolver" from extension _UISceneSafeAreaSettingsExtension on class "FBSSceneSettings"
2026-08-17 11:28:17.565 Db YourSofia[99787:320a34] [com.apple.FrontBoard:SceneExtension] registering method "setSafeAreaCornerInsetResolver:" from extension _UISceneSafeAreaSettingsExtension on class "FBSSceneSettings"
2026-08-17 11:28:17.565 Db YourSofia[99787:320a34] [com.apple.FrontBoard:SceneExtension] registering method "safeAreaCornerInsets" from extension _UISceneSafeAreaSettingsExtension on class "FBSSceneSettings"
2026-08-17 11:28:17.565 Db YourSofia[99787:320a34] [com.apple.FrontBoard:SceneExtension] registering method "setSafeAreaCornerInsets:" from extension _UISceneSafeAreaSettingsExtension on class "FBSSceneSettings"
2026-08-17 11:28:17.565 Db YourSofia[99787:320a34] [com.apple.FrontBoard:SceneExtension] registering method "safeAreaEdgeInsetResolver" from extension _UISceneSafeAreaSettingsExtension on class "FBSSceneSettings"
2026-08-17 11:28:17.565 Db YourSofia[99787:320a34] [com.apple.FrontBoard:SceneExtension] registering method "setSafeAreaEdgeInsetResolver:" from extension _UISceneSafeAreaSettingsExtension on class "FBSSceneSettings"
2026-08-17 11:28:17.565 Db YourSofia[99787:320a34] [com.apple.FrontBoard:SceneExtension] registering method "safeAreaEdgeInsets" from extension _UISceneSafeAreaSettingsExtension on class "FBSSceneSettings"
2026-08-17 11:28:17.565 Db YourSofia[99787:320a34] [com.apple.FrontBoard:SceneExtension] registering method "setSafeAreaEdgeInsets:" from extension _UISceneSafeAreaSettingsExtension on class "FBSSceneSettings"
2026-08-17 11:28:17.565 Df YourSofia[99787:320a34] [com.apple.FrontBoard:SceneExtension] Realizing settings extension _UISceneLayoutPreferenceClientSettingsExtension on FBSSceneClientSettings
2026-08-17 11:28:17.565 Db YourSofia[99787:320a34] [com.apple.FrontBoard:SceneExtension] registering method "preferredMaximumHeight" from extension _UISceneLayoutPreferenceClientSettingsExtension on class "FBSSceneClientSettings"
2026-08-17 11:28:17.565 Db YourSofia[99787:320a34] [com.apple.FrontBoard:SceneExtension] registering method "setPreferredMaximumHeight:" from extension _UISceneLayoutPreferenceClientSettingsExtension on class "FBSSceneClientSettings"
2026-08-17 11:28:17.565 Db YourSofia[99787:320a34] [com.apple.FrontBoard:SceneExtension] registering method "preferredMaximumWidth" from extension _UISceneLayoutPreferenceClientSettingsExtension on class "FBSSceneClientSettings"
2026-08-17 11:28:17.565 Db YourSofia[99787:320a34] [com.apple.FrontBoard:SceneExtension] registering method "setPreferredMaximumWidth:" from extension _UISceneLayoutPreferenceClientSettingsExtension on class "FBSSceneClientSettings"
2026-08-17 11:28:17.565 Db YourSofia[99787:320a34] [com.apple.FrontBoard:SceneExtension] registering method "preferredMaximumDepth" from extension _UISceneLayoutPreferenceClientSettingsExtension on class "FBSSceneClientSettings"
2026-08-17 11:28:17.565 Db YourSofia[99787:320a34] [com.apple.FrontBoard:SceneExtension] registering method "setPreferredMaximumDepth:" from extension _UISceneLayoutPreferenceClientSettingsExtension on class "FBSSceneClientSettings"
2026-08-17 11:28:17.565 Db YourSofia[99787:320a34] [com.apple.FrontBoard:SceneExtension] registering method "preferredMinimumWidth" from extension _UISceneLayoutPreferenceClientSettingsExtension on class "FBSSceneClientSettings"
2026-08-17 11:28:17.565 Db YourSofia[99787:320a34] [com.apple.FrontBoard:SceneExtension] registering method "setPreferredMinimumWidth:" from extension _UISceneLayoutPreferenceClientSettingsExtension on class "FBSSceneClientSettings"
2026-08-17 11:28:17.565 Db YourSofia[99787:320a34] [com.apple.FrontBoard:SceneExtension] registering method "preferredMinimumHeight" from extension _UISceneLayoutPreferenceClientSettingsExtension on class "FBSSceneClientSettings"
2026-08-17 11:28:17.565 Db YourSofia[99787:320a34] [com.apple.FrontBoard:SceneExtension] registering method "setPreferredMinimumHeight:" from extension _UISceneLayoutPreferenceClientSettingsExtension on class "FBSSceneClientSettings"
2026-08-17 11:28:17.565 Db YourSofia[99787:320a34] [com.apple.FrontBoard:SceneExtension] registering method "preferredMinimumDepth" from extension _UISceneLayoutPreferenceClientSettingsExtension on class "FBSSceneClientSettings"
2026-08-17 11:28:17.565 Db YourSofia[99787:320a34] [com.apple.FrontBoard:SceneExtension] registering method "setPreferredMinimumDepth:" from extension _UISceneLayoutPreferenceClientSettingsExtension on class "FBSSceneClientSettings"
2026-08-17 11:28:17.565 Df YourSofia[99787:320a34] [com.apple.FrontBoard:SceneExtension] Realizing settings extension <_UIHomeAffordanceHostSceneSettings> on FBSSceneSettings
2026-08-17 11:28:17.565 Db YourSofia[99787:320a1c] [com.apple.defaults:User Defaults] found no value for key LogUIScreen in CFPrefsSearchListSource<0x600002c00a00> (Domain: com.apple.UIKit, Container: (null) Non-launch persona: 0)
2026-08-17 11:28:17.565 Df YourSofia[99787:320a1c] [com.apple.UIKit:UIScreen] Evaluated capturing state as 0 on <UIScreen: 0x10580dc30> for initial
2026-08-17 11:28:17.565 Db YourSofia[99787:320a34] [com.apple.FrontBoard:SceneExtension] registering method "homeAffordanceSceneReferenceFrame" from extension <_UIHomeAffordanceHostSceneSettings> on class "FBSSceneSettings"
2026-08-17 11:28:17.566 Db YourSofia[99787:320a34] [com.apple.FrontBoard:SceneExtension] registering method "setHomeAffordanceSceneReferenceFrame:" from extension <_UIHomeAffordanceHostSceneSettings> on class "FBSSceneSettings"
2026-08-17 11:28:17.566 Df YourSofia[99787:320a34] [com.apple.FrontBoard:SceneExtension] Realizing settings extension _UISystemShellSceneHostingEnvironmentSettings on FBSSceneSettings
2026-08-17 11:28:17.566 Db YourSofia[99787:320a34] [com.apple.FrontBoard:SceneExtension] registering method "systemShellHostingSpaceIdentifier" from extension _UISystemShellSceneHostingEnvironmentSettings on class "FBSSceneSettings"
2026-08-17 11:28:17.566 Db YourSofia[99787:320a34] [com.apple.FrontBoard:SceneExtension] registering method "setSystemShellHostingSpaceIdentifier:" from extension _UISystemShellSceneHostingEnvironmentSettings on class "FBSSceneSettings"
2026-08-17 11:28:17.566 Df YourSofia[99787:320a1c] [com.apple.UIKit:UIScreen] Evaluated capturing state as 0 on <UIScreen: 0x10580dc30> for CADisplay KVO
2026-08-17 11:28:17.566 Df YourSofia[99787:320a34] [com.apple.FrontBoard:SceneExtension] Realizing settings extension _UISceneRenderingEnvironmentSettings on FBSSceneSettings
2026-08-17 11:28:17.566 Db YourSofia[99787:320a34] [com.apple.FrontBoard:SceneExtension] registering method "modern_isCapturingContentForAdditionalRenderingDestination" from extension _UISceneRenderingEnvironmentSettings on class "FBSSceneSettings"
2026-08-17 11:28:17.566 Db YourSofia[99787:320a34] [com.apple.FrontBoard:SceneExtension] registering method "setModernIsCapturingContentForAdditionalRenderingDestinations:" from extension _UISceneRenderingEnvironmentSettings on class "FBSSceneSettings"
2026-08-17 11:28:17.566 Db YourSofia[99787:320a34] [com.apple.FrontBoard:SceneExtension] registering method "systemDisplayIdentifier" from extension _UISceneRenderingEnvironmentSettings on class "FBSSceneSettings"
2026-08-17 11:28:17.566 Db YourSofia[99787:320a34] [com.apple.FrontBoard:SceneExtension] registering method "setSystemDisplayIdentifier:" from extension _UISceneRenderingEnvironmentSettings on class "FBSSceneSettings"
2026-08-17 11:28:17.566 Db YourSofia[99787:320a34] [com.apple.FrontBoard:SceneExtension] registering method "activeAppearance" from extension _UISceneRenderingEnvironmentSettings on class "FBSSceneSettings"
2026-08-17 11:28:17.566 Db YourSofia[99787:320a34] [com.apple.FrontBoard:SceneExtension] registering method "setActiveAppearance:" from extension _UISceneRenderingEnvironmentSettings on class "FBSSceneSettings"
2026-08-17 11:28:17.566 Df YourSofia[99787:320a34] [com.apple.FrontBoard:SceneExtension] Realizing settings extension <_UISceneRenderingEnvironmentClientSettings> on FBSSceneClientSettings
2026-08-17 11:28:17.566 Db YourSofia[99787:320a34] [com.apple.FrontBoard:SceneExtension] registering method "prefersContentProtection" from extension <_UISceneRenderingEnvironmentClientSettings> on class "FBSSceneClientSettings"
2026-08-17 11:28:17.566 Db YourSofia[99787:320a34] [com.apple.FrontBoard:SceneExtension] registering method "setPrefersContentProtection:" from extension <_UISceneRenderingEnvironmentClientSettings> on class "FBSSceneClientSettings"
2026-08-17 11:28:17.566 Df YourSofia[99787:320a34] [com.apple.FrontBoard:SceneExtension] Realizing settings extension <_UISceneTransitioningHostSettings> on FBSSceneSettings
2026-08-17 11:28:17.566 Db YourSofia[99787:320a34] [com.apple.FrontBoard:SceneExtension] registering method "allowedAsMorphTransitionSource" from extension <_UISceneTransitioningHostSettings> on class "FBSSceneSettings"
2026-08-17 11:28:17.566 Db YourSofia[99787:320a34] [com.apple.FrontBoard:SceneExtension] registering method "setAllowedAsMorphTransitionSource:" from extension <_UISceneTransitioningHostSettings> on class "FBSSceneSettings"
2026-08-17 11:28:17.566 Df YourSofia[99787:320a34] [com.apple.FrontBoard:SceneExtension] Realizing settings extension <_UISceneFocusSystemSettings> on FBSSceneSettings
2026-08-17 11:28:17.566 Db YourSofia[99787:320a34] [com.apple.FrontBoard:SceneExtension] registering method "isHostAssertingActiveFocusSystem" from extension <_UISceneFocusSystemSettings> on class "FBSSceneSettings"
2026-08-17 11:28:17.566 Db YourSofia[99787:320a34] [com.apple.FrontBoard:SceneExtension] registering method "setHostAssertingActiveFocusSystem:" from extension <_UISceneFocusSystemSettings> on class "FBSSceneSettings"
2026-08-17 11:28:17.566 Df YourSofia[99787:320a34] [com.apple.FrontBoard:SceneExtension] Realizing settings extension _UISceneOrientationSettingsExtension on FBSSceneSettings
2026-08-17 11:28:17.566 Db YourSofia[99787:320a34] [com.apple.FrontBoard:SceneExtension] registering method "interfaceOrientationLockState" from extension _UISceneOrientationSettingsExtension on class "FBSSceneSettings"
2026-08-17 11:28:17.566 Db YourSofia[99787:320a34] [com.apple.FrontBoard:SceneExtension] registering method "setInterfaceOrientationLockState:" from extension _UISceneOrientationSettingsExtension on class "FBSSceneSettings"
2026-08-17 11:28:17.566 Df YourSofia[99787:320a34] [com.apple.FrontBoard:SceneExtension] Realizing settings extension _UISceneOrientationClientSettingsExtension on FBSSceneClientSettings
2026-08-17 11:28:17.566 Db YourSofia[99787:320a1c] [com.apple.CFBundle:resources] Resource lookup at CFBundle 0x600003b082a0 </Users/valentinasenov/Library/Developer/CoreSimulator/Devices/4EC5F74C-5A9C-4D89-8E44-374310E684AE/data/Containers/Bundle/Application/A01C5F69-BB9C-48BF-96DA-638EDBEBF8DB/YourSofia.app> (executable, loaded)
	Request       : InfoPlist type: strings
	Result        : None
2026-08-17 11:28:17.566 Db YourSofia[99787:320a34] [com.apple.FrontBoard:SceneExtension] registering method "interfaceOrientationLockPreference" from extension _UISceneOrientationClientSettingsExtension on class "FBSSceneClientSettings"
2026-08-17 11:28:17.566 Db YourSofia[99787:320a1c] [com.apple.CFBundle:resources] Resource lookup at CFBundle 0x600003b082a0 </Users/valentinasenov/Library/Developer/CoreSimulator/Devices/4EC5F74C-5A9C-4D89-8E44-374310E684AE/data/Containers/Bundle/Application/A01C5F69-BB9C-48BF-96DA-638EDBEBF8DB/YourSofia.app> (executable, loaded)
	Request       : InfoPlist type: stringsdict
	Result        : None
2026-08-17 11:28:17.566 Db YourSofia[99787:320a34] [com.apple.FrontBoard:SceneExtension] registering method "setInterfaceOrientationLockPreference:" from extension _UISceneOrientationClientSettingsExtension on class "FBSSceneClientSettings"
2026-08-17 11:28:17.566 Df YourSofia[99787:320a34] [com.apple.FrontBoard:SceneExtension] Realizing settings extension _UISceneWindowingControlClientSettings on FBSSceneClientSettings
2026-08-17 11:28:17.566 Db YourSofia[99787:320a1c] [com.apple.defaults:User Defaults] found no value for key _UIEnableLegacyRTL in CFPrefsSearchListSource<0x600002c00a00> (Domain: com.apple.UIKit, Container: (null) Non-launch persona: 0)
2026-08-17 11:28:17.566 Db YourSofia[99787:320a1c] [com.apple.defaults:User Defaults] found no value for key NSTighteningFactorForTruncation in CFPrefsSearchListSource<0x600002c0c180> (Domain: bg.sofia.yoursofia, Container: (null) Non-launch persona: 0)
2026-08-17 11:28:17.566 Db YourSofia[99787:320a34] [com.apple.FrontBoard:SceneExtension] registering method "preferredWindowingControlStyleType" from extension _UISceneWindowingControlClientSettings on class "FBSSceneClientSettings"
2026-08-17 11:28:17.566 Db YourSofia[99787:320a34] [com.apple.FrontBoard:SceneExtension] registering method "setPreferredWindowingControlStyleType:" from extension _UISceneWindowingControlClientSettings on class "FBSSceneClientSettings"
2026-08-17 11:28:17.566 Db YourSofia[99787:320a1c] [com.apple.defaults:User Defaults] found no value for key NSTighteningFactorForTruncation in CFPrefsSearchListSource<0x600002c0c180> (Domain: bg.sofia.yoursofia, Container: (null) Non-launch persona: 0)
2026-08-17 11:28:17.566 Db YourSofia[99787:320a1c] [com.apple.defaults:User Defaults] found no value for key NSAllowsDefaultTighteningForTruncation in CFPrefsSearchListSource<0x600002c0c180> (Domain: bg.sofia.yoursofia, Container: (null) Non-launch persona: 0)
2026-08-17 11:28:17.566 Db YourSofia[99787:320a1c] [com.apple.defaults:User Defaults] found no value for key NSUsesDefaultHyphenation in CFPrefsSearchListSource<0x600002c0c180> (Domain: bg.sofia.yoursofia, Container: (null) Non-launch persona: 0)
2026-08-17 11:28:17.566 Db YourSofia[99787:320a1c] [com.apple.defaults:User Defaults] found no value for key NSDefaultHyphenationFactor in CFPrefsSearchListSource<0x600002c0c180> (Domain: bg.sofia.yoursofia, Container: (null) Non-launch persona: 0)
2026-08-17 11:28:17.567 Df YourSofia[99787:320a34] [com.apple.FrontBoard:SceneExtension] Realizing settings extension <_UISceneHostingContentSizePreferenceClientSettings> on FBSSceneClientSettings
2026-08-17 11:28:17.567 Db YourSofia[99787:320a1c] [com.apple.defaults:User Defaults] found no value for key NSUsesOptimalLineBreaking in CFPrefsSearchListSource<0x600002c0c180> (Domain: bg.sofia.yoursofia, Container: (null) Non-launch persona: 0)
2026-08-17 11:28:17.567 Db YourSofia[99787:320a1c] [com.apple.defaults:User Defaults] found no value for key NSUsesOptimalLineBreakingForNonJustifiedAlignments in CFPrefsSearchListSource<0x600002c0c180> (Domain: bg.sofia.yoursofia, Container: (null) Non-launch persona: 0)
2026-08-17 11:28:17.567 Db YourSofia[99787:320a34] [com.apple.FrontBoard:SceneExtension] registering method "preferredContentSize" from extension <_UISceneHostingContentSizePreferenceClientSettings> on class "FBSSceneClientSettings"
2026-08-17 11:28:17.567 Db YourSofia[99787:320a34] [com.apple.FrontBoard:SceneExtension] registering method "setPreferredContentSize:" from extension <_UISceneHostingContentSizePreferenceClientSettings> on class "FBSSceneClientSettings"
2026-08-17 11:28:17.567 Db YourSofia[99787:320a1c] [com.apple.defaults:User Defaults] found no value for key NSForceRightToLeftWritingDirection in CFPrefsSearchListSource<0x600002c0c180> (Domain: bg.sofia.yoursofia, Container: (null) Non-launch persona: 0)
2026-08-17 11:28:17.567 Df YourSofia[99787:320a34] [com.apple.FrontBoard:SceneExtension] Realizing settings extension _UISceneHostingTraitCollectionPropagationSettings on FBSSceneSettings
2026-08-17 11:28:17.567 Db YourSofia[99787:320a34] [com.apple.FrontBoard:SceneExtension] registering method "traitCollection" from extension _UISceneHostingTraitCollectionPropagationSettings on class "FBSSceneSettings"
2026-08-17 11:28:17.567 Db YourSofia[99787:320a1c] [com.apple.defaults:User Defaults] found no value for key UIPreferredContentSizeCategoryName in CFPrefsSearchListSource<0x600002c0c180> (Domain: bg.sofia.yoursofia, Container: (null) Non-launch persona: 0)
2026-08-17 11:28:17.567 Db YourSofia[99787:320a34] [com.apple.FrontBoard:SceneExtension] registering method "setTraitCollection:" from extension _UISceneHostingTraitCollectionPropagationSettings on class "FBSSceneSettings"
2026-08-17 11:28:17.567 Db YourSofia[99787:320a34] [com.apple.FrontBoard:SceneExtension] registering method "tintColor" from extension _UISceneHostingTraitCollectionPropagationSettings on class "FBSSceneSettings"
2026-08-17 11:28:17.567 Db YourSofia[99787:320a1c] [com.apple.Accessibility:AXSupportCommon] CF Read Category Name: domain = bg.sofia.yoursofia, appID = bg.sofia.yoursofia value = (null)
2026-08-17 11:28:17.567 Db YourSofia[99787:320a34] [com.apple.FrontBoard:SceneExtension] registering method "setTintColor:" from extension _UISceneHostingTraitCollectionPropagationSettings on class "FBSSceneSettings"
2026-08-17 11:28:17.567 Df YourSofia[99787:320a1c] [com.apple.Accessibility:AXSupportCommon] Read CategoryName: per-app = 1, category name = (null)
2026-08-17 11:28:17.567 Df YourSofia[99787:320a34] [com.apple.FrontBoard:SceneExtension] Realizing settings extension <_UISceneHostingSheetPresentationSettings> on FBSSceneSettings
2026-08-17 11:28:17.567 Db YourSofia[99787:320a34] [com.apple.FrontBoard:SceneExtension] registering method "sheetConfiguration" from extension <_UISceneHostingSheetPresentationSettings> on class "FBSSceneSettings"
2026-08-17 11:28:17.567 Db YourSofia[99787:320a1c] [com.apple.defaults:User Defaults] found no value for key UIPreferredContentSizeCategoryName in CFPrefsSearchListSource<0x600002c1cd00> (Domain: com.apple.UIKit, Container: /Users/valentinasenov/Library/Developer/CoreSimulator/Devices/4EC5F74C-5A9C-4D89-8E44-374310E684AE/data Non-launch persona: 0)
2026-08-17 11:28:17.567 Db YourSofia[99787:320a34] [com.apple.FrontBoard:SceneExtension] registering method "setSheetConfiguration:" from extension <_UISceneHostingSheetPresentationSettings> on class "FBSSceneSettings"
2026-08-17 11:28:17.567 Db YourSofia[99787:320a1c] [com.apple.Accessibility:AXSupportCommon] CF Read Category Name: domain = /Users/valentinasenov/Library/Developer/CoreSimulator/Devices/4EC5F74C-5A9C-4D89-8E44-374310E684AE/data/Library/Preferences/com.apple.UIKit, appID = (null) value = (null)
2026-08-17 11:28:17.567 Df YourSofia[99787:320a34] [com.apple.FrontBoard:SceneExtension] Realizing settings extension <_UISceneHostingSheetPresentationClientSettings> on FBSSceneClientSettings
2026-08-17 11:28:17.567 Df YourSofia[99787:320a1c] [com.apple.Accessibility:AXSupportCommon] Read CategoryName: per-app = 0, category name = (null)
2026-08-17 11:28:17.567 Db YourSofia[99787:320a1c] [com.apple.defaults:User Defaults] found no value for key UICarPlayPreferredContentSizeCategoryName in CFPrefsSearchListSource<0x600002c00a00> (Domain: com.apple.UIKit, Container: (null) Non-launch persona: 0)
2026-08-17 11:28:17.567 Db YourSofia[99787:320a34] [com.apple.FrontBoard:SceneExtension] registering method "sheetClientConfiguration" from extension <_UISceneHostingSheetPresentationClientSettings> on class "FBSSceneClientSettings"
2026-08-17 11:28:17.567 Db YourSofia[99787:320a34] [com.apple.FrontBoard:SceneExtension] registering method "setSheetClientConfiguration:" from extension <_UISceneHostingSheetPresentationClientSettings> on class "FBSSceneClientSettings"
2026-08-17 11:28:17.567 Db YourSofia[99787:320a1c] [com.apple.defaults:User Defaults] found no value for key EnhancedTextLegibilityEnabled in CFPrefsSearchListSource<0x600002c0da80> (Domain: com.apple.Accessibility, Container: (null) Non-launch persona: 0)
2026-08-17 11:28:17.567 Db YourSofia[99787:320a1c] [com.apple.Accessibility:AXSupportCommon] CF Read: domain = com.apple.Accessibility, preference = EnhancedTextLegibilityEnabled, appID = (null) result = (null) (-1 - empty, 0 - false, 1 - true)
2026-08-17 11:28:17.567 Df YourSofia[99787:320a34] [com.apple.FrontBoard:SceneExtension] Realizing settings extension <_UISceneHostingEventDeferringSettings> on FBSSceneSettings
2026-08-17 11:28:17.567 Db YourSofia[99787:320a1c] [com.apple.defaults:User Defaults] found no value for key EnhancedTextLegibilityEnabled in CFPrefsPlistSource<0x600002c0dd80> (Domain: com.apple.Accessibility, User: kCFPreferencesCurrentUser, ByHost: No, Container: /Users/valentinasenov/Library/Developer/CoreSimulator/Devices/4EC5F74C-5A9C-4D89-8E44-374310E684AE/data, Contents Need Refresh: No)
2026-08-17 11:28:17.567 Db YourSofia[99787:320a34] [com.apple.BaseBoard:Common] [rdar://100354962] Fixing incorrect property returned by protocol_copyPropertyList2() for "maintainHostFirstResponderWhenClientWantsKeyboard": required --> optional
2026-08-17 11:28:17.567 Db YourSofia[99787:320a34] [com.apple.FrontBoard:SceneExtension] registering method "requestEventDeferralForAllFirstResponderChanges" from extension <_UISceneHostingEventDeferringSettings> on class "FBSSceneSettings"
2026-08-17 11:28:17.567 Db YourSofia[99787:320a34] [com.apple.FrontBoard:SceneExtension] registering method "setRequestEventDeferralForAllFirstResponderChanges:" from extension <_UISceneHostingEventDeferringSettings> on class "FBSSceneSettings"
2026-08-17 11:28:17.567 Db YourSofia[99787:320a1c] [com.apple.defaults:User Defaults] found no value for key DarkenSystemColors in CFPrefsSearchListSource<0x600002c0da80> (Domain: com.apple.Accessibility, Container: (null) Non-launch persona: 0)
2026-08-17 11:28:17.567 Db YourSofia[99787:320a34] [com.apple.FrontBoard:SceneExtension] registering method "maintainHostFirstResponderWhenClientWantsKeyboard" from extension <_UISceneHostingEventDeferringSettings> on class "FBSSceneSettings"
2026-08-17 11:28:17.567 Db YourSofia[99787:320a1c] [com.apple.Accessibility:AXSupportCommon] CF Read: domain = com.apple.Accessibility, preference = DarkenSystemColors, appID = (null) result = (null) (-1 - empty, 0 - false, 1 - true)
2026-08-17 11:28:17.567 Db YourSofia[99787:320a34] [com.apple.FrontBoard:SceneExtension] registering method "setMaintainHostFirstResponderWhenClientWantsKeyboard:" from extension <_UISceneHostingEventDeferringSettings> on class "FBSSceneSettings"
2026-08-17 11:28:17.567 Db YourSofia[99787:320a1c] [com.apple.defaults:User Defaults] found no value for key DarkenSystemColors in CFPrefsPlistSource<0x600002c0dd80> (Domain: com.apple.Accessibility, User: kCFPreferencesCurrentUser, ByHost: No, Container: /Users/valentinasenov/Library/Developer/CoreSimulator/Devices/4EC5F74C-5A9C-4D89-8E44-374310E684AE/data, Contents Need Refresh: No)
2026-08-17 11:28:17.567 Df YourSofia[99787:320a34] [com.apple.FrontBoard:SceneExtension] Realizing settings extension <UIKit__UITypedKeyValueSceneSettings> on FBSSceneSettings
2026-08-17 11:28:17.568 Db YourSofia[99787:320a34] [com.apple.FrontBoard:SceneExtension] registering method "_uiTypedKeyStorage" from extension <UIKit__UITypedKeyValueSceneSettings> on class "FBSSceneSettings"
2026-08-17 11:28:17.568 Db YourSofia[99787:320a34] [com.apple.FrontBoard:SceneExtension] registering method "set_uiTypedKeyStorage:" from extension <UIKit__UITypedKeyValueSceneSettings> on class "FBSSceneSettings"
2026-08-17 11:28:17.568 Df YourSofia[99787:320a34] [com.apple.FrontBoard:SceneExtension] Realizing settings extension <UIKit__UITypedKeyValueSceneSettings> on FBSSceneClientSettings
2026-08-17 11:28:17.568 Db YourSofia[99787:320a34] [com.apple.FrontBoard:SceneExtension] registering method "_uiTypedKeyStorage" from extension <UIKit__UITypedKeyValueSceneSettings> on class "FBSSceneClientSettings"
2026-08-17 11:28:17.568 Db YourSofia[99787:320a34] [com.apple.FrontBoard:SceneExtension] registering method "set_uiTypedKeyStorage:" from extension <UIKit__UITypedKeyValueSceneSettings> on class "FBSSceneClientSettings"
2026-08-17 11:28:17.568 Df YourSofia[99787:320a34] [com.apple.FrontBoard:SceneExtension] Realizing settings extension <_UISceneHostingViewControllerPreferencePropagationClientSettings> on FBSSceneClientSettings
2026-08-17 11:28:17.568 Db YourSofia[99787:320a34] [com.apple.FrontBoard:SceneExtension] registering method "preferredStatusBarVisibility" from extension <_UISceneHostingViewControllerPreferencePropagationClientSettings> on class "FBSSceneClientSettings"
2026-08-17 11:28:17.568 Db YourSofia[99787:320a34] [com.apple.FrontBoard:SceneExtension] registering method "setPreferredStatusBarVisibility:" from extension <_UISceneHostingViewControllerPreferencePropagationClientSettings> on class "FBSSceneClientSettings"
2026-08-17 11:28:17.568 Df YourSofia[99787:320a34] [com.apple.FrontBoard:SceneExtension] Realizing settings extension <_UISceneZoomTransitionSettings> on FBSSceneSettings
2026-08-17 11:28:17.568 Db YourSofia[99787:320a34] [com.apple.FrontBoard:SceneExtension] registering method "wantsDismissInteraction" from extension <_UISceneZoomTransitionSettings> on class "FBSSceneSettings"
2026-08-17 11:28:17.568 Db YourSofia[99787:320a34] [com.apple.FrontBoard:SceneExtension] registering method "setWantsDismissInteraction:" from extension <_UISceneZoomTransitionSettings> on class "FBSSceneSettings"
2026-08-17 11:28:17.568 Db YourSofia[99787:320a34] [com.apple.CFBundle:loading] dyld image path for pointer 0x19ca68238 is /Library/Developer/CoreSimulator/Volumes/iOS_23D8133/Library/Developer/CoreSimulator/Profiles/Runtimes/iOS 26.3.simruntime/Contents/Resources/RuntimeRoot/System/Library/PrivateFrameworks/CoreMaterial.framework/CoreMaterial
2026-08-17 11:28:17.569 Db YourSofia[99787:320a1c] [com.apple.defaults:User Defaults] found no value for key UITraitCollectionChangeLoggingEnabled in CFPrefsSearchListSource<0x600002c0c180> (Domain: bg.sofia.yoursofia, Container: (null) Non-launch persona: 0)
2026-08-17 11:28:17.569 Db YourSofia[99787:320a34] [com.apple.CFBundle:loading] dlfcn check load bundle CFBundle 0x600003b087e0 </Library/Developer/CoreSimulator/Volumes/iOS_23D8133/Library/Developer/CoreSimulator/Profiles/Runtimes/iOS 26.3.simruntime/Contents/Resources/RuntimeRoot/System/Library/PrivateFrameworks/CoreMaterial.framework> (not loaded), dlopen of /Library/Developer/CoreSimulator/Volumes/iOS_23D8133/Library/Developer/CoreSimulator/Profiles/Runtimes/iOS 26.3.simruntime/Contents/Resources/RuntimeRoot/System/Library/PrivateFrameworks/CoreMaterial.framework/CoreMaterial mode 0x115 getting handle 0x334d21
2026-08-17 11:28:17.569 Db YourSofia[99787:320a1c] [com.apple.defaults:User Defaults] found no value for key UIStateRestorationDebugLogging in CFPrefsSearchListSource<0x600002c0c180> (Domain: bg.sofia.yoursofia, Container: (null) Non-launch persona: 0)
2026-08-17 11:28:17.569 Db YourSofia[99787:320a34] [com.apple.CFBundle:resources] Language lookup at CFBundle 0x600003b087e0 </Library/Developer/CoreSimulator/Volumes/iOS_23D8133/Library/Developer/CoreSimulator/Profiles/Runtimes/iOS 26.3.simruntime/Contents/Resources/RuntimeRoot/System/Library/PrivateFrameworks/CoreMaterial.framework> (framework, loaded)
	Localizations : [English]
	Dev language  : English
	User prefs    : [en-US, bg-US]
	Main bundle   : [en]
	Allow mixed   : 0 
	Result        : [English]
2026-08-17 11:28:17.569 I  YourSofia[99787:320a1c] [com.wix.DetoxSync:DTXSyncReactNativeSupport] Found modern class RCTJSThreadManager, method runRunLoop
2026-08-17 11:28:17.569 Db YourSofia[99787:320a34] [com.apple.CFBundle:resources] Resource lookup at CFBundle 0x600003b087e0 </Library/Developer/CoreSimulator/Volumes/iOS_23D8133/Library/Developer/CoreSimulator/Profiles/Runtimes/iOS 26.3.simruntime/Contents/Resources/RuntimeRoot/System/Library/PrivateFrameworks/CoreMaterial.framework> (framework, loaded)
	Request       :  type: materialrecipe
	Result        : platformContentThickLight~appletv.materialrecipe -- file:///Library/Developer/CoreSimulator/Volumes/iOS_23D8133/Library/Developer/CoreSimulator/Profiles/Runtimes/iOS%2026.3.simruntime/Contents/Resources/RuntimeRoot/System/Library/PrivateFrameworks/CoreMaterial.framework/, knowledgePlattersSheerDark.materialrecipe -- file:///Library/Developer/CoreSimulator/Volumes/iOS_23D8133/Library/Developer/CoreSimulator/Profiles/Runtimes/iOS%2026.3.simruntime/Contents/Resources/RuntimeRoot/System/Library/PrivateFrameworks/CoreMaterial.framework/, platformContentUltraThinLight.materialrecipe -- file:///Library/Developer/CoreSimulator/Volumes/iOS_23D8133/Library/Developer/CoreSimulator/Profiles/Runtimes/iOS%2026.3.simruntime/Conten<…>
2026-08-17 11:28:17.569 Db YourSofia[99787:320a34] [com.apple.CFBundle:resources] Resource lookup at CFBundle 0x600003b087e0 </Library/Developer/CoreSimulator/Volumes/iOS_23D8133/Library/Developer/CoreSimulator/Profiles/Runtimes/iOS 26.3.simruntime/Contents/Resources/RuntimeRoot/System/Library/PrivateFrameworks/CoreMaterial.framework> (framework, loaded)
	Request       :  type: descendantrecipe
	Result        : platformContentThickLightShadowed.descendantrecipe -- file:///Library/Developer/CoreSimulator/Volumes/iOS_23D8133/Library/Developer/CoreSimulator/Profiles/Runtimes/iOS%2026.3.simruntime/Contents/Resources/RuntimeRoot/System/Library/PrivateFrameworks/CoreMaterial.framework/, modulesSheer.descendantrecipe -- file:///Library/Developer/CoreSimulator/Volumes/iOS_23D8133/Library/Developer/CoreSimulator/Profiles/Runtimes/iOS%2026.3.simruntime/Contents/Resources/RuntimeRoot/System/Library/PrivateFrameworks/CoreMaterial.framework/, modulesBackgroundSheer.descendantrecipe -- file:///Library/Developer/CoreSimulator/Volumes/iOS_23D8133/Library/Developer/CoreSimulator/Profiles/Runtimes/iOS%2026.3.simruntime/Contents/Resources/<…>
2026-08-17 11:28:17.569 Db YourSofia[99787:320a1c] [com.apple.defaults:User Defaults] looked up value 1 for key AccessibilityEnabled in CFPrefsPlistSource<0x600002c0db00> (Domain: com.apple.Accessibility, User: kCFPreferencesCurrentUser, ByHost: No, Container: (null), Contents Need Refresh: No) via CFPrefsSearchListSource<0x600002c0da80> (Domain: com.apple.Accessibility, Container: (null) Non-launch persona: 0)
2026-08-17 11:28:17.569 Db YourSofia[99787:320a1c] [com.apple.Accessibility:AXSupportCommon] CF Read: domain = com.apple.Accessibility, preference = AccessibilityEnabled, appID = (null) result = 1 (-1 - empty, 0 - false, 1 - true)
2026-08-17 11:28:17.569 Db YourSofia[99787:320a1c] [com.apple.defaults:User Defaults] looked up value 0 for key InvertColorsEnabled in CFPrefsPlistSource<0x600002c0db00> (Domain: com.apple.Accessibility, User: kCFPreferencesCurrentUser, ByHost: No, Container: (null), Contents Need Refresh: No) via CFPrefsSearchListSource<0x600002c0da80> (Domain: com.apple.Accessibility, Container: (null) Non-launch persona: 0)
2026-08-17 11:28:17.569 Db YourSofia[99787:320a1c] [com.apple.Accessibility:AXSupportCommon] CF Read: domain = com.apple.Accessibility, preference = InvertColorsEnabled, appID = (null) result = 0 (-1 - empty, 0 - false, 1 - true)
2026-08-17 11:28:17.569 Db YourSofia[99787:320a1c] [com.apple.Accessibility:AXSupportCommon] Read Global: preference = InvertColorsEnabled, result = 0
2026-08-17 11:28:17.569 Db YourSofia[99787:320a1c] [com.apple.Accessibility:AXSupportCommon] Updated cache: preference = InvertColorsEnabled, result = 0
2026-08-17 11:28:17.569 Db YourSofia[99787:320a34] [com.apple.CFBundle:resources] Resource lookup at CFBundle 0x600003b087e0 </Library/Developer/CoreSimulator/Volumes/iOS_23D8133/Library/Developer/CoreSimulator/Profiles/Runtimes/iOS 26.3.simruntime/Contents/Resources/RuntimeRoot/System/Library/PrivateFrameworks/CoreMaterial.framework> (framework, loaded)
	Request       : platters type: descendantrecipe
	Result        : None
2026-08-17 11:28:17.569 Db YourSofia[99787:320a34] [com.apple.CFBundle:resources] Resource lookup at CFBundle 0x600003b087e0 </Library/Developer/CoreSimulator/Volumes/iOS_23D8133/Library/Developer/CoreSimulator/Profiles/Runtimes/iOS 26.3.simruntime/Contents/Resources/RuntimeRoot/System/Library/PrivateFrameworks/CoreMaterial.framework> (framework, loaded)
	Request       : platters type: materialrecipe
	Result        : file:///Library/Developer/CoreSimulator/Volumes/iOS_23D8133/Library/Developer/CoreSimulator/Profiles/Runtimes/iOS%2026.3.simruntime/Contents/Resources/RuntimeRoot/System/Library/PrivateFrameworks/CoreMaterial.framework/platters.materialrecipe
2026-08-17 11:28:17.570 Db YourSofia[99787:320a34] [com.apple.CFBundle:resources] Resource lookup at CFBundle 0x600003b087e0 </Library/Developer/CoreSimulator/Volumes/iOS_23D8133/Library/Developer/CoreSimulator/Profiles/Runtimes/iOS 26.3.simruntime/Contents/Resources/RuntimeRoot/System/Library/PrivateFrameworks/CoreMaterial.framework> (framework, loaded)
	Request       : platterFillLight type: descendantstyleset
	Result        : None
2026-08-17 11:28:17.570 Db YourSofia[99787:320a1c] [com.apple.CFBundle:loading] dlfcn check load bundle CFBundle 0x600003b04700 </Library/Developer/CoreSimulator/Volumes/iOS_23D8133/Library/Developer/CoreSimulator/Profiles/Runtimes/iOS 26.3.simruntime/Contents/Resources/RuntimeRoot/System/Library/AccessibilityBundles/AccessibilitySettingsLoader.bundle> (not loaded), dlopen of /Library/Developer/CoreSimulator/Volumes/iOS_23D8133/Library/Developer/CoreSimulator/Profiles/Runtimes/iOS 26.3.simruntime/Contents/Resources/RuntimeRoot/System/Library/AccessibilityBundles/AccessibilitySettingsLoader.bundle/AccessibilitySettingsLoader mode 0x115 no handle
2026-08-17 11:28:17.570 Db YourSofia[99787:320a34] [com.apple.CFBundle:resources] Resource lookup at CFBundle 0x600003b087e0 </Library/Developer/CoreSimulator/Volumes/iOS_23D8133/Library/Developer/CoreSimulator/Profiles/Runtimes/iOS 26.3.simruntime/Contents/Resources/RuntimeRoot/System/Library/PrivateFrameworks/CoreMaterial.framework> (framework, loaded)
	Request       : platterFillLight type: visualstyleset
	Result        : file:///Library/Developer/CoreSimulator/Volumes/iOS_23D8133/Library/Developer/CoreSimulator/Profiles/Runtimes/iOS%2026.3.simruntime/Contents/Resources/RuntimeRoot/System/Library/PrivateFrameworks/CoreMaterial.framework/platterFillLight.visualstyleset
2026-08-17 11:28:17.579 Df YourSofia[99787:320a5d] [com.apple.FrontBoard:SceneExtension] Realizing settings extension FBSSceneSettingsCore on FBSSceneSettings
2026-08-17 11:28:17.579 Db YourSofia[99787:320a5d] [com.apple.BaseBoard:Common] [rdar://100354962] Fixing incorrect property returned by protocol_copyPropertyList2() for "activityMode": required --> optional
2026-08-17 11:28:17.579 Db YourSofia[99787:320a5d] [com.apple.BaseBoard:Common] [rdar://100354962] Fixing incorrect property returned by protocol_copyPropertyList2() for "prefersProcessTaskSuspensionWhileSceneForeground": required --> optional
2026-08-17 11:28:17.579 Db YourSofia[99787:320a5d] [com.apple.BaseBoard:Common] [rdar://100354962] Fixing incorrect property returned by protocol_copyPropertyList2() for "propagatedSettings": required --> optional
2026-08-17 11:28:17.579 Db YourSofia[99787:320a5d] [com.apple.BaseBoard:Common] [rdar://100354962] Fixing incorrect property returned by protocol_copyPropertyList2() for "clientProcess": required --> optional
2026-08-17 11:28:17.580 Db YourSofia[99787:320a5d] [com.apple.FrontBoard:SceneExtension] registering method "interruptionPolicy" from extension FBSSceneSettingsCore on class "FBSSceneSettings"
2026-08-17 11:28:17.580 Db YourSofia[99787:320a5d] [com.apple.FrontBoard:SceneExtension] registering method "setInterruptionPolicy:" from extension FBSSceneSettingsCore on class "FBSSceneSettings"
2026-08-17 11:28:17.580 Db YourSofia[99787:320a5d] [com.apple.FrontBoard:SceneExtension] registering method "prefersProcessTaskSuspensionWhileSceneForeground" from extension FBSSceneSettingsCore on class "FBSSceneSettings"
2026-08-17 11:28:17.580 Db YourSofia[99787:320a5d] [com.apple.FrontBoard:SceneExtension] registering method "setPrefersProcessTaskSuspensionWhileSceneForeground:" from extension FBSSceneSettingsCore on class "FBSSceneSettings"
2026-08-17 11:28:17.580 Db YourSofia[99787:320a5d] [com.apple.FrontBoard:SceneExtension] registering method "frame" from extension FBSSceneSettingsCore on class "FBSSceneSettings"
2026-08-17 11:28:17.580 Db YourSofia[99787:320a5d] [com.apple.FrontBoard:SceneExtension] registering method "setFrame:" from extension FBSSceneSettingsCore on class "FBSSceneSettings"
2026-08-17 11:28:17.580 Db YourSofia[99787:320a5d] [com.apple.FrontBoard:SceneExtension] registering method "propagatedSettings" from extension FBSSceneSettingsCore on class "FBSSceneSettings"
2026-08-17 11:28:17.580 Db YourSofia[99787:320a5d] [com.apple.FrontBoard:SceneExtension] registering method "setPropagatedSettings:" from extension FBSSceneSettingsCore on class "FBSSceneSettings"
2026-08-17 11:28:17.580 Db YourSofia[99787:320a5d] [com.apple.FrontBoard:SceneExtension] registering method "clientProcess" from extension FBSSceneSettingsCore on class "FBSSceneSettings"
2026-08-17 11:28:17.580 Db YourSofia[99787:320a5d] [com.apple.FrontBoard:SceneExtension] registering method "setClientProcess:" from extension FBSSceneSettingsCore on class "FBSSceneSettings"
2026-08-17 11:28:17.580 Db YourSofia[99787:320a5d] [com.apple.FrontBoard:SceneExtension] registering method "isForeground" from extension FBSSceneSettingsCore on class "FBSSceneSettings"
2026-08-17 11:28:17.580 Db YourSofia[99787:320a5d] [com.apple.FrontBoard:SceneExtension] registering method "setForeground:" from extension FBSSceneSettingsCore on class "FBSSceneSettings"
2026-08-17 11:28:17.580 Db YourSofia[99787:320a5d] [com.apple.FrontBoard:SceneExtension] registering method "displayConfiguration" from extension FBSSceneSettingsCore on class "FBSSceneSettings"
2026-08-17 11:28:17.580 Db YourSofia[99787:320a5d] [com.apple.FrontBoard:SceneExtension] registering method "setDisplayConfiguration:" from extension FBSSceneSettingsCore on class "FBSSceneSettings"
2026-08-17 11:28:17.580 Db YourSofia[99787:320a5d] [com.apple.FrontBoard:SceneExtension] registering method "level" from extension FBSSceneSettingsCore on class "FBSSceneSettings"
2026-08-17 11:28:17.580 Db YourSofia[99787:320a5d] [com.apple.FrontBoard:SceneExtension] registering method "setLevel:" from extension FBSSceneSettingsCore on class "FBSSceneSettings"
2026-08-17 11:28:17.580 Db YourSofia[99787:320a5d] [com.apple.FrontBoard:SceneExtension] registering method "isClientFuture" from extension FBSSceneSettingsCore on class "FBSSceneSettings"
2026-08-17 11:28:17.580 Db YourSofia[99787:320a5d] [com.apple.FrontBoard:SceneExtension] registering method "setClientFuture:" from extension FBSSceneSettingsCore on class "FBSSceneSettings"
2026-08-17 11:28:17.580 Db YourSofia[99787:320a5d] [com.apple.FrontBoard:SceneExtension] registering method "jetsamPriority" from extension FBSSceneSettingsCore on class "FBSSceneSettings"
2026-08-17 11:28:17.580 Db YourSofia[99787:320a5d] [com.apple.FrontBoard:SceneExtension] registering method "setJetsamPriority:" from extension FBSSceneSettingsCore on class "FBSSceneSettings"
2026-08-17 11:28:17.580 Db YourSofia[99787:320a5d] [com.apple.FrontBoard:SceneExtension] registering method "interfaceOrientation" from extension FBSSceneSettingsCore on class "FBSSceneSettings"
2026-08-17 11:28:17.580 Db YourSofia[99787:320a5d] [com.apple.FrontBoard:SceneExtension] registering method "setInterfaceOrientation:" from extension FBSSceneSettingsCore on class "FBSSceneSettings"
2026-08-17 11:28:17.580 Db YourSofia[99787:320a5d] [com.apple.FrontBoard:SceneExtension] registering method "activityMode" from extension FBSSceneSettingsCore on class "FBSSceneSettings"
2026-08-17 11:28:17.580 Db YourSofia[99787:320a5d] [com.apple.FrontBoard:SceneExtension] registering method "setActivityMode:" from extension FBSSceneSettingsCore on class "FBSSceneSettings"
2026-08-17 11:28:17.580 Db YourSofia[99787:320a5d] [com.apple.FrontBoard:SceneExtension] registering method "isOccluded" from extension FBSSceneSettingsCore on class "FBSSceneSettings"
2026-08-17 11:28:17.580 Db YourSofia[99787:320a5d] [com.apple.FrontBoard:SceneExtension] registering method "setOccluded:" from extension FBSSceneSettingsCore on class "FBSSceneSettings"
2026-08-17 11:28:17.580 Df YourSofia[99787:320a5d] [com.apple.FrontBoard:SceneExtension] Realizing settings extension FBSSceneClientSettingsCore on FBSSceneClientSettings
2026-08-17 11:28:17.581 Db YourSofia[99787:320a5d] [com.apple.FrontBoard:SceneExtension] registering method "layers" from extension FBSSceneClientSettingsCore on class "FBSSceneClientSettings"
2026-08-17 11:28:17.581 Db YourSofia[99787:320a5d] [com.apple.FrontBoard:SceneExtension] registering method "setLayers:" from extension FBSSceneClientSettingsCore on class "FBSSceneClientSettings"
2026-08-17 11:28:17.581 Db YourSofia[99787:320a5d] [com.apple.FrontBoard:SceneExtension] registering method "preferredLevel" from extension FBSSceneClientSettingsCore on class "FBSSceneClientSettings"
2026-08-17 11:28:17.581 Db YourSofia[99787:320a5d] [com.apple.FrontBoard:SceneExtension] registering method "setPreferredLevel:" from extension FBSSceneClientSettingsCore on class "FBSSceneClientSettings"
2026-08-17 11:28:17.581 Db YourSofia[99787:320a5d] [com.apple.FrontBoard:SceneExtension] registering method "preferredSceneHostIdentity" from extension FBSSceneClientSettingsCore on class "FBSSceneClientSettings"
2026-08-17 11:28:17.581 Db YourSofia[99787:320a5d] [com.apple.FrontBoard:SceneExtension] registering method "setPreferredSceneHostIdentity:" from extension FBSSceneClientSettingsCore on class "FBSSceneClientSettings"
2026-08-17 11:28:17.581 Db YourSofia[99787:320a5d] [com.apple.FrontBoard:SceneExtension] registering method "preferredSceneHostIdentifier" from extension FBSSceneClientSettingsCore on class "FBSSceneClientSettings"
2026-08-17 11:28:17.581 Db YourSofia[99787:320a5d] [com.apple.FrontBoard:SceneExtension] registering method "setPreferredSceneHostIdentifier:" from extension FBSSceneClientSettingsCore on class "FBSSceneClientSettings"
2026-08-17 11:28:17.581 Db YourSofia[99787:320a5d] [com.apple.FrontBoard:SceneExtension] registering method "preferredInterfaceOrientation" from extension FBSSceneClientSettingsCore on class "FBSSceneClientSettings"
2026-08-17 11:28:17.581 Db YourSofia[99787:320a1c] [com.apple.CFBundle:loading] dlfcn load framework CFBundle 0x600003b04700 </Library/Developer/CoreSimulator/Volumes/iOS_23D8133/Library/Developer/CoreSimulator/Profiles/Runtimes/iOS 26.3.simruntime/Contents/Resources/RuntimeRoot/System/Library/AccessibilityBundles/AccessibilitySettingsLoader.bundle> (framework, not loaded), dlopen of /Library/Developer/CoreSimulator/Volumes/iOS_23D8133/Library/Developer/CoreSimulator/Profiles/Runtimes/iOS 26.3.simruntime/Contents/Resources/RuntimeRoot/System/Library/AccessibilityBundles/AccessibilitySettingsLoader.bundle/AccessibilitySettingsLoader mode 0x109 returns handle 0x9444e1
2026-08-17 11:28:17.581 Db YourSofia[99787:320a5d] [com.apple.FrontBoard:SceneExtension] registering method "setPreferredInterfaceOrientation:" from extension FBSSceneClientSettingsCore on class "FBSSceneClientSettings"
2026-08-17 11:28:17.581 Db YourSofia[99787:320a34] [com.apple.CFBundle:resources] Language lookup at CFBundle 0x600003b04620 </Library/Developer/CoreSimulator/Volumes/iOS_23D8133/Library/Developer/CoreSimulator/Profiles/Runtimes/iOS 26.3.simruntime/Contents/Resources/RuntimeRoot/System/Library/PrivateFrameworks/CoreEmoji.framework> (not loaded)
	Localizations : [de, ur, he, en_AU, ar, el, ja, mr, sq, en, uk, es_419, gu, zh_CN, kn, pa, es, is, sl, or, pt_BR, da, et, it, bg, sk, kk, pt_PT, ms, ta, ml, sv, te, cs, km, en_IN, ko, yue_CN, fil, hy, mn, my, no, hu, zh_HK, ka, tr, pl, zh_TW, es_US, en_GB, vi, lv, lo, lt, ru, fr_CA, uz, fr, fi, id, nl, th, az, bn, ro, hr, hi, ca, hi_Latn]
	Dev language  : en
	User prefs    : [en-US, bg-US]
	Main bundle   : [en]
	Allow mixed   : 0 
	Result        : [en]
2026-08-17 11:28:17.582 Db YourSofia[99787:320a34] [com.apple.CFBundle:resources] Resource lookup at CFBundle 0x600003b04620 </Library/Developer/CoreSimulator/Volumes/iOS_23D8133/Library/Developer/CoreSimulator/Profiles/Runtimes/iOS 26.3.simruntime/Contents/Resources/RuntimeRoot/System/Library/PrivateFrameworks/CoreEmoji.framework> (not loaded)
	Request       : emoji type: bitmap
	Result        : file:///Library/Developer/CoreSimulator/Volumes/iOS_23D8133/Library/Developer/CoreSimulator/Profiles/Runtimes/iOS%2026.3.simruntime/Contents/Resources/RuntimeRoot/System/Library/PrivateFrameworks/CoreEmoji.framework/emoji.bitmap
2026-08-17 11:28:17.582 Db YourSofia[99787:320a1c] [com.apple.defaults:User Defaults] found no value for key VoiceOverTouchEnabled in CFPrefsSearchListSource<0x600002c0da80> (Domain: com.apple.Accessibility, Container: (null) Non-launch persona: 0)
2026-08-17 11:28:17.582 Db YourSofia[99787:320a1c] [com.apple.Accessibility:AXSupportCommon] CF Read: domain = com.apple.Accessibility, preference = VoiceOverTouchEnabled, appID = (null) result = (null) (-1 - empty, 0 - false, 1 - true)
2026-08-17 11:28:17.582 Db YourSofia[99787:320a1c] [com.apple.defaults:User Defaults] found no value for key VoiceOverTouchEnabled in CFPrefsPlistSource<0x600002c0dd80> (Domain: com.apple.Accessibility, User: kCFPreferencesCurrentUser, ByHost: No, Container: /Users/valentinasenov/Library/Developer/CoreSimulator/Devices/4EC5F74C-5A9C-4D89-8E44-374310E684AE/data, Contents Need Refresh: No)
2026-08-17 11:28:17.582 Db YourSofia[99787:320a1c] [com.apple.defaults:User Defaults] looked up value 1 for key ApplicationAccessibilityEnabled in CFPrefsPlistSource<0x600002c0db00> (Domain: com.apple.Accessibility, User: kCFPreferencesCurrentUser, ByHost: No, Container: (null), Contents Need Refresh: No) via CFPrefsSearchListSource<0x600002c0da80> (Domain: com.apple.Accessibility, Container: (null) Non-launch persona: 0)
2026-08-17 11:28:17.582 Db YourSofia[99787:320a1c] [com.apple.Accessibility:AXSupportCommon] CF Read: domain = com.apple.Accessibility, preference = ApplicationAccessibilityEnabled, appID = (null) result = 1 (-1 - empty, 0 - false, 1 - true)
2026-08-17 11:28:17.583 Db YourSofia[99787:320a1c] [com.apple.CFBundle:loading] dlfcn check load bundle CFBundle 0x600003b08b60 </Library/Developer/CoreSimulator/Volumes/iOS_23D8133/Library/Developer/CoreSimulator/Profiles/Runtimes/iOS 26.3.simruntime/Contents/Resources/RuntimeRoot/System/Library/AccessibilityBundles/UIKit.axbundle> (not loaded), dlopen of /Library/Developer/CoreSimulator/Volumes/iOS_23D8133/Library/Developer/CoreSimulator/Profiles/Runtimes/iOS 26.3.simruntime/Contents/Resources/RuntimeRoot/System/Library/AccessibilityBundles/UIKit.axbundle/UIKit mode 0x115 no handle
2026-08-17 11:28:17.585 Db YourSofia[99787:320a5d] [com.apple.BaseBoard:Common] BSCanonicalOrientationMapResolver will auto-code: <BSObjCIvar: 0x600000c35470; "_currentOrientation" (<long long>)>, <BSObjCIvar: 0x600000c354d0; "_fallbackOrientations" (<NSArray<NSNumber *> *>)>, <BSObjCIvar: 0x600000c35410; "_targetOrientation" (<long long>)>
2026-08-17 11:28:17.592 Db YourSofia[99787:320a5d] [com.apple.BaseBoard:Common] BSCornerRadiusConfiguration will auto-code: <BSObjCIvar: 0x600000c355c0; "_topRight" (<double>)>, <BSObjCIvar: 0x600000c355f0; "_bottomRight" (<double>)>, <BSObjCIvar: 0x600000c352f0; "_topLeft" (<double>)>, <BSObjCIvar: 0x600000c35560; "_bottomLeft" (<double>)>
2026-08-17 11:28:17.592 Df YourSofia[99787:320a5d] [com.apple.FrontBoard:SceneExtension] UIMutableApplicationSceneSettings setting counterpart class: UIApplicationSceneSettings
2026-08-17 11:28:17.593 Df YourSofia[99787:320a5d] [com.apple.FrontBoard:SceneExtension] UIMutableApplicationSceneClientSettings setting counterpart class: UIApplicationSceneClientSettings
2026-08-17 11:28:17.593 Df YourSofia[99787:320a5d] [com.apple.FrontBoard:SceneExtension] Realizing settings extension FBSSceneTransitionContextCore on FBSSceneTransitionContext
2026-08-17 11:28:17.593 Db YourSofia[99787:320a5d] [com.apple.BaseBoard:Common] [rdar://100354962] Fixing incorrect property returned by protocol_copyPropertyList2() for "parentUpdate": required --> optional
2026-08-17 11:28:17.593 Db YourSofia[99787:320a5d] [com.apple.BaseBoard:Common] [rdar://100354962] Fixing incorrect property returned by protocol_copyPropertyList2() for "executionContext": required --> optional
2026-08-17 11:28:17.593 Db YourSofia[99787:320a5d] [com.apple.BaseBoard:Common] [rdar://100354962] Fixing incorrect property returned by protocol_copyPropertyList2() for "clientProcessHandle": required --> optional
2026-08-17 11:28:17.593 Db YourSofia[99787:320a5d] [com.apple.BaseBoard:Common] [rdar://100354962] Fixing incorrect property returned by protocol_copyPropertyList2() for "updateContext": required --> optional
2026-08-17 11:28:17.593 Db YourSofia[99787:320a5d] [com.apple.BaseBoard:Common] [rdar://100354962] Fixing incorrect property returned by protocol_copyPropertyList2() for "watchdogTransitionContext": required --> optional
2026-08-17 11:28:17.593 Db YourSofia[99787:320a5d] [com.apple.BaseBoard:Common] [rdar://100354962] Fixing incorrect property returned by protocol_copyPropertyList2() for "allowCPUThrottling": required --> optional
2026-08-17 11:28:17.593 Db YourSofia[99787:320a5d] [com.apple.BaseBoard:Common] [rdar://100354962] Fixing incorrect property returned by protocol_copyPropertyList2() for "runningBoardAssertionDisabled": required --> optional
2026-08-17 11:28:17.593 Db YourSofia[99787:320a5d] [com.apple.BaseBoard:Common] [rdar://100354962] Fixing incorrect property returned by protocol_copyPropertyList2() for "error": required --> optional
2026-08-17 11:28:17.593 Db YourSofia[99787:320a5d] [com.apple.BaseBoard:Common] [rdar://100354962] Fixing incorrect property returned by protocol_copyPropertyList2() for "updateCompletions": required --> optional
2026-08-17 11:28:17.593 Db YourSofia[99787:320a5d] [com.apple.FrontBoard:SceneExtension] registering method "allowCPUThrottling" from extension FBSSceneTransitionContextCore on class "FBSSceneTransitionContext"
2026-08-17 11:28:17.593 Db YourSofia[99787:320a5d] [com.apple.FrontBoard:SceneExtension] registering method "setAllowCPUThrottling:" from extension FBSSceneTransitionContextCore on class "FBSSceneTransitionContext"
2026-08-17 11:28:17.593 Db YourSofia[99787:320a5d] [com.apple.FrontBoard:SceneExtension] registering method "executionContext" from extension FBSSceneTransitionContextCore on class "FBSSceneTransitionContext"
2026-08-17 11:28:17.593 Db YourSofia[99787:320a5d] [com.apple.FrontBoard:SceneExtension] registering method "setExecutionContext:" from extension FBSSceneTransitionContextCore on class "FBSSceneTransitionContext"
2026-08-17 11:28:17.593 Db YourSofia[99787:320a5d] [com.apple.FrontBoard:SceneExtension] registering method "actions" from extension FBSSceneTransitionContextCore on class "FBSSceneTransitionContext"
2026-08-17 11:28:17.593 Db YourSofia[99787:320a5d] [com.apple.FrontBoard:SceneExtension] registering method "setActions:" from extension FBSSceneTransitionContextCore on class "FBSSceneTransitionContext"
2026-08-17 11:28:17.593 Db YourSofia[99787:320a5d] [com.apple.FrontBoard:SceneExtension] registering method "animationFence" from extension FBSSceneTransitionContextCore on class "FBSSceneTransitionContext"
2026-08-17 11:28:17.593 Db YourSofia[99787:320a5d] [com.apple.FrontBoard:SceneExtension] registering method "setAnimationFence:" from extension FBSSceneTransitionContextCore on class "FBSSceneTransitionContext"
2026-08-17 11:28:17.593 Db YourSofia[99787:320a5d] [com.apple.FrontBoard:SceneExtension] registering method "isRunningBoardAssertionDisabled" from extension FBSSceneTransitionContextCore on class "FBSSceneTransitionContext"
2026-08-17 11:28:17.593 Db YourSofia[99787:320a5d] [com.apple.FrontBoard:SceneExtension] registering method "setRunningBoardAssertionDisabled:" from extension FBSSceneTransitionContextCore on class "FBSSceneTransitionContext"
2026-08-17 11:28:17.593 Db YourSofia[99787:320a5d] [com.apple.FrontBoard:SceneExtension] registering method "watchdogTransitionContext" from extension FBSSceneTransitionContextCore on class "FBSSceneTransitionContext"
2026-08-17 11:28:17.593 Db YourSofia[99787:320a5d] [com.apple.FrontBoard:SceneExtension] registering method "setWatchdogTransitionContext:" from extension FBSSceneTransitionContextCore on class "FBSSceneTransitionContext"
2026-08-17 11:28:17.593 Db YourSofia[99787:320a5d] [com.apple.FrontBoard:SceneExtension] registering method "error" from extension FBSSceneTransitionContextCore on class "FBSSceneTransitionContext"
2026-08-17 11:28:17.593 Db YourSofia[99787:320a5d] [com.apple.FrontBoard:SceneExtension] registering method "setError:" from extension FBSSceneTransitionContextCore on class "FBSSceneTransitionContext"
2026-08-17 11:28:17.593 Db YourSofia[99787:320a5d] [com.apple.FrontBoard:SceneExtension] registering method "clientProcessHandle" from extension FBSSceneTransitionContextCore on class "FBSSceneTransitionContext"
2026-08-17 11:28:17.593 Db YourSofia[99787:320a5d] [com.apple.FrontBoard:SceneExtension] registering method "setClientProcessHandle:" from extension FBSSceneTransitionContextCore on class "FBSSceneTransitionContext"
2026-08-17 11:28:17.593 Db YourSofia[99787:320a5d] [com.apple.FrontBoard:SceneExtension] registering method "updateCompletions" from extension FBSSceneTransitionContextCore on class "FBSSceneTransitionContext"
2026-08-17 11:28:17.593 Db YourSofia[99787:320a5d] [com.apple.FrontBoard:SceneExtension] registering method "setUpdateCompletions:" from extension FBSSceneTransitionContextCore on class "FBSSceneTransitionContext"
2026-08-17 11:28:17.593 Db YourSofia[99787:320a5d] [com.apple.FrontBoard:SceneExtension] registering method "animationSettings" from extension FBSSceneTransitionContextCore on class "FBSSceneTransitionContext"
2026-08-17 11:28:17.593 Db YourSofia[99787:320a5d] [com.apple.FrontBoard:SceneExtension] registering method "setAnimationSettings:" from extension FBSSceneTransitionContextCore on class "FBSSceneTransitionContext"
2026-08-17 11:28:17.593 Db YourSofia[99787:320a5d] [com.apple.FrontBoard:SceneExtension] registering method "parentUpdate" from extension FBSSceneTransitionContextCore on class "FBSSceneTransitionContext"
2026-08-17 11:28:17.593 Db YourSofia[99787:320a5d] [com.apple.FrontBoard:SceneExtension] registering method "setParentUpdate:" from extension FBSSceneTransitionContextCore on class "FBSSceneTransitionContext"
2026-08-17 11:28:17.593 Db YourSofia[99787:320a5d] [com.apple.FrontBoard:SceneExtension] registering method "isBarrier" from extension FBSSceneTransitionContextCore on class "FBSSceneTransitionContext"
2026-08-17 11:28:17.593 Db YourSofia[99787:320a5d] [com.apple.FrontBoard:SceneExtension] registering method "setBarrier:" from extension FBSSceneTransitionContextCore on class "FBSSceneTransitionContext"
2026-08-17 11:28:17.593 Db YourSofia[99787:320a5d] [com.apple.FrontBoard:SceneExtension] registering method "updateContext" from extension FBSSceneTransitionContextCore on class "FBSSceneTransitionContext"
2026-08-17 11:28:17.593 Db YourSofia[99787:320a5d] [com.apple.FrontBoard:SceneExtension] registering method "setUpdateContext:" from extension FBSSceneTransitionContextCore on class "FBSSceneTransitionContext"
2026-08-17 11:28:17.593 Db YourSofia[99787:320a5d] [com.apple.FrontBoard:SceneExtension] registering method "originatingProcess" from extension FBSSceneTransitionContextCore on class "FBSSceneTransitionContext"
2026-08-17 11:28:17.593 Db YourSofia[99787:320a5d] [com.apple.FrontBoard:SceneExtension] registering method "setOriginatingProcess:" from extension FBSSceneTransitionContextCore on class "FBSSceneTransitionContext"
2026-08-17 11:28:17.593 I  YourSofia[99787:320a5d] [com.apple.FrontBoard:Common] [FBSScene] [(FBSceneManager):sceneID:bg.sofia.yoursofia-default] Created client agent: <UIApplicationSceneClientAgent: 0x60000000c0f0>
2026-08-17 11:28:17.595 Db YourSofia[99787:320a1c] [com.apple.CFBundle:loading] dlfcn load framework CFBundle 0x600003b08b60 </Library/Developer/CoreSimulator/Volumes/iOS_23D8133/Library/Developer/CoreSimulator/Profiles/Runtimes/iOS 26.3.simruntime/Contents/Resources/RuntimeRoot/System/Library/AccessibilityBundles/UIKit.axbundle> (framework, not loaded), dlopen of /Library/Developer/CoreSimulator/Volumes/iOS_23D8133/Library/Developer/CoreSimulator/Profiles/Runtimes/iOS 26.3.simruntime/Contents/Resources/RuntimeRoot/System/Library/AccessibilityBundles/UIKit.axbundle/UIKit mode 0x109 returns handle 0x9452d1
2026-08-17 11:28:17.597 I  YourSofia[99787:320a1c] [com.apple.Accessibility:AXCommon] AX Start server
2026-08-17 11:28:17.597 I  YourSofia[99787:320a1c] [com.apple.Accessibility:AXCommon] AX Begin loading server
2026-08-17 11:28:17.597 Db YourSofia[99787:320a1c] [com.apple.Accessibility:AXLoading] Accessibility Started (Mini-Server)
2026-08-17 11:28:17.597 Db YourSofia[99787:320a1c] [com.apple.Accessibility:AXLoading] Accessibility Initialize Runtime Overrides
2026-08-17 11:28:17.597 Db YourSofia[99787:320a1c] [com.apple.defaults:User Defaults] found no value for key ReportValidationErrors in CFPrefsSearchListSource<0x600002c0da80> (Domain: com.apple.Accessibility, Container: (null) Non-launch persona: 0)
2026-08-17 11:28:17.597 Db YourSofia[99787:320a1c] [com.apple.Accessibility:AXSupportCommon] CF Read: domain = com.apple.Accessibility, preference = ReportValidationErrors, appID = (null) result = (null) (-1 - empty, 0 - false, 1 - true)
2026-08-17 11:28:17.597 Db YourSofia[99787:320a1c] [com.apple.defaults:User Defaults] found no value for key ReportValidationErrors in CFPrefsPlistSource<0x600002c0dd80> (Domain: com.apple.Accessibility, User: kCFPreferencesCurrentUser, ByHost: No, Container: /Users/valentinasenov/Library/Developer/CoreSimulator/Devices/4EC5F74C-5A9C-4D89-8E44-374310E684AE/data, Contents Need Refresh: No)
2026-08-17 11:28:17.600 Db YourSofia[99787:320a1c] [com.apple.defaults:User Defaults] found no value for key AXSAppValidatingTestingPreference in CFPrefsSearchListSource<0x600002c30900> (Domain: com.apple.Accessibility, Container: /Users/valentinasenov/Library/Developer/CoreSimulator/Devices/4EC5F74C-5A9C-4D89-8E44-374310E684AE/data Non-launch persona: 0)
2026-08-17 11:28:17.600 Db YourSofia[99787:320a1c] [com.apple.defaults:User Defaults] found no value for key AXSAppValidatingTestingPreference in CFPrefsSearchListSource<0x600002c0da80> (Domain: com.apple.Accessibility, Container: (null) Non-launch persona: 0)
2026-08-17 11:28:17.600 Db YourSofia[99787:320a1c] [com.apple.defaults:User Defaults] found no value for key shouldPerformValidationsAtRuntime in CFPrefsSearchListSource<0x600002c30900> (Domain: com.apple.Accessibility, Container: /Users/valentinasenov/Library/Developer/CoreSimulator/Devices/4EC5F74C-5A9C-4D89-8E44-374310E684AE/data Non-launch persona: 0)
2026-08-17 11:28:17.600 Db YourSofia[99787:320a1c] [com.apple.defaults:User Defaults] found no value for key shouldPerformValidationsAtRuntime in CFPrefsSearchListSource<0x600002c0da80> (Domain: com.apple.Accessibility, Container: (null) Non-launch persona: 0)
2026-08-17 11:28:17.600 A  YourSofia[99787:320a5d] (CoreFoundation) Updating Key-Value Observers Of Preferences
2026-08-17 11:28:17.600 Db YourSofia[99787:320a1c] [com.apple.defaults:User Defaults] found no value for key IsAXValidationRunnerCollectingValidations in CFPrefsSearchListSource<0x600002c30900> (Domain: com.apple.Accessibility, Container: /Users/valentinasenov/Library/Developer/CoreSimulator/Devices/4EC5F74C-5A9C-4D89-8E44-374310E684AE/data Non-launch persona: 0)
2026-08-17 11:28:17.600 Db YourSofia[99787:320a1c] [com.apple.defaults:User Defaults] found no value for key IsAXValidationRunnerCollectingValidations in CFPrefsSearchListSource<0x600002c0da80> (Domain: com.apple.Accessibility, Container: (null) Non-launch persona: 0)
2026-08-17 11:28:17.602 Db YourSofia[99787:320a1c] [com.apple.defaults:User Defaults] looked up value 0 for key LocalizedStringLookupInfoEnabled in CFPrefsPlistSource<0x600002c0db00> (Domain: com.apple.Accessibility, User: kCFPreferencesCurrentUser, ByHost: No, Container: (null), Contents Need Refresh: No) via CFPrefsSearchListSource<0x600002c0da80> (Domain: com.apple.Accessibility, Container: (null) Non-launch persona: 0)
2026-08-17 11:28:17.602 Db YourSofia[99787:320a1c] [com.apple.Accessibility:AXSupportCommon] CF Read: domain = com.apple.Accessibility, preference = LocalizedStringLookupInfoEnabled, appID = (null) result = 0 (-1 - empty, 0 - false, 1 - true)
2026-08-17 11:28:17.602 Db YourSofia[99787:320a1c] [com.apple.defaults:User Defaults] found no value for key AutomationPreferredLanguage in CFPrefsSearchListSource<0x600002c0da80> (Domain: com.apple.Accessibility, Container: (null) Non-launch persona: 0)
2026-08-17 11:28:17.602 Db YourSofia[99787:320a1c] [com.apple.Accessibility:AXSupportCommon] CF Read: domain = com.apple.Accessibility, preference = AutomationPreferredLanguage, appID = (null) result = (null) (-1 - empty, 0 - false, 1 - true)
2026-08-17 11:28:17.602 Db YourSofia[99787:320a1c] [com.apple.defaults:User Defaults] found no value for key AutomationPreferredLanguage in CFPrefsPlistSource<0x600002c0dd80> (Domain: com.apple.Accessibility, User: kCFPreferencesCurrentUser, ByHost: No, Container: /Users/valentinasenov/Library/Developer/CoreSimulator/Devices/4EC5F74C-5A9C-4D89-8E44-374310E684AE/data, Contents Need Refresh: No)
2026-08-17 11:28:17.602 Db YourSofia[99787:320a1c] [com.apple.defaults:User Defaults] looked up value (
    "en-US",
    "bg-US"
) for key AppleLanguages in CFPrefsPlistSource<0x600002c08680> (Domain: kCFPreferencesAnyApplication, User: kCFPreferencesCurrentUser, ByHost: No, Container: /Users/valentinasenov/Library/Developer/CoreSimulator/Devices/4EC5F74C-5A9C-4D89-8E44-374310E684AE/data, Contents Need Refresh: No) via CFPrefsSearchListSource<0x600002c0c180> (Domain: bg.sofia.yoursofia, Container: (null) Non-launch persona: 0)
2026-08-17 11:28:17.602 Db YourSofia[99787:320a1c] [com.apple.Accessibility:AXLoading] Accessibility Initialize Subclass Runtime Overrides (UIKit)
2026-08-17 11:28:17.608 Db YourSofia[99787:320a1c] [com.apple.Accessibility:AXRuntimeCommon] Successfully created AX server
2026-08-17 11:28:17.608 Db YourSofia[99787:320a1c] [com.apple.defaults:User Defaults] found no value for key AXAutomationIgnoreLogging in CFPrefsSearchListSource<0x600002c30900> (Domain: com.apple.Accessibility, Container: /Users/valentinasenov/Library/Developer/CoreSimulator/Devices/4EC5F74C-5A9C-4D89-8E44-374310E684AE/data Non-launch persona: 0)
2026-08-17 11:28:17.608 I  YourSofia[99787:320a1c] [com.apple.Accessibility:AXAppAccessibility] Started AXRuntime server. SystemApp=0
2026-08-17 11:28:17.608 Db YourSofia[99787:320a1c] [com.apple.defaults:User Defaults] found no value for key UseNewAXBundleLoader in CFPrefsSearchListSource<0x600002c30900> (Domain: com.apple.Accessibility, Container: /Users/valentinasenov/Library/Developer/CoreSimulator/Devices/4EC5F74C-5A9C-4D89-8E44-374310E684AE/data Non-launch persona: 0)
2026-08-17 11:28:17.608 Db YourSofia[99787:320a1c] [com.apple.defaults:User Defaults] found no value for key UseNewAXBundleLoader in CFPrefsSearchListSource<0x600002c0da80> (Domain: com.apple.Accessibility, Container: (null) Non-launch persona: 0)
2026-08-17 11:28:17.609 Df YourSofia[99787:320a1c] [com.apple.dt.xctest:Default] Registering for test daemon availability notify post.
2026-08-17 11:28:17.609 Df YourSofia[99787:320a1c] [com.apple.dt.xctest:Default] notify_get_state check indicated test daemon not ready.
2026-08-17 11:28:17.609 Df YourSofia[99787:320a1c] [com.apple.dt.xctest:Default] notify_get_state check indicated test daemon not ready.
2026-08-17 11:28:17.609 Df YourSofia[99787:320a1c] [com.apple.dt.xctest:Default] notify_get_state check indicated test daemon not ready.
2026-08-17 11:28:17.609 Db YourSofia[99787:320a1c] [com.apple.defaults:User Defaults] found no value for key UIRequireCrimsonLifecycle in CFPrefsSearchListSource<0x600002c00a00> (Domain: com.apple.UIKit, Container: (null) Non-launch persona: 0)
2026-08-17 11:28:17.609 Db YourSofia[99787:320a1c] [com.apple.defaults:User Defaults] found no value for key LogUpdateScheduler in CFPrefsSearchListSource<0x600002c00a00> (Domain: com.apple.UIKit, Container: (null) Non-launch persona: 0)
2026-08-17 11:28:17.609 Df YourSofia[99787:320a1c] [com.apple.UIKit:UpdateScheduler] Selected display: name=LCD (PurpleMain), id=1
2026-08-17 11:28:17.609 Db YourSofia[99787:320a1c] [com.apple.FrontBoard:SceneClient] [(FBSceneManager):sceneID:bg.sofia.yoursofia-default] Adding extension: "_UISceneRelationshipManagementExtension"
2026-08-17 11:28:17.609 Db YourSofia[99787:320a1c] [com.apple.FrontBoard:SceneClient] [(FBSceneManager):sceneID:bg.sofia.yoursofia-default] Adding extension: "_UIApplicationSceneKeyboardExtension"
2026-08-17 11:28:17.609 Db YourSofia[99787:320a1c] [com.apple.FrontBoard:SceneClient] [(FBSceneManager):sceneID:bg.sofia.yoursofia-default] Instantiated component: "<_UIApplicationSceneKeyboardClientComponent: 0x600000236b80>"
2026-08-17 11:28:17.610 Db YourSofia[99787:320a1c] [com.apple.FrontBoard:SceneClient] [(FBSceneManager):sceneID:bg.sofia.yoursofia-default] Adding extension: "_UISceneOcclusionExtension"
2026-08-17 11:28:17.610 Db YourSofia[99787:320a1c] [com.apple.FrontBoard:SceneClient] [(FBSceneManager):sceneID:bg.sofia.yoursofia-default] Adding extension: "_UISceneInterfaceProtectionExtension"
2026-08-17 11:28:17.610 Db YourSofia[99787:320a1c] [com.apple.FrontBoard:SceneClient] [(FBSceneManager):sceneID:bg.sofia.yoursofia-default] Instantiated component: "<_UISceneInterfaceProtectionClientComponent: 0x60000173db40>"
2026-08-17 11:28:17.610 Db YourSofia[99787:320a1c] [com.apple.FrontBoard:SceneClient] [(FBSceneManager):sceneID:bg.sofia.yoursofia-default] Adding extension: "_UISceneGeometryExtension"
2026-08-17 11:28:17.610 Db YourSofia[99787:320a1c] [com.apple.FrontBoard:SceneClient] [(FBSceneManager):sceneID:bg.sofia.yoursofia-default] Instantiated component: "<_UISceneLayoutPreferencesController: 0x600000c3dec0>"
2026-08-17 11:28:17.610 Db YourSofia[99787:320a1c] [com.apple.FrontBoard:SceneClient] [(FBSceneManager):sceneID:bg.sofia.yoursofia-default] Instantiated component: "<_UISceneSafeAreaClientComponent: 0x600000235620>"
2026-08-17 11:28:17.610 Db YourSofia[99787:320a1c] [com.apple.FrontBoard:SceneClient] [(FBSceneManager):sceneID:bg.sofia.yoursofia-default] Adding extension: "_UISceneMaskingExtension"
2026-08-17 11:28:17.610 Db YourSofia[99787:320a1c] [com.apple.FrontBoard:SceneClient] [(FBSceneManager):sceneID:bg.sofia.yoursofia-default] Instantiated component: "<_UISceneMaskingClientComponent: 0x600000235120>"
2026-08-17 11:28:17.610 Db YourSofia[99787:320a1c] [com.apple.FrontBoard:SceneClient] [(FBSceneManager):sceneID:bg.sofia.yoursofia-default] Adding extension: "_UISystemChromeSceneExtension"
2026-08-17 11:28:17.610 Db YourSofia[99787:320a1c] [com.apple.FrontBoard:SceneClient] [(FBSceneManager):sceneID:bg.sofia.yoursofia-default] Instantiated component: "<_UIHomeAffordanceClientSceneComponent: 0x600000235680>"
2026-08-17 11:28:17.610 Db YourSofia[99787:320a1c] [com.apple.FrontBoard:SceneClient] [(FBSceneManager):sceneID:bg.sofia.yoursofia-default] Adding extension: "_UISystemShellSceneHostingEnvironmentExtension"
2026-08-17 11:28:17.610 Db YourSofia[99787:320a1c] [com.apple.FrontBoard:SceneClient] [(FBSceneManager):sceneID:bg.sofia.yoursofia-default] Instantiated component: "<_UISystemShellSceneHostingEnvironmentClientComponent: 0x6000002357a0>"
2026-08-17 11:28:17.610 Db YourSofia[99787:320a1c] [com.apple.FrontBoard:SceneClient] [(FBSceneManager):sceneID:bg.sofia.yoursofia-default] Adding extension: "_UISceneRenderingEnvironmentExtension"
2026-08-17 11:28:17.610 Db YourSofia[99787:320a1c] [com.apple.FrontBoard:SceneClient] [(FBSceneManager):sceneID:bg.sofia.yoursofia-default] Instantiated component: "<_UISceneRenderingEnvironmentClientComponent: 0x600000c3ea00>"
2026-08-17 11:28:17.610 Db YourSofia[99787:320a1c] [com.apple.FrontBoard:SceneClient] [(FBSceneManager):sceneID:bg.sofia.yoursofia-default] Adding extension: "_UISceneTransitioningExtension"
2026-08-17 11:28:17.610 Db YourSofia[99787:320a1c] [com.apple.FrontBoard:SceneClient] [(FBSceneManager):sceneID:bg.sofia.yoursofia-default] Instantiated component: "<_UISceneTransitioningClientComponent: 0x600000237360>"
2026-08-17 11:28:17.610 Db YourSofia[99787:320a1c] [com.apple.FrontBoard:SceneClient] [(FBSceneManager):sceneID:bg.sofia.yoursofia-default] Adding extension: "_UISceneFocusSystemExtension"
2026-08-17 11:28:17.610 Db YourSofia[99787:320a1c] [com.apple.FrontBoard:SceneClient] [(FBSceneManager):sceneID:bg.sofia.yoursofia-default] Instantiated component: "<_UISceneFocusSystemClientComponent: 0x600000237420>"
2026-08-17 11:28:17.610 Db YourSofia[99787:320a1c] [com.apple.FrontBoard:SceneClient] [(FBSceneManager):sceneID:bg.sofia.yoursofia-default] Adding extension: "_UISceneOrientationExtension"
2026-08-17 11:28:17.610 Db YourSofia[99787:320a1c] [com.apple.FrontBoard:SceneClient] [(FBSceneManager):sceneID:bg.sofia.yoursofia-default] Instantiated component: "<_UISceneOrientationClientComponent: 0x6000002374e0>"
2026-08-17 11:28:17.610 Db YourSofia[99787:320a1c] [com.apple.FrontBoard:SceneClient] [(FBSceneManager):sceneID:bg.sofia.yoursofia-default] Adding extension: "_UISceneWindowingControlExtension"
2026-08-17 11:28:17.610 Db YourSofia[99787:320a1c] [com.apple.FrontBoard:SceneClient] [(FBSceneManager):sceneID:bg.sofia.yoursofia-default] Instantiated component: "<_UISceneWindowingControlClientComponent: 0x6000002375a0>"
2026-08-17 11:28:17.610 Df YourSofia[99787:320a1c] [com.apple.UIKit:BackgroundTask] Will add backgroundTask with taskName: Persistent SceneSession Map Update, expirationHandler: <__NSGlobalBlock__: 0x1e6b788b0>
2026-08-17 11:28:17.610 Df YourSofia[99787:320a1c] [com.apple.UIKit:BackgroundTask] Reusing background assertion <BKSProcessAssertion: 0x600002108050>
2026-08-17 11:28:17.610 Df YourSofia[99787:320a1c] [com.apple.UIKit:BackgroundTask] Incrementing reference count for background assertion <BKSProcessAssertion: 0x600002108050>
2026-08-17 11:28:17.610 Df YourSofia[99787:320a1c] [com.apple.UIKit:BackgroundTask] Created background task <_UIBackgroundTaskInfo: 0x60000173e5c0>: taskID = 2, taskName = Persistent SceneSession Map Update, creationTime = 184576 (elapsed = 0).
2026-08-17 11:28:17.610 Df YourSofia[99787:320a1c] [com.apple.UIKit:Application] Deactivation reason added: 5; deactivation reasons: 1024 -> 1056; animating application lifecycle event: 1
2026-08-17 11:28:17.610 Db YourSofia[99787:320a1c] [com.apple.defaults:User Defaults] found no value for key LogWindow in CFPrefsSearchListSource<0x600002c00a00> (Domain: com.apple.UIKit, Container: (null) Non-launch persona: 0)
2026-08-17 11:28:17.611 Db YourSofia[99787:320a1c] [com.apple.defaults:User Defaults] found no value for key LogInterfaceStyle in CFPrefsSearchListSource<0x600002c00a00> (Domain: com.apple.UIKit, Container: (null) Non-launch persona: 0)
2026-08-17 11:28:17.611 Df YourSofia[99787:320a1c] [com.apple.UIKit:InterfaceStyle] Not push traits update to screen for new style 1, <UIWindowScene: 0x10590d090> (8FA49A39-7661-46FB-8F2C-0158321648A4)
2026-08-17 11:28:17.611 Df YourSofia[99787:320a1c] [com.apple.UIKit:InterfaceStyle] Should send trait collection or coordinate space update, interface style 1 -> 1, <UIWindowScene: 0x10590d090> (8FA49A39-7661-46FB-8F2C-0158321648A4)
2026-08-17 11:28:17.611 Db YourSofia[99787:320a1c] [com.apple.defaults:User Defaults] found no value for key FullKeyboardAccessEnabled in CFPrefsSearchListSource<0x600002c0da80> (Domain: com.apple.Accessibility, Container: (null) Non-launch persona: 0)
2026-08-17 11:28:17.611 Db YourSofia[99787:320a1c] [com.apple.Accessibility:AXSupportCommon] CF Read: domain = com.apple.Accessibility, preference = FullKeyboardAccessEnabled, appID = (null) result = (null) (-1 - empty, 0 - false, 1 - true)
2026-08-17 11:28:17.611 Db YourSofia[99787:320a1c] [com.apple.defaults:User Defaults] found no value for key FullKeyboardAccessEnabled in CFPrefsPlistSource<0x600002c0dd80> (Domain: com.apple.Accessibility, User: kCFPreferencesCurrentUser, ByHost: No, Container: /Users/valentinasenov/Library/Developer/CoreSimulator/Devices/4EC5F74C-5A9C-4D89-8E44-374310E684AE/data, Contents Need Refresh: No)
2026-08-17 11:28:17.611 Df YourSofia[99787:320a1c] [com.apple.UIKit:InterfaceStyle] Not push traits update to screen for new style 1, <UIWindowScene: 0x10590d090> (8FA49A39-7661-46FB-8F2C-0158321648A4)
2026-08-17 11:28:17.611 Db YourSofia[99787:320a1c] [com.apple.BacklightServices:scenes] create BLSBacklightFBSSceneEnvironment (BacklightUIServices) for scene:<UIWindowScene: 0x10590d090; role: UIWindowSceneSessionRoleApplication; activationState: UISceneActivationStateUnattached> {
    session = <UISceneSession: 0x60000212b8e0; persistentIdentifier: 8FA49A39-7661-46FB-8F2C-0158321648A4> {
        configuration = <UISceneConfiguration: 0x6000021292c0; name: 0x0>;
    };
    delegate = (nil);
    effectiveGeometry = <UIWindowSceneGeometry: 0x600002129db0; coordinateSpace.bounds: {{0, 0}, {390, 844}}; interfaceOrientation: portrait (1); isInteractivelyResizing: NO>;
    screen = <UIScreen: 0x10580dc30; bounds: {{0, 0}, {390, 844}}; mode: <UIScreenMode: 0x600000259680; size = 1170.000000 x 2532.000000>>;
}
2026-08-17 11:28:17.643 Db YourSofia[99787:320a1c] [com.apple.BacklightServices:scenes] 0x600000c3dce0 create environment:<BLSBacklightFBSSceneEnvironment: 0x600000c3dce0; identifier: 0x0; active: NO; liveUpdating: NO; unrestrictedFramerate: NO; aoSupport: NO; aoContentIs1hz: NO; visualState: 0x0; presentationDate: 0x0> for scene:<FBSScene: 0x600003308500; (FBSceneManager):sceneID:bg.sofia.yoursofia-default; valid: YES> {
    settings = <UIApplicationSceneSettings: 0x600002128190> {
        settings = <BSKeyedSettings: 0x600000c35830> {
            displayConfiguration = <FBSDisplayConfiguration: 0x600003d00b40; Main; mode: "390x844@3x 60Hz p3 SDR">;
            foreground = Yes;
            frame = NSRect: {{0, 0}, {390, 844}};
            interfaceOrientation = portrait (1);
            interruptionPolicy = reconnect (2);
            level = 1;
            <SBSUIHomeScreenIconStyleSceneSettings> = <BSKeyedSettings: 0x600000c358c0> {
                iconStyleConfiguration = <SBSHomeScreenIconStyleConfiguration: 0x600000240840>;
            };
            <_UISceneTransitioningHostSettings> = <BSKeyedSettings: 0x6<…>
2026-08-17 11:28:17.643 Db YourSofia[99787:320a1c] [com.apple.BacklightServices:scenes] BLSBacklightFBSSceneEnvironment (BacklightUIServices) _settingsDiffActionsForScene
2026-08-17 11:28:17.643 Db YourSofia[99787:320a1c] [com.apple.BacklightServices:scenes] create BLSBacklightUISceneEnvironmentDiffAction:<_UIBacklightUISceneEnvironmentDiffAction: 0x60000000a630>
2026-08-17 11:28:17.643 Db YourSofia[99787:320a1c] [com.apple.BacklightServices:scenes] BLSBacklightFBSSceneEnvironment (BacklightUIServices) _actionRespondersForScene
2026-08-17 11:28:17.643 Db YourSofia[99787:320a1c] [com.apple.BacklightServices:scenes] create BLSBacklightUISceneEnvironmentActionHandler:<_UIBacklightUISceneEnvironmentActionHandler: 0x60000000a600>
2026-08-17 11:28:17.643 Db YourSofia[99787:320a1c] [com.apple.defaults:User Defaults] found no value for key LogHomeAffordanceObservation in CFPrefsSearchListSource<0x600002c00a00> (Domain: com.apple.UIKit, Container: (null) Non-launch persona: 0)
2026-08-17 11:28:17.643 Df YourSofia[99787:320a1c] [com.apple.UIKit:HomeAffordanceObservation] Initializing: <_UIHomeAffordanceSceneNotifier: 0x60000293c850>; with scene: <UIWindowScene: 0x10590d090>
2026-08-17 11:28:17.643 Db YourSofia[99787:320a1c] [com.apple.BacklightServices:scenes] BLSBacklightFBSSceneEnvironment (BacklightUIServices) _settingsDiffActionsForScene
2026-08-17 11:28:17.643 Db YourSofia[99787:320a1c] [com.apple.BacklightServices:scenes] create BLSBacklightUISceneEnvironmentDiffAction:<_UIBacklightUISceneEnvironmentDiffAction: 0x6000000108c0>
2026-08-17 11:28:17.643 Db YourSofia[99787:320a1c] [com.apple.BacklightServices:scenes] BLSBacklightFBSSceneEnvironment (BacklightUIServices) _actionRespondersForScene
2026-08-17 11:28:17.643 Db YourSofia[99787:320a1c] [com.apple.BacklightServices:scenes] create BLSBacklightUISceneEnvironmentActionHandler:<_UIBacklightUISceneEnvironmentActionHandler: 0x60000000a5b0>
2026-08-17 11:28:17.643 Df YourSofia[99787:320a1c] [com.apple.BacklightServices:scenes] 0x600000c3dce0 setDelegate:<0x600000c610b0 _UIBacklightEnvironment> hasDelegate:YES for environment:sceneID:bg.sofia.yoursofia-default
2026-08-17 11:28:17.643 Db YourSofia[99787:320a1c] [com.apple.BacklightServices:scenes] 0x600000c3dce0 setSupportsAlwaysOn:NO for environment:sceneID:bg.sofia.yoursofia-default
2026-08-17 11:28:17.643 Db YourSofia[99787:320a1c] [com.apple.BacklightServices:scenes] BLSBacklightFBSSceneEnvironment (BacklightUIServices) _settingsDiffActionsForScene
2026-08-17 11:28:17.643 Db YourSofia[99787:320a1c] [com.apple.BacklightServices:scenes] create BLSBacklightUISceneEnvironmentDiffAction:<_UIBacklightUISceneEnvironmentDiffAction: 0x60000000a620>
2026-08-17 11:28:17.643 Db YourSofia[99787:320a1c] [com.apple.BacklightServices:scenes] BLSBacklightFBSSceneEnvironment (BacklightUIServices) _actionRespondersForScene
2026-08-17 11:28:17.643 Db YourSofia[99787:320a1c] [com.apple.BacklightServices:scenes] create BLSBacklightUISceneEnvironmentActionHandler:<_UIBacklightUISceneEnvironmentActionHandler: 0x60000000a5f0>
2026-08-17 11:28:17.643 Df YourSofia[99787:320a1c] [com.apple.UIKit:InterfaceStyle] Not push traits update to screen for new style 1, <UIWindowScene: 0x10590d090> (8FA49A39-7661-46FB-8F2C-0158321648A4)
2026-08-17 11:28:17.643 Db YourSofia[99787:320a1c] [com.apple.defaults:User Defaults] found no value for key LogEventDeferring in CFPrefsSearchListSource<0x600002c00a00> (Domain: com.apple.UIKit, Container: (null) Non-launch persona: 0)
2026-08-17 11:28:17.643 Df YourSofia[99787:320a1c] [com.apple.UIKit:EventDeferring] [0x60000293c2a0] Initialized with scene: <UIWindowScene: 0x10590d090>; behavior: <_UIEventDeferringBehavior_iOS: 0x60000025e420>; availableForProcess: 1, systemShellManagesKeyboardFocus: 1
2026-08-17 11:28:17.643 Db YourSofia[99787:320a1c] [com.apple.BacklightServices:scenes] BLSBacklightFBSSceneEnvironment (BacklightUIServices) _settingsDiffActionsForScene
2026-08-17 11:28:17.643 Db YourSofia[99787:320a1c] [com.apple.BacklightServices:scenes] create BLSBacklightUISceneEnvironmentDiffAction:<_UIBacklightUISceneEnvironmentDiffAction: 0x600000008240>
2026-08-17 11:28:17.644 Db YourSofia[99787:320a1c] [com.apple.BacklightServices:scenes] BLSBacklightFBSSceneEnvironment (BacklightUIServices) _actionRespondersForScene
2026-08-17 11:28:17.644 Db YourSofia[99787:320a1c] [com.apple.BacklightServices:scenes] create BLSBacklightUISceneEnvironmentActionHandler:<_UIBacklightUISceneEnvironmentActionHandler: 0x60000000a5c0>
2026-08-17 11:28:17.644 Db YourSofia[99787:320a1c] [com.apple.defaults:User Defaults] found no value for key LogKeyWindow in CFPrefsSearchListSource<0x600002c00a00> (Domain: com.apple.UIKit, Container: (null) Non-launch persona: 0)
2026-08-17 11:28:17.644 Df YourSofia[99787:320a1c] [com.apple.BoardServices:XPCErrors] [C:2] Alloc com.apple.backboard.hid-services.xpc
2026-08-17 11:28:17.644 Df YourSofia[99787:320a1c] [com.apple.xpc:connection] [0x10590e270] activating connection: mach=false listener=false peer=false name=(anonymous)
2026-08-17 11:28:17.644 Db YourSofia[99787:320a5a] [com.apple.BaseBoard:MachPort]  *|machport|* <BSMachPortTaskNameRight: 0x60000174b540; usable: YES; (99787:6013:send task_name_for_pid:backboardd.99551)> -> (<NSThread: 0x600001709b40>{number = 2, name = (null)}) (
	0   BaseBoard                           0x00000001840447e0 -[BSMachPortRight _initWithPort:type:owner:trace:] + 192
	1   BaseBoard                           0x0000000184046754 -[BSMachPortTaskNameRight initWithPID:] + 260
	2   BaseBoard                           0x00000001840465f4 +[BSMachPortTaskNameRight taskNameForPID:] + 56
	3   BaseBoard                           0x000000018405971c +[BSProcessHandle processHandleForXPCConnection:] + 176
	4   BoardServices                       0x000000018812e73c +[BSXPCServiceConnectionPeer peerOfConnection:] + 312
	5   BoardServices                       0x0000000188163cb4 __55-[BSXPCServiceConnection _lock_activateNowOrWhenReady:]_block_invoke_2 + 136
	6   BoardServices                       0x000000018815a2fc __55-[BSXPCServiceConnectionMessage _actuallySendWithMode:]_block_invoke + 1
2026-08-17 11:28:17.644 Df YourSofia[99787:320a60] [com.apple.BackBoard:EventDelivery] BKSHIDEventObserver - connection activation
2026-08-17 11:28:17.645 Df YourSofia[99787:320a1c] [com.apple.BackBoard:EventDelivery] policyStatus:<BKSHIDEventDeliveryPolicyObserver: 0x600002624840; process scope; status: target> was:none
2026-08-17 11:28:17.645 Db YourSofia[99787:320a1c] [com.apple.BackBoard:EventDelivery] observerPolicyDidChange: 0x600002624840 -> <_UIKeyWindowSceneObserver: 0x600000c61410>
2026-08-17 11:28:17.645 Df YourSofia[99787:320a1c] [com.apple.UIKit:KeyWindow] Setting default evaluation strategy for UIUserInterfaceIdiomPhone to LastOneWins
2026-08-17 11:28:17.645 Df YourSofia[99787:320a1c] [com.apple.UIKit:KeyWindow] Scene target of keyboard event deferring environment did change: 1; scene: UIWindowScene: 0x10590d090; scene identity: com.apple.frontboard.systemappservices/FBSceneManager:sceneID%3Abg.sofia.yoursofia-default
2026-08-17 11:28:17.645 Df YourSofia[99787:320a1c] [com.apple.UIKit:EventDeferring] [0x60000293c2a0] Scene target of event deferring environments did update: scene: 0x10590d090; current systemShellManagesKeyboardFocus: 1; systemShellManagesKeyboardFocusForScene: 1; eligibleForRecordRemoval: 1;
2026-08-17 11:28:17.645 Df YourSofia[99787:320a1c] [com.apple.UIKit:KeyWindow] Scene became target of keyboard event deferring environment: UIWindowScene: 0x10590d090; scene identity: com.apple.frontboard.systemappservices/FBSceneManager:sceneID%3Abg.sofia.yoursofia-default
2026-08-17 11:28:17.645 Df YourSofia[99787:320a1c] [com.apple.UIKit:KeyWindow] Stack[KeyWindow] 0x600000c61b00: Taking no further action for migration from LastOneWins -> SystemShellManaged as there are no scenes
2026-08-17 11:28:17.645 Df YourSofia[99787:320a1c] [com.apple.UIKit:KeyWindow] Setting default evaluation strategy for UIUserInterfaceIdiomPhone to SystemShellManaged
2026-08-17 11:28:17.645 Df YourSofia[99787:320a1c] [com.apple.UIKit:KeyWindow] Key window needs update: 0; currentKeyWindowScene: 0x0; evaluatedKeyWindowScene: 0x10590d090; currentApplicationKeyWindow: 0x0; evaluatedApplicationKeyWindow: 0x0; reason: UIWindowScene: 0x10590d090: Window scene became target of keyboard environment
2026-08-17 11:28:17.645 Db YourSofia[99787:320a1c] [com.apple.BacklightServices:scenes] BLSBacklightFBSSceneEnvironment (BacklightUIServices) _settingsDiffActionsForScene
2026-08-17 11:28:17.645 Db YourSofia[99787:320a1c] [com.apple.BacklightServices:scenes] create BLSBacklightUISceneEnvironmentDiffAction:<_UIBacklightUISceneEnvironmentDiffAction: 0x60000000a600>
2026-08-17 11:28:17.645 Db YourSofia[99787:320a1c] [com.apple.BacklightServices:scenes] BLSBacklightFBSSceneEnvironment (BacklightUIServices) _actionRespondersForScene
2026-08-17 11:28:17.645 Db YourSofia[99787:320a1c] [com.apple.BacklightServices:scenes] create BLSBacklightUISceneEnvironmentActionHandler:<_UIBacklightUISceneEnvironmentActionHandler: 0x60000000a540>
2026-08-17 11:28:17.645 Db YourSofia[99787:320a1c] [com.apple.BacklightServices:scenes] BLSBacklightFBSSceneEnvironment (BacklightUIServices) _settingsDiffActionsForScene
2026-08-17 11:28:17.645 Db YourSofia[99787:320a1c] [com.apple.BacklightServices:scenes] create BLSBacklightUISceneEnvironmentDiffAction:<_UIBacklightUISceneEnvironmentDiffAction: 0x60000000a610>
2026-08-17 11:28:17.645 Db YourSofia[99787:320a1c] [com.apple.BacklightServices:scenes] BLSBacklightFBSSceneEnvironment (BacklightUIServices) _actionRespondersForScene
2026-08-17 11:28:17.645 Db YourSofia[99787:320a1c] [com.apple.BacklightServices:scenes] create BLSBacklightUISceneEnvironmentActionHandler:<_UIBacklightUISceneEnvironmentActionHandler: 0x60000000a5d0>
2026-08-17 11:28:17.645 Df YourSofia[99787:320a1c] [com.apple.UIKit:InterfaceStyle] Not push traits update to screen for new style 1, <UIWindowScene: 0x10590d090> (8FA49A39-7661-46FB-8F2C-0158321648A4)
2026-08-17 11:28:17.645 Db YourSofia[99787:320a1c] [com.apple.BacklightServices:scenes] BLSBacklightFBSSceneEnvironment (BacklightUIServices) _settingsDiffActionsForScene
2026-08-17 11:28:17.645 Db YourSofia[99787:320a1c] [com.apple.BacklightServices:scenes] create BLSBacklightUISceneEnvironmentDiffAction:<_UIBacklightUISceneEnvironmentDiffAction: 0x60000000a520>
2026-08-17 11:28:17.645 Db YourSofia[99787:320a1c] [com.apple.BacklightServices:scenes] BLSBacklightFBSSceneEnvironment (BacklightUIServices) _actionRespondersForScene
2026-08-17 11:28:17.645 Db YourSofia[99787:320a1c] [com.apple.BacklightServices:scenes] create BLSBacklightUISceneEnvironmentActionHandler:<_UIBacklightUISceneEnvironmentActionHandler: 0x60000000a550>
2026-08-17 11:28:17.645 Db YourSofia[99787:320a1c] [com.apple.BacklightServices:scenes] BLSBacklightFBSSceneEnvironment (BacklightUIServices) _settingsDiffActionsForScene
2026-08-17 11:28:17.645 Db YourSofia[99787:320a1c] [com.apple.BacklightServices:scenes] create BLSBacklightUISceneEnvironmentDiffAction:<_UIBacklightUISceneEnvironmentDiffAction: 0x60000000a630>
2026-08-17 11:28:17.645 Db YourSofia[99787:320a1c] [com.apple.BacklightServices:scenes] BLSBacklightFBSSceneEnvironment (BacklightUIServices) _actionRespondersForScene
2026-08-17 11:28:17.645 Db YourSofia[99787:320a1c] [com.apple.BacklightServices:scenes] create BLSBacklightUISceneEnvironmentActionHandler:<_UIBacklightUISceneEnvironmentActionHandler: 0x600000004d90>
2026-08-17 11:28:17.645 Db YourSofia[99787:320a1c] [com.apple.BacklightServices:scenes] BLSBacklightFBSSceneEnvironment (BacklightUIServices) _settingsDiffActionsForScene
2026-08-17 11:28:17.645 Db YourSofia[99787:320a1c] [com.apple.BacklightServices:scenes] create BLSBacklightUISceneEnvironmentDiffAction:<_UIBacklightUISceneEnvironmentDiffAction: 0x60000000a570>
2026-08-17 11:28:17.645 Db YourSofia[99787:320a1c] [com.apple.BacklightServices:scenes] BLSBacklightFBSSceneEnvironment (BacklightUIServices) _actionRespondersForScene
2026-08-17 11:28:17.645 Db YourSofia[99787:320a1c] [com.apple.BacklightServices:scenes] create BLSBacklightUISceneEnvironmentActionHandler:<_UIBacklightUISceneEnvironmentActionHandler: 0x60000000a600>
2026-08-17 11:28:17.645 Df YourSofia[99787:320a1c] [com.apple.UIKit:InterfaceStyle] Not push traits update to screen for new style 1, <UIWindowScene: 0x10590d090> (8FA49A39-7661-46FB-8F2C-0158321648A4)
2026-08-17 11:28:17.645 Db YourSofia[99787:320a1c] [com.apple.BacklightServices:scenes] BLSBacklightFBSSceneEnvironment (BacklightUIServices) _settingsDiffActionsForScene
2026-08-17 11:28:17.645 Db YourSofia[99787:320a1c] [com.apple.BacklightServices:scenes] create BLSBacklightUISceneEnvironmentDiffAction:<_UIBacklightUISceneEnvironmentDiffAction: 0x60000000a510>
2026-08-17 11:28:17.645 Db YourSofia[99787:320a1c] [com.apple.BacklightServices:scenes] BLSBacklightFBSSceneEnvironment (BacklightUIServices) _actionRespondersForScene
2026-08-17 11:28:17.645 Db YourSofia[99787:320a1c] [com.apple.BacklightServices:scenes] create BLSBacklightUISceneEnvironmentActionHandler:<_UIBacklightUISceneEnvironmentActionHandler: 0x600000005290>
2026-08-17 11:28:17.645 Db YourSofia[99787:320a1c] [com.apple.BacklightServices:scenes] BLSBacklightFBSSceneEnvironment (BacklightUIServices) _settingsDiffActionsForScene
2026-08-17 11:28:17.645 Db YourSofia[99787:320a1c] [com.apple.BacklightServices:scenes] create BLSBacklightUISceneEnvironmentDiffAction:<_UIBacklightUISceneEnvironmentDiffAction: 0x6000000052a0>
2026-08-17 11:28:17.645 Db YourSofia[99787:320a1c] [com.apple.BacklightServices:scenes] BLSBacklightFBSSceneEnvironment (BacklightUIServices) _actionRespondersForScene
2026-08-17 11:28:17.645 Db YourSofia[99787:320a1c] [com.apple.BacklightServices:scenes] create BLSBacklightUISceneEnvironmentActionHandler:<_UIBacklightUISceneEnvironmentActionHandler: 0x600000005340>
2026-08-17 11:28:17.646 Db YourSofia[99787:320a1c] [com.apple.BacklightServices:scenes] BLSBacklightFBSSceneEnvironment (BacklightUIServices) _settingsDiffActionsForScene
2026-08-17 11:28:17.646 Db YourSofia[99787:320a1c] [com.apple.BacklightServices:scenes] create BLSBacklightUISceneEnvironmentDiffAction:<_UIBacklightUISceneEnvironmentDiffAction: 0x600000005370>
2026-08-17 11:28:17.646 Db YourSofia[99787:320a1c] [com.apple.BacklightServices:scenes] BLSBacklightFBSSceneEnvironment (BacklightUIServices) _actionRespondersForScene
2026-08-17 11:28:17.646 Db YourSofia[99787:320a1c] [com.apple.BacklightServices:scenes] create BLSBacklightUISceneEnvironmentActionHandler:<_UIBacklightUISceneEnvironmentActionHandler: 0x6000000052a0>
2026-08-17 11:28:17.646 Db YourSofia[99787:320a1c] [com.apple.BacklightServices:scenes] BLSBacklightFBSSceneEnvironment (BacklightUIServices) _settingsDiffActionsForScene
2026-08-17 11:28:17.646 Db YourSofia[99787:320a1c] [com.apple.BacklightServices:scenes] create BLSBacklightUISceneEnvironmentDiffAction:<_UIBacklightUISceneEnvironmentDiffAction: 0x600000004bb0>
2026-08-17 11:28:17.646 Db YourSofia[99787:320a1c] [com.apple.BacklightServices:scenes] BLSBacklightFBSSceneEnvironment (BacklightUIServices) _actionRespondersForScene
2026-08-17 11:28:17.646 Db YourSofia[99787:320a1c] [com.apple.BacklightServices:scenes] create BLSBacklightUISceneEnvironmentActionHandler:<_UIBacklightUISceneEnvironmentActionHandler: 0x6000000052b0>
2026-08-17 11:28:17.646 Db YourSofia[99787:320a1c] [com.apple.BacklightServices:scenes] BLSBacklightFBSSceneEnvironment (BacklightUIServices) _settingsDiffActionsForScene
2026-08-17 11:28:17.646 Db YourSofia[99787:320a1c] [com.apple.BacklightServices:scenes] create BLSBacklightUISceneEnvironmentDiffAction:<_UIBacklightUISceneEnvironmentDiffAction: 0x600000005180>
2026-08-17 11:28:17.646 Db YourSofia[99787:320a1c] [com.apple.BacklightServices:scenes] BLSBacklightFBSSceneEnvironment (BacklightUIServices) _actionRespondersForScene
2026-08-17 11:28:17.646 Db YourSofia[99787:320a1c] [com.apple.BacklightServices:scenes] create BLSBacklightUISceneEnvironmentActionHandler:<_UIBacklightUISceneEnvironmentActionHandler: 0x6000000053a0>
2026-08-17 11:28:17.646 Df YourSofia[99787:320a1c] [com.apple.UIKit:InterfaceStyle] Not push traits update to screen for new style 1, <UIWindowScene: 0x10590d090> (8FA49A39-7661-46FB-8F2C-0158321648A4)
2026-08-17 11:28:17.646 A  YourSofia[99787:320a1c] (libsystem_trace.dylib) Activity for state dumps
2026-08-17 11:28:17.646 F  YourSofia[99787:320a1c] [com.apple.runtime-issues:UIKit App Config] `UIScene` lifecycle will soon be required. Failure to adopt will result in an assert in the future.
2026-08-17 11:28:17.646 Df YourSofia[99787:320a1c] [com.apple.UIKit:InterfaceStyle] Not push traits update to screen for new style 1, <UIWindowScene: 0x10590d090> (8FA49A39-7661-46FB-8F2C-0158321648A4)
2026-08-17 11:28:17.646 Db YourSofia[99787:320a1c] [com.apple.defaults:User Defaults] found no value for key LogAppLifecycle in CFPrefsSearchListSource<0x600002c00a00> (Domain: com.apple.UIKit, Container: (null) Non-launch persona: 0)
2026-08-17 11:28:17.646 Df YourSofia[99787:320a1c] [com.apple.UIKit:AppLifecycle] sceneOfRecord: sceneID: sceneID:bg.sofia.yoursofia-default  persistentID: 8FA49A39-7661-46FB-8F2C-0158321648A4
2026-08-17 11:28:17.646 Df YourSofia[99787:320a1c] [com.apple.UIKit:Application] Ignoring already applied deactivation reason: 5; deactivation reasons: 1056
2026-08-17 11:28:17.646 Df YourSofia[99787:320a1c] [com.apple.UIKit:Application] Deactivation reason added: 11; deactivation reasons: 1056 -> 3104; animating application lifecycle event: 1
2026-08-17 11:28:17.646 Df YourSofia[99787:320a1c] [com.apple.KeyboardArbiter:Client] startConnection
2026-08-17 11:28:17.646 Df YourSofia[99787:320a1c] [com.apple.xpc:connection] [0x10590f8e0] activating connection: mach=true listener=false peer=false name=com.apple.UIKit.KeyboardManagement.hosted
2026-08-17 11:28:17.647 Df YourSofia[99787:320a1c] (UIKitCore) You've implemented -[<UIApplicationDelegate> application:performFetchWithCompletionHandler:], but you still need to add "fetch" to the list of your supported UIBackgroundModes in your Info.plist.
2026-08-17 11:28:17.647 Df YourSofia[99787:320a1c] (UIKitCore) You've implemented -[<UIApplicationDelegate> application:didReceiveRemoteNotification:fetchCompletionHandler:], but you still need to add "remote-notification" to the list of your supported UIBackgroundModes in your Info.plist.
2026-08-17 11:28:17.647 Db YourSofia[99787:320a1c] [com.apple.defaults:User Defaults] found no value for key detoxURLOverride in CFPrefsSearchListSource<0x600002c0c180> (Domain: bg.sofia.yoursofia, Container: (null) Non-launch persona: 0)
2026-08-17 11:28:17.647 Db YourSofia[99787:320a1c] [com.apple.defaults:User Defaults] found no value for key detoxSourceAppOverride in CFPrefsSearchListSource<0x600002c0c180> (Domain: bg.sofia.yoursofia, Container: (null) Non-launch persona: 0)
2026-08-17 11:28:17.647 Db YourSofia[99787:320a1c] [com.apple.defaults:User Defaults] found no value for key LogStatusBar in CFPrefsSearchListSource<0x600002c00a00> (Domain: com.apple.UIKit, Container: (null) Non-launch persona: 0)
2026-08-17 11:28:17.647 Db YourSofia[99787:320a1c] [com.apple.defaults:User Defaults] found no value for key detoxURLOverride in CFPrefsSearchListSource<0x600002c0c180> (Domain: bg.sofia.yoursofia, Container: (null) Non-launch persona: 0)
2026-08-17 11:28:17.647 Db YourSofia[99787:320a1c] [com.apple.defaults:User Defaults] found no value for key detoxSourceAppOverride in CFPrefsSearchListSource<0x600002c0c180> (Domain: bg.sofia.yoursofia, Container: (null) Non-launch persona: 0)
2026-08-17 11:28:17.647 Db YourSofia[99787:320a1c] [com.apple.CFBundle:resources] Resource lookup at CFBundle 0x600003b082a0 </Users/valentinasenov/Library/Developer/CoreSimulator/Devices/4EC5F74C-5A9C-4D89-8E44-374310E684AE/data/Containers/Bundle/Application/A01C5F69-BB9C-48BF-96DA-638EDBEBF8DB/YourSofia.app> (executable, loaded)
	Request       : InfoPlist type: strings
	Result        : None
2026-08-17 11:28:17.647 Db YourSofia[99787:320a1c] [com.apple.CFBundle:resources] Resource lookup at CFBundle 0x600003b082a0 </Users/valentinasenov/Library/Developer/CoreSimulator/Devices/4EC5F74C-5A9C-4D89-8E44-374310E684AE/data/Containers/Bundle/Application/A01C5F69-BB9C-48BF-96DA-638EDBEBF8DB/YourSofia.app> (executable, loaded)
	Request       : InfoPlist type: stringsdict
	Result        : None
2026-08-17 11:28:17.647 Df YourSofia[99787:320a1c] (React) _setUpFeatureFlags called with release level 2
2026-08-17 11:28:17.647 Db YourSofia[99787:320a1c] [com.apple.CFBundle:resources] Resource lookup at CFBundle 0x600003b082a0 </Users/valentinasenov/Library/Developer/CoreSimulator/Devices/4EC5F74C-5A9C-4D89-8E44-374310E684AE/data/Containers/Bundle/Application/A01C5F69-BB9C-48BF-96DA-638EDBEBF8DB/YourSofia.app> (executable, loaded)
	Request       : InfoPlist type: strings
	Result        : None
2026-08-17 11:28:17.647 Db YourSofia[99787:320a1c] [com.apple.CFBundle:resources] Resource lookup at CFBundle 0x600003b082a0 </Users/valentinasenov/Library/Developer/CoreSimulator/Devices/4EC5F74C-5A9C-4D89-8E44-374310E684AE/data/Containers/Bundle/Application/A01C5F69-BB9C-48BF-96DA-638EDBEBF8DB/YourSofia.app> (executable, loaded)
	Request       : InfoPlist type: stringsdict
	Result        : None
2026-08-17 11:28:17.647 Db YourSofia[99787:320a1c] [com.apple.CFBundle:resources] Resource lookup at CFBundle 0x600003b082a0 </Users/valentinasenov/Library/Developer/CoreSimulator/Devices/4EC5F74C-5A9C-4D89-8E44-374310E684AE/data/Containers/Bundle/Application/A01C5F69-BB9C-48BF-96DA-638EDBEBF8DB/YourSofia.app> (executable, loaded)
	Request       : InfoPlist type: strings
	Result        : None
2026-08-17 11:28:17.647 Db YourSofia[99787:320a1c] [com.apple.CFBundle:resources] Resource lookup at CFBundle 0x600003b082a0 </Users/valentinasenov/Library/Developer/CoreSimulator/Devices/4EC5F74C-5A9C-4D89-8E44-374310E684AE/data/Containers/Bundle/Application/A01C5F69-BB9C-48BF-96DA-638EDBEBF8DB/YourSofia.app> (executable, loaded)
	Request       : InfoPlist type: stringsdict
	Result        : None
2026-08-17 11:28:17.647 Db YourSofia[99787:320a1c] [com.apple.CFBundle:resources] Resource lookup at CFBundle 0x600003b082a0 </Users/valentinasenov/Library/Developer/CoreSimulator/Devices/4EC5F74C-5A9C-4D89-8E44-374310E684AE/data/Containers/Bundle/Application/A01C5F69-BB9C-48BF-96DA-638EDBEBF8DB/YourSofia.app> (executable, loaded)
	Request       : InfoPlist type: strings
	Result        : None
2026-08-17 11:28:17.647 Db YourSofia[99787:320a1c] [com.apple.CFBundle:resources] Resource lookup at CFBundle 0x600003b082a0 </Users/valentinasenov/Library/Developer/CoreSimulator/Devices/4EC5F74C-5A9C-4D89-8E44-374310E684AE/data/Containers/Bundle/Application/A01C5F69-BB9C-48BF-96DA-638EDBEBF8DB/YourSofia.app> (executable, loaded)
	Request       : InfoPlist type: stringsdict
	Result        : None
2026-08-17 11:28:17.647 Db YourSofia[99787:320a1c] [com.apple.CFBundle:resources] Resource lookup at CFBundle 0x600003b082a0 </Users/valentinasenov/Library/Developer/CoreSimulator/Devices/4EC5F74C-5A9C-4D89-8E44-374310E684AE/data/Containers/Bundle/Application/A01C5F69-BB9C-48BF-96DA-638EDBEBF8DB/YourSofia.app> (executable, loaded)
	Request       : InfoPlist type: strings
	Result        : None
2026-08-17 11:28:17.647 Db YourSofia[99787:320a1c] [com.apple.CFBundle:resources] Resource lookup at CFBundle 0x600003b082a0 </Users/valentinasenov/Library/Developer/CoreSimulator/Devices/4EC5F74C-5A9C-4D89-8E44-374310E684AE/data/Containers/Bundle/Application/A01C5F69-BB9C-48BF-96DA-638EDBEBF8DB/YourSofia.app> (executable, loaded)
	Request       : InfoPlist type: stringsdict
	Result        : None
2026-08-17 11:28:17.647 Db YourSofia[99787:320a1c] [com.apple.CFBundle:resources] Resource lookup at CFBundle 0x600003b082a0 </Users/valentinasenov/Library/Developer/CoreSimulator/Devices/4EC5F74C-5A9C-4D89-8E44-374310E684AE/data/Containers/Bundle/Application/A01C5F69-BB9C-48BF-96DA-638EDBEBF8DB/YourSofia.app> (executable, loaded)
	Request       : InfoPlist type: strings
	Result        : None
2026-08-17 11:28:17.647 Db YourSofia[99787:320a1c] [com.apple.CFBundle:resources] Resource lookup at CFBundle 0x600003b082a0 </Users/valentinasenov/Library/Developer/CoreSimulator/Devices/4EC5F74C-5A9C-4D89-8E44-374310E684AE/data/Containers/Bundle/Application/A01C5F69-BB9C-48BF-96DA-638EDBEBF8DB/YourSofia.app> (executable, loaded)
	Request       : InfoPlist type: stringsdict
	Result        : None
2026-08-17 11:28:17.650 Db YourSofia[99787:320a1c] [com.apple.defaults:User Defaults] found no value for key UIViewLayoutFeedbackLoopDebuggingThreshold in CFPrefsSearchListSource<0x600002c0c180> (Domain: bg.sofia.yoursofia, Container: (null) Non-launch persona: 0)
2026-08-17 11:28:17.650 Db YourSofia[99787:320a1c] [com.apple.defaults:User Defaults] found no value for key UIEngineHostingViewsShouldGuardWantsAutolayoutFlagPropagation in CFPrefsSearchListSource<0x600002c0c180> (Domain: bg.sofia.yoursofia, Container: (null) Non-launch persona: 0)
2026-08-17 11:28:17.650 Db YourSofia[99787:320a1c] [com.apple.defaults:User Defaults] found no value for key UIViewUseStaleDelegateContentInsets in CFPrefsSearchListSource<0x600002c0c180> (Domain: bg.sofia.yoursofia, Container: (null) Non-launch persona: 0)
2026-08-17 11:28:17.650 Db YourSofia[99787:320a1c] [com.apple.defaults:User Defaults] found no value for key _UIConstraintBasedLayoutEngageNonLazily in CFPrefsSearchListSource<0x600002c0c180> (Domain: bg.sofia.yoursofia, Container: (null) Non-launch persona: 0)
2026-08-17 11:28:17.652 Db YourSofia[99787:320a1c] [com.apple.defaults:User Defaults] found no value for key com.apple.SwiftUI.IgnoreSolariumOptOut in CFPrefsSearchListSource<0x600002c0c180> (Domain: bg.sofia.yoursofia, Container: (null) Non-launch persona: 0)
2026-08-17 11:28:17.654 Db YourSofia[99787:320a1c] [com.apple.defaults:User Defaults] found no value for key dev.expo.updates.updatesConfigOverride in CFPrefsSearchListSource<0x600002c0c180> (Domain: bg.sofia.yoursofia, Container: (null) Non-launch persona: 0)
2026-08-17 11:28:17.654 Db YourSofia[99787:320a1c] [com.apple.CFBundle:resources] Resource lookup at CFBundle 0x600003b082a0 </Users/valentinasenov/Library/Developer/CoreSimulator/Devices/4EC5F74C-5A9C-4D89-8E44-374310E684AE/data/Containers/Bundle/Application/A01C5F69-BB9C-48BF-96DA-638EDBEBF8DB/YourSofia.app> (executable, loaded)
	Request       : Expo type: plist
	Result        : file:///Users/valentinasenov/Library/Developer/CoreSimulator/Devices/4EC5F74C-5A9C-4D89-8E44-374310E684AE/data/Containers/Bundle/Application/A01C5F69-BB9C-48BF-96DA-638EDBEBF8DB/YourSofia.app/Expo.plist
2026-08-17 11:28:17.654 Db YourSofia[99787:320a1c] [com.apple.CFBundle:resources] Resource lookup at CFBundle 0x600003b082a0 </Users/valentinasenov/Library/Developer/CoreSimulator/Devices/4EC5F74C-5A9C-4D89-8E44-374310E684AE/data/Containers/Bundle/Application/A01C5F69-BB9C-48BF-96DA-638EDBEBF8DB/YourSofia.app> (executable, loaded)
	Request       : Expo type: plist
	Result        : file:///Users/valentinasenov/Library/Developer/CoreSimulator/Devices/4EC5F74C-5A9C-4D89-8E44-374310E684AE/data/Containers/Bundle/Application/A01C5F69-BB9C-48BF-96DA-638EDBEBF8DB/YourSofia.app/Expo.plist
2026-08-17 11:28:17.654 Db YourSofia[99787:320a1c] [com.apple.CFBundle:resources] Resource lookup at CFBundle 0x600003b082a0 </Users/valentinasenov/Library/Developer/CoreSimulator/Devices/4EC5F74C-5A9C-4D89-8E44-374310E684AE/data/Containers/Bundle/Application/A01C5F69-BB9C-48BF-96DA-638EDBEBF8DB/YourSofia.app> (executable, loaded)
	Request       : Expo type: plist
	Result        : file:///Users/valentinasenov/Library/Developer/CoreSimulator/Devices/4EC5F74C-5A9C-4D89-8E44-374310E684AE/data/Containers/Bundle/Application/A01C5F69-BB9C-48BF-96DA-638EDBEBF8DB/YourSofia.app/Expo.plist
2026-08-17 11:28:17.654 Db YourSofia[99787:320a1c] [com.apple.defaults:User Defaults] found no value for key dev.expo.updates.updatesConfigOverride in CFPrefsSearchListSource<0x600002c0c180> (Domain: bg.sofia.yoursofia, Container: (null) Non-launch persona: 0)
2026-08-17 11:28:17.664 I  YourSofia[99787:320a1c] [dev.expo.modules:expo-updates] 🟢 {"message":"AppController sharedInstance created","level":"info","timestamp":1786955297000,"code":"None"}
2026-08-17 11:28:17.673 I  YourSofia[99787:320a1c] [dev.expo.modules:expo-updates] 🟢 {"level":"info","timestamp":1786955297000,"message":"Updates state change: state = idle, event = startStartup, context = UpdatesStateContext(isStartupProcedureRunning: true, isUpdateAvailable: false, isUpdatePending: false, isChecking: false, isDownloading: false, isRestarting: false, restartCount: 0, latestManifest: nil, downloadedManifest: nil, rollback: nil, checkError: nil, downloadError: nil, downloadProgress: 0.0, lastCheckForUpdateTime: nil, sequenceNumber: 1)","code":"None"}
2026-08-17 11:28:17.673 Db YourSofia[99787:320a1c] [com.apple.CFBundle:resources] Resource lookup at CFBundle 0x600003b082a0 </Users/valentinasenov/Library/Developer/CoreSimulator/Devices/4EC5F74C-5A9C-4D89-8E44-374310E684AE/data/Containers/Bundle/Application/A01C5F69-BB9C-48BF-96DA-638EDBEBF8DB/YourSofia.app> (executable, loaded)
	Request       : InfoPlist type: strings
	Result        : None
2026-08-17 11:28:17.673 Db YourSofia[99787:320a1c] [com.apple.CFBundle:resources] Resource lookup at CFBundle 0x600003b082a0 </Users/valentinasenov/Library/Developer/CoreSimulator/Devices/4EC5F74C-5A9C-4D89-8E44-374310E684AE/data/Containers/Bundle/Application/A01C5F69-BB9C-48BF-96DA-638EDBEBF8DB/YourSofia.app> (executable, loaded)
	Request       : InfoPlist type: stringsdict
	Result        : None
2026-08-17 11:28:17.673 Db YourSofia[99787:320a1c] [com.apple.CFBundle:resources] Resource lookup at CFBundle 0x600003b082a0 </Users/valentinasenov/Library/Developer/CoreSimulator/Devices/4EC5F74C-5A9C-4D89-8E44-374310E684AE/data/Containers/Bundle/Application/A01C5F69-BB9C-48BF-96DA-638EDBEBF8DB/YourSofia.app> (executable, loaded)
	Request       : SplashScreen type: storyboard
	Result        : None
2026-08-17 11:28:17.673 Db YourSofia[99787:320a1c] [com.apple.CFBundle:resources] Resource lookup at CFBundle 0x600003b082a0 </Users/valentinasenov/Library/Developer/CoreSimulator/Devices/4EC5F74C-5A9C-4D89-8E44-374310E684AE/data/Containers/Bundle/Application/A01C5F69-BB9C-48BF-96DA-638EDBEBF8DB/YourSofia.app> (executable, loaded)
	Request       : SplashScreen type: storyboardc
	Result        : file:///Users/valentinasenov/Library/Developer/CoreSimulator/Devices/4EC5F74C-5A9C-4D89-8E44-374310E684AE/data/Containers/Bundle/Application/A01C5F69-BB9C-48BF-96DA-638EDBEBF8DB/YourSofia.app/SplashScreen.storyboardc/
2026-08-17 11:28:17.673 Db YourSofia[99787:320a1c] [com.apple.CFBundle:resources] Resource lookup at CFBundle 0x600003b082a0 </Users/valentinasenov/Library/Developer/CoreSimulator/Devices/4EC5F74C-5A9C-4D89-8E44-374310E684AE/data/Containers/Bundle/Application/A01C5F69-BB9C-48BF-96DA-638EDBEBF8DB/YourSofia.app> (executable, loaded)
	Request       : SplashScreen type: storyboardc
	Result        : file:///Users/valentinasenov/Library/Developer/CoreSimulator/Devices/4EC5F74C-5A9C-4D89-8E44-374310E684AE/data/Containers/Bundle/Application/A01C5F69-BB9C-48BF-96DA-638EDBEBF8DB/YourSofia.app/SplashScreen.storyboardc/
2026-08-17 11:28:17.674 Db YourSofia[99787:320a1c] [com.apple.CFBundle:resources] Resource lookup at CFBundle 0x600003b082a0 </Users/valentinasenov/Library/Developer/CoreSimulator/Devices/4EC5F74C-5A9C-4D89-8E44-374310E684AE/data/Containers/Bundle/Application/A01C5F69-BB9C-48BF-96DA-638EDBEBF8DB/YourSofia.app> (executable, loaded)
	Request       : SplashScreen type: storyboardc
	Result        : file:///Users/valentinasenov/Library/Developer/CoreSimulator/Devices/4EC5F74C-5A9C-4D89-8E44-374310E684AE/data/Containers/Bundle/Application/A01C5F69-BB9C-48BF-96DA-638EDBEBF8DB/YourSofia.app/SplashScreen.storyboardc/
2026-08-17 11:28:17.674 Db YourSofia[99787:320a1c] [com.apple.CFBundle:resources] Resource lookup at CFBundle 0x600003b082a0 </Users/valentinasenov/Library/Developer/CoreSimulator/Devices/4EC5F74C-5A9C-4D89-8E44-374310E684AE/data/Containers/Bundle/Application/A01C5F69-BB9C-48BF-96DA-638EDBEBF8DB/YourSofia.app> (executable, loaded)
	Request       : SplashScreenViewController type: nib path: SplashScreen.storyboardc
	Result        : file:///Users/valentinasenov/Library/Developer/CoreSimulator/Devices/4EC5F74C-5A9C-4D89-8E44-374310E684AE/data/Containers/Bundle/Application/A01C5F69-BB9C-48BF-96DA-638EDBEBF8DB/YourSofia.app/SplashScreen.storyboardc/SplashScreenViewController.nib
2026-08-17 11:28:17.674 Db YourSofia[99787:320a1c] [com.apple.CFBundle:resources] Resource lookup at CFBundle 0x600003b082a0 </Users/valentinasenov/Library/Developer/CoreSimulator/Devices/4EC5F74C-5A9C-4D89-8E44-374310E684AE/data/Containers/Bundle/Application/A01C5F69-BB9C-48BF-96DA-638EDBEBF8DB/YourSofia.app> (executable, loaded)
	Request       : EXPO-VIEWCONTROLLER-1-view-EXPO-ContainerView type: nib path: SplashScreen.storyboardc
	Result        : file:///Users/valentinasenov/Library/Developer/CoreSimulator/Devices/4EC5F74C-5A9C-4D89-8E44-374310E684AE/data/Containers/Bundle/Application/A01C5F69-BB9C-48BF-96DA-638EDBEBF8DB/YourSofia.app/SplashScreen.storyboardc/EXPO-VIEWCONTROLLER-1-view-EXPO-ContainerView.nib
2026-08-17 11:28:17.674 Db YourSofia[99787:320a1c] [com.apple.CFBundle:resources] Resource lookup at CFBundle 0x600003b082a0 </Users/valentinasenov/Library/Developer/CoreSimulator/Devices/4EC5F74C-5A9C-4D89-8E44-374310E684AE/data/Containers/Bundle/Application/A01C5F69-BB9C-48BF-96DA-638EDBEBF8DB/YourSofia.app> (executable, loaded)
	Request       : SplashScreen type: storyboardc
	Result        : file:///Users/valentinasenov/Library/Developer/CoreSimulator/Devices/4EC5F74C-5A9C-4D89-8E44-374310E684AE/data/Containers/Bundle/Application/A01C5F69-BB9C-48BF-96DA-638EDBEBF8DB/YourSofia.app/SplashScreen.storyboardc/
2026-08-17 11:28:17.674 Db YourSofia[99787:320a1c] [com.apple.CFBundle:resources] Resource lookup at CFBundle 0x600003b082a0 </Users/valentinasenov/Library/Developer/CoreSimulator/Devices/4EC5F74C-5A9C-4D89-8E44-374310E684AE/data/Containers/Bundle/Application/A01C5F69-BB9C-48BF-96DA-638EDBEBF8DB/YourSofia.app> (executable, loaded)
	Request       : EXPO-VIEWCONTROLLER-1-view-EXPO-ContainerView type: nib path: SplashScreen.storyboardc
	Result        : file:///Users/valentinasenov/Library/Developer/CoreSimulator/Devices/4EC5F74C-5A9C-4D89-8E44-374310E684AE/data/Containers/Bundle/Application/A01C5F69-BB9C-48BF-96DA-638EDBEBF8DB/YourSofia.app/SplashScreen.storyboardc/EXPO-VIEWCONTROLLER-1-view-EXPO-ContainerView.nib
2026-08-17 11:28:17.674 Db YourSofia[99787:320a5f] [com.apple.CFBundle:resources] Language lookup at CFBundle 0x600003b24620 </Users/valentinasenov/Library/Developer/CoreSimulator/Devices/4EC5F74C-5A9C-4D89-8E44-374310E684AE/data/Containers/Bundle/Application/A01C5F69-BB9C-48BF-96DA-638EDBEBF8DB/YourSofia.app/EXUpdates.bundle> (not loaded)
	Localizations : [en]
	Dev language  : en
	User prefs    : [en-US, bg-US]
	Main bundle   : [en]
	Allow mixed   : 0 
	Result        : [en]
2026-08-17 11:28:17.674 Db YourSofia[99787:320a5f] [com.apple.CFBundle:resources] Resource lookup at CFBundle 0x600003b24620 </Users/valentinasenov/Library/Developer/CoreSimulator/Devices/4EC5F74C-5A9C-4D89-8E44-374310E684AE/data/Containers/Bundle/Application/A01C5F69-BB9C-48BF-96DA-638EDBEBF8DB/YourSofia.app/EXUpdates.bundle> (not loaded)
	Request       : app type: manifest
	Result        : file:///Users/valentinasenov/Library/Developer/CoreSimulator/Devices/4EC5F74C-5A9C-4D89-8E44-374310E684AE/data/Containers/Bundle/Application/A01C5F69-BB9C-48BF-96DA-638EDBEBF8DB/YourSofia.app/EXUpdates.bundle/app.manifest
2026-08-17 11:28:17.674 Db YourSofia[99787:320a1c] [com.apple.defaults:User Defaults] found no value for key _UIConstraintBasedLayout in CFPrefsSearchListSource<0x600002c0c180> (Domain: bg.sofia.yoursofia, Container: (null) Non-launch persona: 0)
2026-08-17 11:28:17.674 Db YourSofia[99787:320a1c] [com.apple.CFBundle:resources] Resource lookup at CFBundle 0x600003b082a0 </Users/valentinasenov/Library/Developer/CoreSimulator/Devices/4EC5F74C-5A9C-4D89-8E44-374310E684AE/data/Containers/Bundle/Application/A01C5F69-BB9C-48BF-96DA-638EDBEBF8DB/YourSofia.app> (executable, loaded)
	Request       : Assets type: car
	Result        : file:///Users/valentinasenov/Library/Developer/CoreSimulator/Devices/4EC5F74C-5A9C-4D89-8E44-374310E684AE/data/Containers/Bundle/Application/A01C5F69-BB9C-48BF-96DA-638EDBEBF8DB/YourSofia.app/Assets.car
2026-08-17 11:28:17.675 Db YourSofia[99787:320a1c] [com.apple.defaults:User Defaults] found no value for key CUIShowDebugLogs in CFPrefsSearchListSource<0x600002c0c180> (Domain: bg.sofia.yoursofia, Container: (null) Non-launch persona: 0)
2026-08-17 11:28:17.675 Db YourSofia[99787:320a1c] [com.apple.CFBundle:resources] Resource lookup at CFBundle 0x600003b082a0 </Users/valentinasenov/Library/Developer/CoreSimulator/Devices/4EC5F74C-5A9C-4D89-8E44-374310E684AE/data/Containers/Bundle/Application/A01C5F69-BB9C-48BF-96DA-638EDBEBF8DB/YourSofia.app> (executable, loaded)
	Request       : SplashScreen@3x type: png
	Result        : None
2026-08-17 11:28:17.675 Db YourSofia[99787:320a1c] [com.apple.CFBundle:resources] Resource lookup at CFBundle 0x600003b082a0 </Users/valentinasenov/Library/Developer/CoreSimulator/Devices/4EC5F74C-5A9C-4D89-8E44-374310E684AE/data/Containers/Bundle/Application/A01C5F69-BB9C-48BF-96DA-638EDBEBF8DB/YourSofia.app> (executable, loaded)
	Request       : SplashScreen@2x type: png
	Result        : None
2026-08-17 11:28:17.675 Db YourSofia[99787:320a1c] [com.apple.CFBundle:resources] Resource lookup at CFBundle 0x600003b082a0 </Users/valentinasenov/Library/Developer/CoreSimulator/Devices/4EC5F74C-5A9C-4D89-8E44-374310E684AE/data/Containers/Bundle/Application/A01C5F69-BB9C-48BF-96DA-638EDBEBF8DB/YourSofia.app> (executable, loaded)
	Request       : SplashScreen type: png
	Result        : None
2026-08-17 11:28:17.675 Db YourSofia[99787:320a1c] [com.apple.CFBundle:resources] Resource lookup at CFBundle 0x600003b082a0 </Users/valentinasenov/Library/Developer/CoreSimulator/Devices/4EC5F74C-5A9C-4D89-8E44-374310E684AE/data/Containers/Bundle/Application/A01C5F69-BB9C-48BF-96DA-638EDBEBF8DB/YourSofia.app> (executable, loaded)
	Request       : SplashScreen@1x type: png
	Result        : None
2026-08-17 11:28:17.675 Df YourSofia[99787:320a1c] (UIKitCore) Could not load the "SplashScreen" image referenced from a nib in the bundle with identifier "bg.sofia.yoursofia"
2026-08-17 11:28:17.675 Db YourSofia[99787:320a1c] [com.apple.defaults:User Defaults] found no value for key CGAllowDebuggingDefaults in CFPrefsPlistSource<0x600002c08580> (Domain: kCFPreferencesAnyApplication, User: kCFPreferencesCurrentUser, ByHost: No, Container: (null), Contents Need Refresh: No)
2026-08-17 11:28:17.675 Db YourSofia[99787:320a1c] [com.apple.defaults:User Defaults] found no value for key UIViewShowAlignmentRects in CFPrefsSearchListSource<0x600002c0c180> (Domain: bg.sofia.yoursofia, Container: (null) Non-launch persona: 0)
2026-08-17 11:28:17.677 Db YourSofia[99787:320a1c] [com.apple.defaults:User Defaults] found no value for key UITraitUsageTrackingLoggingEnabled in CFPrefsSearchListSource<0x600002c0c180> (Domain: bg.sofia.yoursofia, Container: (null) Non-launch persona: 0)
2026-08-17 11:28:17.677 Db YourSofia[99787:320a1c] [com.apple.defaults:User Defaults] found no value for key UIStateTrackingLoggingEnabled in CFPrefsSearchListSource<0x600002c0c180> (Domain: bg.sofia.yoursofia, Container: (null) Non-launch persona: 0)
2026-08-17 11:28:17.677 Db YourSofia[99787:320a1c] [com.apple.defaults:User Defaults] found no value for key UILayoutAnchorsDeferTrippingWantsAutolayoutFlagUntilUsed in CFPrefsSearchListSource<0x600002c0c180> (Domain: bg.sofia.yoursofia, Container: (null) Non-launch persona: 0)
2026-08-17 11:28:17.677 Db YourSofia[99787:320a1c] [com.apple.defaults:User Defaults] found no value for key NSConstraintBasedLayoutTrackAllocation in CFPrefsSearchListSource<0x600002c0c180> (Domain: bg.sofia.yoursofia, Container: (null) Non-launch persona: 0)
2026-08-17 11:28:17.677 Db YourSofia[99787:320a1c] [com.apple.defaults:User Defaults] found no value for key NSConstraintBasedLayoutAriadneTracepoints in CFPrefsSearchListSource<0x600002c0c180> (Domain: bg.sofia.yoursofia, Container: (null) Non-launch persona: 0)
2026-08-17 11:28:17.677 Db YourSofia[99787:320a1c] [com.apple.defaults:User Defaults] found no value for key SheetAG in CFPrefsSearchListSource<0x600002c00a00> (Domain: com.apple.UIKit, Container: (null) Non-launch persona: 0)
2026-08-17 11:28:17.677 Db YourSofia[99787:320a1c] [com.apple.defaults:User Defaults] looked up value 0 for key ReduceMotionEnabled in CFPrefsPlistSource<0x600002c0db00> (Domain: com.apple.Accessibility, User: kCFPreferencesCurrentUser, ByHost: No, Container: (null), Contents Need Refresh: No) via CFPrefsSearchListSource<0x600002c0da80> (Domain: com.apple.Accessibility, Container: (null) Non-launch persona: 0)
2026-08-17 11:28:17.677 Db YourSofia[99787:320a1c] [com.apple.Accessibility:AXSupportCommon] CF Read: domain = com.apple.Accessibility, preference = ReduceMotionEnabled, appID = (null) result = 0 (-1 - empty, 0 - false, 1 - true)
2026-08-17 11:28:17.678 Db YourSofia[99787:320a1c] [com.apple.defaults:User Defaults] found no value for key LogUIPresentationController in CFPrefsSearchListSource<0x600002c00a00> (Domain: com.apple.UIKit, Container: (null) Non-launch persona: 0)
2026-08-17 11:28:17.679 I  YourSofia[99787:320a1c] [com.apple.Accessibility:AXAppAccessibility] Presentation controller doesn't modalize: <_UIRootPresentationController: 0x10586c690>
2026-08-17 11:28:17.679 Db YourSofia[99787:320a1c] [com.apple.defaults:User Defaults] found no value for key UseSingleSystemColor in CFPrefsSearchListSource<0x600002c0da80> (Domain: com.apple.Accessibility, Container: (null) Non-launch persona: 0)
2026-08-17 11:28:17.679 Db YourSofia[99787:320a1c] [com.apple.Accessibility:AXSupportCommon] CF Read: domain = com.apple.Accessibility, preference = UseSingleSystemColor, appID = (null) result = (null) (-1 - empty, 0 - false, 1 - true)
2026-08-17 11:28:17.679 Db YourSofia[99787:320a1c] [com.apple.defaults:User Defaults] found no value for key UseSingleSystemColor in CFPrefsPlistSource<0x600002c0dd80> (Domain: com.apple.Accessibility, User: kCFPreferencesCurrentUser, ByHost: No, Container: /Users/valentinasenov/Library/Developer/CoreSimulator/Devices/4EC5F74C-5A9C-4D89-8E44-374310E684AE/data, Contents Need Refresh: No)
2026-08-17 11:28:17.679 Db YourSofia[99787:320a5f] [com.apple.CFBundle:resources] Resource lookup at CFBundle 0x600003b082a0 </Users/valentinasenov/Library/Developer/CoreSimulator/Devices/4EC5F74C-5A9C-4D89-8E44-374310E684AE/data/Containers/Bundle/Application/A01C5F69-BB9C-48BF-96DA-638EDBEBF8DB/YourSofia.app> (executable, loaded)
	Request       : main type: jsbundle
	Result        : file:///Users/valentinasenov/Library/Developer/CoreSimulator/Devices/4EC5F74C-5A9C-4D89-8E44-374310E684AE/data/Containers/Bundle/Application/A01C5F69-BB9C-48BF-96DA-638EDBEBF8DB/YourSofia.app/main.jsbundle
2026-08-17 11:28:17.679 Db YourSofia[99787:320a1c] [com.apple.defaults:User Defaults] found no value for key UIViewLocalizeOverrideLayoutEngine in CFPrefsSearchListSource<0x600002c0c180> (Domain: bg.sofia.yoursofia, Container: (null) Non-launch persona: 0)
2026-08-17 11:28:17.680 Db YourSofia[99787:320a1c] [com.apple.CFBundle:resources] Language lookup at CFBundle 0x600003b08e00 </Library/Developer/CoreSimulator/Volumes/iOS_23D8133/Library/Developer/CoreSimulator/Profiles/Runtimes/iOS 26.3.simruntime/Contents/Resources/RuntimeRoot/System/Library/PrivateFrameworks/UIKitCore.framework/BoundingPathData.bundle> (not loaded)
	Localizations : [en]
	Dev language  : en
	User prefs    : [en-US, bg-US]
	Main bundle   : [en]
	Allow mixed   : 0 
	Result        : [en]
2026-08-17 11:28:17.680 Db YourSofia[99787:320a1c] [com.apple.CFBundle:resources] Resource lookup at CFBundle 0x600003b08e00 </Library/Developer/CoreSimulator/Volumes/iOS_23D8133/Library/Developer/CoreSimulator/Profiles/Runtimes/iOS 26.3.simruntime/Contents/Resources/RuntimeRoot/System/Library/PrivateFrameworks/UIKitCore.framework/BoundingPathData.bundle> (not loaded)
	Request       : Assets type: car
	Result        : file:///Library/Developer/CoreSimulator/Volumes/iOS_23D8133/Library/Developer/CoreSimulator/Profiles/Runtimes/iOS%2026.3.simruntime/Contents/Resources/RuntimeRoot/System/Library/PrivateFrameworks/UIKitCore.framework/BoundingPathData.bundle/Assets.car
2026-08-17 11:28:17.684 Db YourSofia[99787:320a1c] [com.apple.defaults:User Defaults] found no value for key NSConstraintBasedLayoutDebug in CFPrefsSearchListSource<0x600002c0c180> (Domain: bg.sofia.yoursofia, Container: (null) Non-launch persona: 0)
2026-08-17 11:28:17.684 Db YourSofia[99787:320a1c] [com.apple.defaults:User Defaults] found no value for key NSConstraintBasedLayoutAllowUnoptimizedReads in CFPrefsSearchListSource<0x600002c0c180> (Domain: bg.sofia.yoursofia, Container: (null) Non-launch persona: 0)
2026-08-17 11:28:17.684 Db YourSofia[99787:320a1c] [com.apple.defaults:User Defaults] found no value for key _UIConstraintBasedLayoutPlaySoundWhenEngaged in CFPrefsSearchListSource<0x600002c0c180> (Domain: bg.sofia.yoursofia, Container: (null) Non-launch persona: 0)
2026-08-17 11:28:17.684 Db YourSofia[99787:320a1c] [com.apple.defaults:User Defaults] found no value for key NSConstraintBasedLayoutDebugEngineConsistency in CFPrefsSearchListSource<0x600002c0c180> (Domain: bg.sofia.yoursofia, Container: (null) Non-launch persona: 0)
2026-08-17 11:28:17.684 Db YourSofia[99787:320a1c] [com.apple.defaults:User Defaults] found no value for key NSConstraintBasedLayoutVariableChangeTransactions in CFPrefsSearchListSource<0x600002c0c180> (Domain: bg.sofia.yoursofia, Container: (null) Non-launch persona: 0)
2026-08-17 11:28:17.684 Db YourSofia[99787:320a1c] [com.apple.defaults:User Defaults] found no value for key NSConstraintBasedLayoutDeferOptimization in CFPrefsSearchListSource<0x600002c0c180> (Domain: bg.sofia.yoursofia, Container: (null) Non-launch persona: 0)
2026-08-17 11:28:17.684 Db YourSofia[99787:320a1c] [com.apple.defaults:User Defaults] found no value for key UIViewControllerDetachedInheritsContentOverlayInsetsFromSuperview in CFPrefsSearchListSource<0x600002c0c180> (Domain: bg.sofia.yoursofia, Container: (null) Non-launch persona: 0)
2026-08-17 11:28:17.684 Db YourSofia[99787:320a1c] [com.apple.defaults:User Defaults] found no value for key ModernContentOverlayInsetsPropagation in CFPrefsSearchListSource<0x600002c0c180> (Domain: bg.sofia.yoursofia, Container: (null) Non-launch persona: 0)
2026-08-17 11:28:17.685 Db YourSofia[99787:320a1c] [com.apple.defaults:User Defaults] found no value for key LogOrientation in CFPrefsSearchListSource<0x600002c00a00> (Domain: com.apple.UIKit, Container: (null) Non-launch persona: 0)
2026-08-17 11:28:17.685 Df YourSofia[99787:320a1c] [com.apple.UIKit:Orientation] <UIWindowScene: 0x10590d090> (8FA49A39-7661-46FB-8F2C-0158321648A4) Scene updated orientation preferences: none -> ( Pu )
2026-08-17 11:28:17.687 Df YourSofia[99787:320a1c] [com.apple.UIKit:KeyWindow] Key window API is scene-level: YES
2026-08-17 11:28:17.687 Df YourSofia[99787:320a1c] [com.apple.UIKit:KeyWindow] UIWindowScene: 0x10590d090: Window became key in scene: UIWindow: 0x105910e30; contextId: 0x3E9D19F: reason: UIWindowScene: 0x10590d090: Window requested to become key in scene: 0x105910e30
2026-08-17 11:28:17.687 Df YourSofia[99787:320a1c] [com.apple.UIKit:KeyWindow] Key window needs update: 1; currentKeyWindowScene: 0x0; evaluatedKeyWindowScene: 0x10590d090; currentApplicationKeyWindow: 0x0; evaluatedApplicationKeyWindow: 0x105910e30; reason: UIWindowScene: 0x10590d090: Window requested to become key in scene: 0x105910e30
2026-08-17 11:28:17.687 Df YourSofia[99787:320a1c] [com.apple.UIKit:KeyWindow] Window did become application key: UIWindow: 0x105910e30; contextId: 0x3E9D19F; scene identity: com.apple.frontboard.systemappservices/FBSceneManager:sceneID%3Abg.sofia.yoursofia-default
2026-08-17 11:28:17.687 Df YourSofia[99787:320a1c] [com.apple.UIKit:EventDeferring] [0x60000293c2a0] Begin local event deferring requested for token: 0x60000260a3a0; environments: 1; reason: UIWindowScene: 0x10590d090: Begin event deferring in keyboardFocus for window: 0x105910e30
2026-08-17 11:28:17.687 Db YourSofia[99787:320a1c] [com.apple.BackBoard:EventDelivery] aborting flush, not connected to server
2026-08-17 11:28:17.687 Db YourSofia[99787:320a1c] [com.apple.defaults:User Defaults] found no value for key LogKeyboardFocus in CFPrefsSearchListSource<0x600002c00a00> (Domain: com.apple.UIKit, Container: (null) Non-launch persona: 0)
2026-08-17 11:28:17.687 Df YourSofia[99787:320a34] [com.apple.BackBoard:EventDelivery] BKSHIDEventDeliveryManager - connection activation
2026-08-17 11:28:17.687 Db YourSofia[99787:320a34] [com.apple.BackBoard:EventDelivery] flushing changes: {
    contentsMask: 0x2; deferringRules: [[99787-1]];
}
2026-08-17 11:28:17.688 Db YourSofia[99787:320a1c] [com.apple.defaults:User Defaults] found no value for key detoxURLOverride in CFPrefsSearchListSource<0x600002c0c180> (Domain: bg.sofia.yoursofia, Container: (null) Non-launch persona: 0)
2026-08-17 11:28:17.688 Db YourSofia[99787:320a1c] [com.apple.BackgroundTasks:Framework] Application finished launching
2026-08-17 11:28:17.688 Df YourSofia[99787:320a1c] [com.apple.UIKit:Application] Deactivation reason removed: 10; deactivation reasons: 3104 -> 2080; animating application lifecycle event: 1
2026-08-17 11:28:17.688 Db YourSofia[99787:320a1c] [com.apple.UIKit:UIDevice.orientation] Setting device orientation to 1 and sending notification.
2026-08-17 11:28:17.688 Db YourSofia[99787:320a1c] [com.apple.UIKit:UIDevice.orientation] Setting device orientation to 0 and sending notification.
2026-08-17 11:28:17.688 Df YourSofia[99787:320a1c] [com.apple.UIKit:Application] Deactivation reason added: 12; deactivation reasons: 2080 -> 6176; animating application lifecycle event: 1
2026-08-17 11:28:17.688 Df YourSofia[99787:320a1c] [com.apple.UIKit:Application] Deactivation reason removed: 11; deactivation reasons: 6176 -> 4128; animating application lifecycle event: 1
2026-08-17 11:28:17.688 Df YourSofia[99787:320a1c] [com.apple.FrontBoard:SceneExtension] Realizing settings extension <_UISceneIntelligenceSupportSettings> on FBSSceneSettings
2026-08-17 11:28:17.688 Db YourSofia[99787:320a1c] [com.apple.FrontBoard:SceneExtension] registering method "collectAsRemoteElement" from extension <_UISceneIntelligenceSupportSettings> on class "FBSSceneSettings"
2026-08-17 11:28:17.688 Db YourSofia[99787:320a1c] [com.apple.FrontBoard:SceneExtension] registering method "setCollectAsRemoteElement:" from extension <_UISceneIntelligenceSupportSettings> on class "FBSSceneSettings"
2026-08-17 11:28:17.688 Db YourSofia[99787:320a1c] [com.apple.BacklightServices:scenes] 0x600000c3dce0 environment updated:sceneID:bg.sofia.yoursofia-default
  delta:{ visualState:0 date:0 active:0 seed:0 }
  diff:(null)
  new:(null) (null)
  old:(null) (null)
  new:(null)
2026-08-17 11:28:17.689 Df YourSofia[99787:320a5b] [com.apple.BackBoard:EventDelivery] policyStatus:<BKSHIDEventDeliveryPolicyObserver: 0x600002624840; token: com.apple.frontboard.systemappservices/FBSceneManager:sceneID%3Abg.sofia.yoursofia-default; status: ancestor> was:target
2026-08-17 11:28:17.689 Db YourSofia[99787:320a1c] [com.apple.BacklightServices:scenes] BLSBacklightFBSSceneEnvironment (BacklightUIServices) _settingsDiffActionsForScene
2026-08-17 11:28:17.689 Db YourSofia[99787:320a1c] [com.apple.BacklightServices:scenes] create BLSBacklightUISceneEnvironmentDiffAction:<_UIBacklightUISceneEnvironmentDiffAction: 0x600000009f50>
2026-08-17 11:28:17.689 Db YourSofia[99787:320a5b] [com.apple.BackBoard:EventDelivery] observerPolicyDidChange: 0x600002624840 -> <_UIKeyWindowSceneObserver: 0x600000c61410>
2026-08-17 11:28:17.689 Db YourSofia[99787:320a1c] [com.apple.BacklightServices:scenes] BLSBacklightFBSSceneEnvironment (BacklightUIServices) _actionRespondersForScene
2026-08-17 11:28:17.689 Db YourSofia[99787:320a1c] [com.apple.BacklightServices:scenes] create BLSBacklightUISceneEnvironmentActionHandler:<_UIBacklightUISceneEnvironmentActionHandler: 0x600000005530>
2026-08-17 11:28:17.688 Df YourSofia[99787:320a62] [com.apple.UIIntelligenceSupport:xpc] establishing connection to agent
2026-08-17 11:28:17.689 Df YourSofia[99787:320a62] [com.apple.xpc:session] [0x60000213adf0] Session created.
2026-08-17 11:28:17.689 Df YourSofia[99787:320a62] [com.apple.xpc:session] [0x60000213adf0] Session created from connection [0x104f0dcb0]
2026-08-17 11:28:17.689 Df YourSofia[99787:320a62] [com.apple.xpc:connection] [0x104f0dcb0] activating connection: mach=true listener=false peer=false name=com.apple.uiintelligencesupport.agent
2026-08-17 11:28:17.689 Df YourSofia[99787:320a1c] [com.apple.UIKit:InterfaceStyle] Not push traits update to screen for new style 1, <UIWindowScene: 0x10590d090> (8FA49A39-7661-46FB-8F2C-0158321648A4)
2026-08-17 11:28:17.689 Df YourSofia[99787:320a62] [com.apple.xpc:session] [0x60000213adf0] Session activated
2026-08-17 11:28:17.690 Db YourSofia[99787:320a1c] [com.apple.defaults:User Defaults] found no value for key NSConstraintBasedLayoutLogPivotCounts in CFPrefsSearchListSource<0x600002c0c180> (Domain: bg.sofia.yoursofia, Container: (null) Non-launch persona: 0)
2026-08-17 11:28:17.690 Db YourSofia[99787:320a1c] [com.apple.defaults:User Defaults] found no value for key NSConstraintBasedLayoutTrackDirtyObservables in CFPrefsSearchListSource<0x600002c0c180> (Domain: bg.sofia.yoursofia, Container: (null) Non-launch persona: 0)
2026-08-17 11:28:17.692 Db YourSofia[99787:320a5f] [com.apple.CFBundle:resources] Resource lookup at CFBundle 0x600003b082a0 </Users/valentinasenov/Library/Developer/CoreSimulator/Devices/4EC5F74C-5A9C-4D89-8E44-374310E684AE/data/Containers/Bundle/Application/A01C5F69-BB9C-48BF-96DA-638EDBEBF8DB/YourSofia.app> (executable, loaded)
	Request       : back-icon type: png path: assets/node_modules/.pnpm/@react-navigation+elements@2.6.4_@react-navigation+native@7.1.17_react-native@0.81.5_@b_28a2c3a7af745b08fd3e3ec803bf51ba/node_modules/@react-navigation/elements/lib/module/assets
	Result        : file:///Users/valentinasenov/Library/Developer/CoreSimulator/Devices/4EC5F74C-5A9C-4D89-8E44-374310E684AE/data/Containers/Bundle/Application/A01C5F69-BB9C-48BF-96DA-638EDBEBF8DB/YourSofia.app/assets/node_modules/.pnpm/@react-navigation+elements@2.6.4_@react-navigation+native@7.1.17_react-native@0.81.5_@b_28a2c3a7af745b08fd3e3ec803bf51ba/node_modules/@react-navigation/elements/lib/module/assets/back-icon.png
2026-08-17 11:28:17.696 Db YourSofia[99787:320a1c] [com.apple.defaults:User Defaults] found no value for key CGContextHighlight2xScaledImages in CFPrefsPlistSource<0x600002c08300> (Domain: bg.sofia.yoursofia, User: kCFPreferencesCurrentUser, ByHost: No, Container: (null), Contents Need Refresh: No)
2026-08-17 11:28:17.696 Db YourSofia[99787:320a1c] [com.apple.defaults:User Defaults] found no value for key CGContextHighlight2xScaledImages in CFPrefsPlistSource<0x600002c08300> (Domain: bg.sofia.yoursofia, User: kCFPreferencesCurrentUser, ByHost: No, Container: (null), Contents Need Refresh: No)
2026-08-17 11:28:17.696 Db YourSofia[99787:320a1c] [com.apple.defaults:User Defaults] found no value for key CGContextHighlight2xScaledImages in CFPrefsPlistSource<0x600002c08580> (Domain: kCFPreferencesAnyApplication, User: kCFPreferencesCurrentUser, ByHost: No, Container: (null), Contents Need Refresh: No)
2026-08-17 11:28:17.696 Db YourSofia[99787:320a1c] [com.apple.defaults:User Defaults] found no value for key CGContextHighlight2xScaledImages in CFPrefsPlistSource<0x600002c08580> (Domain: kCFPreferencesAnyApplication, User: kCFPreferencesCurrentUser, ByHost: No, Container: (null), Contents Need Refresh: No)
2026-08-17 11:28:17.696 Db YourSofia[99787:320a1c] [com.apple.defaults:User Defaults] found no value for key CGContextTrackImageDrawing in CFPrefsPlistSource<0x600002c08300> (Domain: bg.sofia.yoursofia, User: kCFPreferencesCurrentUser, ByHost: No, Container: (null), Contents Need Refresh: No)
2026-08-17 11:28:17.696 Db YourSofia[99787:320a1c] [com.apple.defaults:User Defaults] found no value for key CGContextTrackImageDrawing in CFPrefsPlistSource<0x600002c08300> (Domain: bg.sofia.yoursofia, User: kCFPreferencesCurrentUser, ByHost: No, Container: (null), Contents Need Refresh: No)
2026-08-17 11:28:17.696 Db YourSofia[99787:320a1c] [com.apple.defaults:User Defaults] found no value for key CGContextTrackImageDrawing in CFPrefsPlistSource<0x600002c08580> (Domain: kCFPreferencesAnyApplication, User: kCFPreferencesCurrentUser, ByHost: No, Container: (null), Contents Need Refresh: No)
2026-08-17 11:28:17.696 Db YourSofia[99787:320a1c] [com.apple.defaults:User Defaults] found no value for key CGContextTrackImageDrawing in CFPrefsPlistSource<0x600002c08580> (Domain: kCFPreferencesAnyApplication, User: kCFPreferencesCurrentUser, ByHost: No, Container: (null), Contents Need Refresh: No)
2026-08-17 11:28:17.696 Db YourSofia[99787:320a1c] [com.apple.defaults:User Defaults] found no value for key CAEnableDeepFramebuffer in CFPrefsSearchListSource<0x600002c0c180> (Domain: bg.sofia.yoursofia, Container: (null) Non-launch persona: 0)
2026-08-17 11:28:17.696 Db YourSofia[99787:320a5f] [com.apple.CFBundle:resources] Resource lookup at CFBundle 0x600003b082a0 </Users/valentinasenov/Library/Developer/CoreSimulator/Devices/4EC5F74C-5A9C-4D89-8E44-374310E684AE/data/Containers/Bundle/Application/A01C5F69-BB9C-48BF-96DA-638EDBEBF8DB/YourSofia.app> (executable, loaded)
	Request       : back-icon@2x type: png path: assets/node_modules/.pnpm/@react-navigation+elements@2.6.4_@react-navigation+native@7.1.17_react-native@0.81.5_@b_28a2c3a7af745b08fd3e3ec803bf51ba/node_modules/@react-navigation/elements/lib/module/assets
	Result        : file:///Users/valentinasenov/Library/Developer/CoreSimulator/Devices/4EC5F74C-5A9C-4D89-8E44-374310E684AE/data/Containers/Bundle/Application/A01C5F69-BB9C-48BF-96DA-638EDBEBF8DB/YourSofia.app/assets/node_modules/.pnpm/@react-navigation+elements@2.6.4_@react-navigation+native@7.1.17_react-native@0.81.5_@b_28a2c3a7af745b08fd3e3ec803bf51ba/node_modules/@react-navigation/elements/lib/module/assets/back-icon@2x.png
2026-08-17 11:28:17.697 Db YourSofia[99787:320a62] [com.apple.BaseBoard:Common] [BSBlockSentinel:FBSWorkspaceScenesClient] signaled! 1 of 1
2026-08-17 11:28:17.697 Db YourSofia[99787:320a62] [com.apple.BaseBoard:Common] [BSBlockSentinel:FBSWorkspaceScenesClient] dealloc
2026-08-17 11:28:17.697 Db YourSofia[99787:320a5f] [com.apple.CFBundle:resources] Resource lookup at CFBundle 0x600003b082a0 </Users/valentinasenov/Library/Developer/CoreSimulator/Devices/4EC5F74C-5A9C-4D89-8E44-374310E684AE/data/Containers/Bundle/Application/A01C5F69-BB9C-48BF-96DA-638EDBEBF8DB/YourSofia.app> (executable, loaded)
	Request       : back-icon@3x type: png path: assets/node_modules/.pnpm/@react-navigation+elements@2.6.4_@react-navigation+native@7.1.17_react-native@0.81.5_@b_28a2c3a7af745b08fd3e3ec803bf51ba/node_modules/@react-navigation/elements/lib/module/assets
	Result        : file:///Users/valentinasenov/Library/Developer/CoreSimulator/Devices/4EC5F74C-5A9C-4D89-8E44-374310E684AE/data/Containers/Bundle/Application/A01C5F69-BB9C-48BF-96DA-638EDBEBF8DB/YourSofia.app/assets/node_modules/.pnpm/@react-navigation+elements@2.6.4_@react-navigation+native@7.1.17_react-native@0.81.5_@b_28a2c3a7af745b08fd3e3ec803bf51ba/node_modules/@react-navigation/elements/lib/module/assets/back-icon@3x.png
2026-08-17 11:28:17.697 Db YourSofia[99787:320a5f] [com.apple.CFBundle:resources] Resource lookup at CFBundle 0x600003b082a0 </Users/valentinasenov/Library/Developer/CoreSimulator/Devices/4EC5F74C-5A9C-4D89-8E44-374310E684AE/data/Containers/Bundle/Application/A01C5F69-BB9C-48BF-96DA-638EDBEBF8DB/YourSofia.app> (executable, loaded)
	Request       : back-icon-mask type: png path: assets/node_modules/.pnpm/@react-navigation+elements@2.6.4_@react-navigation+native@7.1.17_react-native@0.81.5_@b_28a2c3a7af745b08fd3e3ec803bf51ba/node_modules/@react-navigation/elements/lib/module/assets
	Result        : file:///Users/valentinasenov/Library/Developer/CoreSimulator/Devices/4EC5F74C-5A9C-4D89-8E44-374310E684AE/data/Containers/Bundle/Application/A01C5F69-BB9C-48BF-96DA-638EDBEBF8DB/YourSofia.app/assets/node_modules/.pnpm/@react-navigation+elements@2.6.4_@react-navigation+native@7.1.17_react-native@0.81.5_@b_28a2c3a7af745b08fd3e3ec803bf51ba/node_modules/@react-navigation/elements/lib/module/assets/back-icon-mask.png
2026-08-17 11:28:17.697 Db YourSofia[99787:320a1c] [com.apple.launchservices:db] LS DB needs to be mapped into process 99787 for session LSSessionKey(system: 0 uid: 501) (existing DB @ 0x0).
2026-08-17 11:28:17.697 Db YourSofia[99787:320a5f] [com.apple.CFBundle:resources] Resource lookup at CFBundle 0x600003b082a0 </Users/valentinasenov/Library/Developer/CoreSimulator/Devices/4EC5F74C-5A9C-4D89-8E44-374310E684AE/data/Containers/Bundle/Application/A01C5F69-BB9C-48BF-96DA-638EDBEBF8DB/YourSofia.app> (executable, loaded)
	Request       : clear-icon type: png path: assets/node_modules/.pnpm/@react-navigation+elements@2.6.4_@react-navigation+native@7.1.17_react-native@0.81.5_@b_28a2c3a7af745b08fd3e3ec803bf51ba/node_modules/@react-navigation/elements/lib/module/assets
	Result        : file:///Users/valentinasenov/Library/Developer/CoreSimulator/Devices/4EC5F74C-5A9C-4D89-8E44-374310E684AE/data/Containers/Bundle/Application/A01C5F69-BB9C-48BF-96DA-638EDBEBF8DB/YourSofia.app/assets/node_modules/.pnpm/@react-navigation+elements@2.6.4_@react-navigation+native@7.1.17_react-native@0.81.5_@b_28a2c3a7af745b08fd3e3ec803bf51ba/node_modules/@react-navigation/elements/lib/module/assets/clear-icon.png
2026-08-17 11:28:17.698 Db YourSofia[99787:320a5f] [com.apple.CFBundle:resources] Resource lookup at CFBundle 0x600003b082a0 </Users/valentinasenov/Library/Developer/CoreSimulator/Devices/4EC5F74C-5A9C-4D89-8E44-374310E684AE/data/Containers/Bundle/Application/A01C5F69-BB9C-48BF-96DA-638EDBEBF8DB/YourSofia.app> (executable, loaded)
	Request       : clear-icon type: png path: assets/node_modules/.pnpm/@react-navigation+elements@2.6.4_@react-navigation+native@7.1.17_react-native@0.81.5_@b_28a2c3a7af745b08fd3e3ec803bf51ba/node_modules/@react-navigation/elements/lib/module/assets
	Result        : file:///Users/valentinasenov/Library/Developer/CoreSimulator/Devices/4EC5F74C-5A9C-4D89-8E44-374310E684AE/data/Containers/Bundle/Application/A01C5F69-BB9C-48BF-96DA-638EDBEBF8DB/YourSofia.app/assets/node_modules/.pnpm/@react-navigation+elements@2.6.4_@react-navigation+native@7.1.17_react-native@0.81.5_@b_28a2c3a7af745b08fd3e3ec803bf51ba/node_modules/@react-navigation/elements/lib/module/assets/clear-icon.png
2026-08-17 11:28:17.698 Db YourSofia[99787:320a5f] [com.apple.CFBundle:resources] Resource lookup at CFBundle 0x600003b082a0 </Users/valentinasenov/Library/Developer/CoreSimulator/Devices/4EC5F74C-5A9C-4D89-8E44-374310E684AE/data/Containers/Bundle/Application/A01C5F69-BB9C-48BF-96DA-638EDBEBF8DB/YourSofia.app> (executable, loaded)
	Request       : clear-icon@2x type: png path: assets/node_modules/.pnpm/@react-navigation+elements@2.6.4_@react-navigation+native@7.1.17_react-native@0.81.5_@b_28a2c3a7af745b08fd3e3ec803bf51ba/node_modules/@react-navigation/elements/lib/module/assets
	Result        : file:///Users/valentinasenov/Library/Developer/CoreSimulator/Devices/4EC5F74C-5A9C-4D89-8E44-374310E684AE/data/Containers/Bundle/Application/A01C5F69-BB9C-48BF-96DA-638EDBEBF8DB/YourSofia.app/assets/node_modules/.pnpm/@react-navigation+elements@2.6.4_@react-navigation+native@7.1.17_react-native@0.81.5_@b_28a2c3a7af745b08fd3e3ec803bf51ba/node_modules/@react-navigation/elements/lib/module/assets/clear-icon@2x.png
2026-08-17 11:28:17.698 Df YourSofia[99787:320a1c] [com.apple.xpc:connection] [0x104a13da0] activating connection: mach=true listener=false peer=false name=com.apple.lsd.mapdb
2026-08-17 11:28:17.698 Db YourSofia[99787:320a5f] [com.apple.CFBundle:resources] Resource lookup at CFBundle 0x600003b082a0 </Users/valentinasenov/Library/Developer/CoreSimulator/Devices/4EC5F74C-5A9C-4D89-8E44-374310E684AE/data/Containers/Bundle/Application/A01C5F69-BB9C-48BF-96DA-638EDBEBF8DB/YourSofia.app> (executable, loaded)
	Request       : clear-icon@3x type: png path: assets/node_modules/.pnpm/@react-navigation+elements@2.6.4_@react-navigation+native@7.1.17_react-native@0.81.5_@b_28a2c3a7af745b08fd3e3ec803bf51ba/node_modules/@react-navigation/elements/lib/module/assets
	Result        : file:///Users/valentinasenov/Library/Developer/CoreSimulator/Devices/4EC5F74C-5A9C-4D89-8E44-374310E684AE/data/Containers/Bundle/Application/A01C5F69-BB9C-48BF-96DA-638EDBEBF8DB/YourSofia.app/assets/node_modules/.pnpm/@react-navigation+elements@2.6.4_@react-navigation+native@7.1.17_react-native@0.81.5_@b_28a2c3a7af745b08fd3e3ec803bf51ba/node_modules/@react-navigation/elements/lib/module/assets/clear-icon@3x.png
2026-08-17 11:28:17.698 Db YourSofia[99787:320a1c] [com.apple.coreservicesstore:default] Creating CSStore from XPC coder with length 8208384
2026-08-17 11:28:17.698 Db YourSofia[99787:320a1c] [com.apple.coreservicesstore:default] Checked CSStore data with lengths 8208384/8102956/8194976
2026-08-17 11:28:17.698 Db YourSofia[99787:320a5f] [com.apple.CFBundle:resources] Resource lookup at CFBundle 0x600003b082a0 </Users/valentinasenov/Library/Developer/CoreSimulator/Devices/4EC5F74C-5A9C-4D89-8E44-374310E684AE/data/Containers/Bundle/Application/A01C5F69-BB9C-48BF-96DA-638EDBEBF8DB/YourSofia.app> (executable, loaded)
	Request       : close-icon type: png path: assets/node_modules/.pnpm/@react-navigation+elements@2.6.4_@react-navigation+native@7.1.17_react-native@0.81.5_@b_28a2c3a7af745b08fd3e3ec803bf51ba/node_modules/@react-navigation/elements/lib/module/assets
	Result        : file:///Users/valentinasenov/Library/Developer/CoreSimulator/Devices/4EC5F74C-5A9C-4D89-8E44-374310E684AE/data/Containers/Bundle/Application/A01C5F69-BB9C-48BF-96DA-638EDBEBF8DB/YourSofia.app/assets/node_modules/.pnpm/@react-navigation+elements@2.6.4_@react-navigation+native@7.1.17_react-native@0.81.5_@b_28a2c3a7af745b08fd3e3ec803bf51ba/node_modules/@react-navigation/elements/lib/module/assets/close-icon.png
2026-08-17 11:28:17.698 I  YourSofia[99787:320a1c] [com.apple.launchservices:db] LaunchServices database schema version: 20971543
2026-08-17 11:28:17.698 Db YourSofia[99787:320a1c] [com.apple.launchservices:db] Loaded LS database with sequence number 928
2026-08-17 11:28:17.698 Db YourSofia[99787:320a1c] [com.apple.launchservices:db] Client database updated - seq#: 928
2026-08-17 11:28:17.698 Db YourSofia[99787:320a5f] [com.apple.CFBundle:resources] Resource lookup at CFBundle 0x600003b082a0 </Users/valentinasenov/Library/Developer/CoreSimulator/Devices/4EC5F74C-5A9C-4D89-8E44-374310E684AE/data/Containers/Bundle/Application/A01C5F69-BB9C-48BF-96DA-638EDBEBF8DB/YourSofia.app> (executable, loaded)
	Request       : close-icon type: png path: assets/node_modules/.pnpm/@react-navigation+elements@2.6.4_@react-navigation+native@7.1.17_react-native@0.81.5_@b_28a2c3a7af745b08fd3e3ec803bf51ba/node_modules/@react-navigation/elements/lib/module/assets
	Result        : file:///Users/valentinasenov/Library/Developer/CoreSimulator/Devices/4EC5F74C-5A9C-4D89-8E44-374310E684AE/data/Containers/Bundle/Application/A01C5F69-BB9C-48BF-96DA-638EDBEBF8DB/YourSofia.app/assets/node_modules/.pnpm/@react-navigation+elements@2.6.4_@react-navigation+native@7.1.17_react-native@0.81.5_@b_28a2c3a7af745b08fd3e3ec803bf51ba/node_modules/@react-navigation/elements/lib/module/assets/close-icon.png
2026-08-17 11:28:17.698 I  YourSofia[99787:320a1c] [com.apple.launchservices:datasep] application record search init. Node: <FSNode 0x600000218920> { isDir = y, path = '/Users/valentinasenov/Library/Developer/CoreSimulator/Devices/4EC5F74C-5A9C-4D89-8E44-374310E684AE/data/Containers/Bundle/Application/A01C5F69-BB9C-48BF-96DA-638EDBEBF8DB/YourSofia.app' } bundleID: (null) itemID: 0
2026-08-17 11:28:17.698 Db YourSofia[99787:320a1c] [com.apple.launchservices:binding] BindingEvaluator::CreateWithBundleInfo(ID=(null), name=YourSofia.app, CC=????, vers=(null))
2026-08-17 11:28:17.698 Db YourSofia[99787:320a1c] [com.apple.launchservices:binding] Skipping strong binding binding due to options
2026-08-17 11:28:17.698 Db YourSofia[99787:320a1c] [com.apple.launchservices:binding] Truncating a list of bindings to max 1 known-good ones.
2026-08-17 11:28:17.698 Db YourSofia[99787:320a1c] [com.apple.launchservices:binding] Truncating a list of bindings to max 1 known-good ones.
2026-08-17 11:28:17.698 Db YourSofia[99787:320a5f] [com.apple.CFBundle:resources] Resource lookup at CFBundle 0x600003b082a0 </Users/valentinasenov/Library/Developer/CoreSimulator/Devices/4EC5F74C-5A9C-4D89-8E44-374310E684AE/data/Containers/Bundle/Application/A01C5F69-BB9C-48BF-96DA-638EDBEBF8DB/YourSofia.app> (executable, loaded)
	Request       : close-icon@2x type: png path: assets/node_modules/.pnpm/@react-navigation+elements@2.6.4_@react-navigation+native@7.1.17_react-native@0.81.5_@b_28a2c3a7af745b08fd3e3ec803bf51ba/node_modules/@react-navigation/elements/lib/module/assets
	Result        : file:///Users/valentinasenov/Library/Developer/CoreSimulator/Devices/4EC5F74C-5A9C-4D89-8E44-374310E684AE/data/Containers/Bundle/Application/A01C5F69-BB9C-48BF-96DA-638EDBEBF8DB/YourSofia.app/assets/node_modules/.pnpm/@react-navigation+elements@2.6.4_@react-navigation+native@7.1.17_react-native@0.81.5_@b_28a2c3a7af745b08fd3e3ec803bf51ba/node_modules/@react-navigation/elements/lib/module/assets/close-icon@2x.png
2026-08-17 11:28:17.698 Db YourSofia[99787:320a1c] [com.apple.CFBundle:resources] Language lookup at CFBundle 0x600003b08540 </Library/Developer/CoreSimulator/Volumes/iOS_23D8133/Library/Developer/CoreSimulator/Profiles/Runtimes/iOS 26.3.simruntime/Contents/Resources/RuntimeRoot/System/Library/PrivateFrameworks/UIKitCore.framework> (not loaded)
	Localizations : [de, ur, he, en_AU, ar, el, ja, mr, en, uk, es_419, gu, zh_CN, kn, pa, es, sl, or, da, it, bg, sk, kk, pt_PT, ms, ta, ml, sv, te, cs, ko, no, hu, zh_HK, tr, pl, zh_TW, en_GB, vi, lt, ru, fr_CA, fr, fi, id, nl, th, pt, bn, ro, hr, hi, ca]
	Dev language  : en
	User prefs    : [en-US, bg-US]
	Main bundle   : [en]
	Allow mixed   : 0 
	Result        : [en]
2026-08-17 11:28:17.698 Db YourSofia[99787:320a5f] [com.apple.CFBundle:resources] Resource lookup at CFBundle 0x600003b082a0 </Users/valentinasenov/Library/Developer/CoreSimulator/Devices/4EC5F74C-5A9C-4D89-8E44-374310E684AE/data/Containers/Bundle/Application/A01C5F69-BB9C-48BF-96DA-638EDBEBF8DB/YourSofia.app> (executable, loaded)
	Request       : close-icon@3x type: png path: assets/node_modules/.pnpm/@react-navigation+elements@2.6.4_@react-navigation+native@7.1.17_react-native@0.81.5_@b_28a2c3a7af745b08fd3e3ec803bf51ba/node_modules/@react-navigation/elements/lib/module/assets
	Result        : file:///Users/valentinasenov/Library/Developer/CoreSimulator/Devices/4EC5F74C-5A9C-4D89-8E44-374310E684AE/data/Containers/Bundle/Application/A01C5F69-BB9C-48BF-96DA-638EDBEBF8DB/YourSofia.app/assets/node_modules/.pnpm/@react-navigation+elements@2.6.4_@react-navigation+native@7.1.17_react-native@0.81.5_@b_28a2c3a7af745b08fd3e3ec803bf51ba/node_modules/@react-navigation/elements/lib/module/assets/close-icon@3x.png
2026-08-17 11:28:17.699 Db YourSofia[99787:320a1c] [com.apple.CFBundle:resources] Resource lookup at CFBundle 0x600003b08540 </Library/Developer/CoreSimulator/Volumes/iOS_23D8133/Library/Developer/CoreSimulator/Profiles/Runtimes/iOS 26.3.simruntime/Contents/Resources/RuntimeRoot/System/Library/PrivateFrameworks/UIKitCore.framework> (not loaded)
	Request       : Localizable type: loctable
	Result        : None
2026-08-17 11:28:17.699 Db YourSofia[99787:320a1c] [com.apple.CFBundle:resources] Resource lookup at CFBundle 0x600003b08540 </Library/Developer/CoreSimulator/Volumes/iOS_23D8133/Library/Developer/CoreSimulator/Profiles/Runtimes/iOS 26.3.simruntime/Contents/Resources/RuntimeRoot/System/Library/PrivateFrameworks/UIKitCore.framework> (not loaded)
	Request       : Localizable type: strings
	Result        : file:///Library/Developer/CoreSimulator/Volumes/iOS_23D8133/Library/Developer/CoreSimulator/Profiles/Runtimes/iOS%2026.3.simruntime/Contents/Resources/RuntimeRoot/System/Library/PrivateFrameworks/UIKitCore.framework/en.lproj/Localizable.strings
2026-08-17 11:28:17.699 Db YourSofia[99787:320a1c] [com.apple.CFBundle:resources] Resource lookup at CFBundle 0x600003b08540 </Library/Developer/CoreSimulator/Volumes/iOS_23D8133/Library/Developer/CoreSimulator/Profiles/Runtimes/iOS 26.3.simruntime/Contents/Resources/RuntimeRoot/System/Library/PrivateFrameworks/UIKitCore.framework> (not loaded)
	Request       : Localizable type: stringsdict
	Result        : file:///Library/Developer/CoreSimulator/Volumes/iOS_23D8133/Library/Developer/CoreSimulator/Profiles/Runtimes/iOS%2026.3.simruntime/Contents/Resources/RuntimeRoot/System/Library/PrivateFrameworks/UIKitCore.framework/en.lproj/Localizable.stringsdict
2026-08-17 11:28:17.699 Db YourSofia[99787:320a5f] [com.apple.CFBundle:resources] Resource lookup at CFBundle 0x600003b082a0 </Users/valentinasenov/Library/Developer/CoreSimulator/Devices/4EC5F74C-5A9C-4D89-8E44-374310E684AE/data/Containers/Bundle/Application/A01C5F69-BB9C-48BF-96DA-638EDBEBF8DB/YourSofia.app> (executable, loaded)
	Request       : search-icon type: png path: assets/node_modules/.pnpm/@react-navigation+elements@2.6.4_@react-navigation+native@7.1.17_react-native@0.81.5_@b_28a2c3a7af745b08fd3e3ec803bf51ba/node_modules/@react-navigation/elements/lib/module/assets
	Result        : file:///Users/valentinasenov/Library/Developer/CoreSimulator/Devices/4EC5F74C-5A9C-4D89-8E44-374310E684AE/data/Containers/Bundle/Application/A01C5F69-BB9C-48BF-96DA-638EDBEBF8DB/YourSofia.app/assets/node_modules/.pnpm/@react-navigation+elements@2.6.4_@react-navigation+native@7.1.17_react-native@0.81.5_@b_28a2c3a7af745b08fd3e3ec803bf51ba/node_modules/@react-navigation/elements/lib/module/assets/search-icon.png
2026-08-17 11:28:17.699 Db YourSofia[99787:320a5f] [com.apple.CFBundle:resources] Resource lookup at CFBundle 0x600003b082a0 </Users/valentinasenov/Library/Developer/CoreSimulator/Devices/4EC5F74C-5A9C-4D89-8E44-374310E684AE/data/Containers/Bundle/Application/A01C5F69-BB9C-48BF-96DA-638EDBEBF8DB/YourSofia.app> (executable, loaded)
	Request       : search-icon@2x type: png path: assets/node_modules/.pnpm/@react-navigation+elements@2.6.4_@react-navigation+native@7.1.17_react-native@0.81.5_@b_28a2c3a7af745b08fd3e3ec803bf51ba/node_modules/@react-navigation/elements/lib/module/assets
	Result        : file:///Users/valentinasenov/Library/Developer/CoreSimulator/Devices/4EC5F74C-5A9C-4D89-8E44-374310E684AE/data/Containers/Bundle/Application/A01C5F69-BB9C-48BF-96DA-638EDBEBF8DB/YourSofia.app/assets/node_modules/.pnpm/@react-navigation+elements@2.6.4_@react-navigation+native@7.1.17_react-native@0.81.5_@b_28a2c3a7af745b08fd3e3ec803bf51ba/node_modules/@react-navigation/elements/lib/module/assets/search-icon@2x.png
2026-08-17 11:28:17.699 Db YourSofia[99787:320a5f] [com.apple.CFBundle:resources] Resource lookup at CFBundle 0x600003b082a0 </Users/valentinasenov/Library/Developer/CoreSimulator/Devices/4EC5F74C-5A9C-4D89-8E44-374310E684AE/data/Containers/Bundle/Application/A01C5F69-BB9C-48BF-96DA-638EDBEBF8DB/YourSofia.app> (executable, loaded)
	Request       : search-icon@3x type: png path: assets/node_modules/.pnpm/@react-navigation+elements@2.6.4_@react-navigation+native@7.1.17_react-native@0.81.5_@b_28a2c3a7af745b08fd3e3ec803bf51ba/node_modules/@react-navigation/elements/lib/module/assets
	Result        : file:///Users/valentinasenov/Library/Developer/CoreSimulator/Devices/4EC5F74C-5A9C-4D89-8E44-374310E684AE/data/Containers/Bundle/Application/A01C5F69-BB9C-48BF-96DA-638EDBEBF8DB/YourSofia.app/assets/node_modules/.pnpm/@react-navigation+elements@2.6.4_@react-navigation+native@7.1.17_react-native@0.81.5_@b_28a2c3a7af745b08fd3e3ec803bf51ba/node_modules/@react-navigation/elements/lib/module/assets/search-icon@3x.png
2026-08-17 11:28:17.699 Db YourSofia[99787:320a5f] [com.apple.CFBundle:resources] Resource lookup at CFBundle 0x600003b082a0 </Users/valentinasenov/Library/Developer/CoreSimulator/Devices/4EC5F74C-5A9C-4D89-8E44-374310E684AE/data/Containers/Bundle/Application/A01C5F69-BB9C-48BF-96DA-638EDBEBF8DB/YourSofia.app> (executable, loaded)
	Request       : error type: png path: assets/node_modules/.pnpm/expo-router@6.0.22_df0c677153b00f82db80c956be709681/node_modules/expo-router/assets
	Result        : file:///Users/valentinasenov/Library/Developer/CoreSimulator/Devices/4EC5F74C-5A9C-4D89-8E44-374310E684AE/data/Containers/Bundle/Application/A01C5F69-BB9C-48BF-96DA-638EDBEBF8DB/YourSofia.app/assets/node_modules/.pnpm/expo-router@6.0.22_df0c677153b00f82db80c956be709681/node_modules/expo-router/assets/error.png
2026-08-17 11:28:17.699 Db YourSofia[99787:320a1c] [com.apple.defaults:User Defaults] found no value for key NSDoubleLocalizedStrings in CFPrefsSearchListSource<0x600002c0c180> (Domain: bg.sofia.yoursofia, Container: (null) Non-launch persona: 0)
2026-08-17 11:28:17.699 Db YourSofia[99787:320a1c] [com.apple.defaults:User Defaults] found no value for key NSForceRightToLeftLocalizedStrings in CFPrefsSearchListSource<0x600002c0c180> (Domain: bg.sofia.yoursofia, Container: (null) Non-launch persona: 0)
2026-08-17 11:28:17.699 Db YourSofia[99787:320a1c] [com.apple.defaults:User Defaults] found no value for key NSAccentuateLocalizedStrings in CFPrefsSearchListSource<0x600002c0c180> (Domain: bg.sofia.yoursofia, Container: (null) Non-launch persona: 0)
2026-08-17 11:28:17.699 Db YourSofia[99787:320a1c] [com.apple.defaults:User Defaults] found no value for key NSSurroundLocalizedStrings in CFPrefsSearchListSource<0x600002c0c180> (Domain: bg.sofia.yoursofia, Container: (null) Non-launch persona: 0)
2026-08-17 11:28:17.699 Db YourSofia[99787:320a1c] [com.apple.defaults:User Defaults] found no value for key NSTallLocalizedStrings in CFPrefsSearchListSource<0x600002c0c180> (Domain: bg.sofia.yoursofia, Container: (null) Non-launch persona: 0)
2026-08-17 11:28:17.699 Db YourSofia[99787:320a1c] [com.apple.CFBundle:strings] Bundle: CFBundle 0x600003b08540 </Library/Developer/CoreSimulator/Volumes/iOS_23D8133/Library/Developer/CoreSimulator/Profiles/Runtimes/iOS 26.3.simruntime/Contents/Resources/RuntimeRoot/System/Library/PrivateFrameworks/UIKitCore.framework> (not loaded), key: Duplicate, value: Duplicate, table: Localizable, localizationNames: (null), result: Duplicate
2026-08-17 11:28:17.699 Db YourSofia[99787:320a1c] [com.apple.CFBundle:strings] Bundle: CFBundle 0x600003b08540 </Library/Developer/CoreSimulator/Volumes/iOS_23D8133/Library/Developer/CoreSimulator/Profiles/Runtimes/iOS 26.3.simruntime/Contents/Resources/RuntimeRoot/System/Library/PrivateFrameworks/UIKitCore.framework> (not loaded), key: Move, value: Move, table: Localizable, localizationNames: (null), result: Move
2026-08-17 11:28:17.699 Db YourSofia[99787:320a1c] [com.apple.CFBundle:strings] Bundle: CFBundle 0x600003b08540 </Library/Developer/CoreSimulator/Volumes/iOS_23D8133/Library/Developer/CoreSimulator/Profiles/Runtimes/iOS 26.3.simruntime/Contents/Resources/RuntimeRoot/System/Library/PrivateFrameworks/UIKitCore.framework> (not loaded), key: Rename, value: Rename, table: Localizable, localizationNames: (null), result: Rename
2026-08-17 11:28:17.699 Db YourSofia[99787:320a1c] [com.apple.CFBundle:strings] Bundle: CFBundle 0x600003b08540 </Library/Developer/CoreSimulator/Volumes/iOS_23D8133/Library/Developer/CoreSimulator/Profiles/Runtimes/iOS 26.3.simruntime/Contents/Resources/RuntimeRoot/System/Library/PrivateFrameworks/UIKitCore.framework> (not loaded), key: Export, value: Export, table: Localizable, localizationNames: (null), result: Export
2026-08-17 11:28:17.699 Db YourSofia[99787:320a1c] [com.apple.CFBundle:strings] Bundle: CFBundle 0x600003b08540 </Library/Developer/CoreSimulator/Volumes/iOS_23D8133/Library/Developer/CoreSimulator/Profiles/Runtimes/iOS 26.3.simruntime/Contents/Resources/RuntimeRoot/System/Library/PrivateFrameworks/UIKitCore.framework> (not loaded), key: Dictation, value: Dictation, table: Localizable, localizationNames: (null), result: Dictation
2026-08-17 11:28:17.699 Db YourSofia[99787:320a1c] [com.apple.CFBundle:strings] Bundle: CFBundle 0x600003b08540 </Library/Developer/CoreSimulator/Volumes/iOS_23D8133/Library/Developer/CoreSimulator/Profiles/Runtimes/iOS 26.3.simruntime/Contents/Resources/RuntimeRoot/System/Library/PrivateFrameworks/UIKitCore.framework> (not loaded), key: Emoji, value: Emoji, table: Localizable, localizationNames: (null), result: Emoji
2026-08-17 11:28:17.699 Db YourSofia[99787:320a5f] [com.apple.CFBundle:resources] Resource lookup at CFBundle 0x600003b082a0 </Users/valentinasenov/Library/Developer/CoreSimulator/Devices/4EC5F74C-5A9C-4D89-8E44-374310E684AE/data/Containers/Bundle/Application/A01C5F69-BB9C-48BF-96DA-638EDBEBF8DB/YourSofia.app> (executable, loaded)
	Request       : file type: png path: assets/node_modules/.pnpm/expo-router@6.0.22_df0c677153b00f82db80c956be709681/node_modules/expo-router/assets
	Result        : file:///Users/valentinasenov/Library/Developer/CoreSimulator/Devices/4EC5F74C-5A9C-4D89-8E44-374310E684AE/data/Containers/Bundle/Application/A01C5F69-BB9C-48BF-96DA-638EDBEBF8DB/YourSofia.app/assets/node_modules/.pnpm/expo-router@6.0.22_df0c677153b00f82db80c956be709681/node_modules/expo-router/assets/file.png
2026-08-17 11:28:17.699 Db YourSofia[99787:320a1c] [com.apple.CFBundle:strings] Bundle: CFBundle 0x600003b08540 </Library/Developer/CoreSimulator/Volumes/iOS_23D8133/Library/Developer/CoreSimulator/Profiles/Runtimes/iOS 26.3.simruntime/Contents/Resources/RuntimeRoot/System/Library/PrivateFrameworks/UIKitCore.framework> (not loaded), key: KEYSHORTCUTHUDITEM_FILE_NEW_WINDOW, value: New Window, table: Localizable, localizationNames: (null), result: New Window
2026-08-17 11:28:17.699 Db YourSofia[99787:320a1c] [com.apple.CFBundle:strings] Bundle: CFBundle 0x600003b08540 </Library/Developer/CoreSimulator/Volumes/iOS_23D8133/Library/Developer/CoreSimulator/Profiles/Runtimes/iOS 26.3.simruntime/Contents/Resources/RuntimeRoot/System/Library/PrivateFrameworks/UIKitCore.framework> (not loaded), key: Copy[Menu], value: Copy, table: Localizable, localizationNames: (null), result: Copy
2026-08-17 11:28:17.699 Db YourSofia[99787:320a1c] [com.apple.CFBundle:strings] Bundle: CFBundle 0x600003b08540 </Library/Developer/CoreSimulator/Volumes/iOS_23D8133/Library/Developer/CoreSimulator/Profiles/Runtimes/iOS 26.3.simruntime/Contents/Resources/RuntimeRoot/System/Library/PrivateFrameworks/UIKitCore.framework> (not loaded), key: Cut, value: Cut, table: Localizable, localizationNames: (null), result: Cut
2026-08-17 11:28:17.699 Db YourSofia[99787:320a1c] [com.apple.CFBundle:strings] Bundle: CFBundle 0x600003b08540 </Library/Developer/CoreSimulator/Volumes/iOS_23D8133/Library/Developer/CoreSimulator/Profiles/Runtimes/iOS 26.3.simruntime/Contents/Resources/RuntimeRoot/System/Library/PrivateFrameworks/UIKitCore.framework> (not loaded), key: Smaller, value: Smaller, table: Localizable, localizationNames: (null), result: Smaller
2026-08-17 11:28:17.699 Db YourSofia[99787:320a1c] [com.apple.CFBundle:strings] Bundle: CFBundle 0x600003b08540 </Library/Developer/CoreSimulator/Volumes/iOS_23D8133/Library/Developer/CoreSimulator/Profiles/Runtimes/iOS 26.3.simruntime/Contents/Resources/RuntimeRoot/System/Library/PrivateFrameworks/UIKitCore.framework> (not loaded), key: Delete[Menu], value: Delete, table: Localizable, localizationNames: (null), result: Delete
2026-08-17 11:28:17.699 Db YourSofia[99787:320a1c] [com.apple.CFBundle:strings] Bundle: CFBundle 0x600003b08540 </Library/Developer/CoreSimulator/Volumes/iOS_23D8133/Library/Developer/CoreSimulator/Profiles/Runtimes/iOS 26.3.simruntime/Contents/Resources/RuntimeRoot/System/Library/PrivateFrameworks/UIKitCore.framework> (not loaded), key: Bigger, value: Bigger, table: Localizable, localizationNames: (null), result: Bigger
2026-08-17 11:28:17.699 Db YourSofia[99787:320a1c] [com.apple.CFBundle:strings] Bundle: CFBundle 0x600003b08540 </Library/Developer/CoreSimulator/Volumes/iOS_23D8133/Library/Developer/CoreSimulator/Profiles/Runtimes/iOS 26.3.simruntime/Contents/Resources/RuntimeRoot/System/Library/PrivateFrameworks/UIKitCore.framework> (not loaded), key: Default, value: Default, table: Localizable, localizationNames: (null), result: Default
2026-08-17 11:28:17.699 Db YourSofia[99787:320a1c] [com.apple.CFBundle:strings] Bundle: CFBundle 0x600003b08540 </Library/Developer/CoreSimulator/Volumes/iOS_23D8133/Library/Developer/CoreSimulator/Profiles/Runtimes/iOS 26.3.simruntime/Contents/Resources/RuntimeRoot/System/Library/PrivateFrameworks/UIKitCore.framework> (not loaded), key: Left to Right, value: Left to Right, table: Localizable, localizationNames: (null), result: Left to Right
2026-08-17 11:28:17.699 Db YourSofia[99787:320a1c] [com.apple.CFBundle:strings] Bundle: CFBundle 0x600003b08540 </Library/Developer/CoreSimulator/Volumes/iOS_23D8133/Library/Developer/CoreSimulator/Profiles/Runtimes/iOS 26.3.simruntime/Contents/Resources/RuntimeRoot/System/Library/PrivateFrameworks/UIKitCore.framework> (not loaded), key: Right to Left, value: Right to Left, table: Localizable, localizationNames: (null), result: Right to Left
2026-08-17 11:28:17.699 Db YourSofia[99787:320a1c] [com.apple.CFBundle:strings] Bundle: CFBundle 0x600003b08540 </Library/Developer/CoreSimulator/Volumes/iOS_23D8133/Library/Developer/CoreSimulator/Profiles/Runtimes/iOS 26.3.simruntime/Contents/Resources/RuntimeRoot/System/Library/PrivateFrameworks/UIKitCore.framework> (not loaded), key: Paste, value: Paste, table: Localizable, localizationNames: (null), result: Paste
2026-08-17 11:28:17.699 Db YourSofia[99787:320a1c] [com.apple.CFBundle:strings] Bundle: CFBundle 0x600003b08540 </Library/Developer/CoreSimulator/Volumes/iOS_23D8133/Library/Developer/CoreSimulator/Profiles/Runtimes/iOS 26.3.simruntime/Contents/Resources/RuntimeRoot/System/Library/PrivateFrameworks/UIKitCore.framework> (not loaded), key: Paste and Match Style, value: Paste and Match Style, table: Localizable, localizationNames: (null), result: Paste and Match Style
2026-08-17 11:28:17.699 Db YourSofia[99787:320a1c] [com.apple.CFBundle:strings] Bundle: CFBundle 0x600003b08540 </Library/Developer/CoreSimulator/Volumes/iOS_23D8133/Library/Developer/CoreSimulator/Profiles/Runtimes/iOS 26.3.simruntime/Contents/Resources/RuntimeRoot/System/Library/PrivateFrameworks/UIKitCore.framework> (not loaded), key: Redo, value: Redo, table: Localizable, localizationNames: (null), result: Redo
2026-08-17 11:28:17.699 Db YourSofia[99787:320a1c] [com.apple.CFBundle:strings] Bundle: CFBundle 0x600003b08540 </Library/Developer/CoreSimulator/Volumes/iOS_23D8133/Library/Developer/CoreSimulator/Profiles/Runtimes/iOS 26.3.simruntime/Contents/Resources/RuntimeRoot/System/Library/PrivateFrameworks/UIKitCore.framework> (not loaded), key: Select, value: Select, table: Localizable, localizationNames: (null), result: Select
2026-08-17 11:28:17.699 Db YourSofia[99787:320a5f] [com.apple.CFBundle:resources] Resource lookup at CFBundle 0x600003b082a0 </Users/valentinasenov/Library/Developer/CoreSimulator/Devices/4EC5F74C-5A9C-4D89-8E44-374310E684AE/data/Containers/Bundle/Application/A01C5F69-BB9C-48BF-96DA-638EDBEBF8DB/YourSofia.app> (executable, loaded)
	Request       : pkg type: png path: assets/node_modules/.pnpm/expo-router@6.0.22_df0c677153b00f82db80c956be709681/node_modules/expo-router/assets
	Result        : file:///Users/valentinasenov/Library/Developer/CoreSimulator/Devices/4EC5F74C-5A9C-4D89-8E44-374310E684AE/data/Containers/Bundle/Application/A01C5F69-BB9C-48BF-96DA-638EDBEBF8DB/YourSofia.app/assets/node_modules/.pnpm/expo-router@6.0.22_df0c677153b00f82db80c956be709681/node_modules/expo-router/assets/pkg.png
2026-08-17 11:28:17.699 Db YourSofia[99787:320a1c] [com.apple.CFBundle:strings] Bundle: CFBundle 0x600003b08540 </Library/Developer/CoreSimulator/Volumes/iOS_23D8133/Library/Developer/CoreSimulator/Profiles/Runtimes/iOS 26.3.simruntime/Contents/Resources/RuntimeRoot/System/Library/PrivateFrameworks/UIKitCore.framework> (not loaded), key: Select All, value: Select All, table: Localizable, localizationNames: (null), result: Select All
2026-08-17 11:28:17.699 Db YourSofia[99787:320a1c] [com.apple.CFBundle:strings] Bundle: CFBundle 0x600003b08540 </Library/Developer/CoreSimulator/Volumes/iOS_23D8133/Library/Developer/CoreSimulator/Profiles/Runtimes/iOS 26.3.simruntime/Contents/Resources/RuntimeRoot/System/Library/PrivateFrameworks/UIKitCore.framework> (not loaded), key: TEXT_FORMATTING_MORE, value: More…, table: Localizable, localizationNames: (null), result: More…
2026-08-17 11:28:17.699 Db YourSofia[99787:320a1c] [com.apple.CFBundle:strings] Bundle: CFBundle 0x600003b08540 </Library/Developer/CoreSimulator/Volumes/iOS_23D8133/Library/Developer/CoreSimulator/Profiles/Runtimes/iOS 26.3.simruntime/Contents/Resources/RuntimeRoot/System/Library/PrivateFrameworks/UIKitCore.framework> (not loaded), key: Bold, value: Bold, table: Localizable, localizationNames: (null), result: Bold
2026-08-17 11:28:17.699 Db YourSofia[99787:320a1c] [com.apple.CFBundle:strings] Bundle: CFBundle 0x600003b08540 </Library/Developer/CoreSimulator/Volumes/iOS_23D8133/Library/Developer/CoreSimulator/Profiles/Runtimes/iOS 26.3.simruntime/Contents/Resources/RuntimeRoot/System/Library/PrivateFrameworks/UIKitCore.framework> (not loaded), key: Italic, value: Italic, table: Localizable, localizationNames: (null), result: Italic
2026-08-17 11:28:17.700 Db YourSofia[99787:320a1c] [com.apple.CFBundle:strings] Bundle: CFBundle 0x600003b08540 </Library/Developer/CoreSimulator/Volumes/iOS_23D8133/Library/Developer/CoreSimulator/Profiles/Runtimes/iOS 26.3.simruntime/Contents/Resources/RuntimeRoot/System/Library/PrivateFrameworks/UIKitCore.framework> (not loaded), key: Underline, value: Underline, table: Localizable, localizationNames: (null), result: Underline
2026-08-17 11:28:17.700 Db YourSofia[99787:320a1c] [com.apple.CFBundle:strings] Bundle: CFBundle 0x600003b08540 </Library/Developer/CoreSimulator/Volumes/iOS_23D8133/Library/Developer/CoreSimulator/Profiles/Runtimes/iOS 26.3.simruntime/Contents/Resources/RuntimeRoot/System/Library/PrivateFrameworks/UIKitCore.framework> (not loaded), key: Undo, value: Undo, table: Localizable, localizationNames: (null), result: Undo
2026-08-17 11:28:17.700 Db YourSofia[99787:320a1c] [com.apple.CFBundle:strings] Bundle: CFBundle 0x600003b08540 </Library/Developer/CoreSimulator/Volumes/iOS_23D8133/Library/Developer/CoreSimulator/Profiles/Runtimes/iOS 26.3.simruntime/Contents/Resources/RuntimeRoot/System/Library/PrivateFrameworks/UIKitCore.framework> (not loaded), key: Pause, value: Pause, table: Localizable, localizationNames: (null), result: Pause
2026-08-17 11:28:17.700 Db YourSofia[99787:320a1c] [com.apple.CFBundle:strings] Bundle: CFBundle 0x600003b08540 </Library/Developer/CoreSimulator/Volumes/iOS_23D8133/Library/Developer/CoreSimulator/Profiles/Runtimes/iOS 26.3.simruntime/Contents/Resources/RuntimeRoot/System/Library/PrivateFrameworks/UIKitCore.framework> (not loaded), key: Speak, value: Speak, table: Localizable, localizationNames: (null), result: Speak
2026-08-17 11:28:17.700 Db YourSofia[99787:320a1c] [com.apple.CFBundle:strings] Bundle: CFBundle 0x600003b08540 </Library/Developer/CoreSimulator/Volumes/iOS_23D8133/Library/Developer/CoreSimulator/Profiles/Runtimes/iOS 26.3.simruntime/Contents/Resources/RuntimeRoot/System/Library/PrivateFrameworks/UIKitCore.framework> (not loaded), key: Speak…, value: Speak…, table: Localizable, localizationNames: (null), result: Speak…
2026-08-17 11:28:17.700 Db YourSofia[99787:320a1c] [com.apple.CFBundle:strings] Bundle: CFBundle 0x600003b08540 </Library/Developer/CoreSimulator/Volumes/iOS_23D8133/Library/Developer/CoreSimulator/Profiles/Runtimes/iOS 26.3.simruntime/Contents/Resources/RuntimeRoot/System/Library/PrivateFrameworks/UIKitCore.framework> (not loaded), key: Learn…, value: Learn…, table: Localizable, localizationNames: (null), result: Learn…
2026-08-17 11:28:17.700 Db YourSofia[99787:320a1c] [com.apple.CFBundle:strings] Bundle: CFBundle 0x600003b08540 </Library/Developer/CoreSimulator/Volumes/iOS_23D8133/Library/Developer/CoreSimulator/Profiles/Runtimes/iOS 26.3.simruntime/Contents/Resources/RuntimeRoot/System/Library/PrivateFrameworks/UIKitCore.framework> (not loaded), key: Look Up, value: Look Up, table: Localizable, localizationNames: (null), result: Look Up
2026-08-17 11:28:17.700 Db YourSofia[99787:320a1c] [com.apple.CFBundle:strings] Bundle: CFBundle 0x600003b08540 </Library/Developer/CoreSimulator/Volumes/iOS_23D8133/Library/Developer/CoreSimulator/Profiles/Runtimes/iOS 26.3.simruntime/Contents/Resources/RuntimeRoot/System/Library/PrivateFrameworks/UIKitCore.framework> (not loaded), key: Insert Drawing, value: Insert Drawing, table: Localizable, localizationNames: (null), result: Insert Drawing
2026-08-17 11:28:17.700 Db YourSofia[99787:320a1c] [com.apple.CFBundle:strings] Bundle: CFBundle 0x600003b08540 </Library/Developer/CoreSimulator/Volumes/iOS_23D8133/Library/Developer/CoreSimulator/Profiles/Runtimes/iOS 26.3.simruntime/Contents/Resources/RuntimeRoot/System/Library/PrivateFrameworks/UIKitCore.framework> (not loaded), key: Look Up, value: Look Up, table: Localizable, localizationNames: (null), result: Look Up
2026-08-17 11:28:17.700 Db YourSofia[99787:320a1c] [com.apple.CFBundle:strings] Bundle: CFBundle 0x600003b08540 </Library/Developer/CoreSimulator/Volumes/iOS_23D8133/Library/Developer/CoreSimulator/Profiles/Runtimes/iOS 26.3.simruntime/Contents/Resources/RuntimeRoot/System/Library/PrivateFrameworks/UIKitCore.framework> (not loaded), key: Replace…, value: Replace…, table: Localizable, localizationNames: (null), result: Replace…
2026-08-17 11:28:17.700 Db YourSofia[99787:320a1c] [com.apple.CFBundle:strings] Bundle: CFBundle 0x600003b08540 </Library/Developer/CoreSimulator/Volumes/iOS_23D8133/Library/Developer/CoreSimulator/Profiles/Runtimes/iOS 26.3.simruntime/Contents/Resources/RuntimeRoot/System/Library/PrivateFrameworks/UIKitCore.framework> (not loaded), key: Share…, value: Share…, table: Localizable, localizationNames: (null), result: Share…
2026-08-17 11:28:17.700 Db YourSofia[99787:320a1c] [com.apple.CFBundle:strings] Bundle: CFBundle 0x600003b08540 </Library/Developer/CoreSimulator/Volumes/iOS_23D8133/Library/Developer/CoreSimulator/Profiles/Runtimes/iOS 26.3.simruntime/Contents/Resources/RuntimeRoot/System/Library/PrivateFrameworks/UIKitCore.framework> (not loaded), key: Find, value: Find, table: Localizable, localizationNames: (null), result: Find
2026-08-17 11:28:17.700 Db YourSofia[99787:320a1c] [com.apple.CFBundle:strings] Bundle: CFBundle 0x600003b08540 </Library/Developer/CoreSimulator/Volumes/iOS_23D8133/Library/Developer/CoreSimulator/Profiles/Runtimes/iOS 26.3.simruntime/Contents/Resources/RuntimeRoot/System/Library/PrivateFrameworks/UIKitCore.framework> (not loaded), key: Find & Replace, value: Find & Replace, table: Localizable, localizationNames: (null), result: Find & Replace
2026-08-17 11:28:17.700 Db YourSofia[99787:320a5f] [com.apple.CFBundle:resources] Resource lookup at CFBundle 0x600003b082a0 </Users/valentinasenov/Library/Developer/CoreSimulator/Devices/4EC5F74C-5A9C-4D89-8E44-374310E684AE/data/Containers/Bundle/Application/A01C5F69-BB9C-48BF-96DA-638EDBEBF8DB/YourSofia.app> (executable, loaded)
	Request       : forward type: png path: assets/node_modules/.pnpm/expo-router@6.0.22_df0c677153b00f82db80c956be709681/node_modules/expo-router/assets
	Result        : file:///Users/valentinasenov/Library/Developer/CoreSimulator/Devices/4EC5F74C-5A9C-4D89-8E44-374310E684AE/data/Containers/Bundle/Application/A01C5F69-BB9C-48BF-96DA-638EDBEBF8DB/YourSofia.app/assets/node_modules/.pnpm/expo-router@6.0.22_df0c677153b00f82db80c956be709681/node_modules/expo-router/assets/forward.png
2026-08-17 11:28:17.700 Db YourSofia[99787:320a1c] [com.apple.CFBundle:strings] Bundle: CFBundle 0x600003b08540 </Library/Developer/CoreSimulator/Volumes/iOS_23D8133/Library/Developer/CoreSimulator/Profiles/Runtimes/iOS 26.3.simruntime/Contents/Resources/RuntimeRoot/System/Library/PrivateFrameworks/UIKitCore.framework> (not loaded), key: Find Next, value: Find Next, table: Localizable, localizationNames: (null), result: Find Next
2026-08-17 11:28:17.700 Db YourSofia[99787:320a1c] [com.apple.CFBundle:strings] Bundle: CFBundle 0x600003b08540 </Library/Developer/CoreSimulator/Volumes/iOS_23D8133/Library/Developer/CoreSimulator/Profiles/Runtimes/iOS 26.3.simruntime/Contents/Resources/RuntimeRoot/System/Library/PrivateFrameworks/UIKitCore.framework> (not loaded), key: Find Previous, value: Find Previous, table: Localizable, localizationNames: (null), result: Find Previous
2026-08-17 11:28:17.700 Db YourSofia[99787:320a1c] [com.apple.CFBundle:strings] Bundle: CFBundle 0x600003b08540 </Library/Developer/CoreSimulator/Volumes/iOS_23D8133/Library/Developer/CoreSimulator/Profiles/Runtimes/iOS 26.3.simruntime/Contents/Resources/RuntimeRoot/System/Library/PrivateFrameworks/UIKitCore.framework> (not loaded), key: Use Selection for Find, value: Use Selection for Find, table: Localizable, localizationNames: (null), result: Use Selection for Find
2026-08-17 11:28:17.700 Db YourSofia[99787:320a1c] [com.apple.CFBundle:strings] Bundle: CFBundle 0x600003b08540 </Library/Developer/CoreSimulator/Volumes/iOS_23D8133/Library/Developer/CoreSimulator/Profiles/Runtimes/iOS 26.3.simruntime/Contents/Resources/RuntimeRoot/System/Library/PrivateFrameworks/UIKitCore.framework> (not loaded), key: Find Selection, value: Find Selection, table: Localizable, localizationNames: (null), result: Find Selection
2026-08-17 11:28:17.700 Db YourSofia[99787:320a1c] [com.apple.CFBundle:strings] Bundle: CFBundle 0x600003b08540 </Library/Developer/CoreSimulator/Volumes/iOS_23D8133/Library/Developer/CoreSimulator/Profiles/Runtimes/iOS 26.3.simruntime/Contents/Resources/RuntimeRoot/System/Library/PrivateFrameworks/UIKitCore.framework> (not loaded), key: Open..., value: Open..., table: Localizable, localizationNames: (null), result: Open...
2026-08-17 11:28:17.700 Db YourSofia[99787:320a1c] [com.apple.CFBundle:strings] Bundle: CFBundle 0x600003b08540 </Library/Developer/CoreSimulator/Volumes/iOS_23D8133/Library/Developer/CoreSimulator/Profiles/Runtimes/iOS 26.3.simruntime/Contents/Resources/RuntimeRoot/System/Library/PrivateFrameworks/UIKitCore.framework> (not loaded), key: Open in New Window, value: Open in New Window, table: Localizable, localizationNames: (null), result: Open in New Window
2026-08-17 11:28:17.700 Db YourSofia[99787:320a1c] [com.apple.CFBundle:strings] Bundle: CFBundle 0x600003b08540 </Library/Developer/CoreSimulator/Volumes/iOS_23D8133/Library/Developer/CoreSimulator/Profiles/Runtimes/iOS 26.3.simruntime/Contents/Resources/RuntimeRoot/System/Library/PrivateFrameworks/UIKitCore.framework> (not loaded), key: KEYSHORTCUTHUDITEM_FORMAT_TEXTALIGN_LEFT, value: Align Left, table: Localizable, localizationNames: (null), result: Align Left
2026-08-17 11:28:17.700 Db YourSofia[99787:320a1c] [com.apple.CFBundle:strings] Bundle: CFBundle 0x600003b08540 </Library/Developer/CoreSimulator/Volumes/iOS_23D8133/Library/Developer/CoreSimulator/Profiles/Runtimes/iOS 26.3.simruntime/Contents/Resources/RuntimeRoot/System/Library/PrivateFrameworks/UIKitCore.framework> (not loaded), key: KEYSHORTCUTHUDITEM_FORMAT_TEXTALIGN_CENTER, value: Center, table: Localizable, localizationNames: (null), result: Center
2026-08-17 11:28:17.700 Db YourSofia[99787:320a1c] [com.apple.CFBundle:strings] Bundle: CFBundle 0x600003b08540 </Library/Developer/CoreSimulator/Volumes/iOS_23D8133/Library/Developer/CoreSimulator/Profiles/Runtimes/iOS 26.3.simruntime/Contents/Resources/RuntimeRoot/System/Library/PrivateFrameworks/UIKitCore.framework> (not loaded), key: KEYSHORTCUTHUDITEM_FORMAT_TEXTALIGN_JUSTIFY, value: Justify, table: Localizable, localizationNames: (null), result: Justify
2026-08-17 11:28:17.700 Db YourSofia[99787:320a1c] [com.apple.CFBundle:strings] Bundle: CFBundle 0x600003b08540 </Library/Developer/CoreSimulator/Volumes/iOS_23D8133/Library/Developer/CoreSimulator/Profiles/Runtimes/iOS 26.3.simruntime/Contents/Resources/RuntimeRoot/System/Library/PrivateFrameworks/UIKitCore.framework> (not loaded), key: KEYSHORTCUTHUDITEM_FORMAT_TEXTALIGN_RIGHT, value: Align Right, table: Localizable, localizationNames: (null), result: Align Right
2026-08-17 11:28:17.700 Db YourSofia[99787:320a1c] [com.apple.CFBundle:strings] Bundle: CFBundle 0x600003b08540 </Library/Developer/CoreSimulator/Volumes/iOS_23D8133/Library/Developer/CoreSimulator/Profiles/Runtimes/iOS 26.3.simruntime/Contents/Resources/RuntimeRoot/System/Library/PrivateFrameworks/UIKitCore.framework> (not loaded), key: KEYSHORTCUTHUDITEM_VIEW_CUSTOMIZE_TOOLBAR, value: Customize Toolbar…, table: Localizable, localizationNames: (null), result: Customize Toolbar…
2026-08-17 11:28:17.700 Db YourSofia[99787:320a1c] [com.apple.CFBundle:strings] Bundle: CFBundle 0x600003b08540 </Library/Developer/CoreSimulator/Volumes/iOS_23D8133/Library/Developer/CoreSimulator/Profiles/Runtimes/iOS 26.3.simruntime/Contents/Resources/RuntimeRoot/System/Library/PrivateFrameworks/UIKitCore.framework> (not loaded), key: Show Sidebar, value: Show Sidebar, table: Localizable, localizationNames: (null), result: Show Sidebar
2026-08-17 11:28:17.700 Db YourSofia[99787:320a1c] [com.apple.CFBundle:strings] Bundle: CFBundle 0x600003b08540 </Library/Developer/CoreSimulator/Volumes/iOS_23D8133/Library/Developer/CoreSimulator/Profiles/Runtimes/iOS 26.3.simruntime/Contents/Resources/RuntimeRoot/System/Library/PrivateFrameworks/UIKitCore.framework> (not loaded), key: Show Inspector, value: Show Inspector, table: Localizable, localizationNames: (null), result: Show Inspector
2026-08-17 11:28:17.700 Db YourSofia[99787:320a1c] [com.apple.CFBundle:strings] Bundle: CFBundle 0x600003b08540 </Library/Developer/CoreSimulator/Volumes/iOS_23D8133/Library/Developer/CoreSimulator/Profiles/Runtimes/iOS 26.3.simruntime/Contents/Resources/RuntimeRoot/System/Library/PrivateFrameworks/UIKitCore.framework> (not loaded), key: Show Keyboard, value: Show Keyboard, table: Localizable, localizationNames: (null), result: Show Keyboard
2026-08-17 11:28:17.700 Db YourSofia[99787:320a1c] [com.apple.CFBundle:strings] Bundle: CFBundle 0x600003b08540 </Library/Developer/CoreSimulator/Volumes/iOS_23D8133/Library/Developer/CoreSimulator/Profiles/Runtimes/iOS 26.3.simruntime/Contents/Resources/RuntimeRoot/System/Library/PrivateFrameworks/UIKitCore.framework> (not loaded), key: KEYSHORTCUTHUDITEM_FILE_CLOSE, value: Close, table: Localizable, localizationNames: (null), result: Close
2026-08-17 11:28:17.700 Db YourSofia[99787:320a1c] [com.apple.CFBundle:strings] Bundle: CFBundle 0x600003b08540 </Library/Developer/CoreSimulator/Volumes/iOS_23D8133/Library/Developer/CoreSimulator/Profiles/Runtimes/iOS 26.3.simruntime/Contents/Resources/RuntimeRoot/System/Library/PrivateFrameworks/UIKitCore.framework> (not loaded), key: KEYSHORTCUTHUDITEM_FILE_CLOSE_ALL, value: Close All, table: Localizable, localizationNames: (null), result: Close All
2026-08-17 11:28:17.700 Db YourSofia[99787:320a1c] [com.apple.CFBundle:strings] Bundle: CFBundle 0x600003b08540 </Library/Developer/CoreSimulator/Volumes/iOS_23D8133/Library/Developer/CoreSimulator/Profiles/Runtimes/iOS 26.3.simruntime/Contents/Resources/RuntimeRoot/System/Library/PrivateFrameworks/UIKitCore.framework> (not loaded), key: Print, value: Print, table: Localizable, localizationNames: (null), result: Print
2026-08-17 11:28:17.700 Db YourSofia[99787:320a1c] [com.apple.CFBundle:strings] Bundle: CFBundle 0x600003b08540 </Library/Developer/CoreSimulator/Volumes/iOS_23D8133/Library/Developer/CoreSimulator/Profiles/Runtimes/iOS 26.3.simruntime/Contents/Resources/RuntimeRoot/System/Library/PrivateFrameworks/UIKitCore.framework> (not loaded), key: Scan Text, value: Scan Text, table: Localizable, localizationNames: (null), result: Scan Text
2026-08-17 11:28:17.700 Db YourSofia[99787:320a1c] [com.apple.CFBundle:strings] Bundle: CFBundle 0x600003b08540 </Library/Developer/CoreSimulator/Volumes/iOS_23D8133/Library/Developer/CoreSimulator/Profiles/Runtimes/iOS 26.3.simruntime/Contents/Resources/RuntimeRoot/System/Library/PrivateFrameworks/UIKitCore.framework> (not loaded), key: Translate, value: Translate, table: Localizable, localizationNames: (null), result: Translate
2026-08-17 11:28:17.700 Db YourSofia[99787:320a1c] [com.apple.CFBundle:strings] Bundle: CFBundle 0x600003b08540 </Library/Developer/CoreSimulator/Volumes/iOS_23D8133/Library/Developer/CoreSimulator/Profiles/Runtimes/iOS 26.3.simruntime/Contents/Resources/RuntimeRoot/System/Library/PrivateFrameworks/UIKitCore.framework> (not loaded), key: Writing Tools, value: Writing Tools, table: Localizable, localizationNames: (null), result: Writing Tools
2026-08-17 11:28:17.700 Db YourSofia[99787:320a1c] [com.apple.CFBundle:strings] Bundle: CFBundle 0x600003b08540 </Library/Developer/CoreSimulator/Volumes/iOS_23D8133/Library/Developer/CoreSimulator/Profiles/Runtimes/iOS 26.3.simruntime/Contents/Resources/RuntimeRoot/System/Library/PrivateFrameworks/UIKitCore.framework> (not loaded), key: KEYSHORTCUTHUDITEM_APP_SERVICES, value: Services, table: Localizable, localizationNames: (null), result: Services
2026-08-17 11:28:17.700 Db YourSofia[99787:320a1c] [com.apple.CFBundle:strings] Bundle: CFBundle 0x600003b08540 </Library/Developer/CoreSimulator/Volumes/iOS_23D8133/Library/Developer/CoreSimulator/Profiles/Runtimes/iOS 26.3.simruntime/Contents/Resources/RuntimeRoot/System/Library/PrivateFrameworks/UIKitCore.framework> (not loaded), key: KEYSHORTCUTHUD_FILE, value: File, table: Localizable, localizationNames: (null), result: File
2026-08-17 11:28:17.700 Db YourSofia[99787:320a1c] [com.apple.CFBundle:strings] Bundle: CFBundle 0x600003b08540 </Library/Developer/CoreSimulator/Volumes/iOS_23D8133/Library/Developer/CoreSimulator/Profiles/Runtimes/iOS 26.3.simruntime/Contents/Resources/RuntimeRoot/System/Library/PrivateFrameworks/UIKitCore.framework> (not loaded), key: KEYSHORTCUTHUDITEM_FILE_OPEN_RECENT, value: Open Recent, table: Localizable, localizationNames: (null), result: Open Recent
2026-08-17 11:28:17.700 Db YourSofia[99787:320a1c] [com.apple.CFBundle:strings] Bundle: CFBundle 0x600003b08540 </Library/Developer/CoreSimulator/Volumes/iOS_23D8133/Library/Developer/CoreSimulator/Profiles/Runtimes/iOS 26.3.simruntime/Contents/Resources/RuntimeRoot/System/Library/PrivateFrameworks/UIKitCore.framework> (not loaded), key: KEYSHORTCUTHUD_EDIT, value: Edit, table: Localizable, localizationNames: (null), result: Edit
2026-08-17 11:28:17.700 Db YourSofia[99787:320a1c] [com.apple.CFBundle:strings] Bundle: CFBundle 0x600003b08540 </Library/Developer/CoreSimulator/Volumes/iOS_23D8133/Library/Developer/CoreSimulator/Profiles/Runtimes/iOS 26.3.simruntime/Contents/Resources/RuntimeRoot/System/Library/PrivateFrameworks/UIKitCore.framework> (not loaded), key: KEYSHORTCUTHUDITEM_EDIT_FIND_MENU, value: Find, table: Localizable, localizationNames: (null), result: Find
2026-08-17 11:28:17.700 Db YourSofia[99787:320a1c] [com.apple.CFBundle:strings] Bundle: CFBundle 0x600003b08540 </Library/Developer/CoreSimulator/Volumes/iOS_23D8133/Library/Developer/CoreSimulator/Profiles/Runtimes/iOS 26.3.simruntime/Contents/Resources/RuntimeRoot/System/Library/PrivateFrameworks/UIKitCore.framework> (not loaded), key: KEYSHORTCUTHUDITEM_EDIT_SPELLING_AND_GRAMMAR, value: Spelling and Grammar, table: Localizable, localizationNames: (null), result: Spelling and Grammar
2026-08-17 11:28:17.700 Db YourSofia[99787:320a1c] [com.apple.CFBundle:strings] Bundle: CFBundle 0x600003b08540 </Library/Developer/CoreSimulator/Volumes/iOS_23D8133/Library/Developer/CoreSimulator/Profiles/Runtimes/iOS 26.3.simruntime/Contents/Resources/RuntimeRoot/System/Library/PrivateFrameworks/UIKitCore.framework> (not loaded), key: KEYSHORTCUTHUDITEM_EDIT_SUBSTITUTIONS, value: Substitutions, table: Localizable, localizationNames: (null), result: Substitutions
2026-08-17 11:28:17.700 Db YourSofia[99787:320a1c] [com.apple.CFBundle:strings] Bundle: CFBundle 0x600003b08540 </Library/Developer/CoreSimulator/Volumes/iOS_23D8133/Library/Developer/CoreSimulator/Profiles/Runtimes/iOS 26.3.simruntime/Contents/Resources/RuntimeRoot/System/Library/PrivateFrameworks/UIKitCore.framework> (not loaded), key: KEYSHORTCUTHUDITEM_EDIT_TRANSFORMATIONS, value: Transformations, table: Localizable, localizationNames: (null), result: Transformations
2026-08-17 11:28:17.700 Db YourSofia[99787:320a1c] [com.apple.CFBundle:strings] Bundle: CFBundle 0x600003b08540 </Library/Developer/CoreSimulator/Volumes/iOS_23D8133/Library/Developer/CoreSimulator/Profiles/Runtimes/iOS 26.3.simruntime/Contents/Resources/RuntimeRoot/System/Library/PrivateFrameworks/UIKitCore.framework> (not loaded), key: KEYSHORTCUTHUDITEM_EDIT_SPEECH, value: Speech, table: Localizable, localizationNames: (null), result: Speech
2026-08-17 11:28:17.700 Db YourSofia[99787:320a1c] [com.apple.CFBundle:strings] Bundle: CFBundle 0x600003b08540 </Library/Developer/CoreSimulator/Volumes/iOS_23D8133/Library/Developer/CoreSimulator/Profiles/Runtimes/iOS 26.3.simruntime/Contents/Resources/RuntimeRoot/System/Library/PrivateFrameworks/UIKitCore.framework> (not loaded), key: KEYSHORTCUTHUD_FORMAT, value: Format, table: Localizable, localizationNames: (null), result: Format
2026-08-17 11:28:17.700 Db YourSofia[99787:320a1c] [com.apple.CFBundle:strings] Bundle: CFBundle 0x600003b08540 </Library/Developer/CoreSimulator/Volumes/iOS_23D8133/Library/Developer/CoreSimulator/Profiles/Runtimes/iOS 26.3.simruntime/Contents/Resources/RuntimeRoot/System/Library/PrivateFrameworks/UIKitCore.framework> (not loaded), key: KEYSHORTCUTHUDITEM_FORMAT_FONT, value: Font, table: Localizable, localizationNames: (null), result: Font
2026-08-17 11:28:17.700 Db YourSofia[99787:320a1c] [com.apple.CFBundle:strings] Bundle: CFBundle 0x600003b08540 </Library/Developer/CoreSimulator/Volumes/iOS_23D8133/Library/Developer/CoreSimulator/Profiles/Runtimes/iOS 26.3.simruntime/Contents/Resources/RuntimeRoot/System/Library/PrivateFrameworks/UIKitCore.framework> (not loaded), key: KEYSHORTCUTHUDITEM_FORMAT_TEXT, value: Text, table: Localizable, localizationNames: (null), result: Text
2026-08-17 11:28:17.700 Db YourSofia[99787:320a1c] [com.apple.CFBundle:strings] Bundle: CFBundle 0x600003b08540 </Library/Developer/CoreSimulator/Volumes/iOS_23D8133/Library/Developer/CoreSimulator/Profiles/Runtimes/iOS 26.3.simruntime/Contents/Resources/RuntimeRoot/System/Library/PrivateFrameworks/UIKitCore.framework> (not loaded), key: KEYSHORTCUTHUDITEM_FORMAT_TEXT_WRITING_DIRECTION, value: Writing Direction, table: Localizable, localizationNames: (null), result: Writing Direction
2026-08-17 11:28:17.700 Db YourSofia[99787:320a1c] [com.apple.CFBundle:strings] Bundle: CFBundle 0x600003b08540 </Library/Developer/CoreSimulator/Volumes/iOS_23D8133/Library/Developer/CoreSimulator/Profiles/Runtimes/iOS 26.3.simruntime/Contents/Resources/RuntimeRoot/System/Library/PrivateFrameworks/UIKitCore.framework> (not loaded), key: KEYSHORTCUTHUD_VIEW, value: View, table: Localizable, localizationNames: (null), result: View
2026-08-17 11:28:17.700 Db YourSofia[99787:320a1c] [com.apple.CFBundle:strings] Bundle: CFBundle 0x600003b08540 </Library/Developer/CoreSimulator/Volumes/iOS_23D8133/Library/Developer/CoreSimulator/Profiles/Runtimes/iOS 26.3.simruntime/Contents/Resources/RuntimeRoot/System/Library/PrivateFrameworks/UIKitCore.framework> (not loaded), key: KEYSHORTCUTHUD_WINDOW, value: Window, table: Localizable, localizationNames: (null), result: Window
2026-08-17 11:28:17.700 Db YourSofia[99787:320a1c] [com.apple.CFBundle:strings] Bundle: CFBundle 0x600003b08540 </Library/Developer/CoreSimulator/Volumes/iOS_23D8133/Library/Developer/CoreSimulator/Profiles/Runtimes/iOS 26.3.simruntime/Contents/Resources/RuntimeRoot/System/Library/PrivateFrameworks/UIKitCore.framework> (not loaded), key: KEYSHORTCUTHUD_HELP, value: Help, table: Localizable, localizationNames: (null), result: Help
2026-08-17 11:28:17.700 Db YourSofia[99787:320a1c] [com.apple.CFBundle:strings] Bundle: CFBundle 0x600003b08540 </Library/Developer/CoreSimulator/Volumes/iOS_23D8133/Library/Developer/CoreSimulator/Profiles/Runtimes/iOS 26.3.simruntime/Contents/Resources/RuntimeRoot/System/Library/PrivateFrameworks/UIKitCore.framework> (not loaded), key: KEYSHORTCUTHUDITEM_FORMAT_TEXT_STYLE, value: Text Style, table: Localizable, localizationNames: (null), result: Text Style
2026-08-17 11:28:17.700 Db YourSofia[99787:320a1c] [com.apple.CFBundle:strings] Bundle: CFBundle 0x600003b08540 </Library/Developer/CoreSimulator/Volumes/iOS_23D8133/Library/Developer/CoreSimulator/Profiles/Runtimes/iOS 26.3.simruntime/Contents/Resources/RuntimeRoot/System/Library/PrivateFrameworks/UIKitCore.framework> (not loaded), key: KEYSHORTCUTHUD_AUTOFILL, value: AutoFill, table: Localizable, localizationNames: (null), result: AutoFill
2026-08-17 11:28:17.700 Db YourSofia[99787:320a5f] [com.apple.CFBundle:resources] Resource lookup at CFBundle 0x600003b082a0 </Users/valentinasenov/Library/Developer/CoreSimulator/Devices/4EC5F74C-5A9C-4D89-8E44-374310E684AE/data/Containers/Bundle/Application/A01C5F69-BB9C-48BF-96DA-638EDBEBF8DB/YourSofia.app> (executable, loaded)
	Request       : sitemap type: png path: assets/node_modules/.pnpm/expo-router@6.0.22_df0c677153b00f82db80c956be709681/node_modules/expo-router/assets
	Result        : file:///Users/valentinasenov/Library/Developer/CoreSimulator/Devices/4EC5F74C-5A9C-4D89-8E44-374310E684AE/data/Containers/Bundle/Application/A01C5F69-BB9C-48BF-96DA-638EDBEBF8DB/YourSofia.app/assets/node_modules/.pnpm/expo-router@6.0.22_df0c677153b00f82db80c956be709681/node_modules/expo-router/assets/sitemap.png
2026-08-17 11:28:17.700 Db YourSofia[99787:320a1c] [com.apple.CFBundle:resources] Resource lookup at CFBundle 0x600003b082a0 </Users/valentinasenov/Library/Developer/CoreSimulator/Devices/4EC5F74C-5A9C-4D89-8E44-374310E684AE/data/Containers/Bundle/Application/A01C5F69-BB9C-48BF-96DA-638EDBEBF8DB/YourSofia.app> (executable, loaded)
	Request       : InfoPlist type: strings
	Result        : None
2026-08-17 11:28:17.700 Db YourSofia[99787:320a1c] [com.apple.CFBundle:resources] Resource lookup at CFBundle 0x600003b082a0 </Users/valentinasenov/Library/Developer/CoreSimulator/Devices/4EC5F74C-5A9C-4D89-8E44-374310E684AE/data/Containers/Bundle/Application/A01C5F69-BB9C-48BF-96DA-638EDBEBF8DB/YourSofia.app> (executable, loaded)
	Request       : InfoPlist type: stringsdict
	Result        : None
2026-08-17 11:28:17.700 Db YourSofia[99787:320a1c] [com.apple.CFBundle:strings] Bundle: CFBundle 0x600003b08540 </Library/Developer/CoreSimulator/Volumes/iOS_23D8133/Library/Developer/CoreSimulator/Profiles/Runtimes/iOS 26.3.simruntime/Contents/Resources/RuntimeRoot/System/Library/PrivateFrameworks/UIKitCore.framework> (not loaded), key: KEYSHORTCUTHUD_APP_SETTINGS_ELLIPSIS, value: %@ Settings…, table: Localizable, localizationNames: (null), result: %@ Settings…
2026-08-17 11:28:17.700 Db YourSofia[99787:320a5f] [com.apple.CFBundle:resources] Resource lookup at CFBundle 0x600003b082a0 </Users/valentinasenov/Library/Developer/CoreSimulator/Devices/4EC5F74C-5A9C-4D89-8E44-374310E684AE/data/Containers/Bundle/Application/A01C5F69-BB9C-48BF-96DA-638EDBEBF8DB/YourSofia.app> (executable, loaded)
	Request       : arrow_down type: png path: assets/node_modules/.pnpm/expo-router@6.0.22_df0c677153b00f82db80c956be709681/node_modules/expo-router/assets
	Result        : file:///Users/valentinasenov/Library/Developer/CoreSimulator/Devices/4EC5F74C-5A9C-4D89-8E44-374310E684AE/data/Containers/Bundle/Application/A01C5F69-BB9C-48BF-96DA-638EDBEBF8DB/YourSofia.app/assets/node_modules/.pnpm/expo-router@6.0.22_df0c677153b00f82db80c956be709681/node_modules/expo-router/assets/arrow_down.png
2026-08-17 11:28:17.700 Db YourSofia[99787:320a5f] [com.apple.CFBundle:resources] Resource lookup at CFBundle 0x600003b082a0 </Users/valentinasenov/Library/Developer/CoreSimulator/Devices/4EC5F74C-5A9C-4D89-8E44-374310E684AE/data/Containers/Bundle/Application/A01C5F69-BB9C-48BF-96DA-638EDBEBF8DB/YourSofia.app> (executable, loaded)
	Request       : unmatched type: png path: assets/node_modules/.pnpm/expo-router@6.0.22_df0c677153b00f82db80c956be709681/node_modules/expo-router/assets
	Result        : file:///Users/valentinasenov/Library/Developer/CoreSimulator/Devices/4EC5F74C-5A9C-4D89-8E44-374310E684AE/data/Containers/Bundle/Application/A01C5F69-BB9C-48BF-96DA-638EDBEBF8DB/YourSofia.app/assets/node_modules/.pnpm/expo-router@6.0.22_df0c677153b00f82db80c956be709681/node_modules/expo-router/assets/unmatched.png
2026-08-17 11:28:17.701 Db YourSofia[99787:320a5f] [com.apple.CFBundle:resources] Resource lookup at CFBundle 0x600003b082a0 </Users/valentinasenov/Library/Developer/CoreSimulator/Devices/4EC5F74C-5A9C-4D89-8E44-374310E684AE/data/Containers/Bundle/Application/A01C5F69-BB9C-48BF-96DA-638EDBEBF8DB/YourSofia.app> (executable, loaded)
	Request       : JetBrainsMono_500Medium type: ttf path: assets/node_modules/.pnpm/@expo-google-fonts+jetbrains-mono@0.4.1/node_modules/@expo-google-fonts/jetbrains-mono/500Medium
	Result        : file:///Users/valentinasenov/Library/Developer/CoreSimulator/Devices/4EC5F74C-5A9C-4D89-8E44-374310E684AE/data/Containers/Bundle/Application/A01C5F69-BB9C-48BF-96DA-638EDBEBF8DB/YourSofia.app/assets/node_modules/.pnpm/@expo-google-fonts+jetbrains-mono@0.4.1/node_modules/@expo-google-fonts/jetbrains-mono/500Medium/JetBrainsMono_500Medium.ttf
2026-08-17 11:28:17.701 Db YourSofia[99787:320a5f] [com.apple.CFBundle:resources] Resource lookup at CFBundle 0x600003b082a0 </Users/valentinasenov/Library/Developer/CoreSimulator/Devices/4EC5F74C-5A9C-4D89-8E44-374310E684AE/data/Containers/Bundle/Application/A01C5F69-BB9C-48BF-96DA-638EDBEBF8DB/YourSofia.app> (executable, loaded)
	Request       : SofiaSans_100Thin type: ttf path: assets/node_modules/.pnpm/@expo-google-fonts+sofia-sans@0.4.3/node_modules/@expo-google-fonts/sofia-sans/100Thin
	Result        : file:///Users/valentinasenov/Library/Developer/CoreSimulator/Devices/4EC5F74C-5A9C-4D89-8E44-374310E684AE/data/Containers/Bundle/Application/A01C5F69-BB9C-48BF-96DA-638EDBEBF8DB/YourSofia.app/assets/node_modules/.pnpm/@expo-google-fonts+sofia-sans@0.4.3/node_modules/@expo-google-fonts/sofia-sans/100Thin/SofiaSans_100Thin.ttf
2026-08-17 11:28:17.702 Db YourSofia[99787:320a5f] [com.apple.CFBundle:resources] Resource lookup at CFBundle 0x600003b082a0 </Users/valentinasenov/Library/Developer/CoreSimulator/Devices/4EC5F74C-5A9C-4D89-8E44-374310E684AE/data/Containers/Bundle/Application/A01C5F69-BB9C-48BF-96DA-638EDBEBF8DB/YourSofia.app> (executable, loaded)
	Request       : SofiaSans_200ExtraLight type: ttf path: assets/node_modules/.pnpm/@expo-google-fonts+sofia-sans@0.4.3/node_modules/@expo-google-fonts/sofia-sans/200ExtraLight
	Result        : file:///Users/valentinasenov/Library/Developer/CoreSimulator/Devices/4EC5F74C-5A9C-4D89-8E44-374310E684AE/data/Containers/Bundle/Application/A01C5F69-BB9C-48BF-96DA-638EDBEBF8DB/YourSofia.app/assets/node_modules/.pnpm/@expo-google-fonts+sofia-sans@0.4.3/node_modules/@expo-google-fonts/sofia-sans/200ExtraLight/SofiaSans_200ExtraLight.ttf
2026-08-17 11:28:17.702 Db YourSofia[99787:320a5f] [com.apple.CFBundle:resources] Resource lookup at CFBundle 0x600003b082a0 </Users/valentinasenov/Library/Developer/CoreSimulator/Devices/4EC5F74C-5A9C-4D89-8E44-374310E684AE/data/Containers/Bundle/Application/A01C5F69-BB9C-48BF-96DA-638EDBEBF8DB/YourSofia.app> (executable, loaded)
	Request       : SofiaSans_300Light type: ttf path: assets/node_modules/.pnpm/@expo-google-fonts+sofia-sans@0.4.3/node_modules/@expo-google-fonts/sofia-sans/300Light
	Result        : file:///Users/valentinasenov/Library/Developer/CoreSimulator/Devices/4EC5F74C-5A9C-4D89-8E44-374310E684AE/data/Containers/Bundle/Application/A01C5F69-BB9C-48BF-96DA-638EDBEBF8DB/YourSofia.app/assets/node_modules/.pnpm/@expo-google-fonts+sofia-sans@0.4.3/node_modules/@expo-google-fonts/sofia-sans/300Light/SofiaSans_300Light.ttf
2026-08-17 11:28:17.703 Db YourSofia[99787:320a5f] [com.apple.CFBundle:resources] Resource lookup at CFBundle 0x600003b082a0 </Users/valentinasenov/Library/Developer/CoreSimulator/Devices/4EC5F74C-5A9C-4D89-8E44-374310E684AE/data/Containers/Bundle/Application/A01C5F69-BB9C-48BF-96DA-638EDBEBF8DB/YourSofia.app> (executable, loaded)
	Request       : SofiaSans_400Regular type: ttf path: assets/node_modules/.pnpm/@expo-google-fonts+sofia-sans@0.4.3/node_modules/@expo-google-fonts/sofia-sans/400Regular
	Result        : file:///Users/valentinasenov/Library/Developer/CoreSimulator/Devices/4EC5F74C-5A9C-4D89-8E44-374310E684AE/data/Containers/Bundle/Application/A01C5F69-BB9C-48BF-96DA-638EDBEBF8DB/YourSofia.app/assets/node_modules/.pnpm/@expo-google-fonts+sofia-sans@0.4.3/node_modules/@expo-google-fonts/sofia-sans/400Regular/SofiaSans_400Regular.ttf
2026-08-17 11:28:17.703 Db YourSofia[99787:320a5f] [com.apple.CFBundle:resources] Resource lookup at CFBundle 0x600003b082a0 </Users/valentinasenov/Library/Developer/CoreSimulator/Devices/4EC5F74C-5A9C-4D89-8E44-374310E684AE/data/Containers/Bundle/Application/A01C5F69-BB9C-48BF-96DA-638EDBEBF8DB/YourSofia.app> (executable, loaded)
	Request       : SofiaSans_500Medium type: ttf path: assets/node_modules/.pnpm/@expo-google-fonts+sofia-sans@0.4.3/node_modules/@expo-google-fonts/sofia-sans/500Medium
	Result        : file:///Users/valentinasenov/Library/Developer/CoreSimulator/Devices/4EC5F74C-5A9C-4D89-8E44-374310E684AE/data/Containers/Bundle/Application/A01C5F69-BB9C-48BF-96DA-638EDBEBF8DB/YourSofia.app/assets/node_modules/.pnpm/@expo-google-fonts+sofia-sans@0.4.3/node_modules/@expo-google-fonts/sofia-sans/500Medium/SofiaSans_500Medium.ttf
2026-08-17 11:28:17.703 Db YourSofia[99787:320a1c] [com.apple.CFBundle:strings] Bundle: CFBundle 0x600003b08540 </Library/Developer/CoreSimulator/Volumes/iOS_23D8133/Library/Developer/CoreSimulator/Profiles/Runtimes/iOS 26.3.simruntime/Contents/Resources/RuntimeRoot/System/Library/PrivateFrameworks/UIKitCore.framework> (not loaded), key: CONTEXT_MENU_LOADING, value: Loading…, table: Localizable, localizationNames: (null), result: Loading…
2026-08-17 11:28:17.704 Db YourSofia[99787:320a5f] [com.apple.CFBundle:resources] Resource lookup at CFBundle 0x600003b082a0 </Users/valentinasenov/Library/Developer/CoreSimulator/Devices/4EC5F74C-5A9C-4D89-8E44-374310E684AE/data/Containers/Bundle/Application/A01C5F69-BB9C-48BF-96DA-638EDBEBF8DB/YourSofia.app> (executable, loaded)
	Request       : SofiaSans_600SemiBold type: ttf path: assets/node_modules/.pnpm/@expo-google-fonts+sofia-sans@0.4.3/node_modules/@expo-google-fonts/sofia-sans/600SemiBold
	Result        : file:///Users/valentinasenov/Library/Developer/CoreSimulator/Devices/4EC5F74C-5A9C-4D89-8E44-374310E684AE/data/Containers/Bundle/Application/A01C5F69-BB9C-48BF-96DA-638EDBEBF8DB/YourSofia.app/assets/node_modules/.pnpm/@expo-google-fonts+sofia-sans@0.4.3/node_modules/@expo-google-fonts/sofia-sans/600SemiBold/SofiaSans_600SemiBold.ttf
2026-08-17 11:28:17.704 Db YourSofia[99787:320a5f] [com.apple.CFBundle:resources] Resource lookup at CFBundle 0x600003b082a0 </Users/valentinasenov/Library/Developer/CoreSimulator/Devices/4EC5F74C-5A9C-4D89-8E44-374310E684AE/data/Containers/Bundle/Application/A01C5F69-BB9C-48BF-96DA-638EDBEBF8DB/YourSofia.app> (executable, loaded)
	Request       : SofiaSans_700Bold type: ttf path: assets/node_modules/.pnpm/@expo-google-fonts+sofia-sans@0.4.3/node_modules/@expo-google-fonts/sofia-sans/700Bold
	Result        : file:///Users/valentinasenov/Library/Developer/CoreSimulator/Devices/4EC5F74C-5A9C-4D89-8E44-374310E684AE/data/Containers/Bundle/Application/A01C5F69-BB9C-48BF-96DA-638EDBEBF8DB/YourSofia.app/assets/node_modules/.pnpm/@expo-google-fonts+sofia-sans@0.4.3/node_modules/@expo-google-fonts/sofia-sans/700Bold/SofiaSans_700Bold.ttf
2026-08-17 11:28:17.704 Db YourSofia[99787:320a1c] [com.apple.BackBoard:EventDelivery] flushing changes: {
    contentsMask: 0x8; keyCommandsRegistrations: [environment: keyboardFocus; token: 0x3E9D19F; keyCommands: 34];
}
2026-08-17 11:28:17.705 Db YourSofia[99787:320a5f] [com.apple.CFBundle:resources] Resource lookup at CFBundle 0x600003b082a0 </Users/valentinasenov/Library/Developer/CoreSimulator/Devices/4EC5F74C-5A9C-4D89-8E44-374310E684AE/data/Containers/Bundle/Application/A01C5F69-BB9C-48BF-96DA-638EDBEBF8DB/YourSofia.app> (executable, loaded)
	Request       : SofiaSans_800ExtraBold type: ttf path: assets/node_modules/.pnpm/@expo-google-fonts+sofia-sans@0.4.3/node_modules/@expo-google-fonts/sofia-sans/800ExtraBold
	Result        : file:///Users/valentinasenov/Library/Developer/CoreSimulator/Devices/4EC5F74C-5A9C-4D89-8E44-374310E684AE/data/Containers/Bundle/Application/A01C5F69-BB9C-48BF-96DA-638EDBEBF8DB/YourSofia.app/assets/node_modules/.pnpm/@expo-google-fonts+sofia-sans@0.4.3/node_modules/@expo-google-fonts/sofia-sans/800ExtraBold/SofiaSans_800ExtraBold.ttf
2026-08-17 11:28:17.705 Db YourSofia[99787:320a5f] [com.apple.CFBundle:resources] Resource lookup at CFBundle 0x600003b082a0 </Users/valentinasenov/Library/Developer/CoreSimulator/Devices/4EC5F74C-5A9C-4D89-8E44-374310E684AE/data/Containers/Bundle/Application/A01C5F69-BB9C-48BF-96DA-638EDBEBF8DB/YourSofia.app> (executable, loaded)
	Request       : SofiaSans_900Black type: ttf path: assets/node_modules/.pnpm/@expo-google-fonts+sofia-sans@0.4.3/node_modules/@expo-google-fonts/sofia-sans/900Black
	Result        : file:///Users/valentinasenov/Library/Developer/CoreSimulator/Devices/4EC5F74C-5A9C-4D89-8E44-374310E684AE/data/Containers/Bundle/Application/A01C5F69-BB9C-48BF-96DA-638EDBEBF8DB/YourSofia.app/assets/node_modules/.pnpm/@expo-google-fonts+sofia-sans@0.4.3/node_modules/@expo-google-fonts/sofia-sans/900Black/SofiaSans_900Black.ttf
2026-08-17 11:28:17.706 Db YourSofia[99787:320a5f] [com.apple.CFBundle:resources] Resource lookup at CFBundle 0x600003b082a0 </Users/valentinasenov/Library/Developer/CoreSimulator/Devices/4EC5F74C-5A9C-4D89-8E44-374310E684AE/data/Containers/Bundle/Application/A01C5F69-BB9C-48BF-96DA-638EDBEBF8DB/YourSofia.app> (executable, loaded)
	Request       : SofiaSans_100Thin_Italic type: ttf path: assets/node_modules/.pnpm/@expo-google-fonts+sofia-sans@0.4.3/node_modules/@expo-google-fonts/sofia-sans/100Thin_Italic
	Result        : file:///Users/valentinasenov/Library/Developer/CoreSimulator/Devices/4EC5F74C-5A9C-4D89-8E44-374310E684AE/data/Containers/Bundle/Application/A01C5F69-BB9C-48BF-96DA-638EDBEBF8DB/YourSofia.app/assets/node_modules/.pnpm/@expo-google-fonts+sofia-sans@0.4.3/node_modules/@expo-google-fonts/sofia-sans/100Thin_Italic/SofiaSans_100Thin_Italic.ttf
2026-08-17 11:28:17.706 Db YourSofia[99787:320a5f] [com.apple.CFBundle:resources] Resource lookup at CFBundle 0x600003b082a0 </Users/valentinasenov/Library/Developer/CoreSimulator/Devices/4EC5F74C-5A9C-4D89-8E44-374310E684AE/data/Containers/Bundle/Application/A01C5F69-BB9C-48BF-96DA-638EDBEBF8DB/YourSofia.app> (executable, loaded)
	Request       : SofiaSans_200ExtraLight_Italic type: ttf path: assets/node_modules/.pnpm/@expo-google-fonts+sofia-sans@0.4.3/node_modules/@expo-google-fonts/sofia-sans/200ExtraLight_Italic
	Result        : file:///Users/valentinasenov/Library/Developer/CoreSimulator/Devices/4EC5F74C-5A9C-4D89-8E44-374310E684AE/data/Containers/Bundle/Application/A01C5F69-BB9C-48BF-96DA-638EDBEBF8DB/YourSofia.app/assets/node_modules/.pnpm/@expo-google-fonts+sofia-sans@0.4.3/node_modules/@expo-google-fonts/sofia-sans/200ExtraLight_Italic/SofiaSans_200ExtraLight_Italic.ttf
2026-08-17 11:28:17.707 Db YourSofia[99787:320a5f] [com.apple.CFBundle:resources] Resource lookup at CFBundle 0x600003b082a0 </Users/valentinasenov/Library/Developer/CoreSimulator/Devices/4EC5F74C-5A9C-4D89-8E44-374310E684AE/data/Containers/Bundle/Application/A01C5F69-BB9C-48BF-96DA-638EDBEBF8DB/YourSofia.app> (executable, loaded)
	Request       : SofiaSans_300Light_Italic type: ttf path: assets/node_modules/.pnpm/@expo-google-fonts+sofia-sans@0.4.3/node_modules/@expo-google-fonts/sofia-sans/300Light_Italic
	Result        : file:///Users/valentinasenov/Library/Developer/CoreSimulator/Devices/4EC5F74C-5A9C-4D89-8E44-374310E684AE/data/Containers/Bundle/Application/A01C5F69-BB9C-48BF-96DA-638EDBEBF8DB/YourSofia.app/assets/node_modules/.pnpm/@expo-google-fonts+sofia-sans@0.4.3/node_modules/@expo-google-fonts/sofia-sans/300Light_Italic/SofiaSans_300Light_Italic.ttf
2026-08-17 11:28:17.707 Db YourSofia[99787:320a5f] [com.apple.CFBundle:resources] Resource lookup at CFBundle 0x600003b082a0 </Users/valentinasenov/Library/Developer/CoreSimulator/Devices/4EC5F74C-5A9C-4D89-8E44-374310E684AE/data/Containers/Bundle/Application/A01C5F69-BB9C-48BF-96DA-638EDBEBF8DB/YourSofia.app> (executable, loaded)
	Request       : SofiaSans_400Regular_Italic type: ttf path: assets/node_modules/.pnpm/@expo-google-fonts+sofia-sans@0.4.3/node_modules/@expo-google-fonts/sofia-sans/400Regular_Italic
	Result        : file:///Users/valentinasenov/Library/Developer/CoreSimulator/Devices/4EC5F74C-5A9C-4D89-8E44-374310E684AE/data/Containers/Bundle/Application/A01C5F69-BB9C-48BF-96DA-638EDBEBF8DB/YourSofia.app/assets/node_modules/.pnpm/@expo-google-fonts+sofia-sans@0.4.3/node_modules/@expo-google-fonts/sofia-sans/400Regular_Italic/SofiaSans_400Regular_Italic.ttf
2026-08-17 11:28:17.708 Db YourSofia[99787:320a62] [com.apple.runningboard:message] PERF: [app<bg.sofia.yoursofia((null))>:99787] Received message from runningboardd: async_didChangeInheritances:completion:
2026-08-17 11:28:17.708 A  YourSofia[99787:320a62] (RunningBoardServices) didChangeInheritances
2026-08-17 11:28:17.708 Db YourSofia[99787:320a62] [com.apple.runningboard:connection] didChangeInheritances: <RBSInheritanceChangeSet| gained:{(
    <RBSInheritance| environment:UIScene:com.apple.frontboard.systemappservices/FBSceneManager:sceneID%3Abg.sofia.yoursofia-default name:com.apple.frontboard.visibility origID:99530-99763-764 payload 8719656185504109860>
)} lost:(null)>
2026-08-17 11:28:17.708 Db YourSofia[99787:320a5f] [com.apple.CFBundle:resources] Resource lookup at CFBundle 0x600003b082a0 </Users/valentinasenov/Library/Developer/CoreSimulator/Devices/4EC5F74C-5A9C-4D89-8E44-374310E684AE/data/Containers/Bundle/Application/A01C5F69-BB9C-48BF-96DA-638EDBEBF8DB/YourSofia.app> (executable, loaded)
	Request       : SofiaSans_500Medium_Italic type: ttf path: assets/node_modules/.pnpm/@expo-google-fonts+sofia-sans@0.4.3/node_modules/@expo-google-fonts/sofia-sans/500Medium_Italic
	Result        : file:///Users/valentinasenov/Library/Developer/CoreSimulator/Devices/4EC5F74C-5A9C-4D89-8E44-374310E684AE/data/Containers/Bundle/Application/A01C5F69-BB9C-48BF-96DA-638EDBEBF8DB/YourSofia.app/assets/node_modules/.pnpm/@expo-google-fonts+sofia-sans@0.4.3/node_modules/@expo-google-fonts/sofia-sans/500Medium_Italic/SofiaSans_500Medium_Italic.ttf
2026-08-17 11:28:17.708 Db YourSofia[99787:320a5f] [com.apple.CFBundle:resources] Resource lookup at CFBundle 0x600003b082a0 </Users/valentinasenov/Library/Developer/CoreSimulator/Devices/4EC5F74C-5A9C-4D89-8E44-374310E684AE/data/Containers/Bundle/Application/A01C5F69-BB9C-48BF-96DA-638EDBEBF8DB/YourSofia.app> (executable, loaded)
	Request       : SofiaSans_600SemiBold_Italic type: ttf path: assets/node_modules/.pnpm/@expo-google-fonts+sofia-sans@0.4.3/node_modules/@expo-google-fonts/sofia-sans/600SemiBold_Italic
	Result        : file:///Users/valentinasenov/Library/Developer/CoreSimulator/Devices/4EC5F74C-5A9C-4D89-8E44-374310E684AE/data/Containers/Bundle/Application/A01C5F69-BB9C-48BF-96DA-638EDBEBF8DB/YourSofia.app/assets/node_modules/.pnpm/@expo-google-fonts+sofia-sans@0.4.3/node_modules/@expo-google-fonts/sofia-sans/600SemiBold_Italic/SofiaSans_600SemiBold_Italic.ttf
2026-08-17 11:28:17.709 Db YourSofia[99787:320a5f] [com.apple.CFBundle:resources] Resource lookup at CFBundle 0x600003b082a0 </Users/valentinasenov/Library/Developer/CoreSimulator/Devices/4EC5F74C-5A9C-4D89-8E44-374310E684AE/data/Containers/Bundle/Application/A01C5F69-BB9C-48BF-96DA-638EDBEBF8DB/YourSofia.app> (executable, loaded)
	Request       : SofiaSans_700Bold_Italic type: ttf path: assets/node_modules/.pnpm/@expo-google-fonts+sofia-sans@0.4.3/node_modules/@expo-google-fonts/sofia-sans/700Bold_Italic
	Result        : file:///Users/valentinasenov/Library/Developer/CoreSimulator/Devices/4EC5F74C-5A9C-4D89-8E44-374310E684AE/data/Containers/Bundle/Application/A01C5F69-BB9C-48BF-96DA-638EDBEBF8DB/YourSofia.app/assets/node_modules/.pnpm/@expo-google-fonts+sofia-sans@0.4.3/node_modules/@expo-google-fonts/sofia-sans/700Bold_Italic/SofiaSans_700Bold_Italic.ttf
2026-08-17 11:28:17.709 Db YourSofia[99787:320a5f] [com.apple.CFBundle:resources] Resource lookup at CFBundle 0x600003b082a0 </Users/valentinasenov/Library/Developer/CoreSimulator/Devices/4EC5F74C-5A9C-4D89-8E44-374310E684AE/data/Containers/Bundle/Application/A01C5F69-BB9C-48BF-96DA-638EDBEBF8DB/YourSofia.app> (executable, loaded)
	Request       : SofiaSans_800ExtraBold_Italic type: ttf path: assets/node_modules/.pnpm/@expo-google-fonts+sofia-sans@0.4.3/node_modules/@expo-google-fonts/sofia-sans/800ExtraBold_Italic
	Result        : file:///Users/valentinasenov/Library/Developer/CoreSimulator/Devices/4EC5F74C-5A9C-4D89-8E44-374310E684AE/data/Containers/Bundle/Application/A01C5F69-BB9C-48BF-96DA-638EDBEBF8DB/YourSofia.app/assets/node_modules/.pnpm/@expo-google-fonts+sofia-sans@0.4.3/node_modules/@expo-google-fonts/sofia-sans/800ExtraBold_Italic/SofiaSans_800ExtraBold_Italic.ttf
2026-08-17 11:28:17.710 Db YourSofia[99787:320a5f] [com.apple.CFBundle:resources] Resource lookup at CFBundle 0x600003b082a0 </Users/valentinasenov/Library/Developer/CoreSimulator/Devices/4EC5F74C-5A9C-4D89-8E44-374310E684AE/data/Containers/Bundle/Application/A01C5F69-BB9C-48BF-96DA-638EDBEBF8DB/YourSofia.app> (executable, loaded)
	Request       : SofiaSans_900Black_Italic type: ttf path: assets/node_modules/.pnpm/@expo-google-fonts+sofia-sans@0.4.3/node_modules/@expo-google-fonts/sofia-sans/900Black_Italic
	Result        : file:///Users/valentinasenov/Library/Developer/CoreSimulator/Devices/4EC5F74C-5A9C-4D89-8E44-374310E684AE/data/Containers/Bundle/Application/A01C5F69-BB9C-48BF-96DA-638EDBEBF8DB/YourSofia.app/assets/node_modules/.pnpm/@expo-google-fonts+sofia-sans@0.4.3/node_modules/@expo-google-fonts/sofia-sans/900Black_Italic/SofiaSans_900Black_Italic.ttf
2026-08-17 11:28:17.710 Db YourSofia[99787:320a5f] [com.apple.CFBundle:resources] Resource lookup at CFBundle 0x600003b082a0 </Users/valentinasenov/Library/Developer/CoreSimulator/Devices/4EC5F74C-5A9C-4D89-8E44-374310E684AE/data/Containers/Bundle/Application/A01C5F69-BB9C-48BF-96DA-638EDBEBF8DB/YourSofia.app> (executable, loaded)
	Request       : JetBrainsMono_100Thin type: ttf path: assets/node_modules/.pnpm/@expo-google-fonts+jetbrains-mono@0.4.1/node_modules/@expo-google-fonts/jetbrains-mono/100Thin
	Result        : file:///Users/valentinasenov/Library/Developer/CoreSimulator/Devices/4EC5F74C-5A9C-4D89-8E44-374310E684AE/data/Containers/Bundle/Application/A01C5F69-BB9C-48BF-96DA-638EDBEBF8DB/YourSofia.app/assets/node_modules/.pnpm/@expo-google-fonts+jetbrains-mono@0.4.1/node_modules/@expo-google-fonts/jetbrains-mono/100Thin/JetBrainsMono_100Thin.ttf
2026-08-17 11:28:17.711 Db YourSofia[99787:320a5f] [com.apple.CFBundle:resources] Resource lookup at CFBundle 0x600003b082a0 </Users/valentinasenov/Library/Developer/CoreSimulator/Devices/4EC5F74C-5A9C-4D89-8E44-374310E684AE/data/Containers/Bundle/Application/A01C5F69-BB9C-48BF-96DA-638EDBEBF8DB/YourSofia.app> (executable, loaded)
	Request       : JetBrainsMono_200ExtraLight type: ttf path: assets/node_modules/.pnpm/@expo-google-fonts+jetbrains-mono@0.4.1/node_modules/@expo-google-fonts/jetbrains-mono/200ExtraLight
	Result        : file:///Users/valentinasenov/Library/Developer/CoreSimulator/Devices/4EC5F74C-5A9C-4D89-8E44-374310E684AE/data/Containers/Bundle/Application/A01C5F69-BB9C-48BF-96DA-638EDBEBF8DB/YourSofia.app/assets/node_modules/.pnpm/@expo-google-fonts+jetbrains-mono@0.4.1/node_modules/@expo-google-fonts/jetbrains-mono/200ExtraLight/JetBrainsMono_200ExtraLight.ttf
2026-08-17 11:28:17.711 Db YourSofia[99787:320a5f] [com.apple.CFBundle:resources] Resource lookup at CFBundle 0x600003b082a0 </Users/valentinasenov/Library/Developer/CoreSimulator/Devices/4EC5F74C-5A9C-4D89-8E44-374310E684AE/data/Containers/Bundle/Application/A01C5F69-BB9C-48BF-96DA-638EDBEBF8DB/YourSofia.app> (executable, loaded)
	Request       : JetBrainsMono_300Light type: ttf path: assets/node_modules/.pnpm/@expo-google-fonts+jetbrains-mono@0.4.1/node_modules/@expo-google-fonts/jetbrains-mono/300Light
	Result        : file:///Users/valentinasenov/Library/Developer/CoreSimulator/Devices/4EC5F74C-5A9C-4D89-8E44-374310E684AE/data/Containers/Bundle/Application/A01C5F69-BB9C-48BF-96DA-638EDBEBF8DB/YourSofia.app/assets/node_modules/.pnpm/@expo-google-fonts+jetbrains-mono@0.4.1/node_modules/@expo-google-fonts/jetbrains-mono/300Light/JetBrainsMono_300Light.ttf
2026-08-17 11:28:17.712 Db YourSofia[99787:320a5f] [com.apple.CFBundle:resources] Resource lookup at CFBundle 0x600003b082a0 </Users/valentinasenov/Library/Developer/CoreSimulator/Devices/4EC5F74C-5A9C-4D89-8E44-374310E684AE/data/Containers/Bundle/Application/A01C5F69-BB9C-48BF-96DA-638EDBEBF8DB/YourSofia.app> (executable, loaded)
	Request       : JetBrainsMono_400Regular type: ttf path: assets/node_modules/.pnpm/@expo-google-fonts+jetbrains-mono@0.4.1/node_modules/@expo-google-fonts/jetbrains-mono/400Regular
	Result        : file:///Users/valentinasenov/Library/Developer/CoreSimulator/Devices/4EC5F74C-5A9C-4D89-8E44-374310E684AE/data/Containers/Bundle/Application/A01C5F69-BB9C-48BF-96DA-638EDBEBF8DB/YourSofia.app/assets/node_modules/.pnpm/@expo-google-fonts+jetbrains-mono@0.4.1/node_modules/@expo-google-fonts/jetbrains-mono/400Regular/JetBrainsMono_400Regular.ttf
2026-08-17 11:28:17.713 Db YourSofia[99787:320a5f] [com.apple.CFBundle:resources] Resource lookup at CFBundle 0x600003b082a0 </Users/valentinasenov/Library/Developer/CoreSimulator/Devices/4EC5F74C-5A9C-4D89-8E44-374310E684AE/data/Containers/Bundle/Application/A01C5F69-BB9C-48BF-96DA-638EDBEBF8DB/YourSofia.app> (executable, loaded)
	Request       : JetBrainsMono_600SemiBold type: ttf path: assets/node_modules/.pnpm/@expo-google-fonts+jetbrains-mono@0.4.1/node_modules/@expo-google-fonts/jetbrains-mono/600SemiBold
	Result        : file:///Users/valentinasenov/Library/Developer/CoreSimulator/Devices/4EC5F74C-5A9C-4D89-8E44-374310E684AE/data/Containers/Bundle/Application/A01C5F69-BB9C-48BF-96DA-638EDBEBF8DB/YourSofia.app/assets/node_modules/.pnpm/@expo-google-fonts+jetbrains-mono@0.4.1/node_modules/@expo-google-fonts/jetbrains-mono/600SemiBold/JetBrainsMono_600SemiBold.ttf
2026-08-17 11:28:17.713 Db YourSofia[99787:320a5f] [com.apple.CFBundle:resources] Resource lookup at CFBundle 0x600003b082a0 </Users/valentinasenov/Library/Developer/CoreSimulator/Devices/4EC5F74C-5A9C-4D89-8E44-374310E684AE/data/Containers/Bundle/Application/A01C5F69-BB9C-48BF-96DA-638EDBEBF8DB/YourSofia.app> (executable, loaded)
	Request       : JetBrainsMono_700Bold type: ttf path: assets/node_modules/.pnpm/@expo-google-fonts+jetbrains-mono@0.4.1/node_modules/@expo-google-fonts/jetbrains-mono/700Bold
	Result        : file:///Users/valentinasenov/Library/Developer/CoreSimulator/Devices/4EC5F74C-5A9C-4D89-8E44-374310E684AE/data/Containers/Bundle/Application/A01C5F69-BB9C-48BF-96DA-638EDBEBF8DB/YourSofia.app/assets/node_modules/.pnpm/@expo-google-fonts+jetbrains-mono@0.4.1/node_modules/@expo-google-fonts/jetbrains-mono/700Bold/JetBrainsMono_700Bold.ttf
2026-08-17 11:28:17.713 Db YourSofia[99787:320a5f] [com.apple.CFBundle:resources] Resource lookup at CFBundle 0x600003b082a0 </Users/valentinasenov/Library/Developer/CoreSimulator/Devices/4EC5F74C-5A9C-4D89-8E44-374310E684AE/data/Containers/Bundle/Application/A01C5F69-BB9C-48BF-96DA-638EDBEBF8DB/YourSofia.app> (executable, loaded)
	Request       : JetBrainsMono_800ExtraBold type: ttf path: assets/node_modules/.pnpm/@expo-google-fonts+jetbrains-mono@0.4.1/node_modules/@expo-google-fonts/jetbrains-mono/800ExtraBold
	Result        : file:///Users/valentinasenov/Library/Developer/CoreSimulator/Devices/4EC5F74C-5A9C-4D89-8E44-374310E684AE/data/Containers/Bundle/Application/A01C5F69-BB9C-48BF-96DA-638EDBEBF8DB/YourSofia.app/assets/node_modules/.pnpm/@expo-google-fonts+jetbrains-mono@0.4.1/node_modules/@expo-google-fonts/jetbrains-mono/800ExtraBold/JetBrainsMono_800ExtraBold.ttf
2026-08-17 11:28:17.714 Db YourSofia[99787:320a5f] [com.apple.CFBundle:resources] Resource lookup at CFBundle 0x600003b082a0 </Users/valentinasenov/Library/Developer/CoreSimulator/Devices/4EC5F74C-5A9C-4D89-8E44-374310E684AE/data/Containers/Bundle/Application/A01C5F69-BB9C-48BF-96DA-638EDBEBF8DB/YourSofia.app> (executable, loaded)
	Request       : JetBrainsMono_100Thin_Italic type: ttf path: assets/node_modules/.pnpm/@expo-google-fonts+jetbrains-mono@0.4.1/node_modules/@expo-google-fonts/jetbrains-mono/100Thin_Italic
	Result        : file:///Users/valentinasenov/Library/Developer/CoreSimulator/Devices/4EC5F74C-5A9C-4D89-8E44-374310E684AE/data/Containers/Bundle/Application/A01C5F69-BB9C-48BF-96DA-638EDBEBF8DB/YourSofia.app/assets/node_modules/.pnpm/@expo-google-fonts+jetbrains-mono@0.4.1/node_modules/@expo-google-fonts/jetbrains-mono/100Thin_Italic/JetBrainsMono_100Thin_Italic.ttf
2026-08-17 11:28:17.714 Db YourSofia[99787:320a5f] [com.apple.CFBundle:resources] Resource lookup at CFBundle 0x600003b082a0 </Users/valentinasenov/Library/Developer/CoreSimulator/Devices/4EC5F74C-5A9C-4D89-8E44-374310E684AE/data/Containers/Bundle/Application/A01C5F69-BB9C-48BF-96DA-638EDBEBF8DB/YourSofia.app> (executable, loaded)
	Request       : JetBrainsMono_200ExtraLight_Italic type: ttf path: assets/node_modules/.pnpm/@expo-google-fonts+jetbrains-mono@0.4.1/node_modules/@expo-google-fonts/jetbrains-mono/200ExtraLight_Italic
	Result        : file:///Users/valentinasenov/Library/Developer/CoreSimulator/Devices/4EC5F74C-5A9C-4D89-8E44-374310E684AE/data/Containers/Bundle/Application/A01C5F69-BB9C-48BF-96DA-638EDBEBF8DB/YourSofia.app/assets/node_modules/.pnpm/@expo-google-fonts+jetbrains-mono@0.4.1/node_modules/@expo-google-fonts/jetbrains-mono/200ExtraLight_Italic/JetBrainsMono_200ExtraLight_Italic.ttf
2026-08-17 11:28:17.715 Db YourSofia[99787:320a5f] [com.apple.CFBundle:resources] Resource lookup at CFBundle 0x600003b082a0 </Users/valentinasenov/Library/Developer/CoreSimulator/Devices/4EC5F74C-5A9C-4D89-8E44-374310E684AE/data/Containers/Bundle/Application/A01C5F69-BB9C-48BF-96DA-638EDBEBF8DB/YourSofia.app> (executable, loaded)
	Request       : JetBrainsMono_300Light_Italic type: ttf path: assets/node_modules/.pnpm/@expo-google-fonts+jetbrains-mono@0.4.1/node_modules/@expo-google-fonts/jetbrains-mono/300Light_Italic
	Result        : file:///Users/valentinasenov/Library/Developer/CoreSimulator/Devices/4EC5F74C-5A9C-4D89-8E44-374310E684AE/data/Containers/Bundle/Application/A01C5F69-BB9C-48BF-96DA-638EDBEBF8DB/YourSofia.app/assets/node_modules/.pnpm/@expo-google-fonts+jetbrains-mono@0.4.1/node_modules/@expo-google-fonts/jetbrains-mono/300Light_Italic/JetBrainsMono_300Light_Italic.ttf
2026-08-17 11:28:17.715 Db YourSofia[99787:320a5f] [com.apple.CFBundle:resources] Resource lookup at CFBundle 0x600003b082a0 </Users/valentinasenov/Library/Developer/CoreSimulator/Devices/4EC5F74C-5A9C-4D89-8E44-374310E684AE/data/Containers/Bundle/Application/A01C5F69-BB9C-48BF-96DA-638EDBEBF8DB/YourSofia.app> (executable, loaded)
	Request       : JetBrainsMono_400Regular_Italic type: ttf path: assets/node_modules/.pnpm/@expo-google-fonts+jetbrains-mono@0.4.1/node_modules/@expo-google-fonts/jetbrains-mono/400Regular_Italic
	Result        : file:///Users/valentinasenov/Library/Developer/CoreSimulator/Devices/4EC5F74C-5A9C-4D89-8E44-374310E684AE/data/Containers/Bundle/Application/A01C5F69-BB9C-48BF-96DA-638EDBEBF8DB/YourSofia.app/assets/node_modules/.pnpm/@expo-google-fonts+jetbrains-mono@0.4.1/node_modules/@expo-google-fonts/jetbrains-mono/400Regular_Italic/JetBrainsMono_400Regular_Italic.ttf
2026-08-17 11:28:17.715 Db YourSofia[99787:320a5f] [com.apple.CFBundle:resources] Resource lookup at CFBundle 0x600003b082a0 </Users/valentinasenov/Library/Developer/CoreSimulator/Devices/4EC5F74C-5A9C-4D89-8E44-374310E684AE/data/Containers/Bundle/Application/A01C5F69-BB9C-48BF-96DA-638EDBEBF8DB/YourSofia.app> (executable, loaded)
	Request       : JetBrainsMono_500Medium_Italic type: ttf path: assets/node_modules/.pnpm/@expo-google-fonts+jetbrains-mono@0.4.1/node_modules/@expo-google-fonts/jetbrains-mono/500Medium_Italic
	Result        : file:///Users/valentinasenov/Library/Developer/CoreSimulator/Devices/4EC5F74C-5A9C-4D89-8E44-374310E684AE/data/Containers/Bundle/Application/A01C5F69-BB9C-48BF-96DA-638EDBEBF8DB/YourSofia.app/assets/node_modules/.pnpm/@expo-google-fonts+jetbrains-mono@0.4.1/node_modules/@expo-google-fonts/jetbrains-mono/500Medium_Italic/JetBrainsMono_500Medium_Italic.ttf
2026-08-17 11:28:17.716 Db YourSofia[99787:320a5f] [com.apple.CFBundle:resources] Resource lookup at CFBundle 0x600003b082a0 </Users/valentinasenov/Library/Developer/CoreSimulator/Devices/4EC5F74C-5A9C-4D89-8E44-374310E684AE/data/Containers/Bundle/Application/A01C5F69-BB9C-48BF-96DA-638EDBEBF8DB/YourSofia.app> (executable, loaded)
	Request       : JetBrainsMono_600SemiBold_Italic type: ttf path: assets/node_modules/.pnpm/@expo-google-fonts+jetbrains-mono@0.4.1/node_modules/@expo-google-fonts/jetbrains-mono/600SemiBold_Italic
	Result        : file:///Users/valentinasenov/Library/Developer/CoreSimulator/Devices/4EC5F74C-5A9C-4D89-8E44-374310E684AE/data/Containers/Bundle/Application/A01C5F69-BB9C-48BF-96DA-638EDBEBF8DB/YourSofia.app/assets/node_modules/.pnpm/@expo-google-fonts+jetbrains-mono@0.4.1/node_modules/@expo-google-fonts/jetbrains-mono/600SemiBold_Italic/JetBrainsMono_600SemiBold_Italic.ttf
2026-08-17 11:28:17.716 Db YourSofia[99787:320a5f] [com.apple.CFBundle:resources] Resource lookup at CFBundle 0x600003b082a0 </Users/valentinasenov/Library/Developer/CoreSimulator/Devices/4EC5F74C-5A9C-4D89-8E44-374310E684AE/data/Containers/Bundle/Application/A01C5F69-BB9C-48BF-96DA-638EDBEBF8DB/YourSofia.app> (executable, loaded)
	Request       : JetBrainsMono_700Bold_Italic type: ttf path: assets/node_modules/.pnpm/@expo-google-fonts+jetbrains-mono@0.4.1/node_modules/@expo-google-fonts/jetbrains-mono/700Bold_Italic
	Result        : file:///Users/valentinasenov/Library/Developer/CoreSimulator/Devices/4EC5F74C-5A9C-4D89-8E44-374310E684AE/data/Containers/Bundle/Application/A01C5F69-BB9C-48BF-96DA-638EDBEBF8DB/YourSofia.app/assets/node_modules/.pnpm/@expo-google-fonts+jetbrains-mono@0.4.1/node_modules/@expo-google-fonts/jetbrains-mono/700Bold_Italic/JetBrainsMono_700Bold_Italic.ttf
2026-08-17 11:28:17.716 Df YourSofia[99787:320a1c] [com.apple.network:activity] Create activity from XPC object <nw_activity 50:1 [B7050F59-B5CA-43BC-A86A-71E4AE81B479] (reporting strategy default)>
2026-08-17 11:28:17.716 Df YourSofia[99787:320a1c] [com.apple.network:activity] Create activity from XPC object <nw_activity 50:2 [7AFE2846-78EA-4B7D-A0EA-54BFF9D9DB8F] (reporting strategy default)>
2026-08-17 11:28:17.716 Df YourSofia[99787:320a1c] [com.apple.network:activity] Set activity <nw_activity 50:1 [B7050F59-B5CA-43BC-A86A-71E4AE81B479] (reporting strategy default)> as the global parent
2026-08-17 11:28:17.716 Df YourSofia[99787:320a1c] [com.apple.UIKit:BackgroundTask] Ending background task with UIBackgroundTaskIdentifier: 1
2026-08-17 11:28:17.716 Df YourSofia[99787:320a1c] [com.apple.UIKit:BackgroundTask] Ending task with identifier 1 and description: <_UIBackgroundTaskInfo: 0x600001725c40>: taskID = 1, taskName = Launch Background Task for Coalescing, creationTime = 184576 (elapsed = 0), _expireHandler: (null)
2026-08-17 11:28:17.716 Df YourSofia[99787:320a1c] [com.apple.UIKit:BackgroundTask] Decrementing reference count for assertion <BKSProcessAssertion: 0x600002108050> (used by background task with identifier 1: <_UIBackgroundTaskInfo: 0x600001725c40>: taskID = 1, taskName = Launch Background Task for Coalescing, creationTime = 184576 (elapsed = 0))
2026-08-17 11:28:17.717 Db YourSofia[99787:320a1c] [com.apple.defaults:User Defaults] found no value for key LogEventBus in CFPrefsSearchListSource<0x600002c00a00> (Domain: com.apple.UIKit, Container: (null) Non-launch persona: 0)
2026-08-17 11:28:17.717 Df YourSofia[99787:320a1c] [com.apple.UIKit:EventBus] Event Timing Profile for Touch: not found, path="/System/Library/EventTimingProfiles/Sim.Touch.plist"
2026-08-17 11:28:17.717 Df YourSofia[99787:320a1c] [com.apple.UIKit:EventBus] Event Timing Profile for Pencil: not found, path="/System/Library/EventTimingProfiles/Sim.Pencil.plist"
2026-08-17 11:28:17.717 Df YourSofia[99787:320a1c] [com.apple.UIKit:UpdateScheduler] Target list changed: <CADisplay:LCD PurpleMain>
2026-08-17 11:28:17.717 Db YourSofia[99787:320a1c] [com.apple.defaults:User Defaults] found no value for key LogUpdateCycle in CFPrefsSearchListSource<0x600002c00a00> (Domain: com.apple.UIKit, Container: (null) Non-launch persona: 0)
2026-08-17 11:28:17.717 Df YourSofia[99787:320a1c] [com.apple.UIKit:AppLifecycle] sceneOfRecord: sceneID: sceneID:bg.sofia.yoursofia-default  persistentID: 8FA49A39-7661-46FB-8F2C-0158321648A4
2026-08-17 11:28:17.717 Db YourSofia[99787:320a5f] [com.apple.CFBundle:resources] Resource lookup at CFBundle 0x600003b082a0 </Users/valentinasenov/Library/Developer/CoreSimulator/Devices/4EC5F74C-5A9C-4D89-8E44-374310E684AE/data/Containers/Bundle/Application/A01C5F69-BB9C-48BF-96DA-638EDBEBF8DB/YourSofia.app> (executable, loaded)
	Request       : JetBrainsMono_800ExtraBold_Italic type: ttf path: assets/node_modules/.pnpm/@expo-google-fonts+jetbrains-mono@0.4.1/node_modules/@expo-google-fonts/jetbrains-mono/800ExtraBold_Italic
	Result        : file:///Users/valentinasenov/Library/Developer/CoreSimulator/Devices/4EC5F74C-5A9C-4D89-8E44-374310E684AE/data/Containers/Bundle/Application/A01C5F69-BB9C-48BF-96DA-638EDBEBF8DB/YourSofia.app/assets/node_modules/.pnpm/@expo-google-fonts+jetbrains-mono@0.4.1/node_modules/@expo-google-fonts/jetbrains-mono/800ExtraBold_Italic/JetBrainsMono_800ExtraBold_Italic.ttf
2026-08-17 11:28:17.717 Db YourSofia[99787:320a1c] [com.apple.BacklightServices:scenes] 0x600000c3dce0 environment updated:sceneID:bg.sofia.yoursofia-default
  delta:{ visualState:0 date:0 active:0 seed:0 }
  diff:<FBSSceneSettingsDiff: 0x6000017243c0; UIApplicationSceneSettings> {
    settings = <BSKeyedSettingsDiff: 0x600000c39080> {
        _UISceneRenderingEnvironmentSettings = <BSKeyedSettingsDiff: 0x600000c391a0> {
            activeAppearance = 1;
        };
    };
}
  new:(null) (null)
  old:(null) (null)
  new:(null)
2026-08-17 11:28:17.717 Df YourSofia[99787:320a1c] [com.apple.UIKit:InterfaceStyle] Not push traits update to screen for new style 1, <UIWindowScene: 0x10590d090> (8FA49A39-7661-46FB-8F2C-0158321648A4)
2026-08-17 11:28:17.717 Db YourSofia[99787:320a1c] [com.apple.BaseBoard:Common] [BSBlockSentinel:FBSScene] signaled! 1 of 2
2026-08-17 11:28:17.718 Db YourSofia[99787:320a5f] [com.apple.CFBundle:resources] Resource lookup at CFBundle 0x600003b082a0 </Users/valentinasenov/Library/Developer/CoreSimulator/Devices/4EC5F74C-5A9C-4D89-8E44-374310E684AE/data/Containers/Bundle/Application/A01C5F69-BB9C-48BF-96DA-638EDBEBF8DB/YourSofia.app> (executable, loaded)
	Request       : sofia-gerb type: png path: assets/assets/images
	Result        : file:///Users/valentinasenov/Library/Developer/CoreSimulator/Devices/4EC5F74C-5A9C-4D89-8E44-374310E684AE/data/Containers/Bundle/Application/A01C5F69-BB9C-48BF-96DA-638EDBEBF8DB/YourSofia.app/assets/assets/images/sofia-gerb.png
2026-08-17 11:28:17.718 I  YourSofia[99787:320a1c] [com.apple.Accessibility:AXAppAccessibility] Loading settings loader: (system: 0)
2026-08-17 11:28:17.719 Db YourSofia[99787:320a5b] [com.apple.runningboard:message] PERF: [app<bg.sofia.yoursofia((null))>:99787] Received message from runningboardd: async_didChangeInheritances:completion:
2026-08-17 11:28:17.720 A  YourSofia[99787:320a5b] (RunningBoardServices) didChangeInheritances
2026-08-17 11:28:17.720 Db YourSofia[99787:320a5b] [com.apple.runningboard:connection] didChangeInheritances: <RBSInheritanceChangeSet| gained:{(
    <RBSInheritance| environment:UIScene:com.apple.frontboard.systemappservices/FBSceneManager:sceneID%3Abg.sofia.yoursofia-default name:com.apple.frontboard.visibility origID:99530-99763-766 payload 8719656185504109860>
)} lost:(null)>
2026-08-17 11:28:17.720 Db YourSofia[99787:320a1c] [com.apple.defaults:User Defaults] found no value for key ZoomTouchEnabled in CFPrefsSearchListSource<0x600002c0da80> (Domain: com.apple.Accessibility, Container: (null) Non-launch persona: 0)
2026-08-17 11:28:17.720 Db YourSofia[99787:320a1c] [com.apple.Accessibility:AXSupportCommon] CF Read: domain = com.apple.Accessibility, preference = ZoomTouchEnabled, appID = (null) result = (null) (-1 - empty, 0 - false, 1 - true)
2026-08-17 11:28:17.720 Db YourSofia[99787:320a1c] [com.apple.defaults:User Defaults] found no value for key ZoomTouchEnabled in CFPrefsPlistSource<0x600002c0dd80> (Domain: com.apple.Accessibility, User: kCFPreferencesCurrentUser, ByHost: No, Container: /Users/valentinasenov/Library/Developer/CoreSimulator/Devices/4EC5F74C-5A9C-4D89-8E44-374310E684AE/data, Contents Need Refresh: No)
2026-08-17 11:28:17.720 Db YourSofia[99787:320a1c] [com.apple.defaults:User Defaults] found no value for key SpeechSettingsDisabledByManagedConfiguration in CFPrefsSearchListSource<0x600002c0da80> (Domain: com.apple.Accessibility, Container: (null) Non-launch persona: 0)
2026-08-17 11:28:17.720 Db YourSofia[99787:320a1c] [com.apple.Accessibility:AXSupportCommon] CF Read: domain = com.apple.Accessibility, preference = SpeechSettingsDisabledByManagedConfiguration, appID = (null) result = (null) (-1 - empty, 0 - false, 1 - true)
2026-08-17 11:28:17.720 Db YourSofia[99787:320a1c] [com.apple.defaults:User Defaults] found no value for key SpeechSettingsDisabledByManagedConfiguration in CFPrefsPlistSource<0x600002c0dd80> (Domain: com.apple.Accessibility, User: kCFPreferencesCurrentUser, ByHost: No, Container: /Users/valentinasenov/Library/Developer/CoreSimulator/Devices/4EC5F74C-5A9C-4D89-8E44-374310E684AE/data, Contents Need Refresh: No)
2026-08-17 11:28:17.720 Db YourSofia[99787:320a1c] [com.apple.defaults:User Defaults] found no value for key SpeakThisEnabled in CFPrefsSearchListSource<0x600002c0da80> (Domain: com.apple.Accessibility, Container: (null) Non-launch persona: 0)
2026-08-17 11:28:17.720 Db YourSofia[99787:320a1c] [com.apple.Accessibility:AXSupportCommon] CF Read: domain = com.apple.Accessibility, preference = SpeakThisEnabled, appID = (null) result = (null) (-1 - empty, 0 - false, 1 - true)
2026-08-17 11:28:17.720 Db YourSofia[99787:320a1c] [com.apple.defaults:User Defaults] found no value for key SpeakThisEnabled in CFPrefsPlistSource<0x600002c0dd80> (Domain: com.apple.Accessibility, User: kCFPreferencesCurrentUser, ByHost: No, Container: /Users/valentinasenov/Library/Developer/CoreSimulator/Devices/4EC5F74C-5A9C-4D89-8E44-374310E684AE/data, Contents Need Refresh: No)
2026-08-17 11:28:17.721 Db YourSofia[99787:320a5b] [com.apple.CFBundle:resources] Resource lookup at CFBundle 0x600003b082a0 </Users/valentinasenov/Library/Developer/CoreSimulator/Devices/4EC5F74C-5A9C-4D89-8E44-374310E684AE/data/Containers/Bundle/Application/A01C5F69-BB9C-48BF-96DA-638EDBEBF8DB/YourSofia.app> (executable, loaded)
	Request       : back-icon type: png path: assets/node_modules/.pnpm/@react-navigation+elements@2.6.4_@react-navigation+native@7.1.17_react-native@0.81.5_@b_28a2c3a7af745b08fd3e3ec803bf51ba/node_modules/@react-navigation/elements/lib/module/assets
	Result        : file:///Users/valentinasenov/Library/Developer/CoreSimulator/Devices/4EC5F74C-5A9C-4D89-8E44-374310E684AE/data/Containers/Bundle/Application/A01C5F69-BB9C-48BF-96DA-638EDBEBF8DB/YourSofia.app/assets/node_modules/.pnpm/@react-navigation+elements@2.6.4_@react-navigation+native@7.1.17_react-native@0.81.5_@b_28a2c3a7af745b08fd3e3ec803bf51ba/node_modules/@react-navigation/elements/lib/module/assets/back-icon.png
2026-08-17 11:28:17.722 Db YourSofia[99787:320a5b] [com.apple.CFBundle:resources] Resource lookup at CFBundle 0x600003b082a0 </Users/valentinasenov/Library/Developer/CoreSimulator/Devices/4EC5F74C-5A9C-4D89-8E44-374310E684AE/data/Containers/Bundle/Application/A01C5F69-BB9C-48BF-96DA-638EDBEBF8DB/YourSofia.app> (executable, loaded)
	Request       : back-icon@2x type: png path: assets/node_modules/.pnpm/@react-navigation+elements@2.6.4_@react-navigation+native@7.1.17_react-native@0.81.5_@b_28a2c3a7af745b08fd3e3ec803bf51ba/node_modules/@react-navigation/elements/lib/module/assets
	Result        : file:///Users/valentinasenov/Library/Developer/CoreSimulator/Devices/4EC5F74C-5A9C-4D89-8E44-374310E684AE/data/Containers/Bundle/Application/A01C5F69-BB9C-48BF-96DA-638EDBEBF8DB/YourSofia.app/assets/node_modules/.pnpm/@react-navigation+elements@2.6.4_@react-navigation+native@7.1.17_react-native@0.81.5_@b_28a2c3a7af745b08fd3e3ec803bf51ba/node_modules/@react-navigation/elements/lib/module/assets/back-icon@2x.png
2026-08-17 11:28:17.722 Db YourSofia[99787:320a5b] [com.apple.CFBundle:resources] Resource lookup at CFBundle 0x600003b082a0 </Users/valentinasenov/Library/Developer/CoreSimulator/Devices/4EC5F74C-5A9C-4D89-8E44-374310E684AE/data/Containers/Bundle/Application/A01C5F69-BB9C-48BF-96DA-638EDBEBF8DB/YourSofia.app> (executable, loaded)
	Request       : back-icon@3x type: png path: assets/node_modules/.pnpm/@react-navigation+elements@2.6.4_@react-navigation+native@7.1.17_react-native@0.81.5_@b_28a2c3a7af745b08fd3e3ec803bf51ba/node_modules/@react-navigation/elements/lib/module/assets
	Result        : file:///Users/valentinasenov/Library/Developer/CoreSimulator/Devices/4EC5F74C-5A9C-4D89-8E44-374310E684AE/data/Containers/Bundle/Application/A01C5F69-BB9C-48BF-96DA-638EDBEBF8DB/YourSofia.app/assets/node_modules/.pnpm/@react-navigation+elements@2.6.4_@react-navigation+native@7.1.17_react-native@0.81.5_@b_28a2c3a7af745b08fd3e3ec803bf51ba/node_modules/@react-navigation/elements/lib/module/assets/back-icon@3x.png
2026-08-17 11:28:17.722 Db YourSofia[99787:320a5b] [com.apple.CFBundle:resources] Resource lookup at CFBundle 0x600003b082a0 </Users/valentinasenov/Library/Developer/CoreSimulator/Devices/4EC5F74C-5A9C-4D89-8E44-374310E684AE/data/Containers/Bundle/Application/A01C5F69-BB9C-48BF-96DA-638EDBEBF8DB/YourSofia.app> (executable, loaded)
	Request       : back-icon-mask type: png path: assets/node_modules/.pnpm/@react-navigation+elements@2.6.4_@react-navigation+native@7.1.17_react-native@0.81.5_@b_28a2c3a7af745b08fd3e3ec803bf51ba/node_modules/@react-navigation/elements/lib/module/assets
	Result        : file:///Users/valentinasenov/Library/Developer/CoreSimulator/Devices/4EC5F74C-5A9C-4D89-8E44-374310E684AE/data/Containers/Bundle/Application/A01C5F69-BB9C-48BF-96DA-638EDBEBF8DB/YourSofia.app/assets/node_modules/.pnpm/@react-navigation+elements@2.6.4_@react-navigation+native@7.1.17_react-native@0.81.5_@b_28a2c3a7af745b08fd3e3ec803bf51ba/node_modules/@react-navigation/elements/lib/module/assets/back-icon-mask.png
2026-08-17 11:28:17.722 Db YourSofia[99787:320a5b] [com.apple.CFBundle:resources] Resource lookup at CFBundle 0x600003b082a0 </Users/valentinasenov/Library/Developer/CoreSimulator/Devices/4EC5F74C-5A9C-4D89-8E44-374310E684AE/data/Containers/Bundle/Application/A01C5F69-BB9C-48BF-96DA-638EDBEBF8DB/YourSofia.app> (executable, loaded)
	Request       : clear-icon type: png path: assets/node_modules/.pnpm/@react-navigation+elements@2.6.4_@react-navigation+native@7.1.17_react-native@0.81.5_@b_28a2c3a7af745b08fd3e3ec803bf51ba/node_modules/@react-navigation/elements/lib/module/assets
	Result        : file:///Users/valentinasenov/Library/Developer/CoreSimulator/Devices/4EC5F74C-5A9C-4D89-8E44-374310E684AE/data/Containers/Bundle/Application/A01C5F69-BB9C-48BF-96DA-638EDBEBF8DB/YourSofia.app/assets/node_modules/.pnpm/@react-navigation+elements@2.6.4_@react-navigation+native@7.1.17_react-native@0.81.5_@b_28a2c3a7af745b08fd3e3ec803bf51ba/node_modules/@react-navigation/elements/lib/module/assets/clear-icon.png
2026-08-17 11:28:17.722 Db YourSofia[99787:320a5b] [com.apple.CFBundle:resources] Resource lookup at CFBundle 0x600003b082a0 </Users/valentinasenov/Library/Developer/CoreSimulator/Devices/4EC5F74C-5A9C-4D89-8E44-374310E684AE/data/Containers/Bundle/Application/A01C5F69-BB9C-48BF-96DA-638EDBEBF8DB/YourSofia.app> (executable, loaded)
	Request       : clear-icon type: png path: assets/node_modules/.pnpm/@react-navigation+elements@2.6.4_@react-navigation+native@7.1.17_react-native@0.81.5_@b_28a2c3a7af745b08fd3e3ec803bf51ba/node_modules/@react-navigation/elements/lib/module/assets
	Result        : file:///Users/valentinasenov/Library/Developer/CoreSimulator/Devices/4EC5F74C-5A9C-4D89-8E44-374310E684AE/data/Containers/Bundle/Application/A01C5F69-BB9C-48BF-96DA-638EDBEBF8DB/YourSofia.app/assets/node_modules/.pnpm/@react-navigation+elements@2.6.4_@react-navigation+native@7.1.17_react-native@0.81.5_@b_28a2c3a7af745b08fd3e3ec803bf51ba/node_modules/@react-navigation/elements/lib/module/assets/clear-icon.png
2026-08-17 11:28:17.722 Db YourSofia[99787:320a5b] [com.apple.CFBundle:resources] Resource lookup at CFBundle 0x600003b082a0 </Users/valentinasenov/Library/Developer/CoreSimulator/Devices/4EC5F74C-5A9C-4D89-8E44-374310E684AE/data/Containers/Bundle/Application/A01C5F69-BB9C-48BF-96DA-638EDBEBF8DB/YourSofia.app> (executable, loaded)
	Request       : clear-icon@2x type: png path: assets/node_modules/.pnpm/@react-navigation+elements@2.6.4_@react-navigation+native@7.1.17_react-native@0.81.5_@b_28a2c3a7af745b08fd3e3ec803bf51ba/node_modules/@react-navigation/elements/lib/module/assets
	Result        : file:///Users/valentinasenov/Library/Developer/CoreSimulator/Devices/4EC5F74C-5A9C-4D89-8E44-374310E684AE/data/Containers/Bundle/Application/A01C5F69-BB9C-48BF-96DA-638EDBEBF8DB/YourSofia.app/assets/node_modules/.pnpm/@react-navigation+elements@2.6.4_@react-navigation+native@7.1.17_react-native@0.81.5_@b_28a2c3a7af745b08fd3e3ec803bf51ba/node_modules/@react-navigation/elements/lib/module/assets/clear-icon@2x.png
2026-08-17 11:28:17.722 Db YourSofia[99787:320a5b] [com.apple.CFBundle:resources] Resource lookup at CFBundle 0x600003b082a0 </Users/valentinasenov/Library/Developer/CoreSimulator/Devices/4EC5F74C-5A9C-4D89-8E44-374310E684AE/data/Containers/Bundle/Application/A01C5F69-BB9C-48BF-96DA-638EDBEBF8DB/YourSofia.app> (executable, loaded)
	Request       : clear-icon@3x type: png path: assets/node_modules/.pnpm/@react-navigation+elements@2.6.4_@react-navigation+native@7.1.17_react-native@0.81.5_@b_28a2c3a7af745b08fd3e3ec803bf51ba/node_modules/@react-navigation/elements/lib/module/assets
	Result        : file:///Users/valentinasenov/Library/Developer/CoreSimulator/Devices/4EC5F74C-5A9C-4D89-8E44-374310E684AE/data/Containers/Bundle/Application/A01C5F69-BB9C-48BF-96DA-638EDBEBF8DB/YourSofia.app/assets/node_modules/.pnpm/@react-navigation+elements@2.6.4_@react-navigation+native@7.1.17_react-native@0.81.5_@b_28a2c3a7af745b08fd3e3ec803bf51ba/node_modules/@react-navigation/elements/lib/module/assets/clear-icon@3x.png
2026-08-17 11:28:17.722 Db YourSofia[99787:320a5b] [com.apple.CFBundle:resources] Resource lookup at CFBundle 0x600003b082a0 </Users/valentinasenov/Library/Developer/CoreSimulator/Devices/4EC5F74C-5A9C-4D89-8E44-374310E684AE/data/Containers/Bundle/Application/A01C5F69-BB9C-48BF-96DA-638EDBEBF8DB/YourSofia.app> (executable, loaded)
	Request       : close-icon type: png path: assets/node_modules/.pnpm/@react-navigation+elements@2.6.4_@react-navigation+native@7.1.17_react-native@0.81.5_@b_28a2c3a7af745b08fd3e3ec803bf51ba/node_modules/@react-navigation/elements/lib/module/assets
	Result        : file:///Users/valentinasenov/Library/Developer/CoreSimulator/Devices/4EC5F74C-5A9C-4D89-8E44-374310E684AE/data/Containers/Bundle/Application/A01C5F69-BB9C-48BF-96DA-638EDBEBF8DB/YourSofia.app/assets/node_modules/.pnpm/@react-navigation+elements@2.6.4_@react-navigation+native@7.1.17_react-native@0.81.5_@b_28a2c3a7af745b08fd3e3ec803bf51ba/node_modules/@react-navigation/elements/lib/module/assets/close-icon.png
2026-08-17 11:28:17.722 Db YourSofia[99787:320a5b] [com.apple.CFBundle:resources] Resource lookup at CFBundle 0x600003b082a0 </Users/valentinasenov/Library/Developer/CoreSimulator/Devices/4EC5F74C-5A9C-4D89-8E44-374310E684AE/data/Containers/Bundle/Application/A01C5F69-BB9C-48BF-96DA-638EDBEBF8DB/YourSofia.app> (executable, loaded)
	Request       : close-icon type: png path: assets/node_modules/.pnpm/@react-navigation+elements@2.6.4_@react-navigation+native@7.1.17_react-native@0.81.5_@b_28a2c3a7af745b08fd3e3ec803bf51ba/node_modules/@react-navigation/elements/lib/module/assets
	Result        : file:///Users/valentinasenov/Library/Developer/CoreSimulator/Devices/4EC5F74C-5A9C-4D89-8E44-374310E684AE/data/Containers/Bundle/Application/A01C5F69-BB9C-48BF-96DA-638EDBEBF8DB/YourSofia.app/assets/node_modules/.pnpm/@react-navigation+elements@2.6.4_@react-navigation+native@7.1.17_react-native@0.81.5_@b_28a2c3a7af745b08fd3e3ec803bf51ba/node_modules/@react-navigation/elements/lib/module/assets/close-icon.png
2026-08-17 11:28:17.722 Db YourSofia[99787:320a5b] [com.apple.CFBundle:resources] Resource lookup at CFBundle 0x600003b082a0 </Users/valentinasenov/Library/Developer/CoreSimulator/Devices/4EC5F74C-5A9C-4D89-8E44-374310E684AE/data/Containers/Bundle/Application/A01C5F69-BB9C-48BF-96DA-638EDBEBF8DB/YourSofia.app> (executable, loaded)
	Request       : close-icon@2x type: png path: assets/node_modules/.pnpm/@react-navigation+elements@2.6.4_@react-navigation+native@7.1.17_react-native@0.81.5_@b_28a2c3a7af745b08fd3e3ec803bf51ba/node_modules/@react-navigation/elements/lib/module/assets
	Result        : file:///Users/valentinasenov/Library/Developer/CoreSimulator/Devices/4EC5F74C-5A9C-4D89-8E44-374310E684AE/data/Containers/Bundle/Application/A01C5F69-BB9C-48BF-96DA-638EDBEBF8DB/YourSofia.app/assets/node_modules/.pnpm/@react-navigation+elements@2.6.4_@react-navigation+native@7.1.17_react-native@0.81.5_@b_28a2c3a7af745b08fd3e3ec803bf51ba/node_modules/@react-navigation/elements/lib/module/assets/close-icon@2x.png
2026-08-17 11:28:17.722 Db YourSofia[99787:320a5b] [com.apple.CFBundle:resources] Resource lookup at CFBundle 0x600003b082a0 </Users/valentinasenov/Library/Developer/CoreSimulator/Devices/4EC5F74C-5A9C-4D89-8E44-374310E684AE/data/Containers/Bundle/Application/A01C5F69-BB9C-48BF-96DA-638EDBEBF8DB/YourSofia.app> (executable, loaded)
	Request       : close-icon@3x type: png path: assets/node_modules/.pnpm/@react-navigation+elements@2.6.4_@react-navigation+native@7.1.17_react-native@0.81.5_@b_28a2c3a7af745b08fd3e3ec803bf51ba/node_modules/@react-navigation/elements/lib/module/assets
	Result        : file:///Users/valentinasenov/Library/Developer/CoreSimulator/Devices/4EC5F74C-5A9C-4D89-8E44-374310E684AE/data/Containers/Bundle/Application/A01C5F69-BB9C-48BF-96DA-638EDBEBF8DB/YourSofia.app/assets/node_modules/.pnpm/@react-navigation+elements@2.6.4_@react-navigation+native@7.1.17_react-native@0.81.5_@b_28a2c3a7af745b08fd3e3ec803bf51ba/node_modules/@react-navigation/elements/lib/module/assets/close-icon@3x.png
2026-08-17 11:28:17.722 Db YourSofia[99787:320a5b] [com.apple.CFBundle:resources] Resource lookup at CFBundle 0x600003b082a0 </Users/valentinasenov/Library/Developer/CoreSimulator/Devices/4EC5F74C-5A9C-4D89-8E44-374310E684AE/data/Containers/Bundle/Application/A01C5F69-BB9C-48BF-96DA-638EDBEBF8DB/YourSofia.app> (executable, loaded)
	Request       : search-icon type: png path: assets/node_modules/.pnpm/@react-navigation+elements@2.6.4_@react-navigation+native@7.1.17_react-native@0.81.5_@b_28a2c3a7af745b08fd3e3ec803bf51ba/node_modules/@react-navigation/elements/lib/module/assets
	Result        : file:///Users/valentinasenov/Library/Developer/CoreSimulator/Devices/4EC5F74C-5A9C-4D89-8E44-374310E684AE/data/Containers/Bundle/Application/A01C5F69-BB9C-48BF-96DA-638EDBEBF8DB/YourSofia.app/assets/node_modules/.pnpm/@react-navigation+elements@2.6.4_@react-navigation+native@7.1.17_react-native@0.81.5_@b_28a2c3a7af745b08fd3e3ec803bf51ba/node_modules/@react-navigation/elements/lib/module/assets/search-icon.png
2026-08-17 11:28:17.723 Db YourSofia[99787:320a5b] [com.apple.CFBundle:resources] Resource lookup at CFBundle 0x600003b082a0 </Users/valentinasenov/Library/Developer/CoreSimulator/Devices/4EC5F74C-5A9C-4D89-8E44-374310E684AE/data/Containers/Bundle/Application/A01C5F69-BB9C-48BF-96DA-638EDBEBF8DB/YourSofia.app> (executable, loaded)
	Request       : search-icon@2x type: png path: assets/node_modules/.pnpm/@react-navigation+elements@2.6.4_@react-navigation+native@7.1.17_react-native@0.81.5_@b_28a2c3a7af745b08fd3e3ec803bf51ba/node_modules/@react-navigation/elements/lib/module/assets
	Result        : file:///Users/valentinasenov/Library/Developer/CoreSimulator/Devices/4EC5F74C-5A9C-4D89-8E44-374310E684AE/data/Containers/Bundle/Application/A01C5F69-BB9C-48BF-96DA-638EDBEBF8DB/YourSofia.app/assets/node_modules/.pnpm/@react-navigation+elements@2.6.4_@react-navigation+native@7.1.17_react-native@0.81.5_@b_28a2c3a7af745b08fd3e3ec803bf51ba/node_modules/@react-navigation/elements/lib/module/assets/search-icon@2x.png
2026-08-17 11:28:17.723 Db YourSofia[99787:320a5b] [com.apple.CFBundle:resources] Resource lookup at CFBundle 0x600003b082a0 </Users/valentinasenov/Library/Developer/CoreSimulator/Devices/4EC5F74C-5A9C-4D89-8E44-374310E684AE/data/Containers/Bundle/Application/A01C5F69-BB9C-48BF-96DA-638EDBEBF8DB/YourSofia.app> (executable, loaded)
	Request       : search-icon@3x type: png path: assets/node_modules/.pnpm/@react-navigation+elements@2.6.4_@react-navigation+native@7.1.17_react-native@0.81.5_@b_28a2c3a7af745b08fd3e3ec803bf51ba/node_modules/@react-navigation/elements/lib/module/assets
	Result        : file:///Users/valentinasenov/Library/Developer/CoreSimulator/Devices/4EC5F74C-5A9C-4D89-8E44-374310E684AE/data/Containers/Bundle/Application/A01C5F69-BB9C-48BF-96DA-638EDBEBF8DB/YourSofia.app/assets/node_modules/.pnpm/@react-navigation+elements@2.6.4_@react-navigation+native@7.1.17_react-native@0.81.5_@b_28a2c3a7af745b08fd3e3ec803bf51ba/node_modules/@react-navigation/elements/lib/module/assets/search-icon@3x.png
2026-08-17 11:28:17.723 Db YourSofia[99787:320a5b] [com.apple.CFBundle:resources] Resource lookup at CFBundle 0x600003b082a0 </Users/valentinasenov/Library/Developer/CoreSimulator/Devices/4EC5F74C-5A9C-4D89-8E44-374310E684AE/data/Containers/Bundle/Application/A01C5F69-BB9C-48BF-96DA-638EDBEBF8DB/YourSofia.app> (executable, loaded)
	Request       : error type: png path: assets/node_modules/.pnpm/expo-router@6.0.22_df0c677153b00f82db80c956be709681/node_modules/expo-router/assets
	Result        : file:///Users/valentinasenov/Library/Developer/CoreSimulator/Devices/4EC5F74C-5A9C-4D89-8E44-374310E684AE/data/Containers/Bundle/Application/A01C5F69-BB9C-48BF-96DA-638EDBEBF8DB/YourSofia.app/assets/node_modules/.pnpm/expo-router@6.0.22_df0c677153b00f82db80c956be709681/node_modules/expo-router/assets/error.png
2026-08-17 11:28:17.723 Db YourSofia[99787:320a5b] [com.apple.CFBundle:resources] Resource lookup at CFBundle 0x600003b082a0 </Users/valentinasenov/Library/Developer/CoreSimulator/Devices/4EC5F74C-5A9C-4D89-8E44-374310E684AE/data/Containers/Bundle/Application/A01C5F69-BB9C-48BF-96DA-638EDBEBF8DB/YourSofia.app> (executable, loaded)
	Request       : file type: png path: assets/node_modules/.pnpm/expo-router@6.0.22_df0c677153b00f82db80c956be709681/node_modules/expo-router/assets
	Result        : file:///Users/valentinasenov/Library/Developer/CoreSimulator/Devices/4EC5F74C-5A9C-4D89-8E44-374310E684AE/data/Containers/Bundle/Application/A01C5F69-BB9C-48BF-96DA-638EDBEBF8DB/YourSofia.app/assets/node_modules/.pnpm/expo-router@6.0.22_df0c677153b00f82db80c956be709681/node_modules/expo-router/assets/file.png
2026-08-17 11:28:17.723 Db YourSofia[99787:320a5b] [com.apple.CFBundle:resources] Resource lookup at CFBundle 0x600003b082a0 </Users/valentinasenov/Library/Developer/CoreSimulator/Devices/4EC5F74C-5A9C-4D89-8E44-374310E684AE/data/Containers/Bundle/Application/A01C5F69-BB9C-48BF-96DA-638EDBEBF8DB/YourSofia.app> (executable, loaded)
	Request       : pkg type: png path: assets/node_modules/.pnpm/expo-router@6.0.22_df0c677153b00f82db80c956be709681/node_modules/expo-router/assets
	Result        : file:///Users/valentinasenov/Library/Developer/CoreSimulator/Devices/4EC5F74C-5A9C-4D89-8E44-374310E684AE/data/Containers/Bundle/Application/A01C5F69-BB9C-48BF-96DA-638EDBEBF8DB/YourSofia.app/assets/node_modules/.pnpm/expo-router@6.0.22_df0c677153b00f82db80c956be709681/node_modules/expo-router/assets/pkg.png
2026-08-17 11:28:17.723 Db YourSofia[99787:320a5b] [com.apple.CFBundle:resources] Resource lookup at CFBundle 0x600003b082a0 </Users/valentinasenov/Library/Developer/CoreSimulator/Devices/4EC5F74C-5A9C-4D89-8E44-374310E684AE/data/Containers/Bundle/Application/A01C5F69-BB9C-48BF-96DA-638EDBEBF8DB/YourSofia.app> (executable, loaded)
	Request       : forward type: png path: assets/node_modules/.pnpm/expo-router@6.0.22_df0c677153b00f82db80c956be709681/node_modules/expo-router/assets
	Result        : file:///Users/valentinasenov/Library/Developer/CoreSimulator/Devices/4EC5F74C-5A9C-4D89-8E44-374310E684AE/data/Containers/Bundle/Application/A01C5F69-BB9C-48BF-96DA-638EDBEBF8DB/YourSofia.app/assets/node_modules/.pnpm/expo-router@6.0.22_df0c677153b00f82db80c956be709681/node_modules/expo-router/assets/forward.png
2026-08-17 11:28:17.723 Db YourSofia[99787:320a5b] [com.apple.CFBundle:resources] Resource lookup at CFBundle 0x600003b082a0 </Users/valentinasenov/Library/Developer/CoreSimulator/Devices/4EC5F74C-5A9C-4D89-8E44-374310E684AE/data/Containers/Bundle/Application/A01C5F69-BB9C-48BF-96DA-638EDBEBF8DB/YourSofia.app> (executable, loaded)
	Request       : sitemap type: png path: assets/node_modules/.pnpm/expo-router@6.0.22_df0c677153b00f82db80c956be709681/node_modules/expo-router/assets
	Result        : file:///Users/valentinasenov/Library/Developer/CoreSimulator/Devices/4EC5F74C-5A9C-4D89-8E44-374310E684AE/data/Containers/Bundle/Application/A01C5F69-BB9C-48BF-96DA-638EDBEBF8DB/YourSofia.app/assets/node_modules/.pnpm/expo-router@6.0.22_df0c677153b00f82db80c956be709681/node_modules/expo-router/assets/sitemap.png
2026-08-17 11:28:17.723 Db YourSofia[99787:320a5b] [com.apple.CFBundle:resources] Resource lookup at CFBundle 0x600003b082a0 </Users/valentinasenov/Library/Developer/CoreSimulator/Devices/4EC5F74C-5A9C-4D89-8E44-374310E684AE/data/Containers/Bundle/Application/A01C5F69-BB9C-48BF-96DA-638EDBEBF8DB/YourSofia.app> (executable, loaded)
	Request       : arrow_down type: png path: assets/node_modules/.pnpm/expo-router@6.0.22_df0c677153b00f82db80c956be709681/node_modules/expo-router/assets
	Result        : file:///Users/valentinasenov/Library/Developer/CoreSimulator/Devices/4EC5F74C-5A9C-4D89-8E44-374310E684AE/data/Containers/Bundle/Application/A01C5F69-BB9C-48BF-96DA-638EDBEBF8DB/YourSofia.app/assets/node_modules/.pnpm/expo-router@6.0.22_df0c677153b00f82db80c956be709681/node_modules/expo-router/assets/arrow_down.png
2026-08-17 11:28:17.723 Db YourSofia[99787:320a5b] [com.apple.CFBundle:resources] Resource lookup at CFBundle 0x600003b082a0 </Users/valentinasenov/Library/Developer/CoreSimulator/Devices/4EC5F74C-5A9C-4D89-8E44-374310E684AE/data/Containers/Bundle/Application/A01C5F69-BB9C-48BF-96DA-638EDBEBF8DB/YourSofia.app> (executable, loaded)
	Request       : unmatched type: png path: assets/node_modules/.pnpm/expo-router@6.0.22_df0c677153b00f82db80c956be709681/node_modules/expo-router/assets
	Result        : file:///Users/valentinasenov/Library/Developer/CoreSimulator/Devices/4EC5F74C-5A9C-4D89-8E44-374310E684AE/data/Containers/Bundle/Application/A01C5F69-BB9C-48BF-96DA-638EDBEBF8DB/YourSofia.app/assets/node_modules/.pnpm/expo-router@6.0.22_df0c677153b00f82db80c956be709681/node_modules/expo-router/assets/unmatched.png
2026-08-17 11:28:17.723 Db YourSofia[99787:320a5b] [com.apple.CFBundle:resources] Resource lookup at CFBundle 0x600003b082a0 </Users/valentinasenov/Library/Developer/CoreSimulator/Devices/4EC5F74C-5A9C-4D89-8E44-374310E684AE/data/Containers/Bundle/Application/A01C5F69-BB9C-48BF-96DA-638EDBEBF8DB/YourSofia.app> (executable, loaded)
	Request       : JetBrainsMono_500Medium type: ttf path: assets/node_modules/.pnpm/@expo-google-fonts+jetbrains-mono@0.4.1/node_modules/@expo-google-fonts/jetbrains-mono/500Medium
	Result        : file:///Users/valentinasenov/Library/Developer/CoreSimulator/Devices/4EC5F74C-5A9C-4D89-8E44-374310E684AE/data/Containers/Bundle/Application/A01C5F69-BB9C-48BF-96DA-638EDBEBF8DB/YourSofia.app/assets/node_modules/.pnpm/@expo-google-fonts+jetbrains-mono@0.4.1/node_modules/@expo-google-fonts/jetbrains-mono/500Medium/JetBrainsMono_500Medium.ttf
2026-08-17 11:28:17.723 Db YourSofia[99787:320a5b] [com.apple.CFBundle:resources] Resource lookup at CFBundle 0x600003b082a0 </Users/valentinasenov/Library/Developer/CoreSimulator/Devices/4EC5F74C-5A9C-4D89-8E44-374310E684AE/data/Containers/Bundle/Application/A01C5F69-BB9C-48BF-96DA-638EDBEBF8DB/YourSofia.app> (executable, loaded)
	Request       : SofiaSans_100Thin type: ttf path: assets/node_modules/.pnpm/@expo-google-fonts+sofia-sans@0.4.3/node_modules/@expo-google-fonts/sofia-sans/100Thin
	Result        : file:///Users/valentinasenov/Library/Developer/CoreSimulator/Devices/4EC5F74C-5A9C-4D89-8E44-374310E684AE/data/Containers/Bundle/Application/A01C5F69-BB9C-48BF-96DA-638EDBEBF8DB/YourSofia.app/assets/node_modules/.pnpm/@expo-google-fonts+sofia-sans@0.4.3/node_modules/@expo-google-fonts/sofia-sans/100Thin/SofiaSans_100Thin.ttf
2026-08-17 11:28:17.724 Db YourSofia[99787:320a5b] [com.apple.CFBundle:resources] Resource lookup at CFBundle 0x600003b082a0 </Users/valentinasenov/Library/Developer/CoreSimulator/Devices/4EC5F74C-5A9C-4D89-8E44-374310E684AE/data/Containers/Bundle/Application/A01C5F69-BB9C-48BF-96DA-638EDBEBF8DB/YourSofia.app> (executable, loaded)
	Request       : SofiaSans_200ExtraLight type: ttf path: assets/node_modules/.pnpm/@expo-google-fonts+sofia-sans@0.4.3/node_modules/@expo-google-fonts/sofia-sans/200ExtraLight
	Result        : file:///Users/valentinasenov/Library/Developer/CoreSimulator/Devices/4EC5F74C-5A9C-4D89-8E44-374310E684AE/data/Containers/Bundle/Application/A01C5F69-BB9C-48BF-96DA-638EDBEBF8DB/YourSofia.app/assets/node_modules/.pnpm/@expo-google-fonts+sofia-sans@0.4.3/node_modules/@expo-google-fonts/sofia-sans/200ExtraLight/SofiaSans_200ExtraLight.ttf
2026-08-17 11:28:17.724 Db YourSofia[99787:320a5b] [com.apple.CFBundle:resources] Resource lookup at CFBundle 0x600003b082a0 </Users/valentinasenov/Library/Developer/CoreSimulator/Devices/4EC5F74C-5A9C-4D89-8E44-374310E684AE/data/Containers/Bundle/Application/A01C5F69-BB9C-48BF-96DA-638EDBEBF8DB/YourSofia.app> (executable, loaded)
	Request       : SofiaSans_300Light type: ttf path: assets/node_modules/.pnpm/@expo-google-fonts+sofia-sans@0.4.3/node_modules/@expo-google-fonts/sofia-sans/300Light
	Result        : file:///Users/valentinasenov/Library/Developer/CoreSimulator/Devices/4EC5F74C-5A9C-4D89-8E44-374310E684AE/data/Containers/Bundle/Application/A01C5F69-BB9C-48BF-96DA-638EDBEBF8DB/YourSofia.app/assets/node_modules/.pnpm/@expo-google-fonts+sofia-sans@0.4.3/node_modules/@expo-google-fonts/sofia-sans/300Light/SofiaSans_300Light.ttf
2026-08-17 11:28:17.724 Db YourSofia[99787:320a5b] [com.apple.CFBundle:resources] Resource lookup at CFBundle 0x600003b082a0 </Users/valentinasenov/Library/Developer/CoreSimulator/Devices/4EC5F74C-5A9C-4D89-8E44-374310E684AE/data/Containers/Bundle/Application/A01C5F69-BB9C-48BF-96DA-638EDBEBF8DB/YourSofia.app> (executable, loaded)
	Request       : SofiaSans_400Regular type: ttf path: assets/node_modules/.pnpm/@expo-google-fonts+sofia-sans@0.4.3/node_modules/@expo-google-fonts/sofia-sans/400Regular
	Result        : file:///Users/valentinasenov/Library/Developer/CoreSimulator/Devices/4EC5F74C-5A9C-4D89-8E44-374310E684AE/data/Containers/Bundle/Application/A01C5F69-BB9C-48BF-96DA-638EDBEBF8DB/YourSofia.app/assets/node_modules/.pnpm/@expo-google-fonts+sofia-sans@0.4.3/node_modules/@expo-google-fonts/sofia-sans/400Regular/SofiaSans_400Regular.ttf
2026-08-17 11:28:17.724 Db YourSofia[99787:320a5b] [com.apple.CFBundle:resources] Resource lookup at CFBundle 0x600003b082a0 </Users/valentinasenov/Library/Developer/CoreSimulator/Devices/4EC5F74C-5A9C-4D89-8E44-374310E684AE/data/Containers/Bundle/Application/A01C5F69-BB9C-48BF-96DA-638EDBEBF8DB/YourSofia.app> (executable, loaded)
	Request       : SofiaSans_500Medium type: ttf path: assets/node_modules/.pnpm/@expo-google-fonts+sofia-sans@0.4.3/node_modules/@expo-google-fonts/sofia-sans/500Medium
	Result        : file:///Users/valentinasenov/Library/Developer/CoreSimulator/Devices/4EC5F74C-5A9C-4D89-8E44-374310E684AE/data/Containers/Bundle/Application/A01C5F69-BB9C-48BF-96DA-638EDBEBF8DB/YourSofia.app/assets/node_modules/.pnpm/@expo-google-fonts+sofia-sans@0.4.3/node_modules/@expo-google-fonts/sofia-sans/500Medium/SofiaSans_500Medium.ttf
2026-08-17 11:28:17.724 Db YourSofia[99787:320a5b] [com.apple.CFBundle:resources] Resource lookup at CFBundle 0x600003b082a0 </Users/valentinasenov/Library/Developer/CoreSimulator/Devices/4EC5F74C-5A9C-4D89-8E44-374310E684AE/data/Containers/Bundle/Application/A01C5F69-BB9C-48BF-96DA-638EDBEBF8DB/YourSofia.app> (executable, loaded)
	Request       : SofiaSans_600SemiBold type: ttf path: assets/node_modules/.pnpm/@expo-google-fonts+sofia-sans@0.4.3/node_modules/@expo-google-fonts/sofia-sans/600SemiBold
	Result        : file:///Users/valentinasenov/Library/Developer/CoreSimulator/Devices/4EC5F74C-5A9C-4D89-8E44-374310E684AE/data/Containers/Bundle/Application/A01C5F69-BB9C-48BF-96DA-638EDBEBF8DB/YourSofia.app/assets/node_modules/.pnpm/@expo-google-fonts+sofia-sans@0.4.3/node_modules/@expo-google-fonts/sofia-sans/600SemiBold/SofiaSans_600SemiBold.ttf
2026-08-17 11:28:17.724 Db YourSofia[99787:320a5b] [com.apple.CFBundle:resources] Resource lookup at CFBundle 0x600003b082a0 </Users/valentinasenov/Library/Developer/CoreSimulator/Devices/4EC5F74C-5A9C-4D89-8E44-374310E684AE/data/Containers/Bundle/Application/A01C5F69-BB9C-48BF-96DA-638EDBEBF8DB/YourSofia.app> (executable, loaded)
	Request       : SofiaSans_700Bold type: ttf path: assets/node_modules/.pnpm/@expo-google-fonts+sofia-sans@0.4.3/node_modules/@expo-google-fonts/sofia-sans/700Bold
	Result        : file:///Users/valentinasenov/Library/Developer/CoreSimulator/Devices/4EC5F74C-5A9C-4D89-8E44-374310E684AE/data/Containers/Bundle/Application/A01C5F69-BB9C-48BF-96DA-638EDBEBF8DB/YourSofia.app/assets/node_modules/.pnpm/@expo-google-fonts+sofia-sans@0.4.3/node_modules/@expo-google-fonts/sofia-sans/700Bold/SofiaSans_700Bold.ttf
2026-08-17 11:28:17.724 Db YourSofia[99787:320a5b] [com.apple.CFBundle:resources] Resource lookup at CFBundle 0x600003b082a0 </Users/valentinasenov/Library/Developer/CoreSimulator/Devices/4EC5F74C-5A9C-4D89-8E44-374310E684AE/data/Containers/Bundle/Application/A01C5F69-BB9C-48BF-96DA-638EDBEBF8DB/YourSofia.app> (executable, loaded)
	Request       : SofiaSans_800ExtraBold type: ttf path: assets/node_modules/.pnpm/@expo-google-fonts+sofia-sans@0.4.3/node_modules/@expo-google-fonts/sofia-sans/800ExtraBold
	Result        : file:///Users/valentinasenov/Library/Developer/CoreSimulator/Devices/4EC5F74C-5A9C-4D89-8E44-374310E684AE/data/Containers/Bundle/Application/A01C5F69-BB9C-48BF-96DA-638EDBEBF8DB/YourSofia.app/assets/node_modules/.pnpm/@expo-google-fonts+sofia-sans@0.4.3/node_modules/@expo-google-fonts/sofia-sans/800ExtraBold/SofiaSans_800ExtraBold.ttf
2026-08-17 11:28:17.724 Db YourSofia[99787:320a5b] [com.apple.CFBundle:resources] Resource lookup at CFBundle 0x600003b082a0 </Users/valentinasenov/Library/Developer/CoreSimulator/Devices/4EC5F74C-5A9C-4D89-8E44-374310E684AE/data/Containers/Bundle/Application/A01C5F69-BB9C-48BF-96DA-638EDBEBF8DB/YourSofia.app> (executable, loaded)
	Request       : SofiaSans_900Black type: ttf path: assets/node_modules/.pnpm/@expo-google-fonts+sofia-sans@0.4.3/node_modules/@expo-google-fonts/sofia-sans/900Black
	Result        : file:///Users/valentinasenov/Library/Developer/CoreSimulator/Devices/4EC5F74C-5A9C-4D89-8E44-374310E684AE/data/Containers/Bundle/Application/A01C5F69-BB9C-48BF-96DA-638EDBEBF8DB/YourSofia.app/assets/node_modules/.pnpm/@expo-google-fonts+sofia-sans@0.4.3/node_modules/@expo-google-fonts/sofia-sans/900Black/SofiaSans_900Black.ttf
2026-08-17 11:28:17.724 Db YourSofia[99787:320a5b] [com.apple.CFBundle:resources] Resource lookup at CFBundle 0x600003b082a0 </Users/valentinasenov/Library/Developer/CoreSimulator/Devices/4EC5F74C-5A9C-4D89-8E44-374310E684AE/data/Containers/Bundle/Application/A01C5F69-BB9C-48BF-96DA-638EDBEBF8DB/YourSofia.app> (executable, loaded)
	Request       : SofiaSans_100Thin_Italic type: ttf path: assets/node_modules/.pnpm/@expo-google-fonts+sofia-sans@0.4.3/node_modules/@expo-google-fonts/sofia-sans/100Thin_Italic
	Result        : file:///Users/valentinasenov/Library/Developer/CoreSimulator/Devices/4EC5F74C-5A9C-4D89-8E44-374310E684AE/data/Containers/Bundle/Application/A01C5F69-BB9C-48BF-96DA-638EDBEBF8DB/YourSofia.app/assets/node_modules/.pnpm/@expo-google-fonts+sofia-sans@0.4.3/node_modules/@expo-google-fonts/sofia-sans/100Thin_Italic/SofiaSans_100Thin_Italic.ttf
2026-08-17 11:28:17.724 Db YourSofia[99787:320a5b] [com.apple.CFBundle:resources] Resource lookup at CFBundle 0x600003b082a0 </Users/valentinasenov/Library/Developer/CoreSimulator/Devices/4EC5F74C-5A9C-4D89-8E44-374310E684AE/data/Containers/Bundle/Application/A01C5F69-BB9C-48BF-96DA-638EDBEBF8DB/YourSofia.app> (executable, loaded)
	Request       : SofiaSans_200ExtraLight_Italic type: ttf path: assets/node_modules/.pnpm/@expo-google-fonts+sofia-sans@0.4.3/node_modules/@expo-google-fonts/sofia-sans/200ExtraLight_Italic
	Result        : file:///Users/valentinasenov/Library/Developer/CoreSimulator/Devices/4EC5F74C-5A9C-4D89-8E44-374310E684AE/data/Containers/Bundle/Application/A01C5F69-BB9C-48BF-96DA-638EDBEBF8DB/YourSofia.app/assets/node_modules/.pnpm/@expo-google-fonts+sofia-sans@0.4.3/node_modules/@expo-google-fonts/sofia-sans/200ExtraLight_Italic/SofiaSans_200ExtraLight_Italic.ttf
2026-08-17 11:28:17.724 Db YourSofia[99787:320a5b] [com.apple.CFBundle:resources] Resource lookup at CFBundle 0x600003b082a0 </Users/valentinasenov/Library/Developer/CoreSimulator/Devices/4EC5F74C-5A9C-4D89-8E44-374310E684AE/data/Containers/Bundle/Application/A01C5F69-BB9C-48BF-96DA-638EDBEBF8DB/YourSofia.app> (executable, loaded)
	Request       : SofiaSans_300Light_Italic type: ttf path: assets/node_modules/.pnpm/@expo-google-fonts+sofia-sans@0.4.3/node_modules/@expo-google-fonts/sofia-sans/300Light_Italic
	Result        : file:///Users/valentinasenov/Library/Developer/CoreSimulator/Devices/4EC5F74C-5A9C-4D89-8E44-374310E684AE/data/Containers/Bundle/Application/A01C5F69-BB9C-48BF-96DA-638EDBEBF8DB/YourSofia.app/assets/node_modules/.pnpm/@expo-google-fonts+sofia-sans@0.4.3/node_modules/@expo-google-fonts/sofia-sans/300Light_Italic/SofiaSans_300Light_Italic.ttf
2026-08-17 11:28:17.724 Db YourSofia[99787:320a5b] [com.apple.CFBundle:resources] Resource lookup at CFBundle 0x600003b082a0 </Users/valentinasenov/Library/Developer/CoreSimulator/Devices/4EC5F74C-5A9C-4D89-8E44-374310E684AE/data/Containers/Bundle/Application/A01C5F69-BB9C-48BF-96DA-638EDBEBF8DB/YourSofia.app> (executable, loaded)
	Request       : SofiaSans_400Regular_Italic type: ttf path: assets/node_modules/.pnpm/@expo-google-fonts+sofia-sans@0.4.3/node_modules/@expo-google-fonts/sofia-sans/400Regular_Italic
	Result        : file:///Users/valentinasenov/Library/Developer/CoreSimulator/Devices/4EC5F74C-5A9C-4D89-8E44-374310E684AE/data/Containers/Bundle/Application/A01C5F69-BB9C-48BF-96DA-638EDBEBF8DB/YourSofia.app/assets/node_modules/.pnpm/@expo-google-fonts+sofia-sans@0.4.3/node_modules/@expo-google-fonts/sofia-sans/400Regular_Italic/SofiaSans_400Regular_Italic.ttf
2026-08-17 11:28:17.724 Db YourSofia[99787:320a5b] [com.apple.CFBundle:resources] Resource lookup at CFBundle 0x600003b082a0 </Users/valentinasenov/Library/Developer/CoreSimulator/Devices/4EC5F74C-5A9C-4D89-8E44-374310E684AE/data/Containers/Bundle/Application/A01C5F69-BB9C-48BF-96DA-638EDBEBF8DB/YourSofia.app> (executable, loaded)
	Request       : SofiaSans_500Medium_Italic type: ttf path: assets/node_modules/.pnpm/@expo-google-fonts+sofia-sans@0.4.3/node_modules/@expo-google-fonts/sofia-sans/500Medium_Italic
	Result        : file:///Users/valentinasenov/Library/Developer/CoreSimulator/Devices/4EC5F74C-5A9C-4D89-8E44-374310E684AE/data/Containers/Bundle/Application/A01C5F69-BB9C-48BF-96DA-638EDBEBF8DB/YourSofia.app/assets/node_modules/.pnpm/@expo-google-fonts+sofia-sans@0.4.3/node_modules/@expo-google-fonts/sofia-sans/500Medium_Italic/SofiaSans_500Medium_Italic.ttf
2026-08-17 11:28:17.724 Db YourSofia[99787:320a5b] [com.apple.CFBundle:resources] Resource lookup at CFBundle 0x600003b082a0 </Users/valentinasenov/Library/Developer/CoreSimulator/Devices/4EC5F74C-5A9C-4D89-8E44-374310E684AE/data/Containers/Bundle/Application/A01C5F69-BB9C-48BF-96DA-638EDBEBF8DB/YourSofia.app> (executable, loaded)
	Request       : SofiaSans_600SemiBold_Italic type: ttf path: assets/node_modules/.pnpm/@expo-google-fonts+sofia-sans@0.4.3/node_modules/@expo-google-fonts/sofia-sans/600SemiBold_Italic
	Result        : file:///Users/valentinasenov/Library/Developer/CoreSimulator/Devices/4EC5F74C-5A9C-4D89-8E44-374310E684AE/data/Containers/Bundle/Application/A01C5F69-BB9C-48BF-96DA-638EDBEBF8DB/YourSofia.app/assets/node_modules/.pnpm/@expo-google-fonts+sofia-sans@0.4.3/node_modules/@expo-google-fonts/sofia-sans/600SemiBold_Italic/SofiaSans_600SemiBold_Italic.ttf
2026-08-17 11:28:17.724 Db YourSofia[99787:320a5b] [com.apple.CFBundle:resources] Resource lookup at CFBundle 0x600003b082a0 </Users/valentinasenov/Library/Developer/CoreSimulator/Devices/4EC5F74C-5A9C-4D89-8E44-374310E684AE/data/Containers/Bundle/Application/A01C5F69-BB9C-48BF-96DA-638EDBEBF8DB/YourSofia.app> (executable, loaded)
	Request       : SofiaSans_700Bold_Italic type: ttf path: assets/node_modules/.pnpm/@expo-google-fonts+sofia-sans@0.4.3/node_modules/@expo-google-fonts/sofia-sans/700Bold_Italic
	Result        : file:///Users/valentinasenov/Library/Developer/CoreSimulator/Devices/4EC5F74C-5A9C-4D89-8E44-374310E684AE/data/Containers/Bundle/Application/A01C5F69-BB9C-48BF-96DA-638EDBEBF8DB/YourSofia.app/assets/node_modules/.pnpm/@expo-google-fonts+sofia-sans@0.4.3/node_modules/@expo-google-fonts/sofia-sans/700Bold_Italic/SofiaSans_700Bold_Italic.ttf
2026-08-17 11:28:17.724 Db YourSofia[99787:320a5b] [com.apple.CFBundle:resources] Resource lookup at CFBundle 0x600003b082a0 </Users/valentinasenov/Library/Developer/CoreSimulator/Devices/4EC5F74C-5A9C-4D89-8E44-374310E684AE/data/Containers/Bundle/Application/A01C5F69-BB9C-48BF-96DA-638EDBEBF8DB/YourSofia.app> (executable, loaded)
	Request       : SofiaSans_800ExtraBold_Italic type: ttf path: assets/node_modules/.pnpm/@expo-google-fonts+sofia-sans@0.4.3/node_modules/@expo-google-fonts/sofia-sans/800ExtraBold_Italic
	Result        : file:///Users/valentinasenov/Library/Developer/CoreSimulator/Devices/4EC5F74C-5A9C-4D89-8E44-374310E684AE/data/Containers/Bundle/Application/A01C5F69-BB9C-48BF-96DA-638EDBEBF8DB/YourSofia.app/assets/node_modules/.pnpm/@expo-google-fonts+sofia-sans@0.4.3/node_modules/@expo-google-fonts/sofia-sans/800ExtraBold_Italic/SofiaSans_800ExtraBold_Italic.ttf
2026-08-17 11:28:17.724 Db YourSofia[99787:320a5b] [com.apple.CFBundle:resources] Resource lookup at CFBundle 0x600003b082a0 </Users/valentinasenov/Library/Developer/CoreSimulator/Devices/4EC5F74C-5A9C-4D89-8E44-374310E684AE/data/Containers/Bundle/Application/A01C5F69-BB9C-48BF-96DA-638EDBEBF8DB/YourSofia.app> (executable, loaded)
	Request       : SofiaSans_900Black_Italic type: ttf path: assets/node_modules/.pnpm/@expo-google-fonts+sofia-sans@0.4.3/node_modules/@expo-google-fonts/sofia-sans/900Black_Italic
	Result        : file:///Users/valentinasenov/Library/Developer/CoreSimulator/Devices/4EC5F74C-5A9C-4D89-8E44-374310E684AE/data/Containers/Bundle/Application/A01C5F69-BB9C-48BF-96DA-638EDBEBF8DB/YourSofia.app/assets/node_modules/.pnpm/@expo-google-fonts+sofia-sans@0.4.3/node_modules/@expo-google-fonts/sofia-sans/900Black_Italic/SofiaSans_900Black_Italic.ttf
2026-08-17 11:28:17.724 Db YourSofia[99787:320a5b] [com.apple.CFBundle:resources] Resource lookup at CFBundle 0x600003b082a0 </Users/valentinasenov/Library/Developer/CoreSimulator/Devices/4EC5F74C-5A9C-4D89-8E44-374310E684AE/data/Containers/Bundle/Application/A01C5F69-BB9C-48BF-96DA-638EDBEBF8DB/YourSofia.app> (executable, loaded)
	Request       : JetBrainsMono_100Thin type: ttf path: assets/node_modules/.pnpm/@expo-google-fonts+jetbrains-mono@0.4.1/node_modules/@expo-google-fonts/jetbrains-mono/100Thin
	Result        : file:///Users/valentinasenov/Library/Developer/CoreSimulator/Devices/4EC5F74C-5A9C-4D89-8E44-374310E684AE/data/Containers/Bundle/Application/A01C5F69-BB9C-48BF-96DA-638EDBEBF8DB/YourSofia.app/assets/node_modules/.pnpm/@expo-google-fonts+jetbrains-mono@0.4.1/node_modules/@expo-google-fonts/jetbrains-mono/100Thin/JetBrainsMono_100Thin.ttf
2026-08-17 11:28:17.725 Db YourSofia[99787:320a5b] [com.apple.CFBundle:resources] Resource lookup at CFBundle 0x600003b082a0 </Users/valentinasenov/Library/Developer/CoreSimulator/Devices/4EC5F74C-5A9C-4D89-8E44-374310E684AE/data/Containers/Bundle/Application/A01C5F69-BB9C-48BF-96DA-638EDBEBF8DB/YourSofia.app> (executable, loaded)
	Request       : JetBrainsMono_200ExtraLight type: ttf path: assets/node_modules/.pnpm/@expo-google-fonts+jetbrains-mono@0.4.1/node_modules/@expo-google-fonts/jetbrains-mono/200ExtraLight
	Result        : file:///Users/valentinasenov/Library/Developer/CoreSimulator/Devices/4EC5F74C-5A9C-4D89-8E44-374310E684AE/data/Containers/Bundle/Application/A01C5F69-BB9C-48BF-96DA-638EDBEBF8DB/YourSofia.app/assets/node_modules/.pnpm/@expo-google-fonts+jetbrains-mono@0.4.1/node_modules/@expo-google-fonts/jetbrains-mono/200ExtraLight/JetBrainsMono_200ExtraLight.ttf
2026-08-17 11:28:17.725 Db YourSofia[99787:320a5b] [com.apple.CFBundle:resources] Resource lookup at CFBundle 0x600003b082a0 </Users/valentinasenov/Library/Developer/CoreSimulator/Devices/4EC5F74C-5A9C-4D89-8E44-374310E684AE/data/Containers/Bundle/Application/A01C5F69-BB9C-48BF-96DA-638EDBEBF8DB/YourSofia.app> (executable, loaded)
	Request       : JetBrainsMono_300Light type: ttf path: assets/node_modules/.pnpm/@expo-google-fonts+jetbrains-mono@0.4.1/node_modules/@expo-google-fonts/jetbrains-mono/300Light
	Result        : file:///Users/valentinasenov/Library/Developer/CoreSimulator/Devices/4EC5F74C-5A9C-4D89-8E44-374310E684AE/data/Containers/Bundle/Application/A01C5F69-BB9C-48BF-96DA-638EDBEBF8DB/YourSofia.app/assets/node_modules/.pnpm/@expo-google-fonts+jetbrains-mono@0.4.1/node_modules/@expo-google-fonts/jetbrains-mono/300Light/JetBrainsMono_300Light.ttf
2026-08-17 11:28:17.725 Db YourSofia[99787:320a5b] [com.apple.CFBundle:resources] Resource lookup at CFBundle 0x600003b082a0 </Users/valentinasenov/Library/Developer/CoreSimulator/Devices/4EC5F74C-5A9C-4D89-8E44-374310E684AE/data/Containers/Bundle/Application/A01C5F69-BB9C-48BF-96DA-638EDBEBF8DB/YourSofia.app> (executable, loaded)
	Request       : JetBrainsMono_400Regular type: ttf path: assets/node_modules/.pnpm/@expo-google-fonts+jetbrains-mono@0.4.1/node_modules/@expo-google-fonts/jetbrains-mono/400Regular
	Result        : file:///Users/valentinasenov/Library/Developer/CoreSimulator/Devices/4EC5F74C-5A9C-4D89-8E44-374310E684AE/data/Containers/Bundle/Application/A01C5F69-BB9C-48BF-96DA-638EDBEBF8DB/YourSofia.app/assets/node_modules/.pnpm/@expo-google-fonts+jetbrains-mono@0.4.1/node_modules/@expo-google-fonts/jetbrains-mono/400Regular/JetBrainsMono_400Regular.ttf
2026-08-17 11:28:17.725 Db YourSofia[99787:320a5b] [com.apple.CFBundle:resources] Resource lookup at CFBundle 0x600003b082a0 </Users/valentinasenov/Library/Developer/CoreSimulator/Devices/4EC5F74C-5A9C-4D89-8E44-374310E684AE/data/Containers/Bundle/Application/A01C5F69-BB9C-48BF-96DA-638EDBEBF8DB/YourSofia.app> (executable, loaded)
	Request       : JetBrainsMono_600SemiBold type: ttf path: assets/node_modules/.pnpm/@expo-google-fonts+jetbrains-mono@0.4.1/node_modules/@expo-google-fonts/jetbrains-mono/600SemiBold
	Result        : file:///Users/valentinasenov/Library/Developer/CoreSimulator/Devices/4EC5F74C-5A9C-4D89-8E44-374310E684AE/data/Containers/Bundle/Application/A01C5F69-BB9C-48BF-96DA-638EDBEBF8DB/YourSofia.app/assets/node_modules/.pnpm/@expo-google-fonts+jetbrains-mono@0.4.1/node_modules/@expo-google-fonts/jetbrains-mono/600SemiBold/JetBrainsMono_600SemiBold.ttf
2026-08-17 11:28:17.725 Db YourSofia[99787:320a5b] [com.apple.CFBundle:resources] Resource lookup at CFBundle 0x600003b082a0 </Users/valentinasenov/Library/Developer/CoreSimulator/Devices/4EC5F74C-5A9C-4D89-8E44-374310E684AE/data/Containers/Bundle/Application/A01C5F69-BB9C-48BF-96DA-638EDBEBF8DB/YourSofia.app> (executable, loaded)
	Request       : JetBrainsMono_700Bold type: ttf path: assets/node_modules/.pnpm/@expo-google-fonts+jetbrains-mono@0.4.1/node_modules/@expo-google-fonts/jetbrains-mono/700Bold
	Result        : file:///Users/valentinasenov/Library/Developer/CoreSimulator/Devices/4EC5F74C-5A9C-4D89-8E44-374310E684AE/data/Containers/Bundle/Application/A01C5F69-BB9C-48BF-96DA-638EDBEBF8DB/YourSofia.app/assets/node_modules/.pnpm/@expo-google-fonts+jetbrains-mono@0.4.1/node_modules/@expo-google-fonts/jetbrains-mono/700Bold/JetBrainsMono_700Bold.ttf
2026-08-17 11:28:17.725 Db YourSofia[99787:320a5b] [com.apple.CFBundle:resources] Resource lookup at CFBundle 0x600003b082a0 </Users/valentinasenov/Library/Developer/CoreSimulator/Devices/4EC5F74C-5A9C-4D89-8E44-374310E684AE/data/Containers/Bundle/Application/A01C5F69-BB9C-48BF-96DA-638EDBEBF8DB/YourSofia.app> (executable, loaded)
	Request       : JetBrainsMono_800ExtraBold type: ttf path: assets/node_modules/.pnpm/@expo-google-fonts+jetbrains-mono@0.4.1/node_modules/@expo-google-fonts/jetbrains-mono/800ExtraBold
	Result        : file:///Users/valentinasenov/Library/Developer/CoreSimulator/Devices/4EC5F74C-5A9C-4D89-8E44-374310E684AE/data/Containers/Bundle/Application/A01C5F69-BB9C-48BF-96DA-638EDBEBF8DB/YourSofia.app/assets/node_modules/.pnpm/@expo-google-fonts+jetbrains-mono@0.4.1/node_modules/@expo-google-fonts/jetbrains-mono/800ExtraBold/JetBrainsMono_800ExtraBold.ttf
2026-08-17 11:28:17.725 Db YourSofia[99787:320a5b] [com.apple.CFBundle:resources] Resource lookup at CFBundle 0x600003b082a0 </Users/valentinasenov/Library/Developer/CoreSimulator/Devices/4EC5F74C-5A9C-4D89-8E44-374310E684AE/data/Containers/Bundle/Application/A01C5F69-BB9C-48BF-96DA-638EDBEBF8DB/YourSofia.app> (executable, loaded)
	Request       : JetBrainsMono_100Thin_Italic type: ttf path: assets/node_modules/.pnpm/@expo-google-fonts+jetbrains-mono@0.4.1/node_modules/@expo-google-fonts/jetbrains-mono/100Thin_Italic
	Result        : file:///Users/valentinasenov/Library/Developer/CoreSimulator/Devices/4EC5F74C-5A9C-4D89-8E44-374310E684AE/data/Containers/Bundle/Application/A01C5F69-BB9C-48BF-96DA-638EDBEBF8DB/YourSofia.app/assets/node_modules/.pnpm/@expo-google-fonts+jetbrains-mono@0.4.1/node_modules/@expo-google-fonts/jetbrains-mono/100Thin_Italic/JetBrainsMono_100Thin_Italic.ttf
2026-08-17 11:28:17.725 Db YourSofia[99787:320a5b] [com.apple.CFBundle:resources] Resource lookup at CFBundle 0x600003b082a0 </Users/valentinasenov/Library/Developer/CoreSimulator/Devices/4EC5F74C-5A9C-4D89-8E44-374310E684AE/data/Containers/Bundle/Application/A01C5F69-BB9C-48BF-96DA-638EDBEBF8DB/YourSofia.app> (executable, loaded)
	Request       : JetBrainsMono_200ExtraLight_Italic type: ttf path: assets/node_modules/.pnpm/@expo-google-fonts+jetbrains-mono@0.4.1/node_modules/@expo-google-fonts/jetbrains-mono/200ExtraLight_Italic
	Result        : file:///Users/valentinasenov/Library/Developer/CoreSimulator/Devices/4EC5F74C-5A9C-4D89-8E44-374310E684AE/data/Containers/Bundle/Application/A01C5F69-BB9C-48BF-96DA-638EDBEBF8DB/YourSofia.app/assets/node_modules/.pnpm/@expo-google-fonts+jetbrains-mono@0.4.1/node_modules/@expo-google-fonts/jetbrains-mono/200ExtraLight_Italic/JetBrainsMono_200ExtraLight_Italic.ttf
2026-08-17 11:28:17.725 Db YourSofia[99787:320a5b] [com.apple.CFBundle:resources] Resource lookup at CFBundle 0x600003b082a0 </Users/valentinasenov/Library/Developer/CoreSimulator/Devices/4EC5F74C-5A9C-4D89-8E44-374310E684AE/data/Containers/Bundle/Application/A01C5F69-BB9C-48BF-96DA-638EDBEBF8DB/YourSofia.app> (executable, loaded)
	Request       : JetBrainsMono_300Light_Italic type: ttf path: assets/node_modules/.pnpm/@expo-google-fonts+jetbrains-mono@0.4.1/node_modules/@expo-google-fonts/jetbrains-mono/300Light_Italic
	Result        : file:///Users/valentinasenov/Library/Developer/CoreSimulator/Devices/4EC5F74C-5A9C-4D89-8E44-374310E684AE/data/Containers/Bundle/Application/A01C5F69-BB9C-48BF-96DA-638EDBEBF8DB/YourSofia.app/assets/node_modules/.pnpm/@expo-google-fonts+jetbrains-mono@0.4.1/node_modules/@expo-google-fonts/jetbrains-mono/300Light_Italic/JetBrainsMono_300Light_Italic.ttf
2026-08-17 11:28:17.725 Db YourSofia[99787:320a5b] [com.apple.CFBundle:resources] Resource lookup at CFBundle 0x600003b082a0 </Users/valentinasenov/Library/Developer/CoreSimulator/Devices/4EC5F74C-5A9C-4D89-8E44-374310E684AE/data/Containers/Bundle/Application/A01C5F69-BB9C-48BF-96DA-638EDBEBF8DB/YourSofia.app> (executable, loaded)
	Request       : JetBrainsMono_400Regular_Italic type: ttf path: assets/node_modules/.pnpm/@expo-google-fonts+jetbrains-mono@0.4.1/node_modules/@expo-google-fonts/jetbrains-mono/400Regular_Italic
	Result        : file:///Users/valentinasenov/Library/Developer/CoreSimulator/Devices/4EC5F74C-5A9C-4D89-8E44-374310E684AE/data/Containers/Bundle/Application/A01C5F69-BB9C-48BF-96DA-638EDBEBF8DB/YourSofia.app/assets/node_modules/.pnpm/@expo-google-fonts+jetbrains-mono@0.4.1/node_modules/@expo-google-fonts/jetbrains-mono/400Regular_Italic/JetBrainsMono_400Regular_Italic.ttf
2026-08-17 11:28:17.725 Db YourSofia[99787:320a5b] [com.apple.CFBundle:resources] Resource lookup at CFBundle 0x600003b082a0 </Users/valentinasenov/Library/Developer/CoreSimulator/Devices/4EC5F74C-5A9C-4D89-8E44-374310E684AE/data/Containers/Bundle/Application/A01C5F69-BB9C-48BF-96DA-638EDBEBF8DB/YourSofia.app> (executable, loaded)
	Request       : JetBrainsMono_500Medium_Italic type: ttf path: assets/node_modules/.pnpm/@expo-google-fonts+jetbrains-mono@0.4.1/node_modules/@expo-google-fonts/jetbrains-mono/500Medium_Italic
	Result        : file:///Users/valentinasenov/Library/Developer/CoreSimulator/Devices/4EC5F74C-5A9C-4D89-8E44-374310E684AE/data/Containers/Bundle/Application/A01C5F69-BB9C-48BF-96DA-638EDBEBF8DB/YourSofia.app/assets/node_modules/.pnpm/@expo-google-fonts+jetbrains-mono@0.4.1/node_modules/@expo-google-fonts/jetbrains-mono/500Medium_Italic/JetBrainsMono_500Medium_Italic.ttf
2026-08-17 11:28:17.725 Db YourSofia[99787:320a5b] [com.apple.CFBundle:resources] Resource lookup at CFBundle 0x600003b082a0 </Users/valentinasenov/Library/Developer/CoreSimulator/Devices/4EC5F74C-5A9C-4D89-8E44-374310E684AE/data/Containers/Bundle/Application/A01C5F69-BB9C-48BF-96DA-638EDBEBF8DB/YourSofia.app> (executable, loaded)
	Request       : JetBrainsMono_600SemiBold_Italic type: ttf path: assets/node_modules/.pnpm/@expo-google-fonts+jetbrains-mono@0.4.1/node_modules/@expo-google-fonts/jetbrains-mono/600SemiBold_Italic
	Result        : file:///Users/valentinasenov/Library/Developer/CoreSimulator/Devices/4EC5F74C-5A9C-4D89-8E44-374310E684AE/data/Containers/Bundle/Application/A01C5F69-BB9C-48BF-96DA-638EDBEBF8DB/YourSofia.app/assets/node_modules/.pnpm/@expo-google-fonts+jetbrains-mono@0.4.1/node_modules/@expo-google-fonts/jetbrains-mono/600SemiBold_Italic/JetBrainsMono_600SemiBold_Italic.ttf
2026-08-17 11:28:17.725 Db YourSofia[99787:320a5b] [com.apple.CFBundle:resources] Resource lookup at CFBundle 0x600003b082a0 </Users/valentinasenov/Library/Developer/CoreSimulator/Devices/4EC5F74C-5A9C-4D89-8E44-374310E684AE/data/Containers/Bundle/Application/A01C5F69-BB9C-48BF-96DA-638EDBEBF8DB/YourSofia.app> (executable, loaded)
	Request       : JetBrainsMono_700Bold_Italic type: ttf path: assets/node_modules/.pnpm/@expo-google-fonts+jetbrains-mono@0.4.1/node_modules/@expo-google-fonts/jetbrains-mono/700Bold_Italic
	Result        : file:///Users/valentinasenov/Library/Developer/CoreSimulator/Devices/4EC5F74C-5A9C-4D89-8E44-374310E684AE/data/Containers/Bundle/Application/A01C5F69-BB9C-48BF-96DA-638EDBEBF8DB/YourSofia.app/assets/node_modules/.pnpm/@expo-google-fonts+jetbrains-mono@0.4.1/node_modules/@expo-google-fonts/jetbrains-mono/700Bold_Italic/JetBrainsMono_700Bold_Italic.ttf
2026-08-17 11:28:17.725 Db YourSofia[99787:320a5b] [com.apple.CFBundle:resources] Resource lookup at CFBundle 0x600003b082a0 </Users/valentinasenov/Library/Developer/CoreSimulator/Devices/4EC5F74C-5A9C-4D89-8E44-374310E684AE/data/Containers/Bundle/Application/A01C5F69-BB9C-48BF-96DA-638EDBEBF8DB/YourSofia.app> (executable, loaded)
	Request       : JetBrainsMono_800ExtraBold_Italic type: ttf path: assets/node_modules/.pnpm/@expo-google-fonts+jetbrains-mono@0.4.1/node_modules/@expo-google-fonts/jetbrains-mono/800ExtraBold_Italic
	Result        : file:///Users/valentinasenov/Library/Developer/CoreSimulator/Devices/4EC5F74C-5A9C-4D89-8E44-374310E684AE/data/Containers/Bundle/Application/A01C5F69-BB9C-48BF-96DA-638EDBEBF8DB/YourSofia.app/assets/node_modules/.pnpm/@expo-google-fonts+jetbrains-mono@0.4.1/node_modules/@expo-google-fonts/jetbrains-mono/800ExtraBold_Italic/JetBrainsMono_800ExtraBold_Italic.ttf
2026-08-17 11:28:17.725 Db YourSofia[99787:320a5b] [com.apple.CFBundle:resources] Resource lookup at CFBundle 0x600003b082a0 </Users/valentinasenov/Library/Developer/CoreSimulator/Devices/4EC5F74C-5A9C-4D89-8E44-374310E684AE/data/Containers/Bundle/Application/A01C5F69-BB9C-48BF-96DA-638EDBEBF8DB/YourSofia.app> (executable, loaded)
	Request       : sofia-gerb type: png path: assets/assets/images
	Result        : file:///Users/valentinasenov/Library/Developer/CoreSimulator/Devices/4EC5F74C-5A9C-4D89-8E44-374310E684AE/data/Containers/Bundle/Application/A01C5F69-BB9C-48BF-96DA-638EDBEBF8DB/YourSofia.app/assets/assets/images/sofia-gerb.png
2026-08-17 11:28:17.726 Db YourSofia[99787:320a5f] [com.apple.CFBundle:resources] Resource lookup at CFBundle 0x600003b082a0 </Users/valentinasenov/Library/Developer/CoreSimulator/Devices/4EC5F74C-5A9C-4D89-8E44-374310E684AE/data/Containers/Bundle/Application/A01C5F69-BB9C-48BF-96DA-638EDBEBF8DB/YourSofia.app> (executable, loaded)
	Request       : main type: jsbundle
	Result        : file:///Users/valentinasenov/Library/Developer/CoreSimulator/Devices/4EC5F74C-5A9C-4D89-8E44-374310E684AE/data/Containers/Bundle/Application/A01C5F69-BB9C-48BF-96DA-638EDBEBF8DB/YourSofia.app/main.jsbundle
2026-08-17 11:28:17.726 Db YourSofia[99787:320a5f] [com.apple.CFBundle:resources] Resource lookup at CFBundle 0x600003b082a0 </Users/valentinasenov/Library/Developer/CoreSimulator/Devices/4EC5F74C-5A9C-4D89-8E44-374310E684AE/data/Containers/Bundle/Application/A01C5F69-BB9C-48BF-96DA-638EDBEBF8DB/YourSofia.app> (executable, loaded)
	Request       : back-icon type: png path: assets/node_modules/.pnpm/@react-navigation+elements@2.6.4_@react-navigation+native@7.1.17_react-native@0.81.5_@b_28a2c3a7af745b08fd3e3ec803bf51ba/node_modules/@react-navigation/elements/lib/module/assets
	Result        : file:///Users/valentinasenov/Library/Developer/CoreSimulator/Devices/4EC5F74C-5A9C-4D89-8E44-374310E684AE/data/Containers/Bundle/Application/A01C5F69-BB9C-48BF-96DA-638EDBEBF8DB/YourSofia.app/assets/node_modules/.pnpm/@react-navigation+elements@2.6.4_@react-navigation+native@7.1.17_react-native@0.81.5_@b_28a2c3a7af745b08fd3e3ec803bf51ba/node_modules/@react-navigation/elements/lib/module/assets/back-icon.png
2026-08-17 11:28:17.726 Db YourSofia[99787:320a5f] [com.apple.CFBundle:resources] Resource lookup at CFBundle 0x600003b082a0 </Users/valentinasenov/Library/Developer/CoreSimulator/Devices/4EC5F74C-5A9C-4D89-8E44-374310E684AE/data/Containers/Bundle/Application/A01C5F69-BB9C-48BF-96DA-638EDBEBF8DB/YourSofia.app> (executable, loaded)
	Request       : back-icon@2x type: png path: assets/node_modules/.pnpm/@react-navigation+elements@2.6.4_@react-navigation+native@7.1.17_react-native@0.81.5_@b_28a2c3a7af745b08fd3e3ec803bf51ba/node_modules/@react-navigation/elements/lib/module/assets
	Result        : file:///Users/valentinasenov/Library/Developer/CoreSimulator/Devices/4EC5F74C-5A9C-4D89-8E44-374310E684AE/data/Containers/Bundle/Application/A01C5F69-BB9C-48BF-96DA-638EDBEBF8DB/YourSofia.app/assets/node_modules/.pnpm/@react-navigation+elements@2.6.4_@react-navigation+native@7.1.17_react-native@0.81.5_@b_28a2c3a7af745b08fd3e3ec803bf51ba/node_modules/@react-navigation/elements/lib/module/assets/back-icon@2x.png
2026-08-17 11:28:17.726 Db YourSofia[99787:320a5f] [com.apple.CFBundle:resources] Resource lookup at CFBundle 0x600003b082a0 </Users/valentinasenov/Library/Developer/CoreSimulator/Devices/4EC5F74C-5A9C-4D89-8E44-374310E684AE/data/Containers/Bundle/Application/A01C5F69-BB9C-48BF-96DA-638EDBEBF8DB/YourSofia.app> (executable, loaded)
	Request       : back-icon@3x type: png path: assets/node_modules/.pnpm/@react-navigation+elements@2.6.4_@react-navigation+native@7.1.17_react-native@0.81.5_@b_28a2c3a7af745b08fd3e3ec803bf51ba/node_modules/@react-navigation/elements/lib/module/assets
	Result        : file:///Users/valentinasenov/Library/Developer/CoreSimulator/Devices/4EC5F74C-5A9C-4D89-8E44-374310E684AE/data/Containers/Bundle/Application/A01C5F69-BB9C-48BF-96DA-638EDBEBF8DB/YourSofia.app/assets/node_modules/.pnpm/@react-navigation+elements@2.6.4_@react-navigation+native@7.1.17_react-native@0.81.5_@b_28a2c3a7af745b08fd3e3ec803bf51ba/node_modules/@react-navigation/elements/lib/module/assets/back-icon@3x.png
2026-08-17 11:28:17.727 Db YourSofia[99787:320a5f] [com.apple.CFBundle:resources] Resource lookup at CFBundle 0x600003b082a0 </Users/valentinasenov/Library/Developer/CoreSimulator/Devices/4EC5F74C-5A9C-4D89-8E44-374310E684AE/data/Containers/Bundle/Application/A01C5F69-BB9C-48BF-96DA-638EDBEBF8DB/YourSofia.app> (executable, loaded)
	Request       : back-icon-mask type: png path: assets/node_modules/.pnpm/@react-navigation+elements@2.6.4_@react-navigation+native@7.1.17_react-native@0.81.5_@b_28a2c3a7af745b08fd3e3ec803bf51ba/node_modules/@react-navigation/elements/lib/module/assets
	Result        : file:///Users/valentinasenov/Library/Developer/CoreSimulator/Devices/4EC5F74C-5A9C-4D89-8E44-374310E684AE/data/Containers/Bundle/Application/A01C5F69-BB9C-48BF-96DA-638EDBEBF8DB/YourSofia.app/assets/node_modules/.pnpm/@react-navigation+elements@2.6.4_@react-navigation+native@7.1.17_react-native@0.81.5_@b_28a2c3a7af745b08fd3e3ec803bf51ba/node_modules/@react-navigation/elements/lib/module/assets/back-icon-mask.png
2026-08-17 11:28:17.727 Db YourSofia[99787:320a5f] [com.apple.CFBundle:resources] Resource lookup at CFBundle 0x600003b082a0 </Users/valentinasenov/Library/Developer/CoreSimulator/Devices/4EC5F74C-5A9C-4D89-8E44-374310E684AE/data/Containers/Bundle/Application/A01C5F69-BB9C-48BF-96DA-638EDBEBF8DB/YourSofia.app> (executable, loaded)
	Request       : clear-icon type: png path: assets/node_modules/.pnpm/@react-navigation+elements@2.6.4_@react-navigation+native@7.1.17_react-native@0.81.5_@b_28a2c3a7af745b08fd3e3ec803bf51ba/node_modules/@react-navigation/elements/lib/module/assets
	Result        : file:///Users/valentinasenov/Library/Developer/CoreSimulator/Devices/4EC5F74C-5A9C-4D89-8E44-374310E684AE/data/Containers/Bundle/Application/A01C5F69-BB9C-48BF-96DA-638EDBEBF8DB/YourSofia.app/assets/node_modules/.pnpm/@react-navigation+elements@2.6.4_@react-navigation+native@7.1.17_react-native@0.81.5_@b_28a2c3a7af745b08fd3e3ec803bf51ba/node_modules/@react-navigation/elements/lib/module/assets/clear-icon.png
2026-08-17 11:28:17.728 Db YourSofia[99787:320a5f] [com.apple.CFBundle:resources] Resource lookup at CFBundle 0x600003b082a0 </Users/valentinasenov/Library/Developer/CoreSimulator/Devices/4EC5F74C-5A9C-4D89-8E44-374310E684AE/data/Containers/Bundle/Application/A01C5F69-BB9C-48BF-96DA-638EDBEBF8DB/YourSofia.app> (executable, loaded)
	Request       : clear-icon type: png path: assets/node_modules/.pnpm/@react-navigation+elements@2.6.4_@react-navigation+native@7.1.17_react-native@0.81.5_@b_28a2c3a7af745b08fd3e3ec803bf51ba/node_modules/@react-navigation/elements/lib/module/assets
	Result        : file:///Users/valentinasenov/Library/Developer/CoreSimulator/Devices/4EC5F74C-5A9C-4D89-8E44-374310E684AE/data/Containers/Bundle/Application/A01C5F69-BB9C-48BF-96DA-638EDBEBF8DB/YourSofia.app/assets/node_modules/.pnpm/@react-navigation+elements@2.6.4_@react-navigation+native@7.1.17_react-native@0.81.5_@b_28a2c3a7af745b08fd3e3ec803bf51ba/node_modules/@react-navigation/elements/lib/module/assets/clear-icon.png
2026-08-17 11:28:17.728 Db YourSofia[99787:320a5f] [com.apple.CFBundle:resources] Resource lookup at CFBundle 0x600003b082a0 </Users/valentinasenov/Library/Developer/CoreSimulator/Devices/4EC5F74C-5A9C-4D89-8E44-374310E684AE/data/Containers/Bundle/Application/A01C5F69-BB9C-48BF-96DA-638EDBEBF8DB/YourSofia.app> (executable, loaded)
	Request       : clear-icon@2x type: png path: assets/node_modules/.pnpm/@react-navigation+elements@2.6.4_@react-navigation+native@7.1.17_react-native@0.81.5_@b_28a2c3a7af745b08fd3e3ec803bf51ba/node_modules/@react-navigation/elements/lib/module/assets
	Result        : file:///Users/valentinasenov/Library/Developer/CoreSimulator/Devices/4EC5F74C-5A9C-4D89-8E44-374310E684AE/data/Containers/Bundle/Application/A01C5F69-BB9C-48BF-96DA-638EDBEBF8DB/YourSofia.app/assets/node_modules/.pnpm/@react-navigation+elements@2.6.4_@react-navigation+native@7.1.17_react-native@0.81.5_@b_28a2c3a7af745b08fd3e3ec803bf51ba/node_modules/@react-navigation/elements/lib/module/assets/clear-icon@2x.png
2026-08-17 11:28:17.728 Db YourSofia[99787:320a5f] [com.apple.CFBundle:resources] Resource lookup at CFBundle 0x600003b082a0 </Users/valentinasenov/Library/Developer/CoreSimulator/Devices/4EC5F74C-5A9C-4D89-8E44-374310E684AE/data/Containers/Bundle/Application/A01C5F69-BB9C-48BF-96DA-638EDBEBF8DB/YourSofia.app> (executable, loaded)
	Request       : clear-icon@3x type: png path: assets/node_modules/.pnpm/@react-navigation+elements@2.6.4_@react-navigation+native@7.1.17_react-native@0.81.5_@b_28a2c3a7af745b08fd3e3ec803bf51ba/node_modules/@react-navigation/elements/lib/module/assets
	Result        : file:///Users/valentinasenov/Library/Developer/CoreSimulator/Devices/4EC5F74C-5A9C-4D89-8E44-374310E684AE/data/Containers/Bundle/Application/A01C5F69-BB9C-48BF-96DA-638EDBEBF8DB/YourSofia.app/assets/node_modules/.pnpm/@react-navigation+elements@2.6.4_@react-navigation+native@7.1.17_react-native@0.81.5_@b_28a2c3a7af745b08fd3e3ec803bf51ba/node_modules/@react-navigation/elements/lib/module/assets/clear-icon@3x.png
2026-08-17 11:28:17.728 Db YourSofia[99787:320a5f] [com.apple.CFBundle:resources] Resource lookup at CFBundle 0x600003b082a0 </Users/valentinasenov/Library/Developer/CoreSimulator/Devices/4EC5F74C-5A9C-4D89-8E44-374310E684AE/data/Containers/Bundle/Application/A01C5F69-BB9C-48BF-96DA-638EDBEBF8DB/YourSofia.app> (executable, loaded)
	Request       : close-icon type: png path: assets/node_modules/.pnpm/@react-navigation+elements@2.6.4_@react-navigation+native@7.1.17_react-native@0.81.5_@b_28a2c3a7af745b08fd3e3ec803bf51ba/node_modules/@react-navigation/elements/lib/module/assets
	Result        : file:///Users/valentinasenov/Library/Developer/CoreSimulator/Devices/4EC5F74C-5A9C-4D89-8E44-374310E684AE/data/Containers/Bundle/Application/A01C5F69-BB9C-48BF-96DA-638EDBEBF8DB/YourSofia.app/assets/node_modules/.pnpm/@react-navigation+elements@2.6.4_@react-navigation+native@7.1.17_react-native@0.81.5_@b_28a2c3a7af745b08fd3e3ec803bf51ba/node_modules/@react-navigation/elements/lib/module/assets/close-icon.png
2026-08-17 11:28:17.728 Db YourSofia[99787:320a5f] [com.apple.CFBundle:resources] Resource lookup at CFBundle 0x600003b082a0 </Users/valentinasenov/Library/Developer/CoreSimulator/Devices/4EC5F74C-5A9C-4D89-8E44-374310E684AE/data/Containers/Bundle/Application/A01C5F69-BB9C-48BF-96DA-638EDBEBF8DB/YourSofia.app> (executable, loaded)
	Request       : close-icon type: png path: assets/node_modules/.pnpm/@react-navigation+elements@2.6.4_@react-navigation+native@7.1.17_react-native@0.81.5_@b_28a2c3a7af745b08fd3e3ec803bf51ba/node_modules/@react-navigation/elements/lib/module/assets
	Result        : file:///Users/valentinasenov/Library/Developer/CoreSimulator/Devices/4EC5F74C-5A9C-4D89-8E44-374310E684AE/data/Containers/Bundle/Application/A01C5F69-BB9C-48BF-96DA-638EDBEBF8DB/YourSofia.app/assets/node_modules/.pnpm/@react-navigation+elements@2.6.4_@react-navigation+native@7.1.17_react-native@0.81.5_@b_28a2c3a7af745b08fd3e3ec803bf51ba/node_modules/@react-navigation/elements/lib/module/assets/close-icon.png
2026-08-17 11:28:17.728 Db YourSofia[99787:320a5f] [com.apple.CFBundle:resources] Resource lookup at CFBundle 0x600003b082a0 </Users/valentinasenov/Library/Developer/CoreSimulator/Devices/4EC5F74C-5A9C-4D89-8E44-374310E684AE/data/Containers/Bundle/Application/A01C5F69-BB9C-48BF-96DA-638EDBEBF8DB/YourSofia.app> (executable, loaded)
	Request       : close-icon@2x type: png path: assets/node_modules/.pnpm/@react-navigation+elements@2.6.4_@react-navigation+native@7.1.17_react-native@0.81.5_@b_28a2c3a7af745b08fd3e3ec803bf51ba/node_modules/@react-navigation/elements/lib/module/assets
	Result        : file:///Users/valentinasenov/Library/Developer/CoreSimulator/Devices/4EC5F74C-5A9C-4D89-8E44-374310E684AE/data/Containers/Bundle/Application/A01C5F69-BB9C-48BF-96DA-638EDBEBF8DB/YourSofia.app/assets/node_modules/.pnpm/@react-navigation+elements@2.6.4_@react-navigation+native@7.1.17_react-native@0.81.5_@b_28a2c3a7af745b08fd3e3ec803bf51ba/node_modules/@react-navigation/elements/lib/module/assets/close-icon@2x.png
2026-08-17 11:28:17.728 Db YourSofia[99787:320a5f] [com.apple.CFBundle:resources] Resource lookup at CFBundle 0x600003b082a0 </Users/valentinasenov/Library/Developer/CoreSimulator/Devices/4EC5F74C-5A9C-4D89-8E44-374310E684AE/data/Containers/Bundle/Application/A01C5F69-BB9C-48BF-96DA-638EDBEBF8DB/YourSofia.app> (executable, loaded)
	Request       : close-icon@3x type: png path: assets/node_modules/.pnpm/@react-navigation+elements@2.6.4_@react-navigation+native@7.1.17_react-native@0.81.5_@b_28a2c3a7af745b08fd3e3ec803bf51ba/node_modules/@react-navigation/elements/lib/module/assets
	Result        : file:///Users/valentinasenov/Library/Developer/CoreSimulator/Devices/4EC5F74C-5A9C-4D89-8E44-374310E684AE/data/Containers/Bundle/Application/A01C5F69-BB9C-48BF-96DA-638EDBEBF8DB/YourSofia.app/assets/node_modules/.pnpm/@react-navigation+elements@2.6.4_@react-navigation+native@7.1.17_react-native@0.81.5_@b_28a2c3a7af745b08fd3e3ec803bf51ba/node_modules/@react-navigation/elements/lib/module/assets/close-icon@3x.png
2026-08-17 11:28:17.729 Db YourSofia[99787:320a5f] [com.apple.CFBundle:resources] Resource lookup at CFBundle 0x600003b082a0 </Users/valentinasenov/Library/Developer/CoreSimulator/Devices/4EC5F74C-5A9C-4D89-8E44-374310E684AE/data/Containers/Bundle/Application/A01C5F69-BB9C-48BF-96DA-638EDBEBF8DB/YourSofia.app> (executable, loaded)
	Request       : search-icon type: png path: assets/node_modules/.pnpm/@react-navigation+elements@2.6.4_@react-navigation+native@7.1.17_react-native@0.81.5_@b_28a2c3a7af745b08fd3e3ec803bf51ba/node_modules/@react-navigation/elements/lib/module/assets
	Result        : file:///Users/valentinasenov/Library/Developer/CoreSimulator/Devices/4EC5F74C-5A9C-4D89-8E44-374310E684AE/data/Containers/Bundle/Application/A01C5F69-BB9C-48BF-96DA-638EDBEBF8DB/YourSofia.app/assets/node_modules/.pnpm/@react-navigation+elements@2.6.4_@react-navigation+native@7.1.17_react-native@0.81.5_@b_28a2c3a7af745b08fd3e3ec803bf51ba/node_modules/@react-navigation/elements/lib/module/assets/search-icon.png
2026-08-17 11:28:17.729 Db YourSofia[99787:320a5f] [com.apple.CFBundle:resources] Resource lookup at CFBundle 0x600003b082a0 </Users/valentinasenov/Library/Developer/CoreSimulator/Devices/4EC5F74C-5A9C-4D89-8E44-374310E684AE/data/Containers/Bundle/Application/A01C5F69-BB9C-48BF-96DA-638EDBEBF8DB/YourSofia.app> (executable, loaded)
	Request       : search-icon@2x type: png path: assets/node_modules/.pnpm/@react-navigation+elements@2.6.4_@react-navigation+native@7.1.17_react-native@0.81.5_@b_28a2c3a7af745b08fd3e3ec803bf51ba/node_modules/@react-navigation/elements/lib/module/assets
	Result        : file:///Users/valentinasenov/Library/Developer/CoreSimulator/Devices/4EC5F74C-5A9C-4D89-8E44-374310E684AE/data/Containers/Bundle/Application/A01C5F69-BB9C-48BF-96DA-638EDBEBF8DB/YourSofia.app/assets/node_modules/.pnpm/@react-navigation+elements@2.6.4_@react-navigation+native@7.1.17_react-native@0.81.5_@b_28a2c3a7af745b08fd3e3ec803bf51ba/node_modules/@react-navigation/elements/lib/module/assets/search-icon@2x.png
2026-08-17 11:28:17.729 Db YourSofia[99787:320a5f] [com.apple.CFBundle:resources] Resource lookup at CFBundle 0x600003b082a0 </Users/valentinasenov/Library/Developer/CoreSimulator/Devices/4EC5F74C-5A9C-4D89-8E44-374310E684AE/data/Containers/Bundle/Application/A01C5F69-BB9C-48BF-96DA-638EDBEBF8DB/YourSofia.app> (executable, loaded)
	Request       : search-icon@3x type: png path: assets/node_modules/.pnpm/@react-navigation+elements@2.6.4_@react-navigation+native@7.1.17_react-native@0.81.5_@b_28a2c3a7af745b08fd3e3ec803bf51ba/node_modules/@react-navigation/elements/lib/module/assets
	Result        : file:///Users/valentinasenov/Library/Developer/CoreSimulator/Devices/4EC5F74C-5A9C-4D89-8E44-374310E684AE/data/Containers/Bundle/Application/A01C5F69-BB9C-48BF-96DA-638EDBEBF8DB/YourSofia.app/assets/node_modules/.pnpm/@react-navigation+elements@2.6.4_@react-navigation+native@7.1.17_react-native@0.81.5_@b_28a2c3a7af745b08fd3e3ec803bf51ba/node_modules/@react-navigation/elements/lib/module/assets/search-icon@3x.png
2026-08-17 11:28:17.729 Db YourSofia[99787:320a5f] [com.apple.CFBundle:resources] Resource lookup at CFBundle 0x600003b082a0 </Users/valentinasenov/Library/Developer/CoreSimulator/Devices/4EC5F74C-5A9C-4D89-8E44-374310E684AE/data/Containers/Bundle/Application/A01C5F69-BB9C-48BF-96DA-638EDBEBF8DB/YourSofia.app> (executable, loaded)
	Request       : error type: png path: assets/node_modules/.pnpm/expo-router@6.0.22_df0c677153b00f82db80c956be709681/node_modules/expo-router/assets
	Result        : file:///Users/valentinasenov/Library/Developer/CoreSimulator/Devices/4EC5F74C-5A9C-4D89-8E44-374310E684AE/data/Containers/Bundle/Application/A01C5F69-BB9C-48BF-96DA-638EDBEBF8DB/YourSofia.app/assets/node_modules/.pnpm/expo-router@6.0.22_df0c677153b00f82db80c956be709681/node_modules/expo-router/assets/error.png
2026-08-17 11:28:17.729 Db YourSofia[99787:320a5f] [com.apple.CFBundle:resources] Resource lookup at CFBundle 0x600003b082a0 </Users/valentinasenov/Library/Developer/CoreSimulator/Devices/4EC5F74C-5A9C-4D89-8E44-374310E684AE/data/Containers/Bundle/Application/A01C5F69-BB9C-48BF-96DA-638EDBEBF8DB/YourSofia.app> (executable, loaded)
	Request       : file type: png path: assets/node_modules/.pnpm/expo-router@6.0.22_df0c677153b00f82db80c956be709681/node_modules/expo-router/assets
	Result        : file:///Users/valentinasenov/Library/Developer/CoreSimulator/Devices/4EC5F74C-5A9C-4D89-8E44-374310E684AE/data/Containers/Bundle/Application/A01C5F69-BB9C-48BF-96DA-638EDBEBF8DB/YourSofia.app/assets/node_modules/.pnpm/expo-router@6.0.22_df0c677153b00f82db80c956be709681/node_modules/expo-router/assets/file.png
2026-08-17 11:28:17.729 Db YourSofia[99787:320a5f] [com.apple.CFBundle:resources] Resource lookup at CFBundle 0x600003b082a0 </Users/valentinasenov/Library/Developer/CoreSimulator/Devices/4EC5F74C-5A9C-4D89-8E44-374310E684AE/data/Containers/Bundle/Application/A01C5F69-BB9C-48BF-96DA-638EDBEBF8DB/YourSofia.app> (executable, loaded)
	Request       : pkg type: png path: assets/node_modules/.pnpm/expo-router@6.0.22_df0c677153b00f82db80c956be709681/node_modules/expo-router/assets
	Result        : file:///Users/valentinasenov/Library/Developer/CoreSimulator/Devices/4EC5F74C-5A9C-4D89-8E44-374310E684AE/data/Containers/Bundle/Application/A01C5F69-BB9C-48BF-96DA-638EDBEBF8DB/YourSofia.app/assets/node_modules/.pnpm/expo-router@6.0.22_df0c677153b00f82db80c956be709681/node_modules/expo-router/assets/pkg.png
2026-08-17 11:28:17.730 Db YourSofia[99787:320a5f] [com.apple.CFBundle:resources] Resource lookup at CFBundle 0x600003b082a0 </Users/valentinasenov/Library/Developer/CoreSimulator/Devices/4EC5F74C-5A9C-4D89-8E44-374310E684AE/data/Containers/Bundle/Application/A01C5F69-BB9C-48BF-96DA-638EDBEBF8DB/YourSofia.app> (executable, loaded)
	Request       : forward type: png path: assets/node_modules/.pnpm/expo-router@6.0.22_df0c677153b00f82db80c956be709681/node_modules/expo-router/assets
	Result        : file:///Users/valentinasenov/Library/Developer/CoreSimulator/Devices/4EC5F74C-5A9C-4D89-8E44-374310E684AE/data/Containers/Bundle/Application/A01C5F69-BB9C-48BF-96DA-638EDBEBF8DB/YourSofia.app/assets/node_modules/.pnpm/expo-router@6.0.22_df0c677153b00f82db80c956be709681/node_modules/expo-router/assets/forward.png
2026-08-17 11:28:17.730 Db YourSofia[99787:320a5f] [com.apple.CFBundle:resources] Resource lookup at CFBundle 0x600003b082a0 </Users/valentinasenov/Library/Developer/CoreSimulator/Devices/4EC5F74C-5A9C-4D89-8E44-374310E684AE/data/Containers/Bundle/Application/A01C5F69-BB9C-48BF-96DA-638EDBEBF8DB/YourSofia.app> (executable, loaded)
	Request       : sitemap type: png path: assets/node_modules/.pnpm/expo-router@6.0.22_df0c677153b00f82db80c956be709681/node_modules/expo-router/assets
	Result        : file:///Users/valentinasenov/Library/Developer/CoreSimulator/Devices/4EC5F74C-5A9C-4D89-8E44-374310E684AE/data/Containers/Bundle/Application/A01C5F69-BB9C-48BF-96DA-638EDBEBF8DB/YourSofia.app/assets/node_modules/.pnpm/expo-router@6.0.22_df0c677153b00f82db80c956be709681/node_modules/expo-router/assets/sitemap.png
2026-08-17 11:28:17.730 Db YourSofia[99787:320a5f] [com.apple.CFBundle:resources] Resource lookup at CFBundle 0x600003b082a0 </Users/valentinasenov/Library/Developer/CoreSimulator/Devices/4EC5F74C-5A9C-4D89-8E44-374310E684AE/data/Containers/Bundle/Application/A01C5F69-BB9C-48BF-96DA-638EDBEBF8DB/YourSofia.app> (executable, loaded)
	Request       : arrow_down type: png path: assets/node_modules/.pnpm/expo-router@6.0.22_df0c677153b00f82db80c956be709681/node_modules/expo-router/assets
	Result        : file:///Users/valentinasenov/Library/Developer/CoreSimulator/Devices/4EC5F74C-5A9C-4D89-8E44-374310E684AE/data/Containers/Bundle/Application/A01C5F69-BB9C-48BF-96DA-638EDBEBF8DB/YourSofia.app/assets/node_modules/.pnpm/expo-router@6.0.22_df0c677153b00f82db80c956be709681/node_modules/expo-router/assets/arrow_down.png
2026-08-17 11:28:17.730 Db YourSofia[99787:320a5f] [com.apple.CFBundle:resources] Resource lookup at CFBundle 0x600003b082a0 </Users/valentinasenov/Library/Developer/CoreSimulator/Devices/4EC5F74C-5A9C-4D89-8E44-374310E684AE/data/Containers/Bundle/Application/A01C5F69-BB9C-48BF-96DA-638EDBEBF8DB/YourSofia.app> (executable, loaded)
	Request       : unmatched type: png path: assets/node_modules/.pnpm/expo-router@6.0.22_df0c677153b00f82db80c956be709681/node_modules/expo-router/assets
	Result        : file:///Users/valentinasenov/Library/Developer/CoreSimulator/Devices/4EC5F74C-5A9C-4D89-8E44-374310E684AE/data/Containers/Bundle/Application/A01C5F69-BB9C-48BF-96DA-638EDBEBF8DB/YourSofia.app/assets/node_modules/.pnpm/expo-router@6.0.22_df0c677153b00f82db80c956be709681/node_modules/expo-router/assets/unmatched.png
2026-08-17 11:28:17.730 Db YourSofia[99787:320a5f] [com.apple.CFBundle:resources] Resource lookup at CFBundle 0x600003b082a0 </Users/valentinasenov/Library/Developer/CoreSimulator/Devices/4EC5F74C-5A9C-4D89-8E44-374310E684AE/data/Containers/Bundle/Application/A01C5F69-BB9C-48BF-96DA-638EDBEBF8DB/YourSofia.app> (executable, loaded)
	Request       : JetBrainsMono_500Medium type: ttf path: assets/node_modules/.pnpm/@expo-google-fonts+jetbrains-mono@0.4.1/node_modules/@expo-google-fonts/jetbrains-mono/500Medium
	Result        : file:///Users/valentinasenov/Library/Developer/CoreSimulator/Devices/4EC5F74C-5A9C-4D89-8E44-374310E684AE/data/Containers/Bundle/Application/A01C5F69-BB9C-48BF-96DA-638EDBEBF8DB/YourSofia.app/assets/node_modules/.pnpm/@expo-google-fonts+jetbrains-mono@0.4.1/node_modules/@expo-google-fonts/jetbrains-mono/500Medium/JetBrainsMono_500Medium.ttf
2026-08-17 11:28:17.730 Db YourSofia[99787:320a5f] [com.apple.CFBundle:resources] Resource lookup at CFBundle 0x600003b082a0 </Users/valentinasenov/Library/Developer/CoreSimulator/Devices/4EC5F74C-5A9C-4D89-8E44-374310E684AE/data/Containers/Bundle/Application/A01C5F69-BB9C-48BF-96DA-638EDBEBF8DB/YourSofia.app> (executable, loaded)
	Request       : SofiaSans_100Thin type: ttf path: assets/node_modules/.pnpm/@expo-google-fonts+sofia-sans@0.4.3/node_modules/@expo-google-fonts/sofia-sans/100Thin
	Result        : file:///Users/valentinasenov/Library/Developer/CoreSimulator/Devices/4EC5F74C-5A9C-4D89-8E44-374310E684AE/data/Containers/Bundle/Application/A01C5F69-BB9C-48BF-96DA-638EDBEBF8DB/YourSofia.app/assets/node_modules/.pnpm/@expo-google-fonts+sofia-sans@0.4.3/node_modules/@expo-google-fonts/sofia-sans/100Thin/SofiaSans_100Thin.ttf
2026-08-17 11:28:17.730 Db YourSofia[99787:320a5f] [com.apple.CFBundle:resources] Resource lookup at CFBundle 0x600003b082a0 </Users/valentinasenov/Library/Developer/CoreSimulator/Devices/4EC5F74C-5A9C-4D89-8E44-374310E684AE/data/Containers/Bundle/Application/A01C5F69-BB9C-48BF-96DA-638EDBEBF8DB/YourSofia.app> (executable, loaded)
	Request       : SofiaSans_200ExtraLight type: ttf path: assets/node_modules/.pnpm/@expo-google-fonts+sofia-sans@0.4.3/node_modules/@expo-google-fonts/sofia-sans/200ExtraLight
	Result        : file:///Users/valentinasenov/Library/Developer/CoreSimulator/Devices/4EC5F74C-5A9C-4D89-8E44-374310E684AE/data/Containers/Bundle/Application/A01C5F69-BB9C-48BF-96DA-638EDBEBF8DB/YourSofia.app/assets/node_modules/.pnpm/@expo-google-fonts+sofia-sans@0.4.3/node_modules/@expo-google-fonts/sofia-sans/200ExtraLight/SofiaSans_200ExtraLight.ttf
2026-08-17 11:28:17.731 Db YourSofia[99787:320a5f] [com.apple.CFBundle:resources] Resource lookup at CFBundle 0x600003b082a0 </Users/valentinasenov/Library/Developer/CoreSimulator/Devices/4EC5F74C-5A9C-4D89-8E44-374310E684AE/data/Containers/Bundle/Application/A01C5F69-BB9C-48BF-96DA-638EDBEBF8DB/YourSofia.app> (executable, loaded)
	Request       : SofiaSans_300Light type: ttf path: assets/node_modules/.pnpm/@expo-google-fonts+sofia-sans@0.4.3/node_modules/@expo-google-fonts/sofia-sans/300Light
	Result        : file:///Users/valentinasenov/Library/Developer/CoreSimulator/Devices/4EC5F74C-5A9C-4D89-8E44-374310E684AE/data/Containers/Bundle/Application/A01C5F69-BB9C-48BF-96DA-638EDBEBF8DB/YourSofia.app/assets/node_modules/.pnpm/@expo-google-fonts+sofia-sans@0.4.3/node_modules/@expo-google-fonts/sofia-sans/300Light/SofiaSans_300Light.ttf
2026-08-17 11:28:17.731 Db YourSofia[99787:320a5f] [com.apple.CFBundle:resources] Resource lookup at CFBundle 0x600003b082a0 </Users/valentinasenov/Library/Developer/CoreSimulator/Devices/4EC5F74C-5A9C-4D89-8E44-374310E684AE/data/Containers/Bundle/Application/A01C5F69-BB9C-48BF-96DA-638EDBEBF8DB/YourSofia.app> (executable, loaded)
	Request       : SofiaSans_400Regular type: ttf path: assets/node_modules/.pnpm/@expo-google-fonts+sofia-sans@0.4.3/node_modules/@expo-google-fonts/sofia-sans/400Regular
	Result        : file:///Users/valentinasenov/Library/Developer/CoreSimulator/Devices/4EC5F74C-5A9C-4D89-8E44-374310E684AE/data/Containers/Bundle/Application/A01C5F69-BB9C-48BF-96DA-638EDBEBF8DB/YourSofia.app/assets/node_modules/.pnpm/@expo-google-fonts+sofia-sans@0.4.3/node_modules/@expo-google-fonts/sofia-sans/400Regular/SofiaSans_400Regular.ttf
2026-08-17 11:28:17.731 Db YourSofia[99787:320a5f] [com.apple.CFBundle:resources] Resource lookup at CFBundle 0x600003b082a0 </Users/valentinasenov/Library/Developer/CoreSimulator/Devices/4EC5F74C-5A9C-4D89-8E44-374310E684AE/data/Containers/Bundle/Application/A01C5F69-BB9C-48BF-96DA-638EDBEBF8DB/YourSofia.app> (executable, loaded)
	Request       : SofiaSans_500Medium type: ttf path: assets/node_modules/.pnpm/@expo-google-fonts+sofia-sans@0.4.3/node_modules/@expo-google-fonts/sofia-sans/500Medium
	Result        : file:///Users/valentinasenov/Library/Developer/CoreSimulator/Devices/4EC5F74C-5A9C-4D89-8E44-374310E684AE/data/Containers/Bundle/Application/A01C5F69-BB9C-48BF-96DA-638EDBEBF8DB/YourSofia.app/assets/node_modules/.pnpm/@expo-google-fonts+sofia-sans@0.4.3/node_modules/@expo-google-fonts/sofia-sans/500Medium/SofiaSans_500Medium.ttf
2026-08-17 11:28:17.731 Db YourSofia[99787:320a5f] [com.apple.CFBundle:resources] Resource lookup at CFBundle 0x600003b082a0 </Users/valentinasenov/Library/Developer/CoreSimulator/Devices/4EC5F74C-5A9C-4D89-8E44-374310E684AE/data/Containers/Bundle/Application/A01C5F69-BB9C-48BF-96DA-638EDBEBF8DB/YourSofia.app> (executable, loaded)
	Request       : SofiaSans_600SemiBold type: ttf path: assets/node_modules/.pnpm/@expo-google-fonts+sofia-sans@0.4.3/node_modules/@expo-google-fonts/sofia-sans/600SemiBold
	Result        : file:///Users/valentinasenov/Library/Developer/CoreSimulator/Devices/4EC5F74C-5A9C-4D89-8E44-374310E684AE/data/Containers/Bundle/Application/A01C5F69-BB9C-48BF-96DA-638EDBEBF8DB/YourSofia.app/assets/node_modules/.pnpm/@expo-google-fonts+sofia-sans@0.4.3/node_modules/@expo-google-fonts/sofia-sans/600SemiBold/SofiaSans_600SemiBold.ttf
2026-08-17 11:28:17.731 Db YourSofia[99787:320a5f] [com.apple.CFBundle:resources] Resource lookup at CFBundle 0x600003b082a0 </Users/valentinasenov/Library/Developer/CoreSimulator/Devices/4EC5F74C-5A9C-4D89-8E44-374310E684AE/data/Containers/Bundle/Application/A01C5F69-BB9C-48BF-96DA-638EDBEBF8DB/YourSofia.app> (executable, loaded)
	Request       : SofiaSans_700Bold type: ttf path: assets/node_modules/.pnpm/@expo-google-fonts+sofia-sans@0.4.3/node_modules/@expo-google-fonts/sofia-sans/700Bold
	Result        : file:///Users/valentinasenov/Library/Developer/CoreSimulator/Devices/4EC5F74C-5A9C-4D89-8E44-374310E684AE/data/Containers/Bundle/Application/A01C5F69-BB9C-48BF-96DA-638EDBEBF8DB/YourSofia.app/assets/node_modules/.pnpm/@expo-google-fonts+sofia-sans@0.4.3/node_modules/@expo-google-fonts/sofia-sans/700Bold/SofiaSans_700Bold.ttf
2026-08-17 11:28:17.731 Db YourSofia[99787:320a5f] [com.apple.CFBundle:resources] Resource lookup at CFBundle 0x600003b082a0 </Users/valentinasenov/Library/Developer/CoreSimulator/Devices/4EC5F74C-5A9C-4D89-8E44-374310E684AE/data/Containers/Bundle/Application/A01C5F69-BB9C-48BF-96DA-638EDBEBF8DB/YourSofia.app> (executable, loaded)
	Request       : SofiaSans_800ExtraBold type: ttf path: assets/node_modules/.pnpm/@expo-google-fonts+sofia-sans@0.4.3/node_modules/@expo-google-fonts/sofia-sans/800ExtraBold
	Result        : file:///Users/valentinasenov/Library/Developer/CoreSimulator/Devices/4EC5F74C-5A9C-4D89-8E44-374310E684AE/data/Containers/Bundle/Application/A01C5F69-BB9C-48BF-96DA-638EDBEBF8DB/YourSofia.app/assets/node_modules/.pnpm/@expo-google-fonts+sofia-sans@0.4.3/node_modules/@expo-google-fonts/sofia-sans/800ExtraBold/SofiaSans_800ExtraBold.ttf
2026-08-17 11:28:17.732 Db YourSofia[99787:320a5f] [com.apple.CFBundle:resources] Resource lookup at CFBundle 0x600003b082a0 </Users/valentinasenov/Library/Developer/CoreSimulator/Devices/4EC5F74C-5A9C-4D89-8E44-374310E684AE/data/Containers/Bundle/Application/A01C5F69-BB9C-48BF-96DA-638EDBEBF8DB/YourSofia.app> (executable, loaded)
	Request       : SofiaSans_900Black type: ttf path: assets/node_modules/.pnpm/@expo-google-fonts+sofia-sans@0.4.3/node_modules/@expo-google-fonts/sofia-sans/900Black
	Result        : file:///Users/valentinasenov/Library/Developer/CoreSimulator/Devices/4EC5F74C-5A9C-4D89-8E44-374310E684AE/data/Containers/Bundle/Application/A01C5F69-BB9C-48BF-96DA-638EDBEBF8DB/YourSofia.app/assets/node_modules/.pnpm/@expo-google-fonts+sofia-sans@0.4.3/node_modules/@expo-google-fonts/sofia-sans/900Black/SofiaSans_900Black.ttf
2026-08-17 11:28:17.732 Db YourSofia[99787:320a5f] [com.apple.CFBundle:resources] Resource lookup at CFBundle 0x600003b082a0 </Users/valentinasenov/Library/Developer/CoreSimulator/Devices/4EC5F74C-5A9C-4D89-8E44-374310E684AE/data/Containers/Bundle/Application/A01C5F69-BB9C-48BF-96DA-638EDBEBF8DB/YourSofia.app> (executable, loaded)
	Request       : SofiaSans_100Thin_Italic type: ttf path: assets/node_modules/.pnpm/@expo-google-fonts+sofia-sans@0.4.3/node_modules/@expo-google-fonts/sofia-sans/100Thin_Italic
	Result        : file:///Users/valentinasenov/Library/Developer/CoreSimulator/Devices/4EC5F74C-5A9C-4D89-8E44-374310E684AE/data/Containers/Bundle/Application/A01C5F69-BB9C-48BF-96DA-638EDBEBF8DB/YourSofia.app/assets/node_modules/.pnpm/@expo-google-fonts+sofia-sans@0.4.3/node_modules/@expo-google-fonts/sofia-sans/100Thin_Italic/SofiaSans_100Thin_Italic.ttf
2026-08-17 11:28:17.732 Db YourSofia[99787:320a5f] [com.apple.CFBundle:resources] Resource lookup at CFBundle 0x600003b082a0 </Users/valentinasenov/Library/Developer/CoreSimulator/Devices/4EC5F74C-5A9C-4D89-8E44-374310E684AE/data/Containers/Bundle/Application/A01C5F69-BB9C-48BF-96DA-638EDBEBF8DB/YourSofia.app> (executable, loaded)
	Request       : SofiaSans_200ExtraLight_Italic type: ttf path: assets/node_modules/.pnpm/@expo-google-fonts+sofia-sans@0.4.3/node_modules/@expo-google-fonts/sofia-sans/200ExtraLight_Italic
	Result        : file:///Users/valentinasenov/Library/Developer/CoreSimulator/Devices/4EC5F74C-5A9C-4D89-8E44-374310E684AE/data/Containers/Bundle/Application/A01C5F69-BB9C-48BF-96DA-638EDBEBF8DB/YourSofia.app/assets/node_modules/.pnpm/@expo-google-fonts+sofia-sans@0.4.3/node_modules/@expo-google-fonts/sofia-sans/200ExtraLight_Italic/SofiaSans_200ExtraLight_Italic.ttf
2026-08-17 11:28:17.732 Db YourSofia[99787:320a5f] [com.apple.CFBundle:resources] Resource lookup at CFBundle 0x600003b082a0 </Users/valentinasenov/Library/Developer/CoreSimulator/Devices/4EC5F74C-5A9C-4D89-8E44-374310E684AE/data/Containers/Bundle/Application/A01C5F69-BB9C-48BF-96DA-638EDBEBF8DB/YourSofia.app> (executable, loaded)
	Request       : SofiaSans_300Light_Italic type: ttf path: assets/node_modules/.pnpm/@expo-google-fonts+sofia-sans@0.4.3/node_modules/@expo-google-fonts/sofia-sans/300Light_Italic
	Result        : file:///Users/valentinasenov/Library/Developer/CoreSimulator/Devices/4EC5F74C-5A9C-4D89-8E44-374310E684AE/data/Containers/Bundle/Application/A01C5F69-BB9C-48BF-96DA-638EDBEBF8DB/YourSofia.app/assets/node_modules/.pnpm/@expo-google-fonts+sofia-sans@0.4.3/node_modules/@expo-google-fonts/sofia-sans/300Light_Italic/SofiaSans_300Light_Italic.ttf
2026-08-17 11:28:17.732 Db YourSofia[99787:320a5f] [com.apple.CFBundle:resources] Resource lookup at CFBundle 0x600003b082a0 </Users/valentinasenov/Library/Developer/CoreSimulator/Devices/4EC5F74C-5A9C-4D89-8E44-374310E684AE/data/Containers/Bundle/Application/A01C5F69-BB9C-48BF-96DA-638EDBEBF8DB/YourSofia.app> (executable, loaded)
	Request       : SofiaSans_400Regular_Italic type: ttf path: assets/node_modules/.pnpm/@expo-google-fonts+sofia-sans@0.4.3/node_modules/@expo-google-fonts/sofia-sans/400Regular_Italic
	Result        : file:///Users/valentinasenov/Library/Developer/CoreSimulator/Devices/4EC5F74C-5A9C-4D89-8E44-374310E684AE/data/Containers/Bundle/Application/A01C5F69-BB9C-48BF-96DA-638EDBEBF8DB/YourSofia.app/assets/node_modules/.pnpm/@expo-google-fonts+sofia-sans@0.4.3/node_modules/@expo-google-fonts/sofia-sans/400Regular_Italic/SofiaSans_400Regular_Italic.ttf
2026-08-17 11:28:17.733 Db YourSofia[99787:320a5f] [com.apple.CFBundle:resources] Resource lookup at CFBundle 0x600003b082a0 </Users/valentinasenov/Library/Developer/CoreSimulator/Devices/4EC5F74C-5A9C-4D89-8E44-374310E684AE/data/Containers/Bundle/Application/A01C5F69-BB9C-48BF-96DA-638EDBEBF8DB/YourSofia.app> (executable, loaded)
	Request       : SofiaSans_500Medium_Italic type: ttf path: assets/node_modules/.pnpm/@expo-google-fonts+sofia-sans@0.4.3/node_modules/@expo-google-fonts/sofia-sans/500Medium_Italic
	Result        : file:///Users/valentinasenov/Library/Developer/CoreSimulator/Devices/4EC5F74C-5A9C-4D89-8E44-374310E684AE/data/Containers/Bundle/Application/A01C5F69-BB9C-48BF-96DA-638EDBEBF8DB/YourSofia.app/assets/node_modules/.pnpm/@expo-google-fonts+sofia-sans@0.4.3/node_modules/@expo-google-fonts/sofia-sans/500Medium_Italic/SofiaSans_500Medium_Italic.ttf
2026-08-17 11:28:17.733 Db YourSofia[99787:320a5f] [com.apple.CFBundle:resources] Resource lookup at CFBundle 0x600003b082a0 </Users/valentinasenov/Library/Developer/CoreSimulator/Devices/4EC5F74C-5A9C-4D89-8E44-374310E684AE/data/Containers/Bundle/Application/A01C5F69-BB9C-48BF-96DA-638EDBEBF8DB/YourSofia.app> (executable, loaded)
	Request       : SofiaSans_600SemiBold_Italic type: ttf path: assets/node_modules/.pnpm/@expo-google-fonts+sofia-sans@0.4.3/node_modules/@expo-google-fonts/sofia-sans/600SemiBold_Italic
	Result        : file:///Users/valentinasenov/Library/Developer/CoreSimulator/Devices/4EC5F74C-5A9C-4D89-8E44-374310E684AE/data/Containers/Bundle/Application/A01C5F69-BB9C-48BF-96DA-638EDBEBF8DB/YourSofia.app/assets/node_modules/.pnpm/@expo-google-fonts+sofia-sans@0.4.3/node_modules/@expo-google-fonts/sofia-sans/600SemiBold_Italic/SofiaSans_600SemiBold_Italic.ttf
2026-08-17 11:28:17.766 Db YourSofia[99787:320a5f] [com.apple.CFBundle:resources] Resource lookup at CFBundle 0x600003b082a0 </Users/valentinasenov/Library/Developer/CoreSimulator/Devices/4EC5F74C-5A9C-4D89-8E44-374310E684AE/data/Containers/Bundle/Application/A01C5F69-BB9C-48BF-96DA-638EDBEBF8DB/YourSofia.app> (executable, loaded)
	Request       : SofiaSans_700Bold_Italic type: ttf path: assets/node_modules/.pnpm/@expo-google-fonts+sofia-sans@0.4.3/node_modules/@expo-google-fonts/sofia-sans/700Bold_Italic
	Result        : file:///Users/valentinasenov/Library/Developer/CoreSimulator/Devices/4EC5F74C-5A9C-4D89-8E44-374310E684AE/data/Containers/Bundle/Application/A01C5F69-BB9C-48BF-96DA-638EDBEBF8DB/YourSofia.app/assets/node_modules/.pnpm/@expo-google-fonts+sofia-sans@0.4.3/node_modules/@expo-google-fonts/sofia-sans/700Bold_Italic/SofiaSans_700Bold_Italic.ttf
2026-08-17 11:28:17.766 Db YourSofia[99787:320a5f] [com.apple.CFBundle:resources] Resource lookup at CFBundle 0x600003b082a0 </Users/valentinasenov/Library/Developer/CoreSimulator/Devices/4EC5F74C-5A9C-4D89-8E44-374310E684AE/data/Containers/Bundle/Application/A01C5F69-BB9C-48BF-96DA-638EDBEBF8DB/YourSofia.app> (executable, loaded)
	Request       : SofiaSans_800ExtraBold_Italic type: ttf path: assets/node_modules/.pnpm/@expo-google-fonts+sofia-sans@0.4.3/node_modules/@expo-google-fonts/sofia-sans/800ExtraBold_Italic
	Result        : file:///Users/valentinasenov/Library/Developer/CoreSimulator/Devices/4EC5F74C-5A9C-4D89-8E44-374310E684AE/data/Containers/Bundle/Application/A01C5F69-BB9C-48BF-96DA-638EDBEBF8DB/YourSofia.app/assets/node_modules/.pnpm/@expo-google-fonts+sofia-sans@0.4.3/node_modules/@expo-google-fonts/sofia-sans/800ExtraBold_Italic/SofiaSans_800ExtraBold_Italic.ttf
2026-08-17 11:28:17.766 Db YourSofia[99787:320a5f] [com.apple.CFBundle:resources] Resource lookup at CFBundle 0x600003b082a0 </Users/valentinasenov/Library/Developer/CoreSimulator/Devices/4EC5F74C-5A9C-4D89-8E44-374310E684AE/data/Containers/Bundle/Application/A01C5F69-BB9C-48BF-96DA-638EDBEBF8DB/YourSofia.app> (executable, loaded)
	Request       : SofiaSans_900Black_Italic type: ttf path: assets/node_modules/.pnpm/@expo-google-fonts+sofia-sans@0.4.3/node_modules/@expo-google-fonts/sofia-sans/900Black_Italic
	Result        : file:///Users/valentinasenov/Library/Developer/CoreSimulator/Devices/4EC5F74C-5A9C-4D89-8E44-374310E684AE/data/Containers/Bundle/Application/A01C5F69-BB9C-48BF-96DA-638EDBEBF8DB/YourSofia.app/assets/node_modules/.pnpm/@expo-google-fonts+sofia-sans@0.4.3/node_modules/@expo-google-fonts/sofia-sans/900Black_Italic/SofiaSans_900Black_Italic.ttf
2026-08-17 11:28:17.767 Db YourSofia[99787:320a5f] [com.apple.CFBundle:resources] Resource lookup at CFBundle 0x600003b082a0 </Users/valentinasenov/Library/Developer/CoreSimulator/Devices/4EC5F74C-5A9C-4D89-8E44-374310E684AE/data/Containers/Bundle/Application/A01C5F69-BB9C-48BF-96DA-638EDBEBF8DB/YourSofia.app> (executable, loaded)
	Request       : JetBrainsMono_100Thin type: ttf path: assets/node_modules/.pnpm/@expo-google-fonts+jetbrains-mono@0.4.1/node_modules/@expo-google-fonts/jetbrains-mono/100Thin
	Result        : file:///Users/valentinasenov/Library/Developer/CoreSimulator/Devices/4EC5F74C-5A9C-4D89-8E44-374310E684AE/data/Containers/Bundle/Application/A01C5F69-BB9C-48BF-96DA-638EDBEBF8DB/YourSofia.app/assets/node_modules/.pnpm/@expo-google-fonts+jetbrains-mono@0.4.1/node_modules/@expo-google-fonts/jetbrains-mono/100Thin/JetBrainsMono_100Thin.ttf
2026-08-17 11:28:17.767 Db YourSofia[99787:320a1c] [com.apple.defaults:User Defaults] found no value for key __NSTextAttachmentAlwaysUsesAttachmentView in CFPrefsSearchListSource<0x600002c0c180> (Domain: bg.sofia.yoursofia, Container: (null) Non-launch persona: 0)
2026-08-17 11:28:17.767 Db YourSofia[99787:320a5f] [com.apple.CFBundle:resources] Resource lookup at CFBundle 0x600003b082a0 </Users/valentinasenov/Library/Developer/CoreSimulator/Devices/4EC5F74C-5A9C-4D89-8E44-374310E684AE/data/Containers/Bundle/Application/A01C5F69-BB9C-48BF-96DA-638EDBEBF8DB/YourSofia.app> (executable, loaded)
	Request       : JetBrainsMono_200ExtraLight type: ttf path: assets/node_modules/.pnpm/@expo-google-fonts+jetbrains-mono@0.4.1/node_modules/@expo-google-fonts/jetbrains-mono/200ExtraLight
	Result        : file:///Users/valentinasenov/Library/Developer/CoreSimulator/Devices/4EC5F74C-5A9C-4D89-8E44-374310E684AE/data/Containers/Bundle/Application/A01C5F69-BB9C-48BF-96DA-638EDBEBF8DB/YourSofia.app/assets/node_modules/.pnpm/@expo-google-fonts+jetbrains-mono@0.4.1/node_modules/@expo-google-fonts/jetbrains-mono/200ExtraLight/JetBrainsMono_200ExtraLight.ttf
2026-08-17 11:28:17.767 Db YourSofia[99787:320a5f] [com.apple.CFBundle:resources] Resource lookup at CFBundle 0x600003b082a0 </Users/valentinasenov/Library/Developer/CoreSimulator/Devices/4EC5F74C-5A9C-4D89-8E44-374310E684AE/data/Containers/Bundle/Application/A01C5F69-BB9C-48BF-96DA-638EDBEBF8DB/YourSofia.app> (executable, loaded)
	Request       : JetBrainsMono_300Light type: ttf path: assets/node_modules/.pnpm/@expo-google-fonts+jetbrains-mono@0.4.1/node_modules/@expo-google-fonts/jetbrains-mono/300Light
	Result        : file:///Users/valentinasenov/Library/Developer/CoreSimulator/Devices/4EC5F74C-5A9C-4D89-8E44-374310E684AE/data/Containers/Bundle/Application/A01C5F69-BB9C-48BF-96DA-638EDBEBF8DB/YourSofia.app/assets/node_modules/.pnpm/@expo-google-fonts+jetbrains-mono@0.4.1/node_modules/@expo-google-fonts/jetbrains-mono/300Light/JetBrainsMono_300Light.ttf
2026-08-17 11:28:17.767 Db YourSofia[99787:320a5f] [com.apple.CFBundle:resources] Resource lookup at CFBundle 0x600003b082a0 </Users/valentinasenov/Library/Developer/CoreSimulator/Devices/4EC5F74C-5A9C-4D89-8E44-374310E684AE/data/Containers/Bundle/Application/A01C5F69-BB9C-48BF-96DA-638EDBEBF8DB/YourSofia.app> (executable, loaded)
	Request       : JetBrainsMono_400Regular type: ttf path: assets/node_modules/.pnpm/@expo-google-fonts+jetbrains-mono@0.4.1/node_modules/@expo-google-fonts/jetbrains-mono/400Regular
	Result        : file:///Users/valentinasenov/Library/Developer/CoreSimulator/Devices/4EC5F74C-5A9C-4D89-8E44-374310E684AE/data/Containers/Bundle/Application/A01C5F69-BB9C-48BF-96DA-638EDBEBF8DB/YourSofia.app/assets/node_modules/.pnpm/@expo-google-fonts+jetbrains-mono@0.4.1/node_modules/@expo-google-fonts/jetbrains-mono/400Regular/JetBrainsMono_400Regular.ttf
2026-08-17 11:28:17.768 Db YourSofia[99787:320a5f] [com.apple.CFBundle:resources] Resource lookup at CFBundle 0x600003b082a0 </Users/valentinasenov/Library/Developer/CoreSimulator/Devices/4EC5F74C-5A9C-4D89-8E44-374310E684AE/data/Containers/Bundle/Application/A01C5F69-BB9C-48BF-96DA-638EDBEBF8DB/YourSofia.app> (executable, loaded)
	Request       : JetBrainsMono_600SemiBold type: ttf path: assets/node_modules/.pnpm/@expo-google-fonts+jetbrains-mono@0.4.1/node_modules/@expo-google-fonts/jetbrains-mono/600SemiBold
	Result        : file:///Users/valentinasenov/Library/Developer/CoreSimulator/Devices/4EC5F74C-5A9C-4D89-8E44-374310E684AE/data/Containers/Bundle/Application/A01C5F69-BB9C-48BF-96DA-638EDBEBF8DB/YourSofia.app/assets/node_modules/.pnpm/@expo-google-fonts+jetbrains-mono@0.4.1/node_modules/@expo-google-fonts/jetbrains-mono/600SemiBold/JetBrainsMono_600SemiBold.ttf
2026-08-17 11:28:17.768 Db YourSofia[99787:320a5f] [com.apple.CFBundle:resources] Resource lookup at CFBundle 0x600003b082a0 </Users/valentinasenov/Library/Developer/CoreSimulator/Devices/4EC5F74C-5A9C-4D89-8E44-374310E684AE/data/Containers/Bundle/Application/A01C5F69-BB9C-48BF-96DA-638EDBEBF8DB/YourSofia.app> (executable, loaded)
	Request       : JetBrainsMono_700Bold type: ttf path: assets/node_modules/.pnpm/@expo-google-fonts+jetbrains-mono@0.4.1/node_modules/@expo-google-fonts/jetbrains-mono/700Bold
	Result        : file:///Users/valentinasenov/Library/Developer/CoreSimulator/Devices/4EC5F74C-5A9C-4D89-8E44-374310E684AE/data/Containers/Bundle/Application/A01C5F69-BB9C-48BF-96DA-638EDBEBF8DB/YourSofia.app/assets/node_modules/.pnpm/@expo-google-fonts+jetbrains-mono@0.4.1/node_modules/@expo-google-fonts/jetbrains-mono/700Bold/JetBrainsMono_700Bold.ttf
2026-08-17 11:28:17.768 Db YourSofia[99787:320a5f] [com.apple.CFBundle:resources] Resource lookup at CFBundle 0x600003b082a0 </Users/valentinasenov/Library/Developer/CoreSimulator/Devices/4EC5F74C-5A9C-4D89-8E44-374310E684AE/data/Containers/Bundle/Application/A01C5F69-BB9C-48BF-96DA-638EDBEBF8DB/YourSofia.app> (executable, loaded)
	Request       : JetBrainsMono_800ExtraBold type: ttf path: assets/node_modules/.pnpm/@expo-google-fonts+jetbrains-mono@0.4.1/node_modules/@expo-google-fonts/jetbrains-mono/800ExtraBold
	Result        : file:///Users/valentinasenov/Library/Developer/CoreSimulator/Devices/4EC5F74C-5A9C-4D89-8E44-374310E684AE/data/Containers/Bundle/Application/A01C5F69-BB9C-48BF-96DA-638EDBEBF8DB/YourSofia.app/assets/node_modules/.pnpm/@expo-google-fonts+jetbrains-mono@0.4.1/node_modules/@expo-google-fonts/jetbrains-mono/800ExtraBold/JetBrainsMono_800ExtraBold.ttf
2026-08-17 11:28:17.768 Db YourSofia[99787:320a5f] [com.apple.CFBundle:resources] Resource lookup at CFBundle 0x600003b082a0 </Users/valentinasenov/Library/Developer/CoreSimulator/Devices/4EC5F74C-5A9C-4D89-8E44-374310E684AE/data/Containers/Bundle/Application/A01C5F69-BB9C-48BF-96DA-638EDBEBF8DB/YourSofia.app> (executable, loaded)
	Request       : JetBrainsMono_100Thin_Italic type: ttf path: assets/node_modules/.pnpm/@expo-google-fonts+jetbrains-mono@0.4.1/node_modules/@expo-google-fonts/jetbrains-mono/100Thin_Italic
	Result        : file:///Users/valentinasenov/Library/Developer/CoreSimulator/Devices/4EC5F74C-5A9C-4D89-8E44-374310E684AE/data/Containers/Bundle/Application/A01C5F69-BB9C-48BF-96DA-638EDBEBF8DB/YourSofia.app/assets/node_modules/.pnpm/@expo-google-fonts+jetbrains-mono@0.4.1/node_modules/@expo-google-fonts/jetbrains-mono/100Thin_Italic/JetBrainsMono_100Thin_Italic.ttf
2026-08-17 11:28:17.768 Db YourSofia[99787:320a5f] [com.apple.CFBundle:resources] Resource lookup at CFBundle 0x600003b082a0 </Users/valentinasenov/Library/Developer/CoreSimulator/Devices/4EC5F74C-5A9C-4D89-8E44-374310E684AE/data/Containers/Bundle/Application/A01C5F69-BB9C-48BF-96DA-638EDBEBF8DB/YourSofia.app> (executable, loaded)
	Request       : JetBrainsMono_200ExtraLight_Italic type: ttf path: assets/node_modules/.pnpm/@expo-google-fonts+jetbrains-mono@0.4.1/node_modules/@expo-google-fonts/jetbrains-mono/200ExtraLight_Italic
	Result        : file:///Users/valentinasenov/Library/Developer/CoreSimulator/Devices/4EC5F74C-5A9C-4D89-8E44-374310E684AE/data/Containers/Bundle/Application/A01C5F69-BB9C-48BF-96DA-638EDBEBF8DB/YourSofia.app/assets/node_modules/.pnpm/@expo-google-fonts+jetbrains-mono@0.4.1/node_modules/@expo-google-fonts/jetbrains-mono/200ExtraLight_Italic/JetBrainsMono_200ExtraLight_Italic.ttf
2026-08-17 11:28:17.768 Db YourSofia[99787:320a5f] [com.apple.CFBundle:resources] Resource lookup at CFBundle 0x600003b082a0 </Users/valentinasenov/Library/Developer/CoreSimulator/Devices/4EC5F74C-5A9C-4D89-8E44-374310E684AE/data/Containers/Bundle/Application/A01C5F69-BB9C-48BF-96DA-638EDBEBF8DB/YourSofia.app> (executable, loaded)
	Request       : JetBrainsMono_300Light_Italic type: ttf path: assets/node_modules/.pnpm/@expo-google-fonts+jetbrains-mono@0.4.1/node_modules/@expo-google-fonts/jetbrains-mono/300Light_Italic
	Result        : file:///Users/valentinasenov/Library/Developer/CoreSimulator/Devices/4EC5F74C-5A9C-4D89-8E44-374310E684AE/data/Containers/Bundle/Application/A01C5F69-BB9C-48BF-96DA-638EDBEBF8DB/YourSofia.app/assets/node_modules/.pnpm/@expo-google-fonts+jetbrains-mono@0.4.1/node_modules/@expo-google-fonts/jetbrains-mono/300Light_Italic/JetBrainsMono_300Light_Italic.ttf
2026-08-17 11:28:17.769 Db YourSofia[99787:320a5f] [com.apple.CFBundle:resources] Resource lookup at CFBundle 0x600003b082a0 </Users/valentinasenov/Library/Developer/CoreSimulator/Devices/4EC5F74C-5A9C-4D89-8E44-374310E684AE/data/Containers/Bundle/Application/A01C5F69-BB9C-48BF-96DA-638EDBEBF8DB/YourSofia.app> (executable, loaded)
	Request       : JetBrainsMono_400Regular_Italic type: ttf path: assets/node_modules/.pnpm/@expo-google-fonts+jetbrains-mono@0.4.1/node_modules/@expo-google-fonts/jetbrains-mono/400Regular_Italic
	Result        : file:///Users/valentinasenov/Library/Developer/CoreSimulator/Devices/4EC5F74C-5A9C-4D89-8E44-374310E684AE/data/Containers/Bundle/Application/A01C5F69-BB9C-48BF-96DA-638EDBEBF8DB/YourSofia.app/assets/node_modules/.pnpm/@expo-google-fonts+jetbrains-mono@0.4.1/node_modules/@expo-google-fonts/jetbrains-mono/400Regular_Italic/JetBrainsMono_400Regular_Italic.ttf
2026-08-17 11:28:17.769 Db YourSofia[99787:320a5f] [com.apple.CFBundle:resources] Resource lookup at CFBundle 0x600003b082a0 </Users/valentinasenov/Library/Developer/CoreSimulator/Devices/4EC5F74C-5A9C-4D89-8E44-374310E684AE/data/Containers/Bundle/Application/A01C5F69-BB9C-48BF-96DA-638EDBEBF8DB/YourSofia.app> (executable, loaded)
	Request       : JetBrainsMono_500Medium_Italic type: ttf path: assets/node_modules/.pnpm/@expo-google-fonts+jetbrains-mono@0.4.1/node_modules/@expo-google-fonts/jetbrains-mono/500Medium_Italic
	Result        : file:///Users/valentinasenov/Library/Developer/CoreSimulator/Devices/4EC5F74C-5A9C-4D89-8E44-374310E684AE/data/Containers/Bundle/Application/A01C5F69-BB9C-48BF-96DA-638EDBEBF8DB/YourSofia.app/assets/node_modules/.pnpm/@expo-google-fonts+jetbrains-mono@0.4.1/node_modules/@expo-google-fonts/jetbrains-mono/500Medium_Italic/JetBrainsMono_500Medium_Italic.ttf
2026-08-17 11:28:17.769 Df YourSofia[99787:320a1c] [com.apple.UIKit:EventDeferring] [0x60000293c2a0] Scene target of event deferring environments did update: scene: 0x10590d090; current systemShellManagesKeyboardFocus: 1; systemShellManagesKeyboardFocusForScene: 1; eligibleForRecordRemoval: 1;
2026-08-17 11:28:17.769 Df YourSofia[99787:320a1c] [com.apple.UIKit:KeyWindow] Scene became target of keyboard event deferring environment: UIWindowScene: 0x10590d090; scene identity: com.apple.frontboard.systemappservices/FBSceneManager:sceneID%3Abg.sofia.yoursofia-default
2026-08-17 11:28:17.769 Db YourSofia[99787:320a1c] [com.apple.defaults:User Defaults] found no value for key LogFirstResponderRestoration in CFPrefsSearchListSource<0x600002c00a00> (Domain: com.apple.UIKit, Container: (null) Non-launch persona: 0)
2026-08-17 11:28:17.769 Db YourSofia[99787:320a5f] [com.apple.CFBundle:resources] Resource lookup at CFBundle 0x600003b082a0 </Users/valentinasenov/Library/Developer/CoreSimulator/Devices/4EC5F74C-5A9C-4D89-8E44-374310E684AE/data/Containers/Bundle/Application/A01C5F69-BB9C-48BF-96DA-638EDBEBF8DB/YourSofia.app> (executable, loaded)
	Request       : JetBrainsMono_600SemiBold_Italic type: ttf path: assets/node_modules/.pnpm/@expo-google-fonts+jetbrains-mono@0.4.1/node_modules/@expo-google-fonts/jetbrains-mono/600SemiBold_Italic
	Result        : file:///Users/valentinasenov/Library/Developer/CoreSimulator/Devices/4EC5F74C-5A9C-4D89-8E44-374310E684AE/data/Containers/Bundle/Application/A01C5F69-BB9C-48BF-96DA-638EDBEBF8DB/YourSofia.app/assets/node_modules/.pnpm/@expo-google-fonts+jetbrains-mono@0.4.1/node_modules/@expo-google-fonts/jetbrains-mono/600SemiBold_Italic/JetBrainsMono_600SemiBold_Italic.ttf
2026-08-17 11:28:17.769 Db YourSofia[99787:320a5f] [com.apple.CFBundle:resources] Resource lookup at CFBundle 0x600003b082a0 </Users/valentinasenov/Library/Developer/CoreSimulator/Devices/4EC5F74C-5A9C-4D89-8E44-374310E684AE/data/Containers/Bundle/Application/A01C5F69-BB9C-48BF-96DA-638EDBEBF8DB/YourSofia.app> (executable, loaded)
	Request       : JetBrainsMono_700Bold_Italic type: ttf path: assets/node_modules/.pnpm/@expo-google-fonts+jetbrains-mono@0.4.1/node_modules/@expo-google-fonts/jetbrains-mono/700Bold_Italic
	Result        : file:///Users/valentinasenov/Library/Developer/CoreSimulator/Devices/4EC5F74C-5A9C-4D89-8E44-374310E684AE/data/Containers/Bundle/Application/A01C5F69-BB9C-48BF-96DA-638EDBEBF8DB/YourSofia.app/assets/node_modules/.pnpm/@expo-google-fonts+jetbrains-mono@0.4.1/node_modules/@expo-google-fonts/jetbrains-mono/700Bold_Italic/JetBrainsMono_700Bold_Italic.ttf
2026-08-17 11:28:17.769 Db YourSofia[99787:320a62] [com.apple.BaseBoard:Common] [BSBlockSentinel:FBSScene] signaled! 2 of 2
2026-08-17 11:28:17.769 Db YourSofia[99787:320a62] [com.apple.BaseBoard:Common] [BSBlockSentinel:FBSScene] dealloc
2026-08-17 11:28:17.769 Db YourSofia[99787:320a1c] [com.apple.defaults:User Defaults] looked up value 0 for key AutomationEnabled in CFPrefsPlistSource<0x600002c0db00> (Domain: com.apple.Accessibility, User: kCFPreferencesCurrentUser, ByHost: No, Container: (null), Contents Need Refresh: No) via CFPrefsSearchListSource<0x600002c0da80> (Domain: com.apple.Accessibility, Container: (null) Non-launch persona: 0)
2026-08-17 11:28:17.769 Db YourSofia[99787:320a1c] [com.apple.Accessibility:AXSupportCommon] CF Read: domain = com.apple.Accessibility, preference = AutomationEnabled, appID = (null) result = 0 (-1 - empty, 0 - false, 1 - true)
2026-08-17 11:28:17.769 Db YourSofia[99787:320a5f] [com.apple.CFBundle:resources] Resource lookup at CFBundle 0x600003b082a0 </Users/valentinasenov/Library/Developer/CoreSimulator/Devices/4EC5F74C-5A9C-4D89-8E44-374310E684AE/data/Containers/Bundle/Application/A01C5F69-BB9C-48BF-96DA-638EDBEBF8DB/YourSofia.app> (executable, loaded)
	Request       : JetBrainsMono_800ExtraBold_Italic type: ttf path: assets/node_modules/.pnpm/@expo-google-fonts+jetbrains-mono@0.4.1/node_modules/@expo-google-fonts/jetbrains-mono/800ExtraBold_Italic
	Result        : file:///Users/valentinasenov/Library/Developer/CoreSimulator/Devices/4EC5F74C-5A9C-4D89-8E44-374310E684AE/data/Containers/Bundle/Application/A01C5F69-BB9C-48BF-96DA-638EDBEBF8DB/YourSofia.app/assets/node_modules/.pnpm/@expo-google-fonts+jetbrains-mono@0.4.1/node_modules/@expo-google-fonts/jetbrains-mono/800ExtraBold_Italic/JetBrainsMono_800ExtraBold_Italic.ttf
2026-08-17 11:28:17.770 Df YourSofia[99787:320a1c] [com.apple.FrontBoard:SceneExtension] Realizing settings extension SBUISecureRenderingSettingsExtension on FBSSceneSettings
2026-08-17 11:28:17.770 Db YourSofia[99787:320a1c] [com.apple.FrontBoard:SceneExtension] registering method "isSecureRenderingEnabled" from extension SBUISecureRenderingSettingsExtension on class "FBSSceneSettings"
2026-08-17 11:28:17.770 Db YourSofia[99787:320a1c] [com.apple.FrontBoard:SceneExtension] registering method "setSecureRenderingEnabled:" from extension SBUISecureRenderingSettingsExtension on class "FBSSceneSettings"
2026-08-17 11:28:17.770 Db YourSofia[99787:320a5f] [com.apple.CFBundle:resources] Resource lookup at CFBundle 0x600003b082a0 </Users/valentinasenov/Library/Developer/CoreSimulator/Devices/4EC5F74C-5A9C-4D89-8E44-374310E684AE/data/Containers/Bundle/Application/A01C5F69-BB9C-48BF-96DA-638EDBEBF8DB/YourSofia.app> (executable, loaded)
	Request       : sofia-gerb type: png path: assets/assets/images
	Result        : file:///Users/valentinasenov/Library/Developer/CoreSimulator/Devices/4EC5F74C-5A9C-4D89-8E44-374310E684AE/data/Containers/Bundle/Application/A01C5F69-BB9C-48BF-96DA-638EDBEBF8DB/YourSofia.app/assets/assets/images/sofia-gerb.png
2026-08-17 11:28:17.770 Db YourSofia[99787:320a1c] [com.apple.FrontBoard:SceneClient] [(FBSceneManager):sceneID:bg.sofia.yoursofia-default] Adding extension: "SBUISecureRenderingSceneExtension"
2026-08-17 11:28:17.770 Db YourSofia[99787:320a1c] [com.apple.FrontBoard:SceneClient] [(FBSceneManager):sceneID:bg.sofia.yoursofia-default] Instantiated component: "<SBUISecureRenderingClientComponent: 0x6000002883e0>"
2026-08-17 11:28:17.770 Df YourSofia[99787:320a1c] [com.apple.UIKit:InterfaceStyle] Not push traits update to screen for new style 1, <UIWindowScene: 0x10590d090> (8FA49A39-7661-46FB-8F2C-0158321648A4)
2026-08-17 11:28:17.770 I  YourSofia[99787:320a5f] [dev.expo.modules:expo-updates] 🟢 {"message":"AppController appLoaderTask didFinishWithLauncher, isUpToDate=0, remoteLoadStatus=0","code":"None","timestamp":1786955297000,"level":"info"}
2026-08-17 11:28:17.770 Df YourSofia[99787:320a1c] [com.apple.UIKit:InterfaceStyle] Not push traits update to screen for new style 1, <UIWindowScene: 0x10590d090> (8FA49A39-7661-46FB-8F2C-0158321648A4)
2026-08-17 11:28:17.770 Df YourSofia[99787:320a1c] [com.apple.UIKit:AppLifecycle] sceneOfRecord: sceneID: sceneID:bg.sofia.yoursofia-default  persistentID: 8FA49A39-7661-46FB-8F2C-0158321648A4
2026-08-17 11:28:17.770 Df YourSofia[99787:320a1c] [com.apple.UIKit:Application] Deactivation reason removed: 12; deactivation reasons: 4128 -> 32; animating application lifecycle event: 1
2026-08-17 11:28:17.770 I  YourSofia[99787:320a5f] [dev.expo.modules:expo-updates] 🟢 {"message":"Updates state change: state = checking, event = check, context = UpdatesStateContext(isStartupProcedureRunning: true, isUpdateAvailable: false, isUpdatePending: false, isChecking: true, isDownloading: false, isRestarting: false, restartCount: 0, latestManifest: nil, downloadedManifest: nil, rollback: nil, checkError: nil, downloadError: nil, downloadProgress: 0.0, lastCheckForUpdateTime: nil, sequenceNumber: 2)","code":"None","level":"info","timestamp":1786955297000}
2026-08-17 11:28:17.770 Df YourSofia[99787:320a1c] [com.apple.KeyboardArbiter:Client] Send setDeactivating: N (-DeactivationReason:SuspendedEventsOnly)
2026-08-17 11:28:17.770 Df YourSofia[99787:320a1c] [com.apple.UIKit:Application] Deactivation reason removed: 5; deactivation reasons: 32 -> 0; animating application lifecycle event: 0
2026-08-17 11:28:17.771 Db YourSofia[99787:320a5d] [com.apple.defaults:User Defaults] found no value for key expo.eas-client-id in CFPrefsSearchListSource<0x600002c0c180> (Domain: bg.sofia.yoursofia, Container: (null) Non-launch persona: 0)
2026-08-17 11:28:17.771 Db YourSofia[99787:320a5d] [com.apple.defaults:User Defaults] setting {
    "expo.eas-client-id" = "3DAE94BE-000A-4B38-9440-B328A78E33F1";
} in CFPrefsPlistSource<0x600002c08300> (Domain: bg.sofia.yoursofia, User: kCFPreferencesCurrentUser, ByHost: No, Container: (null), Contents Need Refresh: No)
2026-08-17 11:28:17.771 Db YourSofia[99787:320a1c] [com.apple.BacklightServices:scenes] 0x600000c3dce0 environment updated:sceneID:bg.sofia.yoursofia-default
  delta:{ visualState:0 date:0 active:0 seed:0 }
  diff:<FBSSceneSettingsDiff: 0x600001751380; UIApplicationSceneSettings> {
    settings = <BSKeyedSettingsDiff: 0x600000c636f0> {
        SBUISecureRenderingSettingsExtension = <BSKeyedSettingsDiff: 0x600000c6d530> {
            secureRenderingEnabled = 0;
        };
        _UISystemShellSceneHostingEnvironmentSettings = <BSKeyedSettingsDiff: 0x600000c6d200> {
            systemShellHostingSpaceIdentifier = SB-display-<embedded>;
        };
        FBSSceneExtensions = <BSKeyedSettingsDiff: 0x600000c63a80> {
            14 = SBUISecureRenderingSceneExtension;
        };
        <_UIHomeAffordanceHostSceneSettings> = <BSKeyedSettingsDiff: 0x600000c638a0> {
            homeAffordanceSceneReferenceFrame = NSRect: {{115.66666666666667, 805}, {159, 39}};
        };
        _UISceneRenderingEnvironmentSettings = <BSKeyedSettingsDiff: 0x600000c626d0> {
            systemDisplayIdentifier = 422C2832-3E9E-400D-9630-75
  new:<decode: missing data>
  old:<decode: missing data>
  new:<decode: missing data>
2026-08-17 11:28:17.771 Db YourSofia[99787:320a1c] [com.apple.defaults:User Defaults] found no value for key LogHomeAffordanceGestureGate in CFPrefsSearchListSource<0x600002c00a00> (Domain: com.apple.UIKit, Container: (null) Non-launch persona: 0)
2026-08-17 11:28:17.771 Db YourSofia[99787:320a1c] [com.apple.BaseBoard:Common] [BSBlockSentinel:FBSScene] signaled! 1 of 2
2026-08-17 11:28:17.772 Df YourSofia[99787:320a5d] [com.apple.CFNetwork:Default] Task <89ACD15E-9B16-481B-97A4-E1D0A2D9BD68>.<1> resuming, timeouts(60.0, 604800.0) qos(0x19) voucher(<OS_voucher: 0x600002125860>) activity(00000000-0000-0000-0000-000000000000)
2026-08-17 11:28:17.772 Db YourSofia[99787:320a5d] [com.apple.network:activity] Returning should log: 0 for activity cfnetwork:foreground_task
2026-08-17 11:28:17.772 Db YourSofia[99787:320a5d] [com.apple.network:activity] Activity <nw_activity 12:2 [No UUID] (parent is global) (reporting strategy default)> inheriting reporting strategy from parent <nw_activity 50:1 [B7050F59-B5CA-43BC-A86A-71E4AE81B479] (reporting strategy default)>
2026-08-17 11:28:17.772 Db YourSofia[99787:320a5d] [com.apple.network:activity] Returning should log: 0 for activity cfnetwork:foreground_task
2026-08-17 11:28:17.772 Db YourSofia[99787:320a5d] [com.apple.network:activity] Returning should log: 0 for activity cfnetwork:foreground_task
2026-08-17 11:28:17.772 Db YourSofia[99787:320a5d] [com.apple.CFNetwork:Default] [Telemetry]: Activity <nw_activity 12:2 [F88A34EE-A128-426F-B5C4-1BD6424083EB] (parent is global) (reporting strategy default)> on Task <89ACD15E-9B16-481B-97A4-E1D0A2D9BD68>.<1> was not selected for reporting
2026-08-17 11:28:17.772 Db YourSofia[99787:320a1c] (TextInput) -[TIPreferencesController preferencesChangedCallback:]  preferencesChangedCallback: Triggering preferencesChangedCallback for domain <_TIPreferenceDomain: 0x600000c09dd0> with notification AppleKeyboardsSettingsChangedNotification
2026-08-17 11:28:17.772 Db YourSofia[99787:320a5b] [com.apple.defaults:User Defaults] CFPrefsPlistSource<0x600002c08500> (Domain: bg.sofia.yoursofia, User: kCFPreferencesCurrentUser, ByHost: No, Container: /Users/valentinasenov/Library/Developer/CoreSimulator/Devices/4EC5F74C-5A9C-4D89-8E44-374310E684AE/data, Contents Need Refresh: No) loaded: an empty base plist and no additional changes from the base plist
2026-08-17 11:28:17.772 Db YourSofia[99787:320a5b] [com.apple.defaults:User Defaults] CFPrefsPlistSource<0x600002c08700> (Domain: bg.sofia.yoursofia, User: kCFPreferencesCurrentUser, ByHost: Yes, Container: (null), Contents Need Refresh: No) loaded: an empty base plist and no additional changes from the base plist
2026-08-17 11:28:17.772 Db YourSofia[99787:320a5b] [com.apple.defaults:User Defaults] looked up value (
    "en-US",
    "bg-US"
) for key AppleLanguages in CFPrefsPlistSource<0x600002c08680> (Domain: kCFPreferencesAnyApplication, User: kCFPreferencesCurrentUser, ByHost: No, Container: /Users/valentinasenov/Library/Developer/CoreSimulator/Devices/4EC5F74C-5A9C-4D89-8E44-374310E684AE/data, Contents Need Refresh: No) via CFPrefsSearchListSource<0x600002c0c180> (Domain: bg.sofia.yoursofia, Container: (null) Non-launch persona: 0)
2026-08-17 11:28:17.773 I  YourSofia[99787:320a1c] [com.wix.Detox:WebSocket] Action received: loginSuccess
2026-08-17 11:28:17.773 I  YourSofia[99787:320a1c] [com.wix.Detox:DetoxManager] Successfully logged in
2026-08-17 11:28:17.784 Db YourSofia[99787:320a5f] [com.apple.CFNetwork:ATS] Task <89ACD15E-9B16-481B-97A4-E1D0A2D9BD68>.<1> {strength 1, tls 8, sub 0, sig 0, ciphers 1, bundle 0, builtin 0}
2026-08-17 11:28:17.784 Df YourSofia[99787:320a5f] [com.apple.CFNetwork:Default] Connection 0: creating secure tcp or quic connection
2026-08-17 11:28:17.785 I  YourSofia[99787:320a5f] [com.apple.network:connection] nw_connection_create_with_id [C2] create connection to Hostname#905e30a4:443
2026-08-17 11:28:17.785 I  YourSofia[99787:320a5f] [com.apple.network:connection] nw_connection_create_with_id_block_invoke [C2] has alternative UNKNOWN for quic
2026-08-17 11:28:17.785 Df YourSofia[99787:320a5f] [com.apple.CFNetwork:Default] Connection 2: enabling TLS
2026-08-17 11:28:17.785 Df YourSofia[99787:320a5f] [com.apple.CFNetwork:Default] Connection 2: starting, TC(0x0)
2026-08-17 11:28:17.785 Df YourSofia[99787:320a5f] [com.apple.network:connection] [C2 2964D94C-8029-48D3-BFC6-64F576B71621 Hostname#905e30a4:443 quic-connection, url: https://u.expo.dev/8c71d3db-2519-4b4d-a33f-4a5e3b2c2661, definite, attribution: developer, context: com.apple.CFNetwork.NSURLSession.{051F49EE-D3AA-4D3D-AF8A-AC395767ACE8}{(null)}{Y}{2}{0x0} (private), proc: DDAE0ACD-06B9-3DE6-879D-DE3D6508ACC1, delegated upid: 0] start
2026-08-17 11:28:17.785 I  YourSofia[99787:320a5f] [com.apple.network:connection] nw_endpoint_handler_start [C2 Hostname#905e30a4:443 initial parent-flow ((null))]
2026-08-17 11:28:17.785 Df YourSofia[99787:320a5f] [com.apple.network:connection] [C2 Hostname#905e30a4:443 initial parent-flow ((null))] event: path:start @0.000s
2026-08-17 11:28:17.785 Db YourSofia[99787:320a5f] [com.apple.network:connection] nw_endpoint_handler_path_change [C2 Hostname#905e30a4:443 waiting parent-flow (satisfied (Path is satisfied), interface: en0[802.11], uses wifi, LQM: unknown)]
2026-08-17 11:28:17.785 Db YourSofia[99787:320a5f] [com.apple.networkextension:] ne_tracker_check_is_hostname_blocked() proceeding with the in_the_app check for hostname: u.expo.dev
2026-08-17 11:28:17.785 Db YourSofia[99787:320a5f] [com.apple.CFBundle:resources] Resource lookup at CFBundle 0x600003b082a0 </Users/valentinasenov/Library/Developer/CoreSimulator/Devices/4EC5F74C-5A9C-4D89-8E44-374310E684AE/data/Containers/Bundle/Application/A01C5F69-BB9C-48BF-96DA-638EDBEBF8DB/YourSofia.app> (executable, loaded)
	Request       : InfoPlist type: strings
	Result        : None
2026-08-17 11:28:17.785 Db YourSofia[99787:320a5f] [com.apple.CFBundle:resources] Resource lookup at CFBundle 0x600003b082a0 </Users/valentinasenov/Library/Developer/CoreSimulator/Devices/4EC5F74C-5A9C-4D89-8E44-374310E684AE/data/Containers/Bundle/Application/A01C5F69-BB9C-48BF-96DA-638EDBEBF8DB/YourSofia.app> (executable, loaded)
	Request       : InfoPlist type: stringsdict
	Result        : None
2026-08-17 11:28:17.785 Db YourSofia[99787:320a5f] [com.apple.networkextension:] ne_tracker_check_is_hostname_blocked(): hostname u.expo.dev is not a tracker. Returning: ne_tracker_status_none
2026-08-17 11:28:17.785 Df YourSofia[99787:320a5f] [com.apple.network:connection] [C2 Hostname#905e30a4:443 waiting parent-flow (satisfied (Path is satisfied), interface: en0[802.11], uses wifi, LQM: unknown)] event: path:satisfied @0.000s, uuid: 4A69199C-D8F0-45F0-9A45-7B2BF19D5A4D
2026-08-17 11:28:17.785 I  YourSofia[99787:320a5f] [com.apple.network:connection] nw_connection_endpoint_report_on_nw_queue_block_invoke [C2 Hostname#905e30a4:443 waiting parent-flow (satisfied (Path is satisfied), interface: en0[802.11], uses wifi, LQM: unknown)] skipping state update
2026-08-17 11:28:17.785 Db YourSofia[99787:320a5f] [com.apple.network:connection] nw_endpoint_flow_attach_protocols [C2 Hostname#905e30a4:443 in_progress parent-flow (satisfied (Path is satisfied), interface: en0[802.11], uses wifi, LQM: unknown)]
2026-08-17 11:28:17.785 Db YourSofia[99787:320a5f] [com.apple.network:connection] nw_endpoint_flow_attach_protocols [C2 Hostname#905e30a4:443 in_progress parent-flow (satisfied (Path is satisfied), interface: en0[802.11], uses wifi, LQM: unknown)] stopping after adding persistent application protocols
2026-08-17 11:28:17.785 Db YourSofia[99787:320a5f] [com.apple.network:connection] nw_endpoint_flow_setup_protocols [C2 Hostname#905e30a4:443 in_progress parent-flow (satisfied (Path is satisfied), interface: en0[802.11], uses wifi, LQM: unknown)] persistent protocol stack, starting
2026-08-17 11:28:17.785 Df YourSofia[99787:320a5f] [com.apple.network:connection] [C2 Hostname#905e30a4:443 in_progress parent-flow (satisfied (Path is satisfied), interface: en0[802.11], uses wifi, LQM: unknown)] event: flow:start_connect @0.000s
2026-08-17 11:28:17.785 Df YourSofia[99787:320a5f] [com.apple.network:connection] nw_connection_report_state_with_handler_on_nw_queue [C2] reporting state preparing
2026-08-17 11:28:17.785 I  YourSofia[99787:320a5f] [com.apple.network:connection] nw_endpoint_flow_connect [C2 Hostname#905e30a4:443 in_progress parent-flow (satisfied (Path is satisfied), interface: en0[802.11], uses wifi, LQM: unknown)] connect bottom protocol
2026-08-17 11:28:17.785 Db YourSofia[99787:320a5f] [com.apple.network:connection] nw_endpoint_flow_start_child [C2 Hostname#905e30a4:443 in_progress parent-flow (satisfied (Path is satisfied), interface: en0[802.11], uses wifi, LQM: unknown)] creating and starting child handler
2026-08-17 11:28:17.785 Db YourSofia[99787:320a5f] [com.apple.network:] nw_endpoint_proxy_handler_should_use_proxy Looking up proxy for hostname: u.expo.dev, ifindex: 0
2026-08-17 11:28:17.785 Db YourSofia[99787:320a5f] [com.apple.SystemConfiguration:SCPreferences] create <SCPreferences 0x104f13100 [0x1e6193a48]> {name = SCDynamicStoreCopyProxiesWithOptions, id = /Library/Managed Preferences/mobile/com.apple.SystemConfiguration.plist, path = /Library/Managed Preferences/mobile/com.apple.SystemConfiguration.plist}
2026-08-17 11:28:17.785 Db YourSofia[99787:320a5f] [com.apple.SystemConfiguration:SCPreferences] SCPreferences() access: /Library/Managed Preferences/mobile/com.apple.SystemConfiguration.plist, size=0
2026-08-17 11:28:17.785 Db YourSofia[99787:320a5f] [com.apple.SystemConfiguration:SCPreferences] release <SCPreferences 0x104f13100 [0x1e6193a48]> {name = SCDynamicStoreCopyProxiesWithOptions, id = /Library/Managed Preferences/mobile/com.apple.SystemConfiguration.plist, path = /Library/Managed Preferences/mobile/com.apple.SystemConfiguration.plist, accessed}
2026-08-17 11:28:17.786 Df YourSofia[99787:320a5f] [com.apple.network:connection] [C2 Hostname#905e30a4:443 in_progress parent-flow (satisfied (Path is satisfied), interface: en0[802.11], uses wifi, LQM: unknown)] event: flow:start_child @0.000s
2026-08-17 11:28:17.786 I  YourSofia[99787:320a5f] [com.apple.network:connection] nw_endpoint_handler_start [C2.1 Hostname#905e30a4:443 initial path ((null))]
2026-08-17 11:28:17.786 Db YourSofia[99787:320a5f] [com.apple.network:connection] nw_endpoint_flow_receive_report [C2 Hostname#905e30a4:443 in_progress parent-flow (satisfied (Path is satisfied), interface: en0[802.11], uses wifi, LQM: unknown)] received child report: [C2.1 Hostname#905e30a4:443 initial path ((null))]
2026-08-17 11:28:17.786 Df YourSofia[99787:320a5f] [com.apple.network:connection] [C2.1 Hostname#905e30a4:443 initial path ((null))] event: path:start @0.001s
2026-08-17 11:28:17.786 Db YourSofia[99787:320a5f] [com.apple.network:connection] nw_endpoint_handler_path_change [C2.1 Hostname#905e30a4:443 waiting path (satisfied (Path is satisfied), interface: en0[802.11], uses wifi, LQM: unknown)]
2026-08-17 11:28:17.786 Db YourSofia[99787:320a5f] [com.apple.networkextension:] ne_tracker_check_is_hostname_blocked() proceeding with the in_the_app check for hostname: u.expo.dev
2026-08-17 11:28:17.786 Db YourSofia[99787:320a5f] [com.apple.CFBundle:resources] Resource lookup at CFBundle 0x600003b082a0 </Users/valentinasenov/Library/Developer/CoreSimulator/Devices/4EC5F74C-5A9C-4D89-8E44-374310E684AE/data/Containers/Bundle/Application/A01C5F69-BB9C-48BF-96DA-638EDBEBF8DB/YourSofia.app> (executable, loaded)
	Request       : InfoPlist type: strings
	Result        : None
2026-08-17 11:28:17.786 Db YourSofia[99787:320a5f] [com.apple.CFBundle:resources] Resource lookup at CFBundle 0x600003b082a0 </Users/valentinasenov/Library/Developer/CoreSimulator/Devices/4EC5F74C-5A9C-4D89-8E44-374310E684AE/data/Containers/Bundle/Application/A01C5F69-BB9C-48BF-96DA-638EDBEBF8DB/YourSofia.app> (executable, loaded)
	Request       : InfoPlist type: stringsdict
	Result        : None
2026-08-17 11:28:17.786 Db YourSofia[99787:320a5f] [com.apple.networkextension:] ne_tracker_check_is_hostname_blocked(): hostname u.expo.dev is not a tracker. Returning: ne_tracker_status_none
2026-08-17 11:28:17.786 Db YourSofia[99787:320a5f] [com.apple.network:connection] nw_endpoint_flow_receive_report [C2 Hostname#905e30a4:443 in_progress parent-flow (satisfied (Path is satisfied), interface: en0[802.11], uses wifi, LQM: unknown)] received child report: [C2.1 Hostname#905e30a4:443 waiting path (satisfied (Path is satisfied), interface: en0[802.11], uses wifi, LQM: unknown)]
2026-08-17 11:28:17.786 Df YourSofia[99787:320a5f] [com.apple.network:connection] [C2.1 Hostname#905e30a4:443 waiting path (satisfied (Path is satisfied), interface: en0[802.11], uses wifi, LQM: unknown)] event: path:satisfied @0.001s, uuid: 4A69199C-D8F0-45F0-9A45-7B2BF19D5A4D
2026-08-17 11:28:17.786 Db YourSofia[99787:320a5f] [com.apple.network:connection] -[NWConcrete_nw_endpoint_transform startWithHandler:] [C2.1 Hostname#905e30a4:443 waiting transform (satisfied (Path is satisfied), interface: en0[802.11], uses wifi, LQM: unknown)]
2026-08-17 11:28:17.786 Db YourSofia[99787:320a5f] [com.apple.network:connection] nw_endpoint_flow_receive_report [C2 Hostname#905e30a4:443 in_progress parent-flow (satisfied (Path is satisfied), interface: en0[802.11], uses wifi, LQM: unknown)] received child report: [C2.1 Hostname#905e30a4:443 in_progress transform (satisfied (Path is satisfied), interface: en0[802.11], uses wifi, LQM: unknown)]
2026-08-17 11:28:17.786 Df YourSofia[99787:320a5f] [com.apple.network:connection] [C2.1 Hostname#905e30a4:443 in_progress transform (satisfied (Path is satisfied), interface: en0[802.11], uses wifi, LQM: unknown)] event: transform:start @0.001s
2026-08-17 11:28:17.786 Db YourSofia[99787:320a5f] [com.apple.network:connection] nw_endpoint_transform_add_children_block_invoke [C2.1 Hostname#905e30a4:443 in_progress transform (satisfied (Path is satisfied), interface: en0[802.11], uses wifi, LQM: unknown)] Transform including protocol quic cannot be used, unknown endpoint
2026-08-17 11:28:17.787 I  YourSofia[99787:320a5f] [com.apple.network:connection] nw_endpoint_handler_start [C2.1.1 Hostname#905e30a4:443 initial path ((null))]
2026-08-17 11:28:17.787 Db YourSofia[99787:320a5f] [com.apple.network:connection] nw_endpoint_transform_receive_report [C2.1 Hostname#905e30a4:443 in_progress transform (satisfied (Path is satisfied), interface: en0[802.11], uses wifi, LQM: unknown)] received child report: [C2.1.1 Hostname#905e30a4:443 initial path ((null))]
2026-08-17 11:28:17.787 Db YourSofia[99787:320a5f] [com.apple.network:connection] nw_endpoint_flow_receive_report [C2 Hostname#905e30a4:443 in_progress parent-flow (satisfied (Path is satisfied), interface: en0[802.11], uses wifi, LQM: unknown)] received child report: [C2.1.1 Hostname#905e30a4:443 initial path ((null))]
2026-08-17 11:28:17.787 Df YourSofia[99787:320a5f] [com.apple.network:connection] [C2.1.1 Hostname#905e30a4:443 initial path ((null))] event: path:start @0.002s
2026-08-17 11:28:17.787 Db YourSofia[99787:320a5f] [com.apple.network:connection] nw_endpoint_handler_path_change [C2.1.1 Hostname#905e30a4:443 waiting path (satisfied (Path is satisfied), interface: en0[802.11], uses wifi, LQM: unknown)]
2026-08-17 11:28:17.787 Db YourSofia[99787:320a5f] [com.apple.networkextension:] ne_tracker_check_is_hostname_blocked() proceeding with the in_the_app check for hostname: u.expo.dev
2026-08-17 11:28:17.787 Db YourSofia[99787:320a5f] [com.apple.CFBundle:resources] Resource lookup at CFBundle 0x600003b082a0 </Users/valentinasenov/Library/Developer/CoreSimulator/Devices/4EC5F74C-5A9C-4D89-8E44-374310E684AE/data/Containers/Bundle/Application/A01C5F69-BB9C-48BF-96DA-638EDBEBF8DB/YourSofia.app> (executable, loaded)
	Request       : InfoPlist type: strings
	Result        : None
2026-08-17 11:28:17.787 Db YourSofia[99787:320a5f] [com.apple.CFBundle:resources] Resource lookup at CFBundle 0x600003b082a0 </Users/valentinasenov/Library/Developer/CoreSimulator/Devices/4EC5F74C-5A9C-4D89-8E44-374310E684AE/data/Containers/Bundle/Application/A01C5F69-BB9C-48BF-96DA-638EDBEBF8DB/YourSofia.app> (executable, loaded)
	Request       : InfoPlist type: stringsdict
	Result        : None
2026-08-17 11:28:17.787 Db YourSofia[99787:320a5f] [com.apple.networkextension:] ne_tracker_check_is_hostname_blocked(): hostname u.expo.dev is not a tracker. Returning: ne_tracker_status_none
2026-08-17 11:28:17.787 Db YourSofia[99787:320a5f] [com.apple.network:connection] nw_endpoint_transform_receive_report [C2.1 Hostname#905e30a4:443 in_progress transform (satisfied (Path is satisfied), interface: en0[802.11], uses wifi, LQM: unknown)] received child report: [C2.1.1 Hostname#905e30a4:443 waiting path (satisfied (Path is satisfied), interface: en0[802.11], uses wifi, LQM: unknown)]
2026-08-17 11:28:17.787 Db YourSofia[99787:320a5f] [com.apple.network:connection] nw_endpoint_flow_receive_report [C2 Hostname#905e30a4:443 in_progress parent-flow (satisfied (Path is satisfied), interface: en0[802.11], uses wifi, LQM: unknown)] received child report: [C2.1.1 Hostname#905e30a4:443 waiting path (satisfied (Path is satisfied), interface: en0[802.11], uses wifi, LQM: unknown)]
2026-08-17 11:28:17.787 Df YourSofia[99787:320a5f] [com.apple.network:connection] [C2.1.1 Hostname#905e30a4:443 waiting path (satisfied (Path is satisfied), interface: en0[802.11], uses wifi, LQM: unknown)] event: path:satisfied @0.002s, uuid: DE2499D9-0738-4EED-8D5C-A0FF3D531287
2026-08-17 11:28:17.787 Db YourSofia[99787:320a5f] [com.apple.network:] nw_endpoint_proxy_handler_should_use_proxy Looking up proxy for hostname: u.expo.dev, ifindex: 0
2026-08-17 11:28:17.787 Db YourSofia[99787:320a5f] [com.apple.SystemConfiguration:SCPreferences] create <SCPreferences 0x104a10f60 [0x1e6193a48]> {name = SCDynamicStoreCopyProxiesWithOptions, id = /Library/Managed Preferences/mobile/com.apple.SystemConfiguration.plist, path = /Library/Managed Preferences/mobile/com.apple.SystemConfiguration.plist}
2026-08-17 11:28:17.787 Db YourSofia[99787:320a5f] [com.apple.SystemConfiguration:SCPreferences] SCPreferences() access: /Library/Managed Preferences/mobile/com.apple.SystemConfiguration.plist, size=0
2026-08-17 11:28:17.788 Db YourSofia[99787:320a5f] [com.apple.SystemConfiguration:SCPreferences] release <SCPreferences 0x104a10f60 [0x1e6193a48]> {name = SCDynamicStoreCopyProxiesWithOptions, id = /Library/Managed Preferences/mobile/com.apple.SystemConfiguration.plist, path = /Library/Managed Preferences/mobile/com.apple.SystemConfiguration.plist, accessed}
2026-08-17 11:28:17.788 Db YourSofia[99787:320a5f] [com.apple.network:connection] -[NWConcrete_nw_endpoint_resolver startWithHandler:] [C2.1.1 Hostname#905e30a4:443 waiting resolver (satisfied (Path is satisfied), interface: en0[802.11], uses wifi, LQM: unknown)]
2026-08-17 11:28:17.788 Db YourSofia[99787:320a5f] [com.apple.network:connection] nw_endpoint_transform_receive_report [C2.1 Hostname#905e30a4:443 in_progress transform (satisfied (Path is satisfied), interface: en0[802.11], uses wifi, LQM: unknown)] received child report: [C2.1.1 Hostname#905e30a4:443 in_progress resolver (satisfied (Path is satisfied), interface: en0[802.11], uses wifi, LQM: unknown)]
2026-08-17 11:28:17.788 Db YourSofia[99787:320a5f] [com.apple.network:connection] nw_endpoint_flow_receive_report [C2 Hostname#905e30a4:443 in_progress parent-flow (satisfied (Path is satisfied), interface: en0[802.11], uses wifi, LQM: unknown)] received child report: [C2.1.1 Hostname#905e30a4:443 in_progress resolver (satisfied (Path is satisfied), interface: en0[802.11], uses wifi, LQM: unknown)]
2026-08-17 11:28:17.788 Df YourSofia[99787:320a5f] [com.apple.network:connection] [C2.1.1 Hostname#905e30a4:443 in_progress resolver (satisfied (Path is satisfied), interface: en0[802.11], uses wifi, LQM: unknown)] event: resolver:start_dns @0.003s
2026-08-17 11:28:17.788 Db YourSofia[99787:320a5f] [com.apple.networkextension:] ne_tracker_check_is_hostname_blocked() proceeding with the in_the_app check for hostname: u.expo.dev
2026-08-17 11:28:17.788 Db YourSofia[99787:320a5f] [com.apple.CFBundle:resources] Resource lookup at CFBundle 0x600003b082a0 </Users/valentinasenov/Library/Developer/CoreSimulator/Devices/4EC5F74C-5A9C-4D89-8E44-374310E684AE/data/Containers/Bundle/Application/A01C5F69-BB9C-48BF-96DA-638EDBEBF8DB/YourSofia.app> (executable, loaded)
	Request       : InfoPlist type: strings
	Result        : None
2026-08-17 11:28:17.788 Db YourSofia[99787:320a5f] [com.apple.CFBundle:resources] Resource lookup at CFBundle 0x600003b082a0 </Users/valentinasenov/Library/Developer/CoreSimulator/Devices/4EC5F74C-5A9C-4D89-8E44-374310E684AE/data/Containers/Bundle/Application/A01C5F69-BB9C-48BF-96DA-638EDBEBF8DB/YourSofia.app> (executable, loaded)
	Request       : InfoPlist type: stringsdict
	Result        : None
2026-08-17 11:28:17.788 Db YourSofia[99787:320a5f] [com.apple.networkextension:] ne_tracker_check_is_hostname_blocked(): hostname u.expo.dev is not a tracker. Returning: ne_tracker_status_none
2026-08-17 11:28:17.788 I  YourSofia[99787:320a5f] [com.apple.network:connection] nw_resolver_create_dns_service_locked [C2.1.1] Starting host resolution Hostname#905e30a4:443, flags 0xc000d000 proto 0
2026-08-17 11:28:17.788 Df YourSofia[99787:320a5f] [com.apple.CFNetwork:Default] Task <89ACD15E-9B16-481B-97A4-E1D0A2D9BD68>.<1> setting up Connection 2
2026-08-17 11:28:17.788 Db YourSofia[99787:320a5f] [com.apple.network:activity] Returning should log: 0 for activity cfnetwork:foreground_task
2026-08-17 11:28:17.788 I  YourSofia[99787:320a5f] [com.apple.network:connection] nw_resolver_host_resolve_callback [C2.1.1] flags=0x40000003 ifindex=0 error=NoSuchRecord(-65554) hostname=u.expo.dev. addr=IN6ADDR_ANY ttl=60
2026-08-17 11:28:17.788 I  YourSofia[99787:320a5f] [com.apple.network:connection] nw_resolver_host_resolve_callback [C2.1.1] flags=0x40000003 ifindex=0 error=NoError(0) hostname=u.expo.dev. addr=IPv4#5795b688 ttl=377
2026-08-17 11:28:17.788 I  YourSofia[99787:320a5f] [com.apple.network:connection] nw_resolver_host_resolve_callback [C2.1.1] flags=0x40000002 ifindex=0 error=NoError(0) hostname=u.expo.dev. addr=IPv4#501b6a44 ttl=377
2026-08-17 11:28:17.788 Db YourSofia[99787:320a5f] [com.apple.network:] sa_dst_compare_statistics no preference, equal min rtt 2.000000
2026-08-17 11:28:17.788 Db YourSofia[99787:320a5f] [com.apple.network:] sa_dst_compare_internal <private>@0 = <private>@0
2026-08-17 11:28:17.789 Db YourSofia[99787:320a5f] [com.apple.network:connection] nw_endpoint_resolver_update [C2.1.1 Hostname#905e30a4:443 in_progress resolver (satisfied (Path is satisfied), interface: en0[802.11], uses wifi, LQM: unknown)] resolver is complete
2026-08-17 11:28:17.789 Df YourSofia[99787:320a5f] [com.apple.network:connection] nw_endpoint_resolver_update [C2.1.1 Hostname#905e30a4:443 in_progress resolver (satisfied (Path is satisfied), interface: en0[802.11], uses wifi, LQM: unknown)] Adding endpoint handler for IPv4#c0f48c35:443
2026-08-17 11:28:17.789 Df YourSofia[99787:320a5f] [com.apple.network:connection] nw_endpoint_resolver_update [C2.1.1 Hostname#905e30a4:443 in_progress resolver (satisfied (Path is satisfied), interface: en0[802.11], uses wifi, LQM: unknown)] Adding endpoint handler for IPv4#e87b37db:443
2026-08-17 11:28:17.789 Db YourSofia[99787:320a5f] [com.apple.network:connection] nw_endpoint_resolver_update [C2.1.1 Hostname#905e30a4:443 in_progress resolver (satisfied (Path is satisfied), interface: en0[802.11], uses wifi, LQM: unknown)] Updated endpoint list is (IPv4#c0f48c35:443,IPv4#e87b37db:443)
2026-08-17 11:28:17.789 Db YourSofia[99787:320a5f] [com.apple.network:connection] nw_endpoint_transform_receive_report [C2.1 Hostname#905e30a4:443 in_progress transform (satisfied (Path is satisfied), interface: en0[802.11], uses wifi, LQM: unknown)] received child report: [C2.1.1 Hostname#905e30a4:443 in_progress resolver (satisfied (Path is satisfied), interface: en0[802.11], uses wifi, LQM: unknown)]
2026-08-17 11:28:17.789 Db YourSofia[99787:320a5f] [com.apple.network:connection] nw_endpoint_flow_receive_report [C2 Hostname#905e30a4:443 in_progress parent-flow (satisfied (Path is satisfied), interface: en0[802.11], uses wifi, LQM: unknown)] received child report: [C2.1.1 Hostname#905e30a4:443 in_progress resolver (satisfied (Path is satisfied), interface: en0[802.11], uses wifi, LQM: unknown)]
2026-08-17 11:28:17.789 Df YourSofia[99787:320a5f] [com.apple.network:connection] [C2.1.1 Hostname#905e30a4:443 in_progress resolver (satisfied (Path is satisfied), interface: en0[802.11], uses wifi, LQM: unknown)] event: resolver:receive_dns @0.004s
2026-08-17 11:28:17.789 I  YourSofia[99787:320a5f] [com.apple.network:connection] nw_endpoint_resolver_start_next_child [C2.1.1 Hostname#905e30a4:443 in_progress resolver (satisfied (Path is satisfied), interface: en0[802.11], uses wifi, LQM: unknown)] starting child endpoint IPv4#c0f48c35:443
2026-08-17 11:28:17.789 I  YourSofia[99787:320a5f] [com.apple.network:connection] nw_endpoint_handler_start [C2.1.1.1 IPv4#c0f48c35:443 initial path ((null))]
2026-08-17 11:28:17.789 Db YourSofia[99787:320a5f] [com.apple.network:connection] nw_endpoint_resolver_receive_report [C2.1.1 Hostname#905e30a4:443 in_progress resolver (satisfied (Path is satisfied), interface: en0[802.11], uses wifi, LQM: unknown)] received child report: [C2.1.1.1 IPv4#c0f48c35:443 initial path ((null))]
2026-08-17 11:28:17.789 Db YourSofia[99787:320a5f] [com.apple.network:connection] nw_endpoint_transform_receive_report [C2.1 Hostname#905e30a4:443 in_progress transform (satisfied (Path is satisfied), interface: en0[802.11], uses wifi, LQM: unknown)] received child report: [C2.1.1.1 IPv4#c0f48c35:443 initial path ((null))]
2026-08-17 11:28:17.789 Db YourSofia[99787:320a5f] [com.apple.network:connection] nw_endpoint_flow_receive_report [C2 Hostname#905e30a4:443 in_progress parent-flow (satisfied (Path is satisfied), interface: en0[802.11], uses wifi, LQM: unknown)] received child report: [C2.1.1.1 IPv4#c0f48c35:443 initial path ((null))]
2026-08-17 11:28:17.789 Df YourSofia[99787:320a5f] [com.apple.network:connection] [C2.1.1.1 IPv4#c0f48c35:443 initial path ((null))] event: path:start @0.004s
2026-08-17 11:28:17.789 Db YourSofia[99787:320a5f] [com.apple.network:connection] nw_endpoint_handler_path_change [C2.1.1.1 IPv4#c0f48c35:443 waiting path (satisfied (Path is satisfied), interface: en0[802.11], uses wifi, LQM: unknown)]
2026-08-17 11:28:17.789 Db YourSofia[99787:320a5f] [com.apple.network:connection] nw_endpoint_resolver_receive_report [C2.1.1 Hostname#905e30a4:443 in_progress resolver (satisfied (Path is satisfied), interface: en0[802.11], uses wifi, LQM: unknown)] received child report: [C2.1.1.1 IPv4#c0f48c35:443 waiting path (satisfied (Path is satisfied), interface: en0[802.11], uses wifi, LQM: unknown)]
2026-08-17 11:28:17.789 Db YourSofia[99787:320a5f] [com.apple.network:connection] nw_endpoint_transform_receive_report [C2.1 Hostname#905e30a4:443 in_progress transform (satisfied (Path is satisfied), interface: en0[802.11], uses wifi, LQM: unknown)] received child report: [C2.1.1.1 IPv4#c0f48c35:443 waiting path (satisfied (Path is satisfied), interface: en0[802.11], uses wifi, LQM: unknown)]
2026-08-17 11:28:17.789 Db YourSofia[99787:320a5f] [com.apple.network:connection] nw_endpoint_flow_receive_report [C2 Hostname#905e30a4:443 in_progress parent-flow (satisfied (Path is satisfied), interface: en0[802.11], uses wifi, LQM: unknown)] received child report: [C2.1.1.1 IPv4#c0f48c35:443 waiting path (satisfied (Path is satisfied), interface: en0[802.11], uses wifi, LQM: unknown)]
2026-08-17 11:28:17.789 Df YourSofia[99787:320a5f] [com.apple.network:connection] [C2.1.1.1 IPv4#c0f48c35:443 waiting path (satisfied (Path is satisfied), interface: en0[802.11], uses wifi, LQM: unknown)] event: path:satisfied @0.004s, uuid: 10DD9A63-B975-48BE-B294-EC26D2AF8435
2026-08-17 11:28:17.789 Db YourSofia[99787:320a5f] [com.apple.network:] nw_endpoint_proxy_handler_should_use_proxy Looking up proxy for hostname: <nil>, ifindex: 0
2026-08-17 11:28:17.789 Db YourSofia[99787:320a5f] [com.apple.SystemConfiguration:SCPreferences] create <SCPreferences 0x105a04ee0 [0x1e6193a48]> {name = SCDynamicStoreCopyProxiesWithOptions, id = /Library/Managed Preferences/mobile/com.apple.SystemConfiguration.plist, path = /Library/Managed Preferences/mobile/com.apple.SystemConfiguration.plist}
2026-08-17 11:28:17.789 Db YourSofia[99787:320a5f] [com.apple.SystemConfiguration:SCPreferences] SCPreferences() access: /Library/Managed Preferences/mobile/com.apple.SystemConfiguration.plist, size=0
2026-08-17 11:28:17.789 Db YourSofia[99787:320a5f] [com.apple.SystemConfiguration:SCPreferences] release <SCPreferences 0x105a04ee0 [0x1e6193a48]> {name = SCDynamicStoreCopyProxiesWithOptions, id = /Library/Managed Preferences/mobile/com.apple.SystemConfiguration.plist, path = /Library/Managed Preferences/mobile/com.apple.SystemConfiguration.plist, accessed}
2026-08-17 11:28:17.790 Db YourSofia[99787:320a1c] [com.apple.CFBundle:resources] Resource lookup at CFBundle 0x600003b082a0 </Users/valentinasenov/Library/Developer/CoreSimulator/Devices/4EC5F74C-5A9C-4D89-8E44-374310E684AE/data/Containers/Bundle/Application/A01C5F69-BB9C-48BF-96DA-638EDBEBF8DB/YourSofia.app> (executable, loaded)
	Request       : InfoPlist type: strings
	Result        : None
2026-08-17 11:28:17.790 Db YourSofia[99787:320a1c] [com.apple.CFBundle:resources] Resource lookup at CFBundle 0x600003b082a0 </Users/valentinasenov/Library/Developer/CoreSimulator/Devices/4EC5F74C-5A9C-4D89-8E44-374310E684AE/data/Containers/Bundle/Application/A01C5F69-BB9C-48BF-96DA-638EDBEBF8DB/YourSofia.app> (executable, loaded)
	Request       : InfoPlist type: stringsdict
	Result        : None
2026-08-17 11:28:17.790 I  YourSofia[99787:320a5f] [com.apple.network:connection] nw_association_create_flow <nw_association IPv4#c0f48c35:443> Added association flow ID 0FFF5E10-3972-4E25-A602-F0858F573983
2026-08-17 11:28:17.790 I  YourSofia[99787:320a5f] [com.apple.network:connection] nw_endpoint_flow_setup_protocols [C2.1.1.1 IPv4#c0f48c35:443 in_progress socket-flow (satisfied (Path is satisfied), interface: en0[802.11], uses wifi, LQM: unknown)] setup flow id 0FFF5E10-3972-4E25-A602-F0858F573983
2026-08-17 11:28:17.790 Db YourSofia[99787:320a5f] [com.apple.network:connection] nw_endpoint_flow_attach_protocols [C2.1.1.1 IPv4#c0f48c35:443 in_progress socket-flow (satisfied (Path is satisfied), interface: en0[802.11], uses wifi, LQM: unknown)]
2026-08-17 11:28:17.790 Db YourSofia[99787:320a5f] [com.apple.network:connection] nw_endpoint_flow_attach_protocols_block_invoke [C2.1.1.1 IPv4#c0f48c35:443 in_progress socket-flow (satisfied (Path is satisfied), interface: en0[802.11], uses wifi, LQM: unknown)] Attached application protocol: CFNetworkConnection-2651856638
2026-08-17 11:28:17.790 Db YourSofia[99787:320a5f] [com.apple.network:connection] nw_endpoint_flow_attach_protocols_block_invoke [C2.1.1.1 IPv4#c0f48c35:443 in_progress socket-flow (satisfied (Path is satisfied), interface: en0[802.11], uses wifi, LQM: unknown)] Attached application protocol: tls
2026-08-17 11:28:17.790 Db YourSofia[99787:320a5f] [com.apple.network:] nw_fd_wrapper_create Created <fd_wrapper 14, guarded: false>
2026-08-17 11:28:17.790 Db YourSofia[99787:320a5f] [com.apple.network:connection] nw_endpoint_flow_attach_protocols [C2.1.1.1 IPv4#c0f48c35:443 in_progress socket-flow (satisfied (Path is satisfied), interface: en0[802.11], uses wifi, LQM: unknown)] Attached socket protocol
2026-08-17 11:28:17.790 Db YourSofia[99787:320a5f] [com.apple.network:connection] nw_endpoint_flow_setup_protocols [C2.1.1.1 IPv4#c0f48c35:443 in_progress socket-flow (satisfied (Path is satisfied), interface: en0[802.11], uses wifi, LQM: unknown)] leaf flow starting
2026-08-17 11:28:17.790 Db YourSofia[99787:320a5f] [com.apple.network:connection] nw_endpoint_resolver_receive_report [C2.1.1 Hostname#905e30a4:443 in_progress resolver (satisfied (Path is satisfied), interface: en0[802.11], uses wifi, LQM: unknown)] received child report: [C2.1.1.1 IPv4#c0f48c35:443 in_progress socket-flow (satisfied (Path is satisfied), interface: en0[802.11], uses wifi, LQM: unknown)]
2026-08-17 11:28:17.790 Db YourSofia[99787:320a5f] [com.apple.network:connection] nw_endpoint_transform_receive_report [C2.1 Hostname#905e30a4:443 in_progress transform (satisfied (Path is satisfied), interface: en0[802.11], uses wifi, LQM: unknown)] received child report: [C2.1.1.1 IPv4#c0f48c35:443 in_progress socket-flow (satisfied (Path is satisfied), interface: en0[802.11], uses wifi, LQM: unknown)]
2026-08-17 11:28:17.790 Db YourSofia[99787:320a5f] [com.apple.network:connection] nw_endpoint_flow_receive_report [C2 Hostname#905e30a4:443 in_progress parent-flow (satisfied (Path is satisfied), interface: en0[802.11], uses wifi, LQM: unknown)] received child report: [C2.1.1.1 IPv4#c0f48c35:443 in_progress socket-flow (satisfied (Path is satisfied), interface: en0[802.11], uses wifi, LQM: unknown)]
2026-08-17 11:28:17.790 Df YourSofia[99787:320a5f] [com.apple.network:connection] [C2.1.1.1 IPv4#c0f48c35:443 in_progress socket-flow (satisfied (Path is satisfied), interface: en0[802.11], uses wifi, LQM: unknown)] event: flow:start_connect @0.005s
2026-08-17 11:28:17.790 I  YourSofia[99787:320a5f] [com.apple.network:boringssl] boringssl_context_restore_ssl_context(2867) [0x105b05020] New context
2026-08-17 11:28:17.790 I  YourSofia[99787:320a5f] [com.apple.network:connection] nw_endpoint_resolver_start_next_child [C2.1.1 Hostname#905e30a4:443 in_progress resolver (satisfied (Path is satisfied), interface: en0[802.11], uses wifi, LQM: unknown)] starting next child endpoint in 100ms
2026-08-17 11:28:17.799 Db YourSofia[99787:320a5f] [com.apple.network:connection] nw_socket_handle_socket_event [C2.1.1.1:3] Event mask: 0x800
2026-08-17 11:28:17.799 Df YourSofia[99787:320a5f] [com.apple.network:connection] nw_socket_handle_socket_event [C2.1.1.1:3] Socket received CONNECTED event
2026-08-17 11:28:17.799 Db YourSofia[99787:320a5f] [com.apple.network:connection] nw_socket_setup_notsent_lowat [C2.1.1.1:3] Set TCP_NOTSENT_LOWAT(16384)
2026-08-17 11:28:17.799 Df YourSofia[99787:320a5f] [com.apple.network:connection] nw_flow_connected [C2.1.1.1 IPv4#c0f48c35:443 in_progress socket-flow (satisfied (Path is satisfied), interface: en0[802.11], uses wifi, LQM: unknown)] Transport protocol connected (socket)
2026-08-17 11:28:17.799 Db YourSofia[99787:320a5f] [com.apple.network:connection] nw_endpoint_resolver_receive_report [C2.1.1 Hostname#905e30a4:443 in_progress resolver (satisfied (Path is satisfied), interface: en0[802.11], uses wifi, LQM: unknown)] received child report: [C2.1.1.1 IPv4#c0f48c35:443 in_progress socket-flow (satisfied (Path is satisfied), interface: en0[802.11], uses wifi, LQM: unknown)]
2026-08-17 11:28:17.799 Db YourSofia[99787:320a5f] [com.apple.network:connection] nw_endpoint_transform_receive_report [C2.1 Hostname#905e30a4:443 in_progress transform (satisfied (Path is satisfied), interface: en0[802.11], uses wifi, LQM: unknown)] received child report: [C2.1.1.1 IPv4#c0f48c35:443 in_progress socket-flow (satisfied (Path is satisfied), interface: en0[802.11], uses wifi, LQM: unknown)]
2026-08-17 11:28:17.799 Db YourSofia[99787:320a5f] [com.apple.network:connection] nw_endpoint_flow_receive_report [C2 Hostname#905e30a4:443 in_progress parent-flow (satisfied (Path is satisfied), interface: en0[802.11], uses wifi, LQM: unknown)] received child report: [C2.1.1.1 IPv4#c0f48c35:443 in_progress socket-flow (satisfied (Path is satisfied), interface: en0[802.11], uses wifi, LQM: unknown)]
2026-08-17 11:28:17.799 Df YourSofia[99787:320a5f] [com.apple.network:connection] [C2.1.1.1 IPv4#c0f48c35:443 in_progress socket-flow (satisfied (Path is satisfied), interface: en0[802.11], uses wifi, LQM: unknown)] event: flow:finish_transport @0.014s
2026-08-17 11:28:17.799 I  YourSofia[99787:320a5f] [com.apple.network:connection] nw_endpoint_resolver_receive_report [C2.1.1 Hostname#905e30a4:443 in_progress resolver (satisfied (Path is satisfied), interface: en0[802.11], uses wifi, LQM: unknown)] pushing out endpoint race by 2000ms
2026-08-17 11:28:17.799 I  YourSofia[99787:320a5f] [com.apple.network:boringssl] boringssl_context_set_ats_enforced(686) [C2.1.1.1:2][0x105b05020] set false
2026-08-17 11:28:17.799 I  YourSofia[99787:320a5f] [com.apple.network:boringssl] boringssl_context_set_ats_minimum_rsa_key_size(704) [C2.1.1.1:2][0x105b05020] set 0
2026-08-17 11:28:17.799 I  YourSofia[99787:320a5f] [com.apple.network:boringssl] boringssl_context_set_ats_minimum_ecdsa_key_size(713) [C2.1.1.1:2][0x105b05020] set 0
2026-08-17 11:28:17.799 I  YourSofia[99787:320a5f] [com.apple.network:boringssl] boringssl_context_set_ats_minimum_signature_algorithm(723) [C2.1.1.1:2][0x105b05020] set 0
2026-08-17 11:28:17.799 I  YourSofia[99787:320a5f] [com.apple.network:boringssl] boringssl_context_set_ats_non_pfs_ciphersuite_allowed(732) [C2.1.1.1:2][0x105b05020] set false
2026-08-17 11:28:17.799 I  YourSofia[99787:320a5f] [com.apple.network:boringssl] boringssl_context_set_old_ats_enforced(695) [C2.1.1.1:2][0x105b05020] set true
2026-08-17 11:28:17.799 Db YourSofia[99787:320a5f] [com.apple.network:boringssl] boringssl_session_apply_protocol_options_for_transport_block_invoke(2024) [C2.1.1.1:2][0x105b05020] ECH is disabled
2026-08-17 11:28:17.799 Df YourSofia[99787:320a5f] [com.apple.network:boringssl] boringssl_session_apply_protocol_options_for_transport_block_invoke_2(2324) [C2.1.1.1:2][0x105b05020] TLS configured [min_version(0x0303) max_version(0x0304) name(redacted) tickets(false) false_start(false) enforce_ev(false) enforce_ats(false) ats_non_pfs_ciphersuite_allowed(false) ech(false) pqtls(true), pake(false)]
2026-08-17 11:28:17.799 I  YourSofia[99787:320a5f] [com.apple.network:boringssl] boringssl_session_install_association_state(1546) [C2.1.1.1:2][0x105b05020] Client session cache miss
2026-08-17 11:28:17.799 Db YourSofia[99787:320a5f] [com.apple.network:boringssl] boringssl_session_set_state(830) [C2.1.1.1:2][0x105b05020] boringssl session state changed from idle to connecting
2026-08-17 11:28:17.799 Df YourSofia[99787:320a5f] [com.apple.network:boringssl] boringssl_context_info_handler(2449) [C2.1.1.1:2][0x105b05020] Client handshake started
2026-08-17 11:28:17.799 Db YourSofia[99787:320a5f] [com.apple.network:boringssl] boringssl_session_set_state(830) [C2.1.1.1:2][0x105b05020] boringssl session state changed from connecting to connecting
2026-08-17 11:28:17.800 Db YourSofia[99787:320a5f] [com.apple.network:boringssl] boringssl_context_log_message(2529) [C2.1.1.1:2][0x105b05020] Writing SSL3_RT_HANDSHAKE 1514 bytes
2026-08-17 11:28:17.800 Df YourSofia[99787:320a5f] [com.apple.network:boringssl] boringssl_context_info_handler(2466) [C2.1.1.1:2][0x105b05020] Client handshake state: TLS client enter_early_data
2026-08-17 11:28:17.800 Db YourSofia[99787:320a5f] [com.apple.network:boringssl] nw_protocol_boringssl_write_bytes(260) [C2.1.1.1:2][0x105b05020] write request: 1519
2026-08-17 11:28:17.800 Db YourSofia[99787:320a5f] [com.apple.network:boringssl] nw_protocol_boringssl_allocate_batching_frame(236) [C2.1.1.1:2][0x105b05020] allocated new batching frame: 1519 bytes capacity
2026-08-17 11:28:17.800 Db YourSofia[99787:320a5f] [com.apple.network:boringssl] nw_protocol_boringssl_write_to_batching_frame(186) [C2.1.1.1:2][0x105b05020] wrote 1519 bytes to batching frame
2026-08-17 11:28:17.800 Db YourSofia[99787:320a5f] [com.apple.network:boringssl] nw_protocol_boringssl_flush_batching_frame(144) [C2.1.1.1:2][0x105b05020] flushed batching frame: frame full
2026-08-17 11:28:17.800 Db YourSofia[99787:320a5f] [com.apple.network:boringssl] nw_protocol_boringssl_write_bytes(305) [C2.1.1.1:2][0x105b05020] total bytes written: 1519
2026-08-17 11:28:17.800 Df YourSofia[99787:320a5f] [com.apple.network:boringssl] boringssl_context_info_handler(2466) [C2.1.1.1:2][0x105b05020] Client handshake state: TLS client read_server_hello
2026-08-17 11:28:17.800 Db YourSofia[99787:320a5f] [com.apple.network:boringssl] nw_protocol_boringssl_read_bytes(370) [C2.1.1.1:2][0x105b05020] read request: 5 byte(s)
2026-08-17 11:28:17.800 Db YourSofia[99787:320a5f] [com.apple.network:boringssl] nw_protocol_boringssl_read_bytes(385) [C2.1.1.1:2][0x105b05020] no input frames available
2026-08-17 11:28:17.800 I  YourSofia[99787:320a5f] [com.apple.network:boringssl] boringssl_session_handshake_incomplete(257) [C2.1.1.1:2][0x105b05020] Handshake incomplete: waiting for data to read [2]
2026-08-17 11:28:17.800 Db YourSofia[99787:320a5f] [com.apple.network:boringssl] nw_protocol_boringssl_read_bytes(370) [C2.1.1.1:2][0x105b05020] read request: 5 byte(s)
2026-08-17 11:28:17.800 Db YourSofia[99787:320a5f] [com.apple.network:boringssl] nw_protocol_boringssl_read_bytes(385) [C2.1.1.1:2][0x105b05020] no input frames available
2026-08-17 11:28:17.800 I  YourSofia[99787:320a5f] [com.apple.network:boringssl] boringssl_session_handshake_incomplete(257) [C2.1.1.1:2][0x105b05020] Handshake incomplete: waiting for data to read [2]
2026-08-17 11:28:17.801 Db YourSofia[99787:320a1c] [com.apple.defaults:User Defaults] setting {
    "RCTI18nUtil_makeRTLFlipLeftAndRightStyles" = 1;
} in CFPrefsPlistSource<0x600002c08300> (Domain: bg.sofia.yoursofia, User: kCFPreferencesCurrentUser, ByHost: No, Container: (null), Contents Need Refresh: No)
2026-08-17 11:28:17.801 Db YourSofia[99787:320a1c] [com.apple.defaults:User Defaults] CFPrefsPlistSource<0x600002c08500> (Domain: bg.sofia.yoursofia, User: kCFPreferencesCurrentUser, ByHost: No, Container: /Users/valentinasenov/Library/Developer/CoreSimulator/Devices/4EC5F74C-5A9C-4D89-8E44-374310E684AE/data, Contents Need Refresh: No) loaded: an empty base plist and no additional changes from the base plist
2026-08-17 11:28:17.801 Db YourSofia[99787:320a1c] [com.apple.defaults:User Defaults] CFPrefsPlistSource<0x600002c08700> (Domain: bg.sofia.yoursofia, User: kCFPreferencesCurrentUser, ByHost: Yes, Container: (null), Contents Need Refresh: No) loaded: an empty base plist and no additional changes from the base plist
2026-08-17 11:28:17.801 Db YourSofia[99787:320a1c] [com.apple.defaults:User Defaults] found no value for key RCTI18nUtil_forceRTL in CFPrefsSearchListSource<0x600002c0c180> (Domain: bg.sofia.yoursofia, Container: (null) Non-launch persona: 0)
2026-08-17 11:28:17.801 Db YourSofia[99787:320a1c] [com.apple.defaults:User Defaults] found no value for key RCTI18nUtil_allowRTL in CFPrefsSearchListSource<0x600002c0c180> (Domain: bg.sofia.yoursofia, Container: (null) Non-launch persona: 0)
2026-08-17 11:28:17.801 Db YourSofia[99787:320a1c] [com.apple.defaults:User Defaults] found no value for key RCTI18nUtil_forceRTL in CFPrefsSearchListSource<0x600002c0c180> (Domain: bg.sofia.yoursofia, Container: (null) Non-launch persona: 0)
2026-08-17 11:28:17.801 Db YourSofia[99787:320a1c] [com.apple.defaults:User Defaults] found no value for key RCTI18nUtil_allowRTL in CFPrefsSearchListSource<0x600002c0c180> (Domain: bg.sofia.yoursofia, Container: (null) Non-launch persona: 0)
2026-08-17 11:28:17.802 Db YourSofia[99787:320a5f] [com.apple.runningboard:message] PERF: [app<bg.sofia.yoursofia((null))>:99787] Received message from runningboardd: async_didChangeInheritances:completion:
2026-08-17 11:28:17.802 A  YourSofia[99787:320a5f] (RunningBoardServices) didChangeInheritances
2026-08-17 11:28:17.803 Db YourSofia[99787:320a5f] [com.apple.runningboard:connection] didChangeInheritances: <RBSInheritanceChangeSet| gained:(null) lost:{(
    <RBSInheritance| environment:UIScene:com.apple.frontboard.systemappservices/FBSceneManager:sceneID%3Abg.sofia.yoursofia-default name:com.apple.frontboard.visibility origID:99530-99763-764 payload 8719656185504109860>
)}>
2026-08-17 11:28:17.804 Db YourSofia[99787:320a1c] [com.apple.CFBundle:resources] Resource lookup at CFBundle 0x600003b082a0 </Users/valentinasenov/Library/Developer/CoreSimulator/Devices/4EC5F74C-5A9C-4D89-8E44-374310E684AE/data/Containers/Bundle/Application/A01C5F69-BB9C-48BF-96DA-638EDBEBF8DB/YourSofia.app> (executable, loaded)
	Request       : InfoPlist type: strings
	Result        : None
2026-08-17 11:28:17.804 Db YourSofia[99787:320a1c] [com.apple.CFBundle:resources] Resource lookup at CFBundle 0x600003b082a0 </Users/valentinasenov/Library/Developer/CoreSimulator/Devices/4EC5F74C-5A9C-4D89-8E44-374310E684AE/data/Containers/Bundle/Application/A01C5F69-BB9C-48BF-96DA-638EDBEBF8DB/YourSofia.app> (executable, loaded)
	Request       : InfoPlist type: stringsdict
	Result        : None
2026-08-17 11:28:17.804 Db YourSofia[99787:320a1c] [com.apple.CFBundle:resources] Resource lookup at CFBundle 0x600003b082a0 </Users/valentinasenov/Library/Developer/CoreSimulator/Devices/4EC5F74C-5A9C-4D89-8E44-374310E684AE/data/Containers/Bundle/Application/A01C5F69-BB9C-48BF-96DA-638EDBEBF8DB/YourSofia.app> (executable, loaded)
	Request       : SplashScreen type: storyboardc
	Result        : file:///Users/valentinasenov/Library/Developer/CoreSimulator/Devices/4EC5F74C-5A9C-4D89-8E44-374310E684AE/data/Containers/Bundle/Application/A01C5F69-BB9C-48BF-96DA-638EDBEBF8DB/YourSofia.app/SplashScreen.storyboardc/
2026-08-17 11:28:17.804 Db YourSofia[99787:320a1c] [com.apple.CFBundle:resources] Resource lookup at CFBundle 0x600003b082a0 </Users/valentinasenov/Library/Developer/CoreSimulator/Devices/4EC5F74C-5A9C-4D89-8E44-374310E684AE/data/Containers/Bundle/Application/A01C5F69-BB9C-48BF-96DA-638EDBEBF8DB/YourSofia.app> (executable, loaded)
	Request       : SplashScreen type: storyboardc
	Result        : file:///Users/valentinasenov/Library/Developer/CoreSimulator/Devices/4EC5F74C-5A9C-4D89-8E44-374310E684AE/data/Containers/Bundle/Application/A01C5F69-BB9C-48BF-96DA-638EDBEBF8DB/YourSofia.app/SplashScreen.storyboardc/
2026-08-17 11:28:17.804 Db YourSofia[99787:320a1c] [com.apple.CFBundle:resources] Resource lookup at CFBundle 0x600003b082a0 </Users/valentinasenov/Library/Developer/CoreSimulator/Devices/4EC5F74C-5A9C-4D89-8E44-374310E684AE/data/Containers/Bundle/Application/A01C5F69-BB9C-48BF-96DA-638EDBEBF8DB/YourSofia.app> (executable, loaded)
	Request       : SplashScreenViewController type: nib path: SplashScreen.storyboardc
	Result        : file:///Users/valentinasenov/Library/Developer/CoreSimulator/Devices/4EC5F74C-5A9C-4D89-8E44-374310E684AE/data/Containers/Bundle/Application/A01C5F69-BB9C-48BF-96DA-638EDBEBF8DB/YourSofia.app/SplashScreen.storyboardc/SplashScreenViewController.nib
2026-08-17 11:28:17.804 Db YourSofia[99787:320a1c] [com.apple.CFBundle:resources] Resource lookup at CFBundle 0x600003b082a0 </Users/valentinasenov/Library/Developer/CoreSimulator/Devices/4EC5F74C-5A9C-4D89-8E44-374310E684AE/data/Containers/Bundle/Application/A01C5F69-BB9C-48BF-96DA-638EDBEBF8DB/YourSofia.app> (executable, loaded)
	Request       : EXPO-VIEWCONTROLLER-1-view-EXPO-ContainerView type: nib path: SplashScreen.storyboardc
	Result        : file:///Users/valentinasenov/Library/Developer/CoreSimulator/Devices/4EC5F74C-5A9C-4D89-8E44-374310E684AE/data/Containers/Bundle/Application/A01C5F69-BB9C-48BF-96DA-638EDBEBF8DB/YourSofia.app/SplashScreen.storyboardc/EXPO-VIEWCONTROLLER-1-view-EXPO-ContainerView.nib
2026-08-17 11:28:17.804 Db YourSofia[99787:320a1c] [com.apple.CFBundle:resources] Resource lookup at CFBundle 0x600003b082a0 </Users/valentinasenov/Library/Developer/CoreSimulator/Devices/4EC5F74C-5A9C-4D89-8E44-374310E684AE/data/Containers/Bundle/Application/A01C5F69-BB9C-48BF-96DA-638EDBEBF8DB/YourSofia.app> (executable, loaded)
	Request       : SplashScreen type: storyboardc
	Result        : file:///Users/valentinasenov/Library/Developer/CoreSimulator/Devices/4EC5F74C-5A9C-4D89-8E44-374310E684AE/data/Containers/Bundle/Application/A01C5F69-BB9C-48BF-96DA-638EDBEBF8DB/YourSofia.app/SplashScreen.storyboardc/
2026-08-17 11:28:17.804 Db YourSofia[99787:320a1c] [com.apple.CFBundle:resources] Resource lookup at CFBundle 0x600003b082a0 </Users/valentinasenov/Library/Developer/CoreSimulator/Devices/4EC5F74C-5A9C-4D89-8E44-374310E684AE/data/Containers/Bundle/Application/A01C5F69-BB9C-48BF-96DA-638EDBEBF8DB/YourSofia.app> (executable, loaded)
	Request       : EXPO-VIEWCONTROLLER-1-view-EXPO-ContainerView type: nib path: SplashScreen.storyboardc
	Result        : file:///Users/valentinasenov/Library/Developer/CoreSimulator/Devices/4EC5F74C-5A9C-4D89-8E44-374310E684AE/data/Containers/Bundle/Application/A01C5F69-BB9C-48BF-96DA-638EDBEBF8DB/YourSofia.app/SplashScreen.storyboardc/EXPO-VIEWCONTROLLER-1-view-EXPO-ContainerView.nib
2026-08-17 11:28:17.805 Db YourSofia[99787:320a1c] [com.apple.CFBundle:resources] Resource lookup at CFBundle 0x600003b082a0 </Users/valentinasenov/Library/Developer/CoreSimulator/Devices/4EC5F74C-5A9C-4D89-8E44-374310E684AE/data/Containers/Bundle/Application/A01C5F69-BB9C-48BF-96DA-638EDBEBF8DB/YourSofia.app> (executable, loaded)
	Request       : SplashScreen@3x type: png
	Result        : None
2026-08-17 11:28:17.805 Db YourSofia[99787:320a1c] [com.apple.CFBundle:resources] Resource lookup at CFBundle 0x600003b082a0 </Users/valentinasenov/Library/Developer/CoreSimulator/Devices/4EC5F74C-5A9C-4D89-8E44-374310E684AE/data/Containers/Bundle/Application/A01C5F69-BB9C-48BF-96DA-638EDBEBF8DB/YourSofia.app> (executable, loaded)
	Request       : SplashScreen@2x type: png
	Result        : None
2026-08-17 11:28:17.805 Db YourSofia[99787:320a1c] [com.apple.CFBundle:resources] Resource lookup at CFBundle 0x600003b082a0 </Users/valentinasenov/Library/Developer/CoreSimulator/Devices/4EC5F74C-5A9C-4D89-8E44-374310E684AE/data/Containers/Bundle/Application/A01C5F69-BB9C-48BF-96DA-638EDBEBF8DB/YourSofia.app> (executable, loaded)
	Request       : SplashScreen type: png
	Result        : None
2026-08-17 11:28:17.805 Db YourSofia[99787:320a1c] [com.apple.CFBundle:resources] Resource lookup at CFBundle 0x600003b082a0 </Users/valentinasenov/Library/Developer/CoreSimulator/Devices/4EC5F74C-5A9C-4D89-8E44-374310E684AE/data/Containers/Bundle/Application/A01C5F69-BB9C-48BF-96DA-638EDBEBF8DB/YourSofia.app> (executable, loaded)
	Request       : SplashScreen@1x type: png
	Result        : None
2026-08-17 11:28:17.805 Df YourSofia[99787:320a1c] (UIKitCore) Could not load the "SplashScreen" image referenced from a nib in the bundle with identifier "bg.sofia.yoursofia"
2026-08-17 11:28:17.805 Db YourSofia[99787:320a1c] [com.apple.defaults:User Defaults] found no value for key LogWindowScene in CFPrefsSearchListSource<0x600002c00a00> (Domain: com.apple.UIKit, Container: (null) Non-launch persona: 0)
2026-08-17 11:28:17.806 I  YourSofia[99787:320a1c] [com.apple.Accessibility:AXAppAccessibility] Presentation controller doesn't modalize: <_UIRootPresentationController: 0x104f1bfa0>
2026-08-17 11:28:17.807 Db YourSofia[99787:320a5f] [com.apple.network:boringssl] nw_protocol_boringssl_input_available(1644) [C2.1.1.1:2][0x105b05020] triggering input available
2026-08-17 11:28:17.807 Db YourSofia[99787:320a5f] [com.apple.network:boringssl] nw_protocol_boringssl_read_bytes(370) [C2.1.1.1:2][0x105b05020] read request: 5 byte(s)
2026-08-17 11:28:17.808 Db YourSofia[99787:320a5f] [com.apple.network:boringssl] nw_protocol_boringssl_read_bytes(446) [C2.1.1.1:2][0x105b05020] total bytes read: 5
2026-08-17 11:28:17.808 Db YourSofia[99787:320a5f] [com.apple.network:boringssl] nw_protocol_boringssl_read_bytes(370) [C2.1.1.1:2][0x105b05020] read request: 1210 byte(s)
2026-08-17 11:28:17.808 Db YourSofia[99787:320a5f] [com.apple.network:boringssl] nw_protocol_boringssl_read_bytes(446) [C2.1.1.1:2][0x105b05020] total bytes read: 1210
2026-08-17 11:28:17.808 Db YourSofia[99787:320a5f] [com.apple.network:boringssl] boringssl_context_log_message(2529) [C2.1.1.1:2][0x105b05020] Reading SSL3_RT_HANDSHAKE 1210 bytes
2026-08-17 11:28:17.808 Df YourSofia[99787:320a5f] [com.apple.network:boringssl] boringssl_context_info_handler(2466) [C2.1.1.1:2][0x105b05020] Client handshake state: TLS 1.3 client read_hello_retry_request
2026-08-17 11:28:17.808 Db YourSofia[99787:320a5f] [com.apple.network:boringssl] boringssl_context_log_message(2529) [C2.1.1.1:2][0x105b05020] Writing SSL3_RT_CHANGE_CIPHER_SPEC 1 bytes
2026-08-17 11:28:17.808 Df YourSofia[99787:320a5f] [com.apple.network:boringssl] boringssl_context_info_handler(2466) [C2.1.1.1:2][0x105b05020] Client handshake state: TLS 1.3 client read_server_hello
2026-08-17 11:28:17.808 Df YourSofia[99787:320a5f] [com.apple.network:boringssl] boringssl_context_info_handler(2466) [C2.1.1.1:2][0x105b05020] Client handshake state: TLS 1.3 client read_encrypted_extensions
2026-08-17 11:28:17.808 Db YourSofia[99787:320a5f] [com.apple.network:boringssl] nw_protocol_boringssl_read_bytes(370) [C2.1.1.1:2][0x105b05020] read request: 5 byte(s)
2026-08-17 11:28:17.808 Db YourSofia[99787:320a5f] [com.apple.network:boringssl] nw_protocol_boringssl_read_bytes(446) [C2.1.1.1:2][0x105b05020] total bytes read: 5
2026-08-17 11:28:17.808 Df YourSofia[99787:320a1c] [com.apple.UIKit:KeyWindow] Key window needs update: 0; currentKeyWindowScene: 0x10590d090; evaluatedKeyWindowScene: 0x10590d090; currentApplicationKeyWindow: 0x105910e30; evaluatedApplicationKeyWindow: 0x105910e30; reason: <UIWindowScene: 0x10590d090>: Key window changed visibility: 0x105910e30
2026-08-17 11:28:17.808 Df YourSofia[99787:320a1c] [com.apple.KeyboardArbiter:Client] startConnection
2026-08-17 11:28:17.808 Db YourSofia[99787:320a5f] [com.apple.network:boringssl] nw_protocol_boringssl_read_bytes(370) [C2.1.1.1:2][0x105b05020] read request: 1 byte(s)
2026-08-17 11:28:17.808 Db YourSofia[99787:320a5f] [com.apple.network:boringssl] nw_protocol_boringssl_read_bytes(446) [C2.1.1.1:2][0x105b05020] total bytes read: 1
2026-08-17 11:28:17.808 Db YourSofia[99787:320a5f] [com.apple.network:boringssl] nw_protocol_boringssl_read_bytes(370) [C2.1.1.1:2][0x105b05020] read request: 5 byte(s)
2026-08-17 11:28:17.808 Db YourSofia[99787:320a5f] [com.apple.network:boringssl] nw_protocol_boringssl_read_bytes(446) [C2.1.1.1:2][0x105b05020] total bytes read: 5
2026-08-17 11:28:17.808 Db YourSofia[99787:320a5f] [com.apple.network:boringssl] nw_protocol_boringssl_read_bytes(370) [C2.1.1.1:2][0x105b05020] read request: 2644 byte(s)
2026-08-17 11:28:17.808 Db YourSofia[99787:320a5f] [com.apple.network:boringssl] nw_protocol_boringssl_read_bytes(446) [C2.1.1.1:2][0x105b05020] total bytes read: 2644
2026-08-17 11:28:17.808 Db YourSofia[99787:320a5f] [com.apple.network:boringssl] boringssl_context_log_message(2529) [C2.1.1.1:2][0x105b05020] Reading SSL3_RT_HANDSHAKE 19 bytes
2026-08-17 11:28:17.808 Df YourSofia[99787:320a5f] [com.apple.network:boringssl] boringssl_context_info_handler(2466) [C2.1.1.1:2][0x105b05020] Client handshake state: TLS 1.3 client read_certificate_request
2026-08-17 11:28:17.808 Db YourSofia[99787:320a5f] [com.apple.network:boringssl] boringssl_context_log_message(2529) [C2.1.1.1:2][0x105b05020] Reading SSL3_RT_HANDSHAKE 2477 bytes
2026-08-17 11:28:17.808 Df YourSofia[99787:320a5f] [com.apple.network:boringssl] boringssl_context_info_handler(2466) [C2.1.1.1:2][0x105b05020] Client handshake state: TLS 1.3 client read_server_certificate
2026-08-17 11:28:17.809 Df YourSofia[99787:320a5f] [com.apple.network:boringssl] boringssl_context_info_handler(2466) [C2.1.1.1:2][0x105b05020] Client handshake state: TLS 1.3 client read_server_certificate_verify
2026-08-17 11:28:17.809 Db YourSofia[99787:320a5f] [com.apple.network:boringssl] boringssl_context_log_message(2529) [C2.1.1.1:2][0x105b05020] Reading SSL3_RT_HANDSHAKE 79 bytes
2026-08-17 11:28:17.809 Db YourSofia[99787:320a5f] [com.apple.network:boringssl] boringssl_helper_create_sec_trust_with_certificates(631) [C2.1.1.1:2][0x105b05020] Key usage requirement set to 1
2026-08-17 11:28:17.809 Db YourSofia[99787:320a5f] [com.apple.network:boringssl] boringssl_helper_create_sec_trust_with_certificates(637) [C2.1.1.1:2][0x105b05020] SecTrustCreateWithCertificates result: 0
2026-08-17 11:28:17.809 Db YourSofia[99787:320a5f] [com.apple.network:boringssl] boringssl_helper_create_sec_trust_with_certificates(643) [C2.1.1.1:2][0x105b05020] SecTrustSetURLRequestAttribution(0) result: 0
2026-08-17 11:28:17.809 Db YourSofia[99787:320a5f] [com.apple.network:boringssl] boringssl_helper_create_sec_trust_with_certificates(651) [C2.1.1.1:2][0x105b05020] No TLS-provided OCSP response
2026-08-17 11:28:17.809 Db YourSofia[99787:320a5f] [com.apple.network:boringssl] boringssl_helper_create_sec_trust_with_certificates(658) [C2.1.1.1:2][0x105b05020] No TLS-provided SCTs
2026-08-17 11:28:17.809 Db YourSofia[99787:320a5f] [com.apple.network:boringssl] boringssl_session_set_peer_verification_state_from_session(496) [C2.1.1.1:2][0x105b05020] Set peer trust data
2026-08-17 11:28:17.809 Df YourSofia[99787:320a5f] [com.apple.network:boringssl] boringssl_context_evaluate_trust_async(1892) [C2.1.1.1:2][0x105b05020] Performing external trust evaluation
2026-08-17 11:28:17.809 A  YourSofia[99787:320a5f] (Security) SecKeyCopyPublicBytes
2026-08-17 11:28:17.809 A  YourSofia[99787:320a5f] (Security) SecKeyCopyAttributes
2026-08-17 11:28:17.809 A  YourSofia[99787:320a5f] (Security) SecKeyCopyPublicBytes
2026-08-17 11:28:17.809 Df YourSofia[99787:320a5f] [com.apple.network:boringssl] boringssl_context_evaluate_trust_async_external(1877) [C2.1.1.1:2][0x105b05020] Asyncing for external verify block
2026-08-17 11:28:17.809 I  YourSofia[99787:320a5f] [com.apple.network:boringssl] boringssl_session_handshake_incomplete(257) [C2.1.1.1:2][0x105b05020] Handshake incomplete: certificate evaluation result pending [16]
2026-08-17 11:28:17.809 Db YourSofia[99787:320a5d] [com.apple.BaseBoard:Common] [BSBlockSentinel:FBSScene] signaled! 2 of 2
2026-08-17 11:28:17.809 Db YourSofia[99787:320a5f] [com.apple.network:boringssl] boringssl_context_evaluate_trust_async_external_block_invoke(1872) [C2.1.1.1:2][0x105b05020] Invoking verify block
2026-08-17 11:28:17.809 Db YourSofia[99787:320a5d] [com.apple.BaseBoard:Common] [BSBlockSentinel:FBSScene] dealloc
2026-08-17 11:28:17.809 Df YourSofia[99787:320a5f] [com.apple.CFNetwork:Default] Connection 2: asked to evaluate TLS Trust
2026-08-17 11:28:17.809 Db YourSofia[99787:320a5f] [com.apple.CFNetwork:Default] [TLSCBQ] Need to invoke to satisfy trust callback
2026-08-17 11:28:17.809 Db YourSofia[99787:320a1c] [com.apple.BackBoard:EventDelivery] no-op flush
2026-08-17 11:28:17.809 Db YourSofia[99787:320a1c] [com.apple.defaults:User Defaults] found no value for key LogUpdateCycle.Stalls in CFPrefsSearchListSource<0x600002c00a00> (Domain: com.apple.UIKit, Container: (null) Non-launch persona: 0)
2026-08-17 11:28:17.809 I  YourSofia[99787:320a1c] [com.wix.Detox:WebSocket] Action received: isReady
2026-08-17 11:28:17.810 Db YourSofia[99787:320a5f] [com.apple.defaults:User Defaults] found no value for key CFNETWORK_LOG_AUTH_TIMEOUT in CFPrefsSearchListSource<0x600002c0c180> (Domain: bg.sofia.yoursofia, Container: (null) Non-launch persona: 0)
2026-08-17 11:28:17.810 Df YourSofia[99787:320a5f] [com.apple.CFNetwork:Default] Task <89ACD15E-9B16-481B-97A4-E1D0A2D9BD68>.<1> auth completion disp=1 cred=0x0
2026-08-17 11:28:17.810 Db YourSofia[99787:320a5f] [com.apple.securityd:trust] (Trust 0x60000350a310) waiting for queue
2026-08-17 11:28:17.810 Df YourSofia[99787:320a5f] [com.apple.securityd:trust] (Trust 0x60000350a310) No pending evals, starting
2026-08-17 11:28:17.810 Db YourSofia[99787:320a5f] [com.apple.securityd:trust] (Trust 0x60000350a310) Started eval block
2026-08-17 11:28:17.810 A  YourSofia[99787:320a5f] (Security) SecTrustEvaluateIfNecessaryFastAsync
2026-08-17 11:28:17.811 Df YourSofia[99787:320a1c] [com.apple.KeyboardArbiter:Client] handleKeyboardChange: set currentKeyboard:N (wasKeyboard:N)
2026-08-17 11:28:17.811 Db YourSofia[99787:320a1c] [com.apple.defaults:User Defaults] found no value for key AssistiveTouchEnabled in CFPrefsSearchListSource<0x600002c0da80> (Domain: com.apple.Accessibility, Container: (null) Non-launch persona: 0)
2026-08-17 11:28:17.811 Db YourSofia[99787:320a1c] [com.apple.Accessibility:AXSupportCommon] CF Read: domain = com.apple.Accessibility, preference = AssistiveTouchEnabled, appID = (null) result = (null) (-1 - empty, 0 - false, 1 - true)
2026-08-17 11:28:17.811 Db YourSofia[99787:320a1c] [com.apple.defaults:User Defaults] found no value for key AssistiveTouchEnabled in CFPrefsPlistSource<0x600002c0dd80> (Domain: com.apple.Accessibility, User: kCFPreferencesCurrentUser, ByHost: No, Container: /Users/valentinasenov/Library/Developer/CoreSimulator/Devices/4EC5F74C-5A9C-4D89-8E44-374310E684AE/data, Contents Need Refresh: No)
2026-08-17 11:28:17.811 Db YourSofia[99787:320a5f] [com.apple.securityd:xpc] user sessions enabled, targeting 501
2026-08-17 11:28:17.811 Df YourSofia[99787:320a5f] [com.apple.xpc:connection] [0x104f12590] activating connection: mach=true listener=false peer=false name=com.apple.trustd
2026-08-17 11:28:17.812 Db YourSofia[99787:320a1c] [com.apple.defaults:User Defaults] looked up value bg_BG@sw=Bulgarian-Standard;hw=Automatic for key KeyboardLastUsed in CFPrefsPlistSource<0x600002c07480> (Domain: com.apple.keyboard.preferences, User: kCFPreferencesCurrentUser, ByHost: No, Container: /Users/valentinasenov/Library/Developer/CoreSimulator/Devices/4EC5F74C-5A9C-4D89-8E44-374310E684AE/data, Contents Need Refresh: No) via CFPrefsSearchListSource<0x600002c07280> (Domain: com.apple.keyboard.preferences, Container: (null) Non-launch persona: 0)
2026-08-17 11:28:17.812 Df YourSofia[99787:320a5f] [com.apple.securityd:trust] (Trust 0x60000350a310) Completed async eval kickoff
2026-08-17 11:28:17.812 Db YourSofia[99787:320a1c] [com.apple.defaults:User Defaults] found no value for key AppleKeyboardsIncludeIntl in CFPrefsSearchListSource<0x600002c0e000> (Domain: kCFPreferencesAnyApplication, Container: (null) Non-launch persona: 0)
2026-08-17 11:28:17.813 Df YourSofia[99787:320a1c] [com.apple.UIKit:KeyboardSceneDelegate] forceReloadInputViews
2026-08-17 11:28:17.813 Df YourSofia[99787:320a1c] [com.apple.UIKit:KeyboardSceneDelegate] Reloading input views for key-window scene responder: <(null): 0x0; > force:Y
2026-08-17 11:28:17.813 Df YourSofia[99787:320a1c] [com.apple.UIKit:KeyboardArbiterClientLog] isWritingToolsHandlingKeyboardTracking:Y (WT ready:Y, Arbiter ready:Y)
2026-08-17 11:28:17.814 E  YourSofia[99787:320a1c] [com.wix.Detox:DetoxManager] Message was too long and was split into 8 parts
2026-08-17 11:28:17.814 E  YourSofia[99787:320a1c] [com.wix.Detox:DetoxManager] Part 1/8: App crashed: Signal 11 raised
(
	0   Detox                               0x000000010450658c +[NSThread(DetoxUtils) dtx_demangledCallStackSymbols] + 36
	1   Detox                               0x0000000104509f70 __DTXHandleCrash + 568
	2   Detox                               0x000000010450a56c __DTXHandleSignal + 72
	3   libsystem_platform.dylib            0x00000001046b3540 _sigtramp + 52
	4   React                               0x00000001060e1694 std::__1::__function::__func<facebook::react::ReactInstance:
2026-08-17 11:28:17.814 E  YourSofia[99787:320a1c] [com.wix.Detox:DetoxManager] Part 2/8: :initializeRuntime(facebook::react::ReactInstance::JSRuntimeFlags, std::__1::function<void (facebook::jsi::Runtime&)>)::$_0, std::__1::allocator<facebook::react::ReactInstance::initializeRuntime(facebook::react::ReactInstance::JSRuntimeFlags, std::__1::function<void (facebook::jsi::Runtime&)>)::$_0>, void (facebook::jsi::Runtime&)>::operator()(facebook::jsi::Runtime&) + 156
	5   React                               0x00000001060e1694 std::__1::__function::__func<facebook::react::ReactInstance::initializeRunt
2026-08-17 11:28:17.814 E  YourSofia[99787:320a1c] [com.wix.Detox:DetoxManager] Part 3/8: ime(facebook::react::ReactInstance::JSRuntimeFlags, std::__1::function<void (facebook::jsi::Runtime&)>)::$_0, std::__1::allocator<facebook::react::ReactInstance::initializeRuntime(facebook::react::ReactInstance::JSRuntimeFlags, std::__1::function<void (facebook::jsi::Runtime&)>)::$_0>, void (facebook::jsi::Runtime&)>::operator()(facebook::jsi::Runtime&) + 156
	6   React                               0x00000001060bbe14 facebook::react::Task::execute(facebook::jsi::Runtime&, bool) + 240
	7   React
2026-08-17 11:28:17.814 E  YourSofia[99787:320a1c] [com.wix.Detox:DetoxManager] Part 4/8:                    0x00000001060b8df0 facebook::react::RuntimeScheduler_Modern::executeTask(facebook::jsi::Runtime&, facebook::react::Task&, bool) const + 116
	8   React                               0x00000001060b94c0 facebook::react::RuntimeScheduler_Modern::runEventLoopTick(facebook::jsi::Runtime&, facebook::react::Task&) + 160
	9   React                               0x00000001060b9260 facebook::react::RuntimeScheduler_Modern::runEventLoop(facebook::jsi::Runtime&) + 104
	10  React
2026-08-17 11:28:17.814 E  YourSofia[99787:320a1c] [com.wix.Detox:DetoxManager] Part 5/8:         0x00000001060ddf84 _ZNSt3__110__function6__funcIZZN8facebook5react13ReactInstanceC1ENS_10unique_ptrINS3_9JSRuntimeENS_14default_deleteIS6_EEEENS_10shared_ptrINS3_18MessageQueueThreadEEENSA_INS3_12TimerManagerEEENS_8functionIFvRNS2_3jsi7RuntimeERKNS3_14JsErrorHandler14ProcessedErrorEEEEPNS3_18jsinspector_modern10HostTargetEENK3$_0clINSF_IFvSI_EEEEEDaT_EUlvE_NS_9allocatorISY_EEFvvEEclEv + 116
	11  React                               0x0000000105efed94 facebook::react::tryAndReturnError(std::__1::funct
2026-08-17 11:28:17.814 E  YourSofia[99787:320a1c] [com.wix.Detox:DetoxManager] Part 6/8: ion<void ()> const&) + 32
	12  React                               0x0000000105ef9d98 facebook::react::RCTMessageThread::tryFunc(std::__1::function<void ()> const&) + 24
	13  React                               0x0000000105ef9b9c invocation function for block in facebook::react::RCTMessageThread::runAsync(std::__1::function<void ()>) + 44
	14  DetoxSync                           0x0000000104c656b8 ____detox_sync_CFRunLoopPerformBlock_block_invoke + 44
	15  CoreFoundation                      0x0000000180456
2026-08-17 11:28:17.814 E  YourSofia[99787:320a1c] [com.wix.Detox:DetoxManager] Part 7/8: 240 __CFRUNLOOP_IS_CALLING_OUT_TO_A_BLOCK__ + 20
	16  CoreFoundation                      0x00000001804559c8 __CFRunLoopDoBlocks + 340
	17  CoreFoundation                      0x000000018045530c __CFRunLoopRun + 2280
	18  CoreFoundation                      0x000000018044fdbc _CFRunLoopRunSpecificWithOptions + 496
	19  React                               0x00000001060f39b0 +[RCTJSThreadManager runRunLoop] + 252
	20  DetoxSync                           0x0000000104c66998 swz_runRunLoopThread + 252
	21  Found
2026-08-17 11:28:17.814 E  YourSofia[99787:320a1c] [com.wix.Detox:DetoxManager] Part 8/8: ation                          0x0000000181132e1c __NSThread__start__ + 716
	22  libsystem_pthread.dylib             0x00000001048aa63c _pthread_start + 104
	23  libsystem_pthread.dylib             0x00000001048a5a34 thread_start + 8
)
2026-08-17 11:28:17.814 I  YourSofia[99787:320a1c] [com.wix.Detox:DetoxInstrumentsManager] Called stop but no recording in progress

